threshold,recall,specificity,flag_rate,precision,tp,fn,tn,fp
0.0,1.0,0.0,1.0,0.15513767629281397,462,0,0,2516
0.0005782395012676,1.0,0.0,1.0,0.15513767629281397,462,0,0,2516
0.0006485125480758,1.0,0.000397456279809221,0.9996642041638684,0.1551897883775613,462,0,1,2515
0.0006530010532871,1.0,0.000794912559618442,0.9993284083277367,0.15524193548387097,462,0,2,2514
0.0006782277800351,1.0,0.0011923688394276629,0.9989926124916051,0.15529411764705883,462,0,3,2513
0.0006838326360369,1.0,0.001589825119236884,0.9986568166554735,0.15534633490248823,462,0,4,2512
0.0006880461400728,1.0,0.001987281399046105,0.9983210208193418,0.15539858728557013,462,0,5,2511
0.0007342421901317,1.0,0.0023847376788553257,0.9979852249832102,0.15545087483176312,462,0,6,2510
0.000770456280019,1.0,0.0027821939586645467,0.9976494291470785,0.15550319757657355,462,0,7,2509
0.000848240295137,1.0,0.003179650238473768,0.9973136333109469,0.15555555555555556,462,0,8,2508
0.0008593184215161,1.0,0.003577106518282989,0.9969778374748153,0.15560794880431122,462,0,9,2507
0.0008822698816456,1.0,0.00397456279809221,0.9966420416386836,0.15566037735849056,462,0,10,2506
0.0009060026139301,1.0,0.0043720190779014305,0.996306245802552,0.1557128412537917,462,0,11,2505
0.0009128403124741,1.0,0.0047694753577106515,0.9959704499664204,0.1557653405259609,462,0,12,2504
0.0009156761030453,1.0,0.0051669316375198724,0.9956346541302887,0.15581787521079257,462,0,13,2503
0.000916421954188,1.0,0.005564387917329093,0.9952988582941572,0.15587044534412955,462,0,14,2502
0.0009181704778514,1.0,0.005961844197138315,0.9949630624580256,0.15592305096186299,462,0,15,2501
0.0009523732525888,1.0,0.006359300476947536,0.9946272666218939,0.15597569209993248,462,0,16,2500
0.0009689744904807,1.0,0.006756756756756757,0.9942914707857623,0.15602836879432624,462,0,17,2499
0.0009756732859351,1.0,0.007154213036565978,0.9939556749496307,0.15608108108108107,462,0,18,2498
0.0009762506128281,1.0,0.007551669316375199,0.993619879113499,0.15613382899628253,462,0,19,2497
0.0009778321453199,1.0,0.00794912559618442,0.9932840832773674,0.15618661257606492,462,0,20,2496
0.0009860177722049,1.0,0.008346581875993641,0.9929482874412358,0.15623943185661143,462,0,21,2495
0.0009932064644479,1.0,0.008744038155802861,0.9926124916051041,0.15629228687415425,462,0,22,2494
0.0009969248903314,1.0,0.009141494435612083,0.9922766957689725,0.15634517766497463,462,0,23,2493
0.0010058724726813,1.0,0.009538950715421303,0.9919408999328408,0.15639810426540285,462,0,24,2492
0.0010079437135309,1.0,0.009936406995230525,0.9916051040967092,0.1564510667118185,462,0,25,2491
0.001008845480753,1.0,0.010333863275039745,0.9912693082605776,0.1565040650406504,462,0,26,2490
0.0010185846474383,1.0,0.010731319554848967,0.9909335124244459,0.15655709928837683,462,0,27,2489
0.0010191227751592,1.0,0.011128775834658187,0.9905977165883143,0.15661016949152542,462,0,28,2488
0.0010194529305878,1.0,0.011526232114467409,0.9902619207521827,0.15666327568667346,462,0,29,2487
0.0010228415406246,1.0,0.01192368839427663,0.989926124916051,0.15671641791044777,462,0,30,2486
0.0010228443067589,1.0,0.01232114467408585,0.9895903290799194,0.15676959619952494,462,0,31,2485
0.0010307420870927,1.0,0.012718600953895072,0.9892545332437878,0.15682281059063136,462,0,32,2484
0.001036161920304,1.0,0.013116057233704292,0.9889187374076561,0.15687606112054328,462,0,33,2483
0.0010417531292564,1.0,0.013513513513513514,0.9885829415715245,0.15692934782608695,462,0,34,2482
0.0010472677061418,1.0,0.013910969793322734,0.9882471457353929,0.15698267074413863,462,0,35,2481
0.001056411029713,1.0,0.014308426073131956,0.9879113498992612,0.15703602991162474,462,0,36,2480
0.0010601916938383,1.0,0.014705882352941176,0.9875755540631296,0.15708942536552192,462,0,37,2479
0.0010632778546994,1.0,0.015103338632750398,0.9872397582269979,0.15714285714285714,462,0,38,2478
0.0010645113096938,1.0,0.015500794912559618,0.9869039623908663,0.15719632528070773,462,0,39,2477
0.0010660396485884,1.0,0.01589825119236884,0.9865681665547347,0.1572498298162015,462,0,40,2476
0.00110548753245,1.0,0.01629570747217806,0.986232370718603,0.15730337078651685,462,0,41,2475
0.0011080877350134,1.0,0.016693163751987282,0.9858965748824715,0.15735694822888283,462,0,42,2474
0.001126859657504,1.0,0.017090620031796504,0.9855607790463399,0.15741056218057922,462,0,43,2473
0.001136508361394,1.0,0.017488076311605722,0.9852249832102082,0.1574642126789366,462,0,44,2472
0.0011366229599399,1.0,0.017885532591414944,0.9848891873740766,0.1575178997613365,462,0,45,2471
0.0011501793070153,1.0,0.018282988871224166,0.984553391537945,0.15757162346521145,462,0,46,2470
0.0011505072921347,1.0,0.018680445151033388,0.9842175957018133,0.15762538382804503,462,0,47,2469
0.0011516390321829,1.0,0.019077901430842606,0.9838817998656817,0.157679180887372,462,0,48,2468
0.0011568581142268,1.0,0.019475357710651828,0.9835460040295501,0.1577330146807784,462,0,49,2467
0.0011584865793179,1.0,0.01987281399046105,0.9832102081934184,0.15778688524590165,462,0,50,2466
0.0011743141628989,1.0,0.02027027027027027,0.9828744123572868,0.15784079262043046,462,0,51,2465
0.0011818632249828,1.0,0.02066772655007949,0.9825386165211552,0.15789473684210525,462,0,52,2464
0.0011973945092666,1.0,0.02106518282988871,0.9822028206850235,0.15794871794871795,462,0,53,2463
0.0012064263960099,1.0,0.021462639109697933,0.9818670248488919,0.15800273597811218,462,0,54,2462
0.0012104350612256,1.0,0.021860095389507155,0.9815312290127602,0.15805679096818337,462,0,55,2461
0.0012223255261756,1.0,0.022257551669316374,0.9811954331766286,0.15811088295687886,462,0,56,2460
0.0012239516149328,1.0,0.022655007949125595,0.980859637340497,0.15816501198219787,462,0,57,2459
0.0012250972855905,1.0,0.023052464228934817,0.9805238415043653,0.15821917808219177,462,0,58,2458
0.0012291922483176,1.0,0.02344992050874404,0.9801880456682337,0.15827338129496402,462,0,59,2457
0.0012314844932301,1.0,0.02384737678855326,0.9798522498321021,0.15832762165867031,462,0,60,2456
0.0012357843789198,1.0,0.02424483306836248,0.9795164539959704,0.15838189921151868,462,0,61,2455
0.0012358431204056,1.0,0.0246422893481717,0.9791806581598388,0.15843621399176955,462,0,62,2454
0.0012363197877405,1.0,0.025039745627980923,0.9788448623237072,0.15849056603773584,462,0,63,2453
0.001241889608223,1.0,0.025437201907790145,0.9785090664875755,0.15854495538778313,462,0,64,2452
0.001257374768412,1.0,0.025834658187599363,0.9781732706514439,0.15859938208032956,462,0,65,2451
0.0012676368449088,1.0,0.026232114467408585,0.9778374748153122,0.15865384615384615,462,0,66,2450
0.0012778216920542,1.0,0.026629570747217807,0.9775016789791806,0.15870834764685676,462,0,67,2449
0.0012789478267089,1.0,0.02702702702702703,0.977165883143049,0.15876288659793814,462,0,68,2448
0.0012844493464149,1.0,0.027424483306836247,0.9768300873069174,0.15881746304572017,462,0,69,2447
0.0012877150412054,1.0,0.02782193958664547,0.9764942914707858,0.15887207702888584,462,0,70,2446
0.0012914279346015,1.0,0.02821939586645469,0.9761584956346542,0.15892672858617132,462,0,71,2445
0.0013004694634266,1.0,0.028616852146263912,0.9758226997985225,0.15898141775636615,462,0,72,2444
0.0013014148999263,1.0,0.02901430842607313,0.9754869039623909,0.15903614457831325,462,0,73,2443
0.0013123494515066,1.0,0.029411764705882353,0.9751511081262593,0.1590909090909091,462,0,74,2442
0.001312983767063,1.0,0.029809220985691574,0.9748153122901276,0.15914571133310368,462,0,75,2441
0.001314271828957,1.0,0.030206677265500796,0.974479516453996,0.15920055134390076,462,0,76,2440
0.0013169046327278,1.0,0.030604133545310015,0.9741437206178644,0.1592554291623578,462,0,77,2439
0.0013378086871847,1.0,0.031001589825119236,0.9738079247817327,0.15931034482758621,462,0,78,2438
0.0013412049157812,1.0,0.031399046104928455,0.9734721289456011,0.1593652983787513,462,0,79,2437
0.0013494850694749,1.0,0.03179650238473768,0.9731363331094695,0.15942028985507245,462,0,80,2436
0.0013513019256593,1.0,0.0321939586645469,0.9728005372733378,0.15947531929582326,462,0,81,2435
0.0013749617230709,1.0,0.03259141494435612,0.9724647414372062,0.1595303867403315,462,0,82,2434
0.0013786418410912,1.0,0.03298887122416534,0.9721289456010745,0.15958549222797927,462,0,83,2433
0.0013907352300755,1.0,0.033386327503974564,0.9717931497649429,0.15964063579820317,462,0,84,2432
0.0014066162511916,1.0,0.033783783783783786,0.9714573539288113,0.1596958174904943,462,0,85,2431
0.0014106183380205,1.0,0.03418124006359301,0.9711215580926796,0.15975103734439833,462,0,86,2430
0.0014206838877153,1.0,0.03457869634340222,0.970785762256548,0.15980629539951574,462,0,87,2429
0.0014229666986271,1.0,0.034976152623211444,0.9704499664204164,0.15986159169550174,462,0,88,2428
0.0014255893189762,1.0,0.035373608903020666,0.9701141705842847,0.15991692627206647,462,0,89,2427
0.0014286202305022,1.0,0.03577106518282989,0.9697783747481531,0.15997229916897507,462,0,90,2426
0.0014313907103877,1.0,0.03616852146263911,0.9694425789120215,0.1600277104260478,462,0,91,2425
0.0014499553178782,1.0,0.03656597774244833,0.9691067830758898,0.1600831600831601,462,0,92,2424
0.0014562665510272,1.0,0.03696343402225755,0.9687709872397582,0.16013864818024262,462,0,93,2423
0.0014619731742852,1.0,0.037360890302066775,0.9684351914036265,0.16019417475728157,462,0,94,2422
0.001474095564279,1.0,0.037758346581876,0.9680993955674949,0.16024973985431842,462,0,95,2421
0.0014840815230742,1.0,0.03815580286168521,0.9677635997313633,0.16030534351145037,462,0,96,2420
0.001486006130795,1.0,0.038553259141494434,0.9674278038952318,0.16036098576883026,462,0,97,2419
0.0014915499732382,1.0,0.038950715421303655,0.9670920080591001,0.16041666666666668,462,0,98,2418
0.0014935249991808,1.0,0.03934817170111288,0.9667562122229685,0.16047238624522403,462,0,99,2417
0.0014947969781648,1.0,0.0397456279809221,0.9664204163868368,0.16052814454482278,462,0,100,2416
0.001502000027985,1.0,0.04014308426073132,0.9660846205507052,0.16058394160583941,462,0,101,2415
0.001513026139556,1.0,0.04054054054054054,0.9657488247145736,0.16063977746870653,462,0,102,2414
0.001518791776436,1.0,0.040937996820349765,0.9654130288784419,0.16069565217391305,462,0,103,2413
0.0015219310824701,1.0,0.04133545310015898,0.9650772330423103,0.16075156576200417,462,0,104,2412
0.0015221024010736,1.0,0.0417329093799682,0.9647414372061787,0.1608075182735816,462,0,105,2411
0.0015231400293464,1.0,0.04213036565977742,0.964405641370047,0.16086350974930363,462,0,106,2410
0.0015238260234418,1.0,0.042527821939586645,0.9640698455339154,0.16091954022988506,462,0,107,2409
0.0015291208760248,1.0,0.04292527821939587,0.9637340496977838,0.16097560975609757,462,0,108,2408
0.0015424844738654,1.0,0.04332273449920509,0.9633982538616521,0.16103171836876962,462,0,109,2407
0.0015437731451284,1.0,0.04372019077901431,0.9630624580255205,0.16108786610878661,462,0,110,2406
0.0015443709331105,1.0,0.04411764705882353,0.9627266621893888,0.16114405301709103,462,0,111,2405
0.0015458337063267,1.0,0.04451510333863275,0.9623908663532572,0.1612002791346825,462,0,112,2404
0.0015458665689956,1.0,0.04491255961844197,0.9620550705171256,0.1612565445026178,462,0,113,2403
0.0015495341563261,1.0,0.04531001589825119,0.9617192746809939,0.16131284916201116,462,0,114,2402
0.0015516076374849,1.0,0.04570747217806041,0.9613834788448623,0.16136919315403422,462,0,115,2401
0.001556679161762,1.0,0.046104928457869634,0.9610476830087307,0.16142557651991615,462,0,116,2400
0.0015579554437201,1.0,0.046502384737678856,0.960711887172599,0.16148199930094373,462,0,117,2399
0.0015628559137882,1.0,0.04689984101748808,0.9603760913364674,0.16153846153846155,462,0,118,2398
0.0015648264305576,1.0,0.0472972972972973,0.9600402955003358,0.161594963273872,462,0,119,2397
0.0015731124451201,1.0,0.04769475357710652,0.9597044996642041,0.16165150454863542,462,0,120,2396
0.0015766151018202,1.0,0.04809220985691574,0.9593687038280725,0.1617080854042702,462,0,121,2395
0.0015834420669466,1.0,0.04848966613672496,0.9590329079919409,0.16176470588235295,462,0,122,2394
0.0015856905980953,1.0,0.04888712241653418,0.9586971121558092,0.16182136602451838,462,0,123,2393
0.0015866881800322,1.0,0.0492845786963434,0.9583613163196776,0.1618780658724597,462,0,124,2392
0.0015869489443011,1.0,0.049682034976152624,0.9580255204835461,0.1619348054679285,462,0,125,2391
0.00158757373082,1.0,0.050079491255961846,0.9576897246474144,0.16199158485273493,462,0,126,2390
0.0015879076879628,1.0,0.05047694753577107,0.9573539288112828,0.16204840406874782,462,0,127,2389
0.0015923973652351,1.0,0.05087440381558029,0.9570181329751511,0.16210526315789472,462,0,128,2388
0.0015930237483581,1.0,0.051271860095389504,0.9566823371390195,0.16216216216216217,462,0,129,2387
0.0015970517219842,1.0,0.051669316375198726,0.9563465413028879,0.1622191011235955,462,0,130,2386
0.0016037564394073,1.0,0.05206677265500795,0.9560107454667562,0.16227608008429925,462,0,131,2385
0.0016124905178654,1.0,0.05246422893481717,0.9556749496306246,0.16233309908643712,462,0,132,2384
0.0016202553666507,1.0,0.05286168521462639,0.955339153794493,0.16239015817223199,462,0,133,2383
0.0016292375116945,1.0,0.05325914149443561,0.9550033579583613,0.16244725738396623,462,0,134,2382
0.0016327573124254,1.0,0.053656597774244835,0.9546675621222297,0.1625043967639817,462,0,135,2381
0.0016354602032855,1.0,0.05405405405405406,0.9543317662860981,0.1625615763546798,462,0,136,2380
0.0016436468628081,1.0,0.05445151033386327,0.9539959704499664,0.16261879619852165,462,0,137,2379
0.0016436675536068,1.0,0.054848966613672494,0.9536601746138348,0.16267605633802817,462,0,138,2378
0.0016466861501046,1.0,0.055246422893481716,0.9533243787777032,0.16273335681578022,462,0,139,2377
0.0016543826278514,1.0,0.05564387917329094,0.9529885829415715,0.16279069767441862,462,0,140,2376
0.0016600716195796,1.0,0.05604133545310016,0.9526527871054399,0.16284807895664435,462,0,141,2375
0.0016625593469238,1.0,0.05643879173290938,0.9523169912693082,0.16290550070521861,462,0,142,2374
0.0016631529015592,1.0,0.0568362480127186,0.9519811954331766,0.16296296296296298,462,0,143,2373
0.0016806311147225,1.0,0.057233704292527825,0.951645399597045,0.16302046577275936,462,0,144,2372
0.0016823951352579,1.0,0.05763116057233704,0.9513096037609133,0.1630780091775503,462,0,145,2371
0.0016860548023247,1.0,0.05802861685214626,0.9509738079247817,0.163135593220339,462,0,146,2370
0.0016862684930171,1.0,0.05842607313195548,0.9506380120886501,0.16319321794418934,462,0,147,2369
0.0016901626536913,1.0,0.058823529411764705,0.9503022162525184,0.16325088339222615,462,0,148,2368
0.0016916661302104,1.0,0.05922098569157393,0.9499664204163868,0.1633085896076352,462,0,149,2367
0.0016928611229792,1.0,0.05961844197138315,0.9496306245802552,0.16336633663366337,462,0,150,2366
0.0016963103865655,1.0,0.06001589825119237,0.9492948287441235,0.16342412451361868,462,0,151,2365
0.0016970049318345,1.0,0.06041335453100159,0.948959032907992,0.16348195329087048,462,0,152,2364
0.0017022634112195,1.0,0.060810810810810814,0.9486232370718604,0.16353982300884956,462,0,153,2363
0.0017047595469513,1.0,0.06120826709062003,0.9482874412357287,0.16359773371104816,462,0,154,2362
0.0017067205952983,1.0,0.06160572337042925,0.9479516453995971,0.1636556854410202,462,0,155,2361
0.0017115807581864,1.0,0.06200317965023847,0.9476158495634655,0.16371367824238128,462,0,156,2360
0.0017146155059096,1.0,0.062400635930047695,0.9472800537273338,0.16377171215880892,462,0,157,2359
0.0017190186122444,1.0,0.06279809220985691,0.9469442578912022,0.16382978723404254,462,0,158,2358
0.0017213916811651,1.0,0.06319554848966613,0.9466084620550705,0.16388790351188365,462,0,159,2357
0.0017242671197043,1.0,0.06359300476947535,0.9462726662189389,0.16394606103619588,462,0,160,2356
0.0017301143035779,1.0,0.06399046104928457,0.9459368703828073,0.16400425985090522,462,0,161,2355
0.0017367520506806,1.0,0.0643879173290938,0.9456010745466756,0.1640625,462,0,162,2354
0.0017402867012846,1.0,0.06478537360890302,0.945265278710544,0.1641207815275311,462,0,163,2353
0.0017412100699016,1.0,0.06518282988871224,0.9449294828744124,0.16417910447761194,462,0,164,2352
0.0017415654482898,1.0,0.06558028616852146,0.9445936870382807,0.16423746889441876,462,0,165,2351
0.0017426620850177,1.0,0.06597774244833068,0.9442578912021491,0.1642958748221906,462,0,166,2350
0.0017457034946767,1.0,0.0663751987281399,0.9439220953660175,0.16435432230522945,462,0,167,2349
0.0017567656645996,1.0,0.06677265500794913,0.9435862995298858,0.16441281138790034,462,0,168,2348
0.0017607308401644,1.0,0.06717011128775835,0.9432505036937542,0.16447134211463155,462,0,169,2347
0.0017639393768829,1.0,0.06756756756756757,0.9429147078576225,0.16452991452991453,462,0,170,2346
0.0017654959139314,1.0,0.0679650238473768,0.9425789120214909,0.16458852867830423,462,0,171,2345
0.0017715704576594,1.0,0.06836248012718601,0.9422431161853593,0.1646471846044191,462,0,172,2344
0.001776109772163,1.0,0.06875993640699524,0.9419073203492276,0.16470588235294117,462,0,173,2343
0.0017763165965031,1.0,0.06915739268680444,0.941571524513096,0.16476462196861627,462,0,174,2342
0.0017769190155217,1.0,0.06955484896661367,0.9412357286769644,0.16482340349625402,462,0,175,2341
0.0017801825735752,1.0,0.06995230524642289,0.9408999328408327,0.16488222698072805,462,0,176,2340
0.0017836507403512,1.0,0.07034976152623211,0.9405641370047011,0.16494109246697608,462,0,177,2339
0.0017848888397514,1.0,0.07074721780604133,0.9402283411685695,0.165,462,0,178,2338
0.0017878233224079,1.0,0.07114467408585055,0.9398925453324378,0.16505894962486603,462,0,179,2337
0.0018025791343479,1.0,0.07154213036565978,0.9395567494963063,0.1651179413867048,462,0,180,2336
0.00180292066954,1.0,0.071939586645469,0.9392209536601747,0.1651769753307115,462,0,181,2335
0.0018073867073257,1.0,0.07233704292527822,0.938885157824043,0.16523605150214593,462,0,182,2334
0.0018172160707171,1.0,0.07273449920508744,0.9385493619879114,0.16529516994633273,462,0,183,2333
0.0018194711080561,1.0,0.07313195548489666,0.9382135661517798,0.16535433070866143,462,0,184,2332
0.001831375787418,1.0,0.07352941176470588,0.9378777703156481,0.16541353383458646,462,0,185,2331
0.0018402115977803,1.0,0.0739268680445151,0.9375419744795165,0.1654727793696275,462,0,186,2330
0.0018405909164949,1.0,0.07432432432432433,0.9372061786433848,0.1655320673593694,462,0,187,2329
0.0018456210183802,1.0,0.07472178060413355,0.9368703828072532,0.16559139784946236,462,0,188,2328
0.0018563185852586,1.0,0.07511923688394277,0.9365345869711216,0.16565077088562208,462,0,189,2327
0.0018570508788276,1.0,0.075516693163752,0.9361987911349899,0.16571018651362984,462,0,190,2326
0.001881382013018,1.0,0.0759141494435612,0.9358629952988583,0.16576964477933262,462,0,191,2325
0.0018820848974223,1.0,0.07631160572337042,0.9355271994627267,0.1658291457286432,462,0,192,2324
0.0018827832800029,1.0,0.07670906200317965,0.935191403626595,0.1658886894075404,462,0,193,2323
0.0018840646677597,1.0,0.07710651828298887,0.9348556077904634,0.16594827586206898,462,0,194,2322
0.0018894161337717,1.0,0.07750397456279809,0.9345198119543318,0.16600790513833993,462,0,195,2321
0.001891443475516,1.0,0.07790143084260731,0.9341840161182001,0.16606757728253055,462,0,196,2320
0.0018946019109643,1.0,0.07829888712241653,0.9338482202820685,0.16612729234088458,462,0,197,2319
0.0018971113701693,1.0,0.07869634340222575,0.9335124244459369,0.16618705035971224,462,0,198,2318
0.0019030781015183,1.0,0.07909379968203498,0.9331766286098052,0.16624685138539042,462,0,199,2317
0.0019194691088558,1.0,0.0794912559618442,0.9328408327736736,0.16630669546436286,462,0,200,2316
0.0019217100601963,1.0,0.07988871224165342,0.9325050369375419,0.16636658264314008,462,0,201,2315
0.0019235013650866,1.0,0.08028616852146264,0.9321692411014103,0.16642651296829972,462,0,202,2314
0.0019353185556314,1.0,0.08068362480127186,0.9318334452652787,0.16648648648648648,462,0,203,2313
0.0019515472136064,1.0,0.08108108108108109,0.931497649429147,0.1665465032444124,462,0,204,2312
0.0019567185596147,1.0,0.08147853736089031,0.9311618535930154,0.16660656328885684,462,0,205,2311
0.0019598687688324,1.0,0.08187599364069953,0.9308260577568838,0.16666666666666666,462,0,206,2310
0.0019617426404708,1.0,0.08227344992050874,0.9304902619207522,0.1667268134247564,462,0,207,2309
0.0019663490984452,1.0,0.08267090620031796,0.9301544660846206,0.16678700361010831,462,0,208,2308
0.0019718141761637,1.0,0.08306836248012718,0.929818670248489,0.1668472372697725,462,0,209,2307
0.0019723058039317,1.0,0.0834658187599364,0.9294828744123573,0.16690751445086704,462,0,210,2306
0.0019756411529684,1.0,0.08386327503974562,0.9291470785762257,0.16696783520057826,462,0,211,2305
0.0019778175821686,1.0,0.08426073131955485,0.9288112827400941,0.16702819956616052,462,0,212,2304
0.0019818688048134,1.0,0.08465818759936407,0.9284754869039624,0.1670886075949367,462,0,213,2303
0.0019853127881878,1.0,0.08505564387917329,0.9281396910678308,0.1671490593342981,462,0,214,2302
0.0019863221686542,1.0,0.08545310015898251,0.9278038952316991,0.16720955483170466,462,0,215,2301
0.0019869486263602,1.0,0.08585055643879173,0.9274680993955675,0.16727009413468502,462,0,216,2300
0.0019872362530186,1.0,0.08624801271860096,0.9271323035594359,0.16733067729083664,462,0,217,2299
0.0020109234519573,1.0,0.08664546899841018,0.9267965077233042,0.1673913043478261,462,0,218,2298
0.0020246008418595,1.0,0.0870429252782194,0.9264607118871726,0.1674519753533889,462,0,219,2297
0.0020341812225046,1.0,0.08744038155802862,0.926124916051041,0.16751269035532995,462,0,220,2296
0.0020362947003426,1.0,0.08783783783783784,0.9257891202149093,0.16757344940152338,462,0,221,2295
0.0020393407944819,1.0,0.08823529411764706,0.9254533243787777,0.1676342525399129,462,0,222,2294
0.0020420847180822,1.0,0.08863275039745629,0.9251175285426461,0.1676950998185118,462,0,223,2293
0.0020500684204306,1.0,0.0890302066772655,0.9247817327065144,0.16775599128540306,462,0,224,2292
0.0020590898985088,1.0,0.08942766295707472,0.9244459368703828,0.16781692698873957,462,0,225,2291
0.0020684066736922,1.0,0.08982511923688394,0.9241101410342512,0.16787790697674418,462,0,226,2290
0.0020696625496767,1.0,0.09022257551669316,0.9237743451981195,0.16793893129770993,462,0,227,2289
0.0020709069986703,1.0,0.09062003179650238,0.9234385493619879,0.168,462,0,228,2288
0.0020751706481824,1.0,0.0910174880763116,0.9231027535258562,0.16806111313204802,462,0,229,2287
0.002078383116272,1.0,0.09141494435612083,0.9227669576897246,0.16812227074235808,462,0,230,2286
0.0020801589994375,1.0,0.09181240063593005,0.922431161853593,0.1681834728795049,462,0,231,2285
0.0020854985673537,1.0,0.09220985691573927,0.9220953660174613,0.16824471959213402,462,0,232,2284
0.002085853044646,1.0,0.09260731319554849,0.9217595701813297,0.16830601092896175,462,0,233,2283
0.0020868575528428,1.0,0.09300476947535771,0.9214237743451981,0.1683673469387755,462,0,234,2282
0.0020911637598151,1.0,0.09340222575516693,0.9210879785090665,0.16842872767043382,462,0,235,2281
0.0020995825906899,1.0,0.09379968203497616,0.9207521826729349,0.16849015317286653,462,0,236,2280
0.0021046518511212,1.0,0.09419713831478538,0.9204163868368033,0.1685516234950748,462,0,237,2279
0.0021048003336843,1.0,0.0945945945945946,0.9200805910006716,0.1686131386861314,462,0,238,2278
0.0021048684745021,1.0,0.09499205087440382,0.91974479516454,0.1686746987951807,462,0,239,2277
0.0021068579469236,1.0,0.09538950715421304,0.9194089993284084,0.168736303871439,462,0,240,2276
0.002107303941107,1.0,0.09578696343402225,0.9190732034922767,0.16879795396419436,462,0,241,2275
0.0021128951935373,1.0,0.09618441971383147,0.9187374076561451,0.16885964912280702,462,0,242,2274
0.0021222214789882,1.0,0.0965818759936407,0.9184016118200135,0.16892138939670934,462,0,243,2273
0.0021262692339058,1.0,0.09697933227344992,0.9180658159838818,0.168983174835406,462,0,244,2272
0.0021349346525193,1.0,0.09737678855325914,0.9177300201477502,0.1690450054884742,462,0,245,2271
0.002139664179323,1.0,0.09777424483306836,0.9173942243116185,0.16910688140556368,462,0,246,2270
0.0021491497866013,1.0,0.09817170111287758,0.9170584284754869,0.16916880263639691,462,0,247,2269
0.0021639637704464,1.0,0.0985691573926868,0.9167226326393553,0.16923076923076924,462,0,248,2268
0.0021767761018639,1.0,0.09896661367249603,0.9163868368032236,0.1692927812385489,462,0,249,2267
0.0021767783874006,1.0,0.09936406995230525,0.916051040967092,0.1693548387096774,462,0,250,2266
0.0021906097416237,1.0,0.09976152623211447,0.9157152451309604,0.1694169416941694,462,0,251,2265
0.0021916590342803,1.0,0.10015898251192369,0.9153794492948287,0.169479090242113,462,0,252,2264
0.0022016381908211,1.0,0.10055643879173291,0.9150436534586971,0.16954128440366972,462,0,253,2263
0.002202998330282,1.0,0.10095389507154214,0.9147078576225655,0.1696035242290749,462,0,254,2262
0.0022118118526177,1.0,0.10135135135135136,0.9143720617864338,0.16966580976863754,462,0,255,2261
0.0022129145229352,1.0,0.10174880763116058,0.9140362659503022,0.16972814107274062,462,0,256,2260
0.0022180924636369,1.0,0.10214626391096979,0.9137004701141705,0.16979051819184124,462,0,257,2259
0.0022329968209769,1.0,0.10254372019077901,0.9133646742780389,0.1698529411764706,462,0,258,2258
0.0022488244818572,1.0,0.10294117647058823,0.9130288784419073,0.16991541007723426,462,0,259,2257
0.0022563931469804,1.0,0.10333863275039745,0.9126930826057756,0.16997792494481237,462,0,260,2256
0.0022577533984263,1.0,0.10373608903020667,0.912357286769644,0.1700404858299595,462,0,261,2255
0.0022659197152402,1.0,0.1041335453100159,0.9120214909335125,0.17010309278350516,462,0,262,2254
0.0022674201699759,1.0,0.10453100158982512,0.9116856950973808,0.17016574585635358,462,0,263,2253
0.0022729398223751,1.0,0.10492845786963434,0.9113498992612492,0.17022844509948415,462,0,264,2252
0.0022815311285301,1.0,0.10532591414944356,0.9110141034251176,0.17029119056395134,462,0,265,2251
0.0022826995773064,1.0,0.10572337042925278,0.9106783075889859,0.17035398230088494,462,0,266,2250
0.0022833241883253,1.0,0.106120826709062,0.9103425117528543,0.17041682036149022,462,0,267,2249
0.0022910345813199,1.0,0.10651828298887123,0.9100067159167227,0.17047970479704797,462,0,268,2248
0.002291936692102,1.0,0.10691573926868045,0.909670920080591,0.17054263565891473,462,0,269,2247
0.002295217006699,1.0,0.10731319554848967,0.9093351242444594,0.1706056129985229,462,0,270,2246
0.0022998338831286,1.0,0.10771065182829889,0.9089993284083278,0.17066863686738087,462,0,271,2245
0.0023083656826156,1.0,0.10810810810810811,0.9086635325721961,0.17073170731707318,462,0,272,2244
0.0023211026258766,1.0,0.10850556438791734,0.9083277367360645,0.17079482439926064,462,0,273,2243
0.002321373645124,1.0,0.10890302066772654,0.9079919408999328,0.17085798816568049,462,0,274,2242
0.002321750892853,1.0,0.10930047694753577,0.9076561450638012,0.1709211986681465,462,0,275,2241
0.0023218642686111,1.0,0.10969793322734499,0.9073203492276696,0.17098445595854922,462,0,276,2240
0.0023238828693642,1.0,0.11009538950715421,0.9069845533915379,0.17104776008885597,462,0,277,2239
0.0023245008801822,1.0,0.11049284578696343,0.9066487575554063,0.1711111111111111,462,0,278,2238
0.0023298516993831,1.0,0.11089030206677265,0.9063129617192747,0.1711745090774361,462,0,279,2237
0.0023618484495981,1.0,0.11128775834658187,0.905977165883143,0.17123795404002964,462,0,280,2236
0.0023682110251887,1.0,0.1116852146263911,0.9056413700470114,0.17130144605116795,462,0,281,2235
0.0023694110061096,1.0,0.11208267090620032,0.9053055742108798,0.17136498516320475,462,0,282,2234
0.0023701148804391,1.0,0.11248012718600954,0.9049697783747481,0.17142857142857143,462,0,283,2233
0.0023733057667106,1.0,0.11287758346581876,0.9046339825386165,0.1714922048997773,462,0,284,2232
0.0023741991819017,1.0,0.11327503974562798,0.9042981867024849,0.17155588562940957,462,0,285,2231
0.0023748927543972,1.0,0.1136724960254372,0.9039623908663532,0.17161961367013373,462,0,286,2230
0.0023761544226065,1.0,0.11406995230524643,0.9036265950302216,0.1716833890746934,462,0,287,2229
0.002376342970888,1.0,0.11446740858505565,0.9032907991940899,0.17174721189591077,462,0,288,2228
0.0023766213209696,1.0,0.11486486486486487,0.9029550033579583,0.1718110821866865,462,0,289,2227
0.0023768339860203,1.0,0.11526232114467408,0.9026192075218268,0.171875,462,0,290,2226
0.0023769393139962,1.0,0.1156597774244833,0.9022834116856951,0.17193896538890957,462,0,291,2225
0.0023771316713565,1.0,0.11605723370429252,0.9019476158495635,0.1720029784065525,462,0,292,2224
0.0023788890743025,1.0,0.11645468998410174,0.9016118200134319,0.17206703910614526,462,0,293,2223
0.0023926759924027,1.0,0.11685214626391097,0.9012760241773002,0.1721311475409836,462,0,294,2222
0.0024116126838768,1.0,0.11724960254372019,0.9009402283411686,0.17219530376444278,462,0,295,2221
0.0024174112889607,1.0,0.11764705882352941,0.900604432505037,0.17225950782997762,462,0,296,2220
0.0024338056542591,1.0,0.11804451510333863,0.9002686366689053,0.17232375979112272,462,0,297,2219
0.002441047165651,1.0,0.11844197138314785,0.8999328408327737,0.17238805970149254,462,0,298,2218
0.0024449334113666,1.0,0.11883942766295708,0.8995970449966421,0.17245240761478164,462,0,299,2217
0.0024477471441175,1.0,0.1192368839427663,0.8992612491605104,0.17251680358476476,462,0,300,2216
0.0024483116896289,1.0,0.11963434022257552,0.8989254533243788,0.17258124766529698,462,0,301,2215
0.0024489171508135,1.0,0.12003179650238474,0.8985896574882472,0.1726457399103139,462,0,302,2214
0.0024601600905463,1.0,0.12042925278219396,0.8982538616521155,0.17271028037383176,462,0,303,2213
0.0024602665875205,1.0,0.12082670906200318,0.8979180658159839,0.17277486910994763,462,0,304,2212
0.0024617849467535,1.0,0.1212241653418124,0.8975822699798522,0.1728395061728395,462,0,305,2211
0.0024728502544784,1.0,0.12162162162162163,0.8972464741437206,0.17290419161676646,462,0,306,2210
0.0024888963838367,1.0,0.12201907790143084,0.896910678307589,0.17296892549606888,462,0,307,2209
0.0025011572841256,1.0,0.12241653418124006,0.8965748824714573,0.17303370786516853,462,0,308,2208
0.0025081837350647,1.0,0.12281399046104928,0.8962390866353257,0.17309853877856876,462,0,309,2207
0.0025114463840521,1.0,0.1232114467408585,0.8959032907991941,0.17316341829085458,462,0,310,2206
0.0025162665387073,1.0,0.12360890302066772,0.8955674949630624,0.1732283464566929,462,0,311,2205
0.0025201829493175,1.0,0.12400635930047695,0.8952316991269308,0.17329332333083272,462,0,312,2204
0.0025206586248885,1.0,0.12440381558028617,0.8948959032907992,0.17335834896810506,462,0,313,2203
0.0025237557398634,1.0,0.12480127186009539,0.8945601074546675,0.17342342342342343,462,0,314,2202
0.0025285726324312,1.0,0.1251987281399046,0.8942243116185359,0.1734885467517837,462,0,315,2201
0.0025385112149092,1.0,0.12559618441971382,0.8938885157824042,0.17355371900826447,462,0,316,2200
0.0025463002113832,1.0,0.12599364069952304,0.8935527199462726,0.17361894024802707,462,0,317,2199
0.0025468779978666,1.0,0.12639109697933226,0.8932169241101411,0.1736842105263158,462,0,318,2198
0.0025603356680565,1.0,0.12678855325914148,0.8928811282740095,0.17374952989845807,462,0,319,2197
0.0025654102088454,1.0,0.1271860095389507,0.8925453324378778,0.17381489841986456,462,0,320,2196
0.0025670285700741,1.0,0.12758346581875993,0.8922095366017462,0.17388031614602936,462,0,321,2195
0.0025684406161149,1.0,0.12798092209856915,0.8918737407656145,0.17394578313253012,462,0,322,2194
0.0025692019650049,1.0,0.12837837837837837,0.8915379449294829,0.17401129943502824,462,0,323,2193
0.0025713993134498,1.0,0.1287758346581876,0.8912021490933513,0.17407686510926904,462,0,324,2192
0.0025823450785665,1.0,0.12917329093799682,0.8908663532572196,0.1741424802110818,462,0,325,2191
0.0025877094852761,1.0,0.12957074721780604,0.890530557421088,0.17420814479638008,462,0,326,2190
0.0025953134849221,1.0,0.12996820349761526,0.8901947615849564,0.17427385892116182,462,0,327,2189
0.0025993849367974,1.0,0.13036565977742448,0.8898589657488247,0.17433962264150943,462,0,328,2188
0.0026047070217246,1.0,0.1307631160572337,0.8895231699126931,0.17440543601359004,462,0,329,2187
0.0026170034041765,1.0,0.13116057233704292,0.8891873740765615,0.17447129909365558,462,0,330,2186
0.0026192637678436,1.0,0.13155802861685215,0.8888515782404298,0.17453721193804306,462,0,331,2185
0.002623338526976,1.0,0.13195548489666137,0.8885157824042982,0.1746031746031746,462,0,332,2184
0.002626133792535,1.0,0.1323529411764706,0.8881799865681665,0.17466918714555765,462,0,333,2183
0.0026412149368785,1.0,0.1327503974562798,0.8878441907320349,0.17473524962178516,462,0,334,2182
0.0026438275557332,1.0,0.13314785373608903,0.8875083948959033,0.17480136208853575,462,0,335,2181
0.0026495490030846,1.0,0.13354531001589826,0.8871725990597716,0.17486752460257382,462,0,336,2180
0.0026501070264045,1.0,0.13394276629570748,0.88683680322364,0.17493373722074973,462,0,337,2179
0.0026563992500853,1.0,0.1343402225755167,0.8865010073875084,0.175,462,0,338,2178
0.0026603348832261,1.0,0.13473767885532592,0.8861652115513767,0.17506631299734748,462,0,339,2177
0.0026680150519479,1.0,0.13513513513513514,0.8858294157152451,0.17513267626990145,462,0,340,2176
0.0026730077750353,1.0,0.13553259141494436,0.8854936198791135,0.1751990898748578,462,0,341,2175
0.0026759381284309,1.0,0.1359300476947536,0.8851578240429818,0.17526555386949924,462,0,342,2174
0.0026781481290242,1.0,0.1363275039745628,0.8848220282068502,0.17533206831119544,462,0,343,2173
0.00268096145422,1.0,0.13672496025437203,0.8844862323707186,0.17539863325740318,462,0,344,2172
0.0026886646004722,1.0,0.13712241653418125,0.884150436534587,0.17546524876566655,462,0,345,2171
0.0026912694015179,1.0,0.13751987281399047,0.8838146406984554,0.17553191489361702,462,0,346,2170
0.0027025599934206,1.0,0.1379173290937997,0.8834788448623238,0.17559863169897377,462,0,347,2169
0.0027091549456581,1.0,0.1383147853736089,0.8831430490261921,0.17566539923954372,462,0,348,2168
0.0027117964494951,1.0,0.1387122416534181,0.8828072531900605,0.17573221757322174,462,0,349,2167
0.002712999991324,1.0,0.13910969793322733,0.8824714573539288,0.17579908675799086,462,0,350,2166
0.0027149237590084,1.0,0.13950715421303655,0.8821356615177972,0.17586600685192236,462,0,351,2165
0.0027215502837414,1.0,0.13990461049284578,0.8817998656816656,0.17593297791317594,462,0,352,2164
0.0027238061290909,1.0,0.140302066772655,0.8814640698455339,0.176,462,0,353,2163
0.0027259619654579,1.0,0.14069952305246422,0.8811282740094023,0.1760670731707317,462,0,354,2162
0.0027357744727346,1.0,0.14109697933227344,0.8807924781732707,0.1761341974837972,462,0,355,2161
0.0027363804439529,1.0,0.14149443561208266,0.880456682337139,0.17620137299771166,462,0,356,2160
0.0027487333210266,1.0,0.14189189189189189,0.8801208865010074,0.17626859977107975,462,0,357,2159
0.0027516172869511,1.0,0.1422893481717011,0.8797850906648758,0.1763358778625954,462,0,358,2158
0.0027536011350598,1.0,0.14268680445151033,0.8794492948287441,0.1764032073310424,462,0,359,2157
0.0027539408578477,1.0,0.14308426073131955,0.8791134989926125,0.17647058823529413,462,0,360,2156
0.0027570066284368,1.0,0.14348171701112877,0.8787777031564808,0.1765380206343141,462,0,361,2155
0.0027582896418008,1.0,0.143879173290938,0.8784419073203492,0.17660550458715596,462,0,362,2154
0.0027606168098698,1.0,0.14427662957074722,0.8781061114842176,0.17667304015296367,462,0,363,2153
0.0027748286834051,1.0,0.14467408585055644,0.8777703156480859,0.17674062739097168,462,0,364,2152
0.0027771834938551,1.0,0.14507154213036566,0.8774345198119543,0.17680826636050517,462,0,365,2151
0.0027840863254975,1.0,0.14546899841017488,0.8770987239758227,0.1768759571209801,462,0,366,2150
0.0028115724993588,1.0,0.1458664546899841,0.876762928139691,0.1769436997319035,462,0,367,2149
0.0028225187565703,1.0,0.14626391096979333,0.8764271323035594,0.17701149425287357,462,0,368,2148
0.0028267981692383,1.0,0.14666136724960255,0.8760913364674278,0.17707934074357992,462,0,369,2147
0.0028270813319767,1.0,0.14705882352941177,0.8757555406312961,0.17714723926380369,462,0,370,2146
0.002835445639133,1.0,0.147456279809221,0.8754197447951645,0.17721518987341772,462,0,371,2145
0.0028477551065726,1.0,0.1478537360890302,0.8750839489590329,0.1772831926323868,462,0,372,2144
0.0028502922381975,1.0,0.14825119236883944,0.8747481531229013,0.17735124760076776,462,0,373,2143
0.002851658141718,1.0,0.14864864864864866,0.8744123572867697,0.1774193548387097,462,0,374,2142
0.0028553923871719,1.0,0.14904610492845788,0.8740765614506381,0.17748751440645408,462,0,375,2141
0.00285824914251,1.0,0.1494435612082671,0.8737407656145064,0.17755572636433511,462,0,376,2140
0.0028597532264606,1.0,0.14984101748807632,0.8734049697783748,0.1776239907727797,462,0,377,2139
0.0028683341773284,1.0,0.15023847376788554,0.8730691739422431,0.1776923076923077,462,0,378,2138
0.0028736376254599,1.0,0.15063593004769477,0.8727333781061115,0.17776067718353214,462,0,379,2137
0.0028806793212472,1.0,0.151033386327504,0.8723975822699799,0.17782909930715934,462,0,380,2136
0.0028859903644214,1.0,0.15143084260731318,0.8720617864338482,0.1778975741239892,462,0,381,2135
0.0028870353243895,1.0,0.1518282988871224,0.8717259905977166,0.17796610169491525,462,0,382,2134
0.0028898918913779,1.0,0.15222575516693163,0.871390194761585,0.17803468208092485,462,0,383,2133
0.0028903291885203,1.0,0.15262321144674085,0.8710543989254533,0.17810331534309945,462,0,384,2132
0.0028913296517628,1.0,0.15302066772655007,0.8707186030893217,0.17817200154261473,462,0,385,2131
0.0028916060419581,1.0,0.1534181240063593,0.8703828072531901,0.17824074074074073,462,0,386,2130
0.0028923342213754,1.0,0.1538155802861685,0.8700470114170584,0.17830953299884214,462,0,387,2129
0.0028988313457713,1.0,0.15421303656597773,0.8697112155809268,0.1783783783783784,462,0,388,2128
0.0029046053601942,1.0,0.15461049284578696,0.8693754197447952,0.17844727694090382,462,0,389,2127
0.0029095301593498,1.0,0.15500794912559618,0.8690396239086635,0.178516228748068,462,0,390,2126
0.0029102848158269,1.0,0.1554054054054054,0.8687038280725319,0.17858523386161576,462,0,391,2125
0.0029215074365097,1.0,0.15580286168521462,0.8683680322364002,0.17865429234338748,462,0,392,2124
0.0029300160984485,1.0,0.15620031796502384,0.8680322364002686,0.17872340425531916,462,0,393,2123
0.0029345388665317,1.0,0.15659777424483307,0.867696440564137,0.17879256965944273,462,0,394,2122
0.0029350934890883,1.0,0.1569952305246423,0.8673606447280053,0.17886178861788618,462,0,395,2121
0.0029392018492613,1.0,0.1573926868044515,0.8670248488918737,0.17893106119287375,462,0,396,2120
0.0029436152191953,1.0,0.15779014308426073,0.8666890530557421,0.17900038744672608,462,0,397,2119
0.0029554607537656,1.0,0.15818759936406995,0.8663532572196104,0.17906976744186046,462,0,398,2118
0.0029606938922307,1.0,0.15858505564387917,0.8660174613834788,0.179139201240791,462,0,399,2117
0.0029644598163638,1.0,0.1589825119236884,0.8656816655473473,0.1792086889061288,462,0,400,2116
0.0029724623580388,1.0,0.15937996820349762,0.8653458697112156,0.17927823050058206,462,0,401,2115
0.0029743324547776,1.0,0.15977742448330684,0.865010073875084,0.1793478260869565,462,0,402,2114
0.0029747042320885,1.0,0.16017488076311606,0.8646742780389524,0.17941747572815533,462,0,403,2113
0.0029838254669821,1.0,0.16057233704292528,0.8643384822028207,0.1794871794871795,462,0,404,2112
0.0029916477503672,1.0,0.1609697933227345,0.8640026863666891,0.17955693742712786,462,0,405,2111
0.0029994391160407,1.0,0.16136724960254373,0.8636668905305575,0.1796267496111975,462,0,406,2110
0.0029999441653795,1.0,0.16176470588235295,0.8633310946944258,0.17969661610268378,462,0,407,2109
0.0030115870409853,1.0,0.16216216216216217,0.8629952988582942,0.17976653696498054,462,0,408,2108
0.0030215614225815,1.0,0.1625596184419714,0.8626595030221625,0.17983651226158037,462,0,409,2107
0.0030333591478343,1.0,0.16295707472178061,0.8623237071860309,0.17990654205607476,462,0,410,2106
0.0030336813596235,1.0,0.16335453100158984,0.8619879113498993,0.17997662641215426,462,0,411,2105
0.0030400383085935,1.0,0.16375198728139906,0.8616521155137676,0.18004676539360873,462,0,412,2104
0.0030448463644048,1.0,0.16414944356120828,0.861316319677636,0.18011695906432748,462,0,413,2103
0.0030505781369632,1.0,0.16454689984101747,0.8609805238415044,0.18018720748829953,462,0,414,2102
0.0030579320189591,1.0,0.1649443561208267,0.8606447280053727,0.18025751072961374,462,0,415,2101
0.0030643129842212,1.0,0.16534181240063592,0.8603089321692411,0.18032786885245902,462,0,416,2100
0.0030750971561353,1.0,0.16573926868044514,0.8599731363331095,0.18039828192112456,462,0,417,2099
0.0030792898439568,1.0,0.16613672496025436,0.8596373404969778,0.18046875,462,0,418,2098
0.0030862828438842,1.0,0.16653418124006358,0.8593015446608462,0.18053927315357562,462,0,419,2097
0.0030890449203588,1.0,0.1669316375198728,0.8589657488247145,0.18060985144644254,462,0,420,2096
0.0030933614939144,1.0,0.16732909379968203,0.8586299529885829,0.18068048494329292,462,0,421,2095
0.0031000664774544,1.0,0.16772655007949125,0.8582941571524513,0.1807511737089202,462,0,422,2094
0.0031001870259332,1.0,0.16812400635930047,0.8579583613163196,0.18082191780821918,462,0,423,2093
0.0031021096700388,1.0,0.1685214626391097,0.857622565480188,0.18089271730618636,462,0,424,2092
0.0031029724993969,1.0,0.16891891891891891,0.8572867696440564,0.1809635722679201,462,0,425,2091
0.0031054383670823,1.0,0.16931637519872814,0.8569509738079247,0.1810344827586207,462,0,426,2090
0.0031082603887594,1.0,0.16971383147853736,0.8566151779717931,0.18110544884359076,462,0,427,2089
0.0031215138635184,1.0,0.17011128775834658,0.8562793821356616,0.1811764705882353,462,0,428,2088
0.0031226005286535,1.0,0.1705087440381558,0.8559435862995299,0.18124754805806198,462,0,429,2087
0.0031327889462707,1.0,0.17090620031796502,0.8556077904633983,0.1813186813186813,462,0,430,2086
0.0031389944432918,1.0,0.17130365659777425,0.8552719946272667,0.18138987043580684,462,0,431,2085
0.0031457399705144,1.0,0.17170111287758347,0.854936198791135,0.1814611154752553,462,0,432,2084
0.0031539038804918,1.0,0.1720985691573927,0.8546004029550034,0.18153241650294696,462,0,433,2083
0.003154739516058,1.0,0.1724960254372019,0.8542646071188718,0.18160377358490565,462,0,434,2082
0.0031575902372152,1.0,0.17289348171701113,0.8539288112827401,0.18167518678725914,462,0,435,2081
0.0031616621872435,1.0,0.17329093799682035,0.8535930154466085,0.18174665617623917,462,0,436,2080
0.0031795904300781,1.0,0.17368839427662958,0.8532572196104768,0.18181818181818182,462,0,437,2079
0.0031803861130103,1.0,0.1740858505564388,0.8529214237743452,0.18188976377952756,462,0,438,2078
0.0031826667471106,1.0,0.17448330683624802,0.8525856279382136,0.18196140212682158,462,0,439,2077
0.0031868050021687,1.0,0.17488076311605724,0.8522498321020819,0.18203309692671396,462,0,440,2076
0.0032021684437553,1.0,0.17527821939586646,0.8519140362659503,0.1821048482459598,462,0,441,2075
0.0032197783179339,1.0,0.17567567567567569,0.8515782404298187,0.18217665615141956,462,0,442,2074
0.0032299564997049,1.0,0.1760731319554849,0.851242444593687,0.18224852071005918,462,0,443,2073
0.0032397977045388,1.0,0.17647058823529413,0.8509066487575554,0.18232044198895028,462,0,444,2072
0.0032457475318651,1.0,0.17686804451510335,0.8505708529214238,0.18239242005527043,462,0,445,2071
0.0032480034935815,1.0,0.17726550079491257,0.8502350570852921,0.18246445497630331,462,0,446,2070
0.0032663558709294,1.0,0.17766295707472177,0.8498992612491605,0.18253654681943896,462,0,447,2069
0.0032689952828282,1.0,0.178060413354531,0.8495634654130289,0.1826086956521739,462,0,448,2068
0.0032884857169675,1.0,0.1784578696343402,0.8492276695768972,0.1826809015421115,462,0,449,2067
0.0032915453222528,1.0,0.17885532591414943,0.8488918737407656,0.18275316455696203,462,0,450,2066
0.003301358799547,1.0,0.17925278219395865,0.8485560779046339,0.18282548476454294,462,0,451,2065
0.0033048121451191,1.0,0.17965023847376788,0.8482202820685023,0.1828978622327791,462,0,452,2064
0.0033145750876158,1.0,0.1800476947535771,0.8478844862323707,0.18297029702970297,462,0,453,2063
0.0033148350638086,1.0,0.18044515103338632,0.847548690396239,0.18304278922345482,462,0,454,2062
0.0033268987267244,1.0,0.18084260731319554,0.8472128945601075,0.18311533888228299,462,0,455,2061
0.0033269242444684,1.0,0.18124006359300476,0.8468770987239759,0.183187946074544,462,0,456,2060
0.0033325049095532,1.0,0.18163751987281399,0.8465413028878442,0.1832606108687029,462,0,457,2059
0.0033329403848613,1.0,0.1820349761526232,0.8462055070517126,0.18333333333333332,462,0,458,2058
0.0033346118959898,1.0,0.18243243243243243,0.845869711215581,0.18340611353711792,462,0,459,2057
0.0033347568281303,1.0,0.18282988871224165,0.8455339153794493,0.1834789515488483,462,0,460,2056
0.0033358213071743,1.0,0.18322734499205087,0.8451981195433177,0.1835518474374255,462,0,461,2055
0.0033383761286672,1.0,0.1836248012718601,0.8448623237071861,0.1836248012718601,462,0,462,2054
0.0033408750218704,1.0,0.18402225755166932,0.8445265278710544,0.18369781312127237,462,0,463,2053
0.0033482960294223,1.0,0.18441971383147854,0.8441907320349228,0.18377088305489261,462,0,464,2052
0.0033683346007291,1.0,0.18481717011128776,0.8438549361987912,0.18384401114206128,462,0,465,2051
0.0033685451394398,1.0,0.18521462639109698,0.8435191403626595,0.1839171974522293,462,0,466,2050
0.0033775909286908,1.0,0.1856120826709062,0.8431833445265279,0.18399044205495818,462,0,467,2049
0.0033795704845174,1.0,0.18600953895071543,0.8428475486903962,0.18406374501992032,462,0,468,2048
0.0034025894800942,1.0,0.18640699523052465,0.8425117528542646,0.18413710641689918,462,0,469,2047
0.003407794075108,1.0,0.18680445151033387,0.842175957018133,0.18421052631578946,462,0,470,2046
0.0034289945782706,1.0,0.1872019077901431,0.8418401611820013,0.18428400478659754,462,0,471,2045
0.0034355319354067,1.0,0.1875993640699523,0.8415043653458697,0.18435754189944134,462,0,472,2044
0.0034356141557625,1.0,0.18799682034976153,0.8411685695097381,0.1844311377245509,462,0,473,2043
0.0034361863839035,1.0,0.18839427662957076,0.8408327736736064,0.18450479233226838,462,0,474,2042
0.0034434023457972,1.0,0.18879173290937998,0.8404969778374748,0.18457850579304835,462,0,475,2041
0.0034447493783206,1.0,0.1891891891891892,0.8401611820013432,0.18465227817745802,462,0,476,2040
0.0034454677927166,1.0,0.18958664546899842,0.8398253861652115,0.18472610955617752,462,0,477,2039
0.0034489722979104,1.0,0.18998410174880764,0.8394895903290799,0.1848,462,0,478,2038
0.003449292554012,1.0,0.19038155802861687,0.8391537944929482,0.18487394957983194,462,0,479,2037
0.0034528213604344,1.0,0.1907790143084261,0.8388179986568166,0.18494795836669337,462,0,480,2036
0.0034536332481402,1.0,0.19117647058823528,0.838482202820685,0.18502202643171806,462,0,481,2035
0.0034552369267996,1.0,0.1915739268680445,0.8381464069845533,0.18509615384615385,462,0,482,2034
0.0034807667511691,1.0,0.19197138314785372,0.8378106111484218,0.18517034068136273,462,0,483,2033
0.0034823267195343,1.0,0.19236883942766295,0.8374748153122902,0.18524458700882118,462,0,484,2032
0.0034912611529215,1.0,0.19276629570747217,0.8371390194761585,0.18531889290012032,462,0,485,2031
0.0034915413083745,1.0,0.1931637519872814,0.8368032236400269,0.1853932584269663,462,0,486,2030
0.0034929936308604,1.0,0.1935612082670906,0.8364674278038953,0.18546768366118024,462,0,487,2029
0.0034990378932648,1.0,0.19395866454689983,0.8361316319677636,0.1855421686746988,462,0,488,2028
0.0035096174750302,1.0,0.19435612082670906,0.835795836131632,0.18561671353957412,462,0,489,2027
0.0035168035090269,1.0,0.19475357710651828,0.8354600402955004,0.18569131832797428,462,0,490,2026
0.0035335117693027,1.0,0.1951510333863275,0.8351242444593687,0.18576598311218334,462,0,491,2025
0.0035337286159869,1.0,0.19554848966613672,0.8347884486232371,0.18584070796460178,462,0,492,2024
0.0035417967615478,1.0,0.19594594594594594,0.8344526527871055,0.18591549295774648,462,0,493,2023
0.0035522771696314,1.0,0.19634340222575516,0.8341168569509738,0.1859903381642512,462,0,494,2022
0.0035684793448808,1.0,0.1967408585055644,0.8337810611148422,0.1860652436568667,462,0,495,2021
0.0035717265889213,1.0,0.1971383147853736,0.8334452652787105,0.1861402095084609,462,0,496,2020
0.0035768377261104,1.0,0.19753577106518283,0.8331094694425789,0.18621523579201935,462,0,497,2019
0.0035827981035288,1.0,0.19793322734499205,0.8327736736064473,0.18629032258064515,462,0,498,2018
0.0035842062815773,1.0,0.19833068362480127,0.8324378777703156,0.1863654699475595,462,0,499,2017
0.0035854583506366,1.0,0.1987281399046105,0.832102081934184,0.1864406779661017,462,0,500,2016
0.0035926484505547,1.0,0.19912559618441972,0.8317662860980524,0.1865159467097295,462,0,501,2015
0.0036173580459726,1.0,0.19952305246422894,0.8314304902619207,0.18659127625201938,462,0,502,2014
0.0036223810332329,1.0,0.19992050874403816,0.8310946944257891,0.18666666666666668,462,0,503,2013
0.0036272263924496,1.0,0.20031796502384738,0.8307588985896575,0.18674211802748586,462,0,504,2012
0.0036328195382296,1.0,0.2007154213036566,0.8304231027535258,0.18681763040841085,462,0,505,2011
0.0036385682580472,1.0,0.20111287758346583,0.8300873069173942,0.18689320388349515,462,0,506,2010
0.0036643808860825,1.0,0.20151033386327505,0.8297515110812625,0.18696883852691218,462,0,507,2009
0.0036940052495269,1.0,0.20190779014308427,0.8294157152451309,0.18704453441295546,462,0,508,2008
0.0037057495893564,1.0,0.2023052464228935,0.8290799194089993,0.18712029161603888,462,0,509,2007
0.0037113156883795,1.0,0.20270270270270271,0.8287441235728676,0.18719611021069693,462,0,510,2006
0.0037133998868764,1.0,0.20310015898251194,0.8284083277367361,0.18727199027158492,462,0,511,2005
0.0037147534699762,1.0,0.20349761526232116,0.8280725319006045,0.1873479318734793,462,0,512,2004
0.0037177004923953,1.0,0.20389507154213038,0.8277367360644728,0.1874239350912779,462,0,513,2003
0.00372070294661,1.0,0.20429252782193957,0.8274009402283412,0.1875,462,0,514,2002
0.0037260699978322,1.0,0.2046899841017488,0.8270651443922096,0.18757612667478685,462,0,515,2001
0.0037430767127677,1.0,0.20508744038155802,0.8267293485560779,0.1876523151909017,462,0,516,2000
0.0037718827222541,1.0,0.20548489666136724,0.8263935527199463,0.1877285656237302,462,0,517,1999
0.0037864769452961,1.0,0.20588235294117646,0.8260577568838147,0.1878048780487805,462,0,518,1998
0.0038034999228778,1.0,0.20627980922098568,0.825721961047683,0.1878812525416836,462,0,519,1997
0.0038040474537817,1.0,0.2066772655007949,0.8253861652115514,0.18795768917819367,462,0,520,1996
0.0038096679542032,1.0,0.20707472178060413,0.8250503693754198,0.18803418803418803,462,0,521,1995
0.0038151231903348,1.0,0.20747217806041335,0.8247145735392881,0.18811074918566775,462,0,522,1994
0.0038225343316112,1.0,0.20786963434022257,0.8243787777031565,0.18818737270875763,462,0,523,1993
0.0038459170386482,1.0,0.2082670906200318,0.8240429818670248,0.1882640586797066,462,0,524,1992
0.0038520459375968,1.0,0.208664546899841,0.8237071860308932,0.18834080717488788,462,0,525,1991
0.0038596401527297,1.0,0.20906200317965024,0.8233713901947616,0.18841761827079934,462,0,526,1990
0.0038599185989023,1.0,0.20945945945945946,0.8230355943586299,0.18849449204406366,462,0,527,1989
0.0038625677699529,1.0,0.20985691573926868,0.8226997985224983,0.18857142857142858,462,0,528,1988
0.0038662543847168,1.0,0.2102543720190779,0.8223640026863667,0.18864842792976724,462,0,529,1987
0.0038840547170081,1.0,0.21065182829888712,0.822028206850235,0.18872549019607843,462,0,530,1986
0.0038928503133505,1.0,0.21104928457869634,0.8216924110141034,0.18880261544748672,462,0,531,1985
0.0038984067253112,1.0,0.21144674085850557,0.8213566151779718,0.18887980376124286,462,0,532,1984
0.0039188653705317,1.0,0.2118441971383148,0.8210208193418401,0.18895705521472392,462,0,533,1983
0.0039206526660144,1.0,0.212241653418124,0.8206850235057085,0.1890343698854337,462,0,534,1982
0.0039244648554141,1.0,0.21263910969793323,0.8203492276695769,0.18911174785100288,462,0,535,1981
0.0039387093701249,1.0,0.21303656597774245,0.8200134318334452,0.1891891891891892,462,0,536,1980
0.0039475969767171,1.0,0.21343402225755168,0.8196776359973136,0.18926669397787793,462,0,537,1979
0.0039487438990732,1.0,0.2138314785373609,0.8193418401611821,0.18934426229508197,462,0,538,1978
0.0039710503924498,1.0,0.21422893481717012,0.8190060443250504,0.18942189421894218,462,0,539,1977
0.0039759305939666,1.0,0.21462639109697934,0.8186702484889188,0.18949958982772763,462,0,540,1976
0.0039844079521974,1.0,0.21502384737678856,0.8183344526527871,0.18957734919983588,462,0,541,1975
0.0039875506917066,1.0,0.21542130365659778,0.8179986568166555,0.1896551724137931,462,0,542,1974
0.0040015272921929,1.0,0.215818759936407,0.8176628609805239,0.18973305954825462,462,0,543,1973
0.0040057481729003,1.0,0.21621621621621623,0.8173270651443922,0.18981101068200493,462,0,544,1972
0.0040062066590565,1.0,0.21661367249602545,0.8169912693082606,0.18988902589395806,462,0,545,1971
0.0040155965516945,1.0,0.21701112877583467,0.816655473472129,0.18996710526315788,462,0,546,1970
0.0040230056210431,1.0,0.21740858505564387,0.8163196776359973,0.19004524886877827,462,0,547,1969
0.0040239473656343,1.0,0.2178060413354531,0.8159838817998657,0.19012345679012346,462,0,548,1968
0.0040435486146811,1.0,0.2182034976152623,0.8156480859637341,0.19020172910662825,462,0,549,1967
0.00404585960205,1.0,0.21860095389507153,0.8153122901276024,0.1902800658978583,462,0,550,1966
0.0040505996261667,1.0,0.21899841017488075,0.8149764942914708,0.1903584672435105,462,0,551,1965
0.0040523648579177,1.0,0.21939586645468998,0.8146406984553392,0.190436933223413,462,0,552,1964
0.0040534317000265,1.0,0.2197933227344992,0.8143049026192075,0.19051546391752577,462,0,553,1963
0.0040552631204399,1.0,0.22019077901430842,0.8139691067830759,0.1905940594059406,462,0,554,1962
0.0040597362832124,1.0,0.22058823529411764,0.8136333109469442,0.19067271976888156,462,0,555,1961
0.0040603896339699,1.0,0.22098569157392686,0.8132975151108126,0.1907514450867052,462,0,556,1960
0.0040652242621119,1.0,0.22138314785373608,0.812961719274681,0.19083023543990088,462,0,557,1959
0.004086020680178,1.0,0.2217806041335453,0.8126259234385493,0.19090909090909092,462,0,558,1958
0.0040915804319143,1.0,0.22217806041335453,0.8122901276024177,0.190988011575031,462,0,559,1957
0.0040942798924864,1.0,0.22257551669316375,0.8119543317662861,0.19106699751861042,462,0,560,1956
0.0040997422713981,1.0,0.22297297297297297,0.8116185359301544,0.1911460488208523,462,0,561,1955
0.0041023054916991,1.0,0.2233704292527822,0.8112827400940228,0.1912251655629139,462,0,562,1954
0.0041051535019342,1.0,0.22376788553259142,0.8109469442578912,0.19130434782608696,462,0,563,1953
0.0041127115418373,1.0,0.22416534181240064,0.8106111484217595,0.19138359569179786,462,0,564,1952
0.0041250753304594,1.0,0.22456279809220986,0.8102753525856279,0.19146290924160797,462,0,565,1951
0.0041260451795724,1.0,0.22496025437201908,0.8099395567494964,0.19154228855721392,462,0,566,1950
0.0041449602183017,1.0,0.2253577106518283,0.8096037609133647,0.19162173372044794,462,0,567,1949
0.0041587522080571,1.0,0.22575516693163752,0.8092679650772331,0.19170124481327802,462,0,568,1948
0.004167927835498,1.0,0.22615262321144675,0.8089321692411015,0.1917808219178082,462,0,569,1947
0.0041875575777447,1.0,0.22655007949125597,0.8085963734049698,0.19186046511627908,462,0,570,1946
0.0042032654911443,1.0,0.2269475357710652,0.8082605775688382,0.1919401744910677,462,0,571,1945
0.0042102457894412,1.0,0.2273449920508744,0.8079247817327065,0.19201995012468828,462,0,572,1944
0.0042104547224235,1.0,0.22774244833068363,0.8075889858965749,0.1920997920997921,462,0,573,1943
0.0042278706254561,1.0,0.22813990461049286,0.8072531900604433,0.19217970049916805,462,0,574,1942
0.0042343028262354,1.0,0.22853736089030208,0.8069173942243116,0.19225967540574282,462,0,575,1941
0.0042386892223247,1.0,0.2289348171701113,0.80658159838818,0.19233971690258117,462,0,576,1940
0.0042517526660499,1.0,0.22933227344992052,0.8062458025520484,0.1924198250728863,462,0,577,1939
0.0042557162729963,1.0,0.22972972972972974,0.8059100067159167,0.1925,462,0,578,1938
0.0042643092291287,1.0,0.23012718600953896,0.8055742108797851,0.19258024176740307,462,0,579,1937
0.0042718827493905,1.0,0.23052464228934816,0.8052384150436535,0.1926605504587156,462,0,580,1936
0.004275388196108,1.0,0.23092209856915738,0.8049026192075218,0.1927409261576971,462,0,581,1935
0.0042774675104395,1.0,0.2313195548489666,0.8045668233713902,0.19282136894824708,462,0,582,1934
0.004287579370221,1.0,0.23171701112877582,0.8042310275352585,0.19290187891440502,462,0,583,1933
0.0042922772152624,1.0,0.23211446740858505,0.8038952316991269,0.19298245614035087,462,0,584,1932
0.004296776126822,1.0,0.23251192368839427,0.8035594358629953,0.19306310071040536,462,0,585,1931
0.0043081413797847,1.0,0.2329093799682035,0.8032236400268636,0.1931438127090301,462,0,586,1930
0.0043352075880333,1.0,0.2333068362480127,0.802887844190732,0.1932245922208281,462,0,587,1929
0.0043361122405952,1.0,0.23370429252782193,0.8025520483546004,0.19330543933054392,462,0,588,1928
0.004353380512144,1.0,0.23410174880763115,0.8022162525184687,0.19338635412306404,462,0,589,1927
0.0043570872834333,1.0,0.23449920508744038,0.8018804566823371,0.1934673366834171,462,0,590,1926
0.0043683639731335,1.0,0.2348966613672496,0.8015446608462055,0.1935483870967742,462,0,591,1925
0.0043797932859486,1.0,0.23529411764705882,0.8012088650100738,0.19362950544844929,462,0,592,1924
0.0043889879081533,1.0,0.23569157392686804,0.8008730691739423,0.19371069182389938,462,0,593,1923
0.0044152533468987,1.0,0.23608903020667726,0.8005372733378107,0.19379194630872484,462,0,594,1922
0.0044362749769073,1.0,0.23648648648648649,0.800201477501679,0.19387326898866974,462,0,595,1921
0.0044380685896122,1.0,0.2368839427662957,0.7998656816655474,0.19395465994962216,462,0,596,1920
0.0044384260412891,1.0,0.23728139904610493,0.7995298858294158,0.19403611927761444,462,0,597,1919
0.0044424923182142,1.0,0.23767885532591415,0.7991940899932841,0.19411764705882353,462,0,598,1918
0.0044482786744722,1.0,0.23807631160572337,0.7988582941571525,0.19419924337957126,462,0,599,1917
0.0044525940795076,1.0,0.2384737678855326,0.7985224983210208,0.19428090832632464,462,0,600,1916
0.0044730250442291,1.0,0.23887122416534182,0.7981867024848892,0.19436264198569625,462,0,601,1915
0.0044759570235246,1.0,0.23926868044515104,0.7978509066487576,0.19444444444444445,462,0,602,1914
0.0044797157028388,1.0,0.23966613672496026,0.7975151108126259,0.19452631578947369,462,0,603,1913
0.0044846827041886,1.0,0.24006359300476948,0.7971793149764943,0.1946082561078349,462,0,604,1912
0.0044979002716632,1.0,0.2404610492845787,0.7968435191403627,0.19469026548672566,462,0,605,1911
0.0044984964478838,1.0,0.24085850556438793,0.796507723304231,0.19477234401349072,462,0,606,1910
0.0045285473049005,1.0,0.24125596184419715,0.7961719274680994,0.1948544917756221,462,0,607,1909
0.0045361645152684,1.0,0.24165341812400637,0.7958361316319678,0.1949367088607595,462,0,608,1908
0.0045552355171874,1.0,0.2420508744038156,0.7955003357958361,0.1950189953566906,462,0,609,1907
0.0045653228405905,1.0,0.2424483306836248,0.7951645399597045,0.19510135135135134,462,0,610,1906
0.0045811035501825,1.0,0.24284578696343403,0.7948287441235729,0.19518377693282637,462,0,611,1905
0.0045897515645444,1.0,0.24324324324324326,0.7944929482874412,0.1952662721893491,462,0,612,1904
0.0045929454777792,1.0,0.24364069952305245,0.7941571524513096,0.19534883720930232,462,0,613,1903
0.004615769386477,1.0,0.24403815580286167,0.7938213566151779,0.19543147208121828,462,0,614,1902
0.0046292613564658,1.0,0.2444356120826709,0.7934855607790463,0.1955141768937791,462,0,615,1901
0.0046329458054735,1.0,0.24483306836248012,0.7931497649429147,0.1955969517358171,462,0,616,1900
0.0046379530190515,1.0,0.24523052464228934,0.792813969106783,0.19567979669631513,462,0,617,1899
0.0046677505430807,1.0,0.24562798092209856,0.7924781732706514,0.19576271186440677,462,0,618,1898
0.004672535065624,1.0,0.24602543720190778,0.7921423774345198,0.19584569732937684,462,0,619,1897
0.0046957202019,1.0,0.246422893481717,0.7918065815983881,0.19592875318066158,462,0,620,1896
0.0046958570035296,1.0,0.24682034976152623,0.7914707857622566,0.19601187950784896,462,0,621,1895
0.0046976939134406,1.0,0.24721780604133545,0.791134989926125,0.1960950764006791,462,0,622,1894
0.0047115150265994,1.0,0.24761526232114467,0.7907991940899933,0.1961783439490446,462,0,623,1893
0.0047221288273734,1.0,0.2480127186009539,0.7904633982538617,0.19626168224299065,462,0,624,1892
0.0047282559119027,1.0,0.2484101748807631,0.7901276024177301,0.1963450913727157,462,0,625,1891
0.0047323572504575,1.0,0.24880763116057233,0.7897918065815984,0.19642857142857142,462,0,626,1890
0.0047383400823981,1.0,0.24920508744038156,0.7894560107454668,0.19651212250106337,462,0,627,1889
0.0047521806057192,1.0,0.24960254372019078,0.7891202149093351,0.19659574468085106,462,0,628,1888
0.0047618952927998,1.0,0.25,0.7887844190732035,0.1966794380587484,462,0,629,1887
0.0047658291968069,1.0,0.2503974562798092,0.7884486232370719,0.196763202725724,462,0,630,1886
0.0047911672911155,1.0,0.25079491255961844,0.7881128274009402,0.19684703877290158,462,0,631,1885
0.0047972824924124,1.0,0.25119236883942764,0.7877770315648086,0.1969309462915601,462,0,632,1884
0.0048120060125516,1.0,0.2515898251192369,0.787441235728677,0.19701492537313434,462,0,633,1883
0.0048137715247142,1.0,0.2519872813990461,0.7871054398925453,0.197098976109215,462,0,634,1882
0.0048692109516747,1.0,0.25238473767885533,0.7867696440564137,0.19718309859154928,462,0,635,1881
0.0048755300212779,1.0,0.2527821939586645,0.7864338482202821,0.19726729291204098,462,0,636,1880
0.0048861285405813,1.0,0.2531796502384738,0.7860980523841504,0.19735155916275096,462,0,637,1879
0.0048893402128256,1.0,0.25357710651828297,0.7857622565480188,0.19743589743589743,462,0,638,1878
0.004904422600156,1.0,0.2539745627980922,0.7854264607118872,0.19752030782385635,462,0,639,1877
0.004908908855678,1.0,0.2543720190779014,0.7850906648757555,0.19760479041916168,462,0,640,1876
0.0049188240583469,1.0,0.25476947535771066,0.7847548690396239,0.19768934531450577,462,0,641,1875
0.0049217581319156,1.0,0.25516693163751986,0.7844190732034922,0.19777397260273974,462,0,642,1874
0.0049273565546429,1.0,0.2555643879173291,0.7840832773673606,0.19785867237687366,462,0,643,1873
0.0049489795817632,1.0,0.2559618441971383,0.783747481531229,0.19794344473007713,462,0,644,1872
0.0049521870492452,1.0,0.25635930047694755,0.7834116856950973,0.19802828975567938,462,0,645,1871
0.0049631265494243,1.0,0.25675675675675674,0.7830758898589657,0.19811320754716982,462,0,646,1870
0.0049734995323029,1.0,0.257154213036566,0.7827400940228341,0.1981981981981982,462,0,647,1869
0.004980426458526,1.0,0.2575516693163752,0.7824042981867025,0.1982832618025751,462,0,648,1868
0.0049998169334789,1.0,0.25794912559618444,0.7820685023505709,0.19836839845427223,462,0,649,1867
0.005,1.0,0.25834658187599363,0.7817327065144393,0.19845360824742267,462,0,650,1866
0.0050041181434192,1.0,0.25834658187599363,0.7817327065144393,0.19845360824742267,462,0,650,1866
0.0050076208086827,1.0,0.2587440381558029,0.7813969106783076,0.19853889127632143,462,0,651,1865
0.0050111468132469,1.0,0.2591414944356121,0.781061114842176,0.19862424763542563,462,0,652,1864
0.0050182562034924,1.0,0.2595389507154213,0.7807253190060444,0.19870967741935483,462,0,653,1863
0.0050204362946596,1.0,0.2599364069952305,0.7803895231699127,0.19879518072289157,462,0,654,1862
0.0050286909611334,1.0,0.26033386327503977,0.7800537273337811,0.19888075764098148,462,0,655,1861
0.0050413622064685,1.0,0.26073131955484896,0.7797179314976495,0.19896640826873385,462,0,656,1860
0.005074609437337,1.0,0.2611287758346582,0.7793821356615178,0.1990521327014218,462,0,657,1859
0.0050824971765233,1.0,0.2615262321144674,0.7790463398253862,0.19913793103448277,462,0,658,1858
0.0050830355048614,1.0,0.26192368839427665,0.7787105439892545,0.19922380336351875,462,0,659,1857
0.005122744446548,1.0,0.26232114467408585,0.7783747481531229,0.1993097497842968,462,0,660,1856
0.0051414543445371,1.0,0.2627186009538951,0.7780389523169913,0.19939577039274925,462,0,661,1855
0.0051422171503242,1.0,0.2631160572337043,0.7777031564808596,0.19948186528497408,462,0,662,1854
0.005150527508161,1.0,0.2635135135135135,0.777367360644728,0.19956803455723543,462,0,663,1853
0.0051516112374092,1.0,0.26391096979332274,0.7770315648085964,0.1996542783059637,462,0,664,1852
0.0051816464484898,1.0,0.26430842607313193,0.7766957689724647,0.19974059662775617,462,0,665,1851
0.0052238088211655,1.0,0.2647058823529412,0.7763599731363331,0.19982698961937717,462,0,666,1850
0.005232092155004,1.0,0.2651033386327504,0.7760241773002015,0.19991345737775854,462,0,667,1849
0.0052333165816004,1.0,0.2655007949125596,0.7756883814640698,0.2,462,0,668,1848
0.0052704485425791,1.0,0.2658982511923688,0.7753525856279382,0.20008661758336943,462,0,669,1847
0.0052725830776104,1.0,0.26629570747217807,0.7750167897918065,0.2001733102253033,462,0,670,1846
0.0052814254931401,1.0,0.26669316375198726,0.7746809939556749,0.20026007802340703,462,0,671,1845
0.0052845177620799,1.0,0.2670906200317965,0.7743451981195433,0.20034692107545535,462,0,672,1844
0.0053085567771997,1.0,0.2674880763116057,0.7740094022834116,0.2004338394793926,462,0,673,1843
0.0053361418565454,1.0,0.26788553259141495,0.77367360644728,0.20052083333333334,462,0,674,1842
0.0053397720754268,1.0,0.26828298887122415,0.7733378106111484,0.2006079027355623,462,0,675,1841
0.0053453846528041,1.0,0.2686804451510334,0.7730020147750168,0.20069504778453517,462,0,676,1840
0.0053495956407215,1.0,0.2690779014308426,0.7726662189388852,0.20078226857887874,462,0,677,1839
0.0053558474081118,1.0,0.26947535771065184,0.7723304231027536,0.2008695652173913,462,0,678,1838
0.0053601149755776,1.0,0.26987281399046104,0.7719946272666219,0.20095693779904306,462,0,679,1837
0.0053750921715166,1.0,0.2702702702702703,0.7716588314304903,0.2010443864229765,462,0,680,1836
0.005386150663402,1.0,0.2706677265500795,0.7713230355943587,0.20113191118850673,462,0,681,1835
0.005407083767693,1.0,0.27106518282988873,0.770987239758227,0.20121951219512196,462,0,682,1834
0.005456892518853,1.0,0.2714626391096979,0.7706514439220954,0.20130718954248367,462,0,683,1833
0.0054618601046034,1.0,0.2718600953895072,0.7703156480859638,0.2013949433304272,462,0,684,1832
0.0054693436101623,1.0,0.27225755166931637,0.7699798522498321,0.20148277365896206,462,0,685,1831
0.0054825876540354,1.0,0.2726550079491256,0.7696440564137005,0.20157068062827224,462,0,686,1830
0.0055005763552041,1.0,0.2730524642289348,0.7693082605775688,0.2016586643387167,462,0,687,1829
0.005508795770507,1.0,0.27344992050874406,0.7689724647414372,0.2017467248908297,462,0,688,1828
0.005530135116171,1.0,0.27384737678855325,0.7686366689053056,0.2018348623853211,462,0,689,1827
0.005532481330401,1.0,0.2742448330683625,0.7683008730691739,0.20192307692307693,462,0,690,1826
0.0055358330657994,1.0,0.2746422893481717,0.7679650772330423,0.20201136860515959,462,0,691,1825
0.005550980241739,1.0,0.27503974562798095,0.7676292813969107,0.2020997375328084,462,0,692,1824
0.0055625796268369,1.0,0.27543720190779014,0.767293485560779,0.20218818380743983,462,0,693,1823
0.0055795137287089,1.0,0.2758346581875994,0.7669576897246474,0.202276707530648,462,0,694,1822
0.0056109664723692,1.0,0.2762321144674086,0.7666218938885158,0.202365308804205,462,0,695,1821
0.0056172505220891,1.0,0.2766295707472178,0.7662860980523841,0.20245398773006135,462,0,696,1820
0.0056231219429423,1.0,0.27702702702702703,0.7659503022162525,0.20254274441034634,462,0,697,1819
0.0056398191398609,1.0,0.2774244833068362,0.7656145063801209,0.2026315789473684,462,0,698,1818
0.0056437197116897,1.0,0.27782193958664547,0.7652787105439892,0.20272049144361562,462,0,699,1817
0.0056461043277938,1.0,0.27821939586645467,0.7649429147078576,0.20280948200175591,462,0,700,1816
0.0056492827355904,1.0,0.2786168521462639,0.7646071188717259,0.2028985507246377,462,0,701,1815
0.0056543949644957,1.0,0.2790143084260731,0.7642713230355943,0.20298769771529,462,0,702,1814
0.0056706415950858,1.0,0.27941176470588236,0.7639355271994627,0.20307692307692307,462,0,703,1813
0.0056730425334287,1.0,0.27980922098569155,0.7635997313633311,0.20316622691292877,462,0,704,1812
0.0057299702107141,1.0,0.2802066772655008,0.7632639355271995,0.20325560932688078,462,0,705,1811
0.0057466801988661,1.0,0.28060413354531,0.7629281396910679,0.20334507042253522,462,0,706,1810
0.0057614518961696,1.0,0.28100158982511925,0.7625923438549362,0.20343461030383092,462,0,707,1809
0.0057644075801385,1.0,0.28139904610492844,0.7622565480188046,0.20352422907488987,462,0,708,1808
0.0057815685838,1.0,0.2817965023847377,0.761920752182673,0.20361392684001764,462,0,709,1807
0.005797692809017,1.0,0.2821939586645469,0.7615849563465413,0.2037037037037037,462,0,710,1806
0.0058013126661349,1.0,0.28259141494435613,0.7612491605104097,0.20379355977062197,462,0,711,1805
0.0058055810328909,1.0,0.28298887122416533,0.7609133646742781,0.20388349514563106,462,0,712,1804
0.0058121618499238,1.0,0.2833863275039746,0.7605775688381464,0.20397350993377483,462,0,713,1803
0.0058332728261933,1.0,0.28378378378378377,0.7602417730020148,0.2040636042402827,462,0,714,1802
0.0058413383490034,1.0,0.284181240063593,0.7599059771658832,0.20415377817057004,462,0,715,1801
0.0058470760853943,1.0,0.2845786963434022,0.7595701813297515,0.20424403183023873,462,0,716,1800
0.0058505174181804,1.0,0.28497615262321147,0.7592343854936199,0.2043343653250774,462,0,717,1799
0.0058505365953107,1.0,0.28537360890302066,0.7588985896574882,0.20442477876106194,462,0,718,1798
0.0058604867008917,1.0,0.2857710651828299,0.7585627938213566,0.20451527224435592,462,0,719,1797
0.0058869118590023,1.0,0.2861685214626391,0.758226997985225,0.2046058458813109,462,0,720,1796
0.005888122613625,1.0,0.28656597774244835,0.7578912021490933,0.204696499778467,462,0,721,1795
0.0059176749400741,1.0,0.28696343402225755,0.7575554063129617,0.2047872340425532,462,0,722,1794
0.0059391353655439,1.0,0.2873608903020668,0.7572196104768301,0.2048780487804878,462,0,723,1793
0.0059486031952109,1.0,0.287758346581876,0.7568838146406984,0.20496894409937888,462,0,724,1792
0.0059630011566631,1.0,0.28815580286168524,0.7565480188045668,0.20505992010652463,462,0,725,1791
0.0060215161264347,1.0,0.28855325914149443,0.7562122229684352,0.20515097690941386,462,0,726,1790
0.0060513487234674,1.0,0.2889507154213037,0.7558764271323035,0.20524211461572633,462,0,727,1789
0.0060661033929088,1.0,0.2893481717011129,0.7555406312961719,0.20533333333333334,462,0,728,1788
0.0060694886329383,1.0,0.28974562798092207,0.7552048354600402,0.2054246331702979,462,0,729,1787
0.0061201322302664,1.0,0.2901430842607313,0.7548690396239086,0.20551601423487545,462,0,730,1786
0.0061382471820015,1.0,0.2905405405405405,0.7545332437877771,0.205607476635514,462,0,731,1785
0.0061536649414686,1.0,0.29093799682034976,0.7541974479516454,0.20569902048085487,462,0,732,1784
0.0061636744816358,1.0,0.29133545310015896,0.7538616521155138,0.20579064587973275,462,0,733,1783
0.0061655774314152,1.0,0.2917329093799682,0.7535258562793822,0.20588235294117646,462,0,734,1782
0.0061744985424171,1.0,0.2921303656597774,0.7531900604432505,0.2059741417744093,462,0,735,1781
0.0062344028651368,1.0,0.29252782193958665,0.7528542646071189,0.20606601248884923,462,0,736,1780
0.0062360542015538,1.0,0.29292527821939585,0.7525184687709873,0.20615796519410978,462,0,737,1779
0.0062654267443295,1.0,0.2933227344992051,0.7521826729348556,0.20625,462,0,738,1778
0.0062771224354013,1.0,0.2937201907790143,0.751846877098724,0.20634211701652524,462,0,739,1777
0.0062821989854494,1.0,0.29411764705882354,0.7515110812625924,0.2064343163538874,462,0,740,1776
0.0062920150539822,1.0,0.29451510333863273,0.7511752854264607,0.20652659812248547,462,0,741,1775
0.0063060895618578,1.0,0.294912559618442,0.7508394895903291,0.20661896243291591,462,0,742,1774
0.0063153411193206,1.0,0.2953100158982512,0.7505036937541975,0.20671140939597316,462,0,743,1773
0.0063537580627209,1.0,0.2957074721780604,0.7501678979180658,0.20680393912264997,462,0,744,1772
0.0063778630725682,1.0,0.2961049284578696,0.7498321020819342,0.20689655172413793,462,0,745,1771
0.0063821073245389,1.0,0.29650238473767887,0.7494963062458025,0.20698924731182797,462,0,746,1770
0.0063979827524363,1.0,0.29689984101748806,0.7491605104096709,0.20708202599731063,462,0,747,1769
0.006417543334776,1.0,0.2972972972972973,0.7488247145735393,0.20717488789237667,462,0,748,1768
0.0064426412055886,1.0,0.2976947535771065,0.7484889187374076,0.2072678331090175,462,0,749,1767
0.0064506484376658,1.0,0.29809220985691576,0.748153122901276,0.2073608617594255,462,0,750,1766
0.0064748652869201,1.0,0.29848966613672495,0.7478173270651444,0.2074539739559946,462,0,751,1765
0.0065157568713749,1.0,0.2988871224165342,0.7474815312290127,0.20754716981132076,462,0,752,1764
0.0065257596361157,1.0,0.2992845786963434,0.7471457353928811,0.20764044943820226,462,0,753,1763
0.0065324845605861,1.0,0.29968203497615264,0.7468099395567495,0.2077338129496403,462,0,754,1762
0.0065470041394217,1.0,0.30007949125596184,0.7464741437206178,0.2078272604588394,462,0,755,1761
0.0065498809075694,1.0,0.3004769475357711,0.7461383478844862,0.2079207920792079,462,0,756,1760
0.006552426400968,1.0,0.3008744038155803,0.7458025520483546,0.2080144079243584,462,0,757,1759
0.0065575125538301,1.0,0.30127186009538953,0.7454667562122229,0.20810810810810812,462,0,758,1758
0.00657564006082,1.0,0.3016693163751987,0.7451309603760914,0.2082018927444795,462,0,759,1757
0.0065914671055572,1.0,0.302066772655008,0.7447951645399598,0.20829576194770064,462,0,760,1756
0.0066121530018231,1.0,0.30246422893481717,0.7444593687038281,0.2083897158322057,462,0,761,1755
0.0066320318616181,1.0,0.30286168521462636,0.7441235728676965,0.20848375451263537,462,0,762,1754
0.0066674984457215,1.0,0.3032591414944356,0.7437877770315648,0.20857787810383746,462,0,763,1753
0.0066925976469168,1.0,0.3036565977742448,0.7434519811954332,0.2086720867208672,462,0,764,1752
0.0066962815917337,1.0,0.30405405405405406,0.7431161853593016,0.2087663804789878,462,0,765,1751
0.0067180895132998,1.0,0.30445151033386325,0.7427803895231699,0.2088607594936709,462,0,766,1750
0.0067244399820144,1.0,0.3048489666136725,0.7424445936870383,0.208955223880597,462,0,767,1749
0.0067334576438507,1.0,0.3052464228934817,0.7421087978509067,0.20904977375565612,462,0,768,1748
0.0067498699205399,1.0,0.30564387917329094,0.741773002014775,0.20914440923494795,462,0,769,1747
0.0068377729986998,1.0,0.30604133545310014,0.7414372061786434,0.20923913043478262,462,0,770,1746
0.0068461440282451,1.0,0.3064387917329094,0.7411014103425118,0.20933393747168103,462,0,771,1745
0.006865346463158,1.0,0.3068362480127186,0.7407656145063801,0.20942883046237534,462,0,772,1744
0.0068746209714356,1.0,0.30723370429252783,0.7404298186702485,0.20952380952380953,462,0,773,1743
0.0069048959841874,1.0,0.307631160572337,0.7400940228341168,0.20961887477313976,462,0,774,1742
0.0069263270568138,1.0,0.3080286168521463,0.7397582269979852,0.20971402632773492,462,0,775,1741
0.0069330180492474,1.0,0.30842607313195547,0.7394224311618536,0.2098092643051771,462,0,776,1740
0.0069566370378858,1.0,0.3088235294117647,0.7390866353257219,0.20990458882326216,462,0,777,1739
0.0069762474956182,1.0,0.3092209856915739,0.7387508394895903,0.21,462,0,778,1738
0.0070156849104162,1.0,0.30961844197138316,0.7384150436534587,0.2100954979536153,462,0,779,1737
0.0070188660911698,1.0,0.31001589825119236,0.738079247817327,0.21019108280254778,462,0,780,1736
0.0070432248088219,1.0,0.3104133545310016,0.7377434519811954,0.21028675466545288,462,0,781,1735
0.0070651375898404,1.0,0.3108108108108108,0.7374076561450638,0.2103825136612022,462,0,782,1734
0.0071221550421176,1.0,0.31120826709062005,0.7370718603089321,0.21047835990888383,462,0,783,1733
0.0071390682682814,1.0,0.31160572337042924,0.7367360644728005,0.2105742935278031,462,0,784,1732
0.0071407925811812,1.0,0.3120031796502385,0.7364002686366689,0.2106703146374829,462,0,785,1731
0.0071531677433456,1.0,0.3124006359300477,0.7360644728005373,0.21076642335766424,462,0,786,1730
0.0071590075155237,1.0,0.31279809220985694,0.7357286769644057,0.2108626198083067,462,0,787,1729
0.0071659124257972,1.0,0.31319554848966613,0.7353928811282741,0.21095890410958903,462,0,788,1728
0.0071728629425812,1.0,0.3135930047694754,0.7350570852921424,0.21105527638190955,462,0,789,1727
0.0071770068325363,1.0,0.3139904610492846,0.7347212894560108,0.21115173674588666,462,0,790,1726
0.0071866366988544,1.0,0.3143879173290938,0.7343854936198791,0.2112482853223594,462,0,791,1725
0.0071925341763466,1.0,0.314785373608903,0.7340496977837475,0.21134492223238793,462,0,792,1724
0.0071925349792474,1.0,0.31518282988871227,0.7337139019476159,0.211441647597254,462,0,793,1723
0.0072171255126899,1.0,0.31558028616852146,0.7333781061114842,0.21153846153846154,462,0,794,1722
0.0072196520657182,1.0,0.31597774244833066,0.7330423102753526,0.21163536417773707,462,0,795,1721
0.0072244607606619,1.0,0.3163751987281399,0.732706514439221,0.21173235563703025,462,0,796,1720
0.0072298904255988,1.0,0.3167726550079491,0.7323707186030893,0.21182943603851445,462,0,797,1719
0.0072412670610137,1.0,0.31717011128775835,0.7320349227669577,0.21192660550458717,462,0,798,1718
0.0073065284167858,1.0,0.31756756756756754,0.7316991269308261,0.21202386415787058,462,0,799,1717
0.0073140121805717,1.0,0.3179650238473768,0.7313633310946944,0.21212121212121213,462,0,800,1716
0.0073227810027589,1.0,0.318362480127186,0.7310275352585628,0.21221864951768488,462,0,801,1715
0.0073418024250124,1.0,0.31875993640699524,0.7306917394224312,0.21231617647058823,462,0,802,1714
0.0073476758020467,1.0,0.31915739268680443,0.7303559435862995,0.21241379310344827,462,0,803,1713
0.0073611218482273,1.0,0.3195548489666137,0.7300201477501679,0.2125114995400184,462,0,804,1712
0.0073646059889848,1.0,0.3199523052464229,0.7296843519140362,0.2126092959042798,462,0,805,1711
0.0073775100142151,1.0,0.3203497615262321,0.7293485560779046,0.212707182320442,462,0,806,1710
0.0073933049854037,1.0,0.3207472178060413,0.729012760241773,0.21280515891294335,462,0,807,1709
0.0074112675004759,1.0,0.32114467408585057,0.7286769644056413,0.2129032258064516,462,0,808,1708
0.0074133100813174,1.0,0.32154213036565976,0.7283411685695097,0.21300138312586445,462,0,809,1707
0.0074135475289957,1.0,0.321939586645469,0.7280053727333781,0.21309963099630996,462,0,810,1706
0.0074141533950192,1.0,0.3223370429252782,0.7276695768972464,0.2131979695431472,462,0,811,1705
0.0074175460211391,1.0,0.32273449920508746,0.7273337810611148,0.21329639889196675,462,0,812,1704
0.0074219641567736,1.0,0.32313195548489665,0.7269979852249832,0.2133949191685912,462,0,813,1703
0.0075200251497891,1.0,0.3235294117647059,0.7266621893888516,0.2134935304990758,462,0,814,1702
0.0075356007771364,1.0,0.3239268680445151,0.72632639355272,0.21359223300970873,462,0,815,1701
0.0075625796884909,1.0,0.32432432432432434,0.7259905977165884,0.21369102682701202,462,0,816,1700
0.007630707175973,1.0,0.32472178060413354,0.7256548018804567,0.21378991207774178,462,0,817,1699
0.007630927357218,1.0,0.3251192368839428,0.7253190060443251,0.21388888888888888,462,0,818,1698
0.0076502765196063,1.0,0.325516693163752,0.7249832102081935,0.21398795738767948,462,0,819,1697
0.0077054878472443,1.0,0.32591414944356123,0.7246474143720618,0.21408711770157554,462,0,820,1696
0.0077174983715469,1.0,0.3263116057233704,0.7243116185359302,0.2141863699582754,462,0,821,1695
0.0077247876930476,1.0,0.3267090620031797,0.7239758226997985,0.21428571428571427,462,0,822,1694
0.0077339051186368,1.0,0.32710651828298887,0.7236400268636669,0.21438515081206497,462,0,823,1693
0.0077821951540835,1.0,0.3275039745627981,0.7233042310275353,0.21448467966573817,462,0,824,1692
0.0078313966204076,1.0,0.3279014308426073,0.7229684351914036,0.2145843009753832,462,0,825,1691
0.0078482620412872,1.0,0.32829888712241656,0.722632639355272,0.21468401486988847,462,0,826,1690
0.0078573433400724,1.0,0.32869634340222575,0.7222968435191404,0.21478382147838215,462,0,827,1689
0.0078667721332647,1.0,0.32909379968203495,0.7219610476830087,0.21488372093023256,462,0,828,1688
0.0078747068714865,1.0,0.3294912559618442,0.7216252518468771,0.21498371335504887,462,0,829,1687
0.0078773279856487,1.0,0.3298887122416534,0.7212894560107455,0.21508379888268156,462,0,830,1686
0.0078905844111141,1.0,0.33028616852146264,0.7209536601746138,0.2151839776432231,462,0,831,1685
0.0079007224756665,1.0,0.33068362480127184,0.7206178643384822,0.21528424976700838,462,0,832,1684
0.007913153047832,1.0,0.3310810810810811,0.7202820685023505,0.2153846153846154,462,0,833,1683
0.0079184894572855,1.0,0.3314785373608903,0.7199462726662189,0.21548507462686567,462,0,834,1682
0.0079725793087489,1.0,0.33187599364069953,0.7196104768300873,0.215585627624825,462,0,835,1681
0.0079995645267218,1.0,0.3322734499205087,0.7192746809939556,0.21568627450980393,462,0,836,1680
0.0079997344926893,1.0,0.332670906200318,0.718938885157824,0.21578701541335824,462,0,837,1679
0.0080239895889252,1.0,0.33306836248012717,0.7186030893216924,0.21588785046728973,462,0,838,1678
0.0080328096092292,1.0,0.3334658187599364,0.7182672934855607,0.21598877980364656,462,0,839,1677
0.0080492646645822,1.0,0.3338632750397456,0.7179314976494291,0.21608980355472404,462,0,840,1676
0.0080533349583999,1.0,0.33426073131955486,0.7175957018132975,0.21619092185306504,462,0,841,1675
0.0081307569272495,1.0,0.33465818759936405,0.7172599059771659,0.21629213483146068,462,0,842,1674
0.0081513897314943,1.0,0.3350556438791733,0.7169241101410343,0.21639344262295082,462,0,843,1673
0.0081630135905971,1.0,0.3354531001589825,0.7165883143049027,0.21649484536082475,462,0,844,1672
0.0082549160230444,1.0,0.33585055643879175,0.716252518468771,0.21659634317862167,462,0,845,1671
0.0082805596287582,1.0,0.33624801271860094,0.7159167226326394,0.21669793621013134,462,0,846,1670
0.0082813334811162,1.0,0.3366454689984102,0.7155809267965078,0.21679962458939464,462,0,847,1669
0.0083100681197753,1.0,0.3370429252782194,0.7152451309603761,0.21690140845070421,462,0,848,1668
0.008317984167744,1.0,0.33744038155802863,0.7149093351242445,0.217003287928605,462,0,849,1667
0.0083270851122765,1.0,0.33783783783783783,0.7145735392881128,0.21710526315789475,462,0,850,1666
0.0083619675775716,1.0,0.3382352941176471,0.7142377434519812,0.21720733427362482,462,0,851,1665
0.0083809067356988,1.0,0.3386327503974563,0.7139019476158496,0.21730950141110067,462,0,852,1664
0.0083817363815337,1.0,0.3390302066772655,0.7135661517797179,0.21741176470588236,462,0,853,1663
0.008382389292242,1.0,0.3394276629570747,0.7132303559435863,0.2175141242937853,462,0,854,1662
0.0083939545290654,1.0,0.33982511923688397,0.7128945601074547,0.21761658031088082,462,0,855,1661
0.0084028605889058,1.0,0.34022257551669316,0.712558764271323,0.2177191328934967,462,0,856,1660
0.0084088054744369,1.0,0.3406200317965024,0.7122229684351914,0.21782178217821782,462,0,857,1659
0.0084363376502491,1.0,0.3410174880763116,0.7118871725990598,0.2179245283018868,462,0,858,1658
0.0084456400398419,1.0,0.34141494435612085,0.7115513767629281,0.21802737140160453,462,0,859,1657
0.0084721011726485,1.0,0.34181240063593005,0.7112155809267965,0.21813031161473087,462,0,860,1656
0.0084820596217568,1.0,0.34220985691573924,0.7108797850906649,0.21823334907888522,462,0,861,1655
0.0085037045608829,1.0,0.3426073131955485,0.7105439892545332,0.21833648393194707,462,0,862,1654
0.0085312526964254,1.0,0.3430047694753577,0.7102081934184016,0.21843971631205675,462,0,863,1653
0.0085488488088821,1.0,0.34340222575516693,0.7098723975822699,0.2185430463576159,462,0,864,1652
0.0085528748804371,1.0,0.34379968203497613,0.7095366017461383,0.21864647420728822,462,0,865,1651
0.0085535532164861,1.0,0.3441971383147854,0.7092008059100067,0.21875,462,0,866,1650
0.0086047752525373,1.0,0.34459459459459457,0.708865010073875,0.21885362387494078,462,0,867,1649
0.0086104270671613,1.0,0.3449920508744038,0.7085292142377434,0.218957345971564,462,0,868,1648
0.0087345421482831,1.0,0.345389507154213,0.7081934184016119,0.21906116642958748,462,0,869,1647
0.0087394810771285,1.0,0.34578696343402227,0.7078576225654802,0.21916508538899432,462,0,870,1646
0.008740056490602,1.0,0.34618441971383146,0.7075218267293486,0.21926910299003322,462,0,871,1645
0.0087562267860577,1.0,0.3465818759936407,0.707186030893217,0.21937321937321938,462,0,872,1644
0.0087820077319894,1.0,0.3469793322734499,0.7068502350570853,0.21947743467933492,462,0,873,1643
0.0088162097777617,1.0,0.34737678855325915,0.7065144392209537,0.21958174904942965,462,0,874,1642
0.0088297490469841,1.0,0.34777424483306835,0.7061786433848221,0.21968616262482168,462,0,875,1641
0.0089157533142818,1.0,0.3481717011128776,0.7058428475486904,0.219790675547098,462,0,876,1640
0.0089169888026944,1.0,0.3485691573926868,0.7055070517125588,0.2198952879581152,462,0,877,1639
0.0089235238124085,1.0,0.34896661367249604,0.7051712558764271,0.22,462,0,878,1638
0.0089259351655281,1.0,0.34936406995230523,0.7048354600402955,0.22010481181515007,462,0,879,1637
0.0089729939213574,1.0,0.3497615262321145,0.7044996642041639,0.2202097235462345,462,0,880,1636
0.0089943107086243,1.0,0.3501589825119237,0.7041638683680322,0.22031473533619456,462,0,881,1635
0.0089998971584588,1.0,0.3505564387917329,0.7038280725319006,0.22041984732824427,462,0,882,1634
0.009023024579247,1.0,0.3509538950715421,0.703492276695769,0.22052505966587113,462,0,883,1633
0.0091165344374006,1.0,0.35135135135135137,0.7031564808596373,0.22063037249283668,462,0,884,1632
0.0091300426706769,1.0,0.35174880763116056,0.7028206850235057,0.22073578595317725,462,0,885,1631
0.0091551689953645,1.0,0.3521462639109698,0.7024848891873741,0.2208413001912046,462,0,886,1630
0.0091668460450534,1.0,0.352543720190779,0.7021490933512424,0.22094691535150646,462,0,887,1629
0.0091792410028717,1.0,0.35294117647058826,0.7018132975151108,0.22105263157894736,462,0,888,1628
0.0092044602140826,1.0,0.35333863275039745,0.7014775016789792,0.2211584490186692,462,0,889,1627
0.0092050913236476,1.0,0.3537360890302067,0.7011417058428475,0.22126436781609196,462,0,890,1626
0.0092088526949519,1.0,0.3541335453100159,0.7008059100067159,0.22137038811691423,462,0,891,1625
0.0092266180713104,1.0,0.35453100158982515,0.7004701141705842,0.2214765100671141,462,0,892,1624
0.0092345403035826,1.0,0.35492845786963434,0.7001343183344526,0.22158273381294963,462,0,893,1623
0.0092472599730533,1.0,0.35532591414944353,0.699798522498321,0.22168905950095968,462,0,894,1622
0.0092601604707748,1.0,0.3557233704292528,0.6994627266621893,0.22179548727796447,462,0,895,1621
0.0092709344456634,1.0,0.356120826709062,0.6991269308260577,0.2219020172910663,462,0,896,1620
0.0093089322611675,1.0,0.3565182829888712,0.6987911349899262,0.22200864968765016,462,0,897,1619
0.0093135069043112,1.0,0.3569157392686804,0.6984553391537945,0.2221153846153846,462,0,898,1618
0.009332616327983,1.0,0.35731319554848967,0.6981195433176629,0.2222222222222222,462,0,899,1617
0.0093667176362249,1.0,0.35771065182829886,0.6977837474815313,0.22232916265640038,462,0,900,1616
0.0094262213050085,1.0,0.3581081081081081,0.6974479516453996,0.222436206066442,462,0,901,1615
0.0094881321470113,1.0,0.3585055643879173,0.697112155809268,0.22254335260115607,462,0,902,1614
0.009503713310665,1.0,0.35890302066772656,0.6967763599731364,0.22265060240963855,462,0,903,1613
0.0095348194042415,1.0,0.35930047694753575,0.6964405641370047,0.2227579556412729,462,0,904,1612
0.0095655101778767,1.0,0.359697933227345,0.6961047683008731,0.22286541244573083,462,0,905,1611
0.0095701727100071,1.0,0.3600953895071542,0.6957689724647415,0.22297297297297297,462,0,906,1610
0.0096209254833056,1.0,0.36049284578696345,0.6954331766286098,0.22308063737324965,462,0,907,1609
0.0096508170522968,1.0,0.36089030206677264,0.6950973807924782,0.22318840579710145,462,0,908,1608
0.0096525305073357,1.0,0.3612877583465819,0.6947615849563465,0.22329627839536006,462,0,909,1607
0.0096978884967921,1.0,0.3616852146263911,0.6944257891202149,0.22340425531914893,462,0,910,1606
0.0097155677308015,1.0,0.36208267090620033,0.6940899932840833,0.22351233671988388,462,0,911,1605
0.0097344786733805,1.0,0.3624801271860095,0.6937541974479516,0.22362052274927396,462,0,912,1604
0.0097423608678563,1.0,0.3628775834658188,0.69341840161182,0.22372881355932203,462,0,913,1603
0.0097505446939853,1.0,0.36327503974562797,0.6930826057756884,0.2238372093023256,462,0,914,1602
0.0097719108177233,1.0,0.3636724960254372,0.6927468099395567,0.22394571013087736,462,0,915,1601
0.0097894401710273,1.0,0.3640699523052464,0.6924110141034251,0.22405431619786614,462,0,916,1600
0.0098205907726799,1.0,0.36446740858505566,0.6920752182672935,0.22416302765647744,462,0,917,1599
0.0098428212143385,1.0,0.36486486486486486,0.6917394224311618,0.22427184466019418,462,0,918,1598
0.0099087361267379,1.0,0.3652623211446741,0.6914036265950302,0.22438076736279747,462,0,919,1597
0.0099200358660493,1.0,0.3656597774244833,0.6910678307588985,0.22448979591836735,462,0,920,1596
0.0099364196646666,1.0,0.36605723370429255,0.6907320349227669,0.22459893048128343,462,0,921,1595
0.0099493640477569,1.0,0.36645468998410174,0.6903962390866353,0.2247081712062257,462,0,922,1594
0.0099750438428934,1.0,0.366852146263911,0.6900604432505036,0.22481751824817517,462,0,923,1593
0.01,1.0,0.3672496025437202,0.6897246474143721,0.2249269717624148,462,0,924,1592
0.0100255376230549,1.0,0.3672496025437202,0.6897246474143721,0.2249269717624148,462,0,924,1592
0.0100395411696015,1.0,0.36764705882352944,0.6893888515782405,0.22503653190452996,462,0,925,1591
0.0100425872654293,1.0,0.36804451510333863,0.6890530557421088,0.22514619883040934,462,0,926,1590
0.0100574631719599,1.0,0.3684419713831478,0.6887172599059772,0.22525597269624573,462,0,927,1589
0.0100633164973541,1.0,0.3688394276629571,0.6883814640698456,0.2253658536585366,462,0,928,1588
0.0101007097410005,1.0,0.36923688394276627,0.6880456682337139,0.22547584187408493,462,0,929,1587
0.0101158486128601,1.0,0.3696343402225755,0.6877098723975823,0.2255859375,462,0,930,1586
0.0101733216390429,1.0,0.3700317965023847,0.6873740765614507,0.2256961406936981,462,0,931,1585
0.0101753750444077,1.0,0.37042925278219396,0.687038280725319,0.22580645161290322,462,0,932,1584
0.0102180423187447,1.0,0.37082670906200316,0.6867024848891874,0.22591687041564792,462,0,933,1583
0.0102325691843421,1.0,0.3712241653418124,0.6863666890530558,0.22602739726027396,462,0,934,1582
0.0102342802224069,1.0,0.3716216216216216,0.6860308932169241,0.2261380323054332,462,0,935,1581
0.0102607107211641,1.0,0.37201907790143085,0.6856950973807925,0.22624877571008814,462,0,936,1580
0.0102741932899261,1.0,0.37241653418124004,0.6853593015446608,0.22635962763351297,462,0,937,1579
0.0103619418451483,1.0,0.3728139904610493,0.6850235057085292,0.22647058823529412,462,0,938,1578
0.0103684331990557,1.0,0.3732114467408585,0.6846877098723976,0.22658165767533103,462,0,939,1577
0.0103807534607599,1.0,0.37360890302066774,0.6843519140362659,0.2266928361138371,462,0,940,1576
0.0104543924047612,1.0,0.37400635930047693,0.6840161182001343,0.2268041237113402,462,0,941,1575
0.0105194333976345,1.0,0.3744038155802862,0.6836803223640027,0.2269155206286837,462,0,942,1574
0.0105274921532869,1.0,0.3748012718600954,0.683344526527871,0.22702702702702704,462,0,943,1573
0.010570072269798,1.0,0.3751987281399046,0.6830087306917394,0.22713864306784662,462,0,944,1572
0.0105877328990146,1.0,0.3755961844197138,0.6826729348556078,0.22725036891293654,462,0,945,1571
0.010638639593825,1.0,0.37599364069952307,0.6823371390194761,0.22736220472440946,462,0,946,1570
0.010652675010368,1.0,0.37639109697933226,0.6820013431833445,0.2274741506646972,462,0,947,1569
0.0106582570167769,1.0,0.3767885532591415,0.6816655473472129,0.22758620689655173,462,0,948,1568
0.0106671826016717,1.0,0.3771860095389507,0.6813297515110812,0.22769837358304584,462,0,949,1567
0.0106828065972135,1.0,0.37758346581875996,0.6809939556749496,0.22781065088757396,462,0,950,1566
0.0107115238395877,1.0,0.37798092209856915,0.6806581598388179,0.227923038973853,462,0,951,1565
0.0107339361202851,1.0,0.3783783783783784,0.6803223640026864,0.228035538005923,462,0,952,1564
0.0107842680990794,1.0,0.3787758346581876,0.6799865681665548,0.22814814814814816,462,0,953,1563
0.0108276223392558,1.0,0.37917329093799684,0.6796507723304231,0.22826086956521738,462,0,954,1562
0.0108332639208666,1.0,0.37957074721780604,0.6793149764942915,0.22837370242214533,462,0,955,1561
0.0108396513265487,1.0,0.3799682034976153,0.6789791806581599,0.228486646884273,462,0,956,1560
0.0108488274524559,1.0,0.3803656597774245,0.6786433848220282,0.22859970311726868,462,0,957,1559
0.0108580911918443,1.0,0.38076311605723373,0.6783075889858966,0.22871287128712872,462,0,958,1558
0.0108637089813575,1.0,0.3811605723370429,0.677971793149765,0.2288261515601783,462,0,959,1557
0.0108695356230431,1.0,0.3815580286168522,0.6776359973136333,0.22893954410307235,462,0,960,1556
0.0108832293266305,1.0,0.38195548489666137,0.6773002014775017,0.22905304908279622,462,0,961,1555
0.0108953862807104,1.0,0.38235294117647056,0.6769644056413701,0.22916666666666666,462,0,962,1554
0.0109043099384507,1.0,0.3827503974562798,0.6766286098052384,0.2292803970223325,462,0,963,1553
0.010951226678976,1.0,0.383147853736089,0.6762928139691068,0.22939424031777558,462,0,964,1552
0.0110318992398022,1.0,0.38354531001589826,0.6759570181329752,0.22950819672131148,462,0,965,1551
0.0110704512185094,1.0,0.38394276629570745,0.6756212222968435,0.22962226640159045,462,0,966,1550
0.0110879887632698,1.0,0.3843402225755167,0.6752854264607119,0.2297364495275982,462,0,967,1549
0.0110926449110774,1.0,0.3847376788553259,0.6749496306245802,0.2298507462686567,462,0,968,1548
0.0111066060672006,1.0,0.38513513513513514,0.6746138347884486,0.22996515679442509,462,0,969,1547
0.0111161347484934,1.0,0.38553259141494434,0.674278038952317,0.2300796812749004,462,0,970,1546
0.0111362335413883,1.0,0.3859300476947536,0.6739422431161853,0.23019431988041852,462,0,971,1545
0.0111464091678939,1.0,0.3863275039745628,0.6736064472800537,0.23030907278165502,462,0,972,1544
0.0111537075299477,1.0,0.38672496025437203,0.6732706514439221,0.23042394014962594,462,0,973,1543
0.0112251818325097,1.0,0.3871224165341812,0.6729348556077904,0.23053892215568864,462,0,974,1542
0.0112342856993378,1.0,0.3875198728139905,0.6725990597716588,0.2306540189715427,462,0,975,1541
0.0112435328421947,1.0,0.38791732909379967,0.6722632639355272,0.23076923076923078,462,0,976,1540
0.0112528286805402,1.0,0.3883147853736089,0.6719274680993955,0.23088455772113944,462,0,977,1539
0.0112572100179811,1.0,0.3887122416534181,0.6715916722632639,0.231,462,0,978,1538
0.011298285076298,1.0,0.38910969793322736,0.6712558764271324,0.23111555777888945,462,0,979,1537
0.0113072135146286,1.0,0.38950715421303655,0.6709200805910007,0.23123123123123124,462,0,980,1536
0.0113096057453538,1.0,0.3899046104928458,0.6705842847548691,0.2313470205307962,462,0,981,1535
0.0113613449960454,1.0,0.390302066772655,0.6702484889187375,0.23146292585170342,462,0,982,1534
0.0113800042342811,1.0,0.39069952305246425,0.6699126930826058,0.23157894736842105,462,0,983,1533
0.0114398221446691,1.0,0.39109697933227344,0.6695768972464742,0.2316950852557673,462,0,984,1532
0.011448405398508,1.0,0.3914944356120827,0.6692411014103425,0.23181133968891118,462,0,985,1531
0.0114695128462332,1.0,0.3918918918918919,0.6689053055742109,0.2319277108433735,462,0,986,1530
0.0114830756801018,1.0,0.39228934817170114,0.6685695097380793,0.23204419889502761,462,0,987,1529
0.0114949077761122,1.0,0.39268680445151033,0.6682337139019476,0.2321608040201005,462,0,988,1528
0.0115287723704069,1.0,0.3930842607313196,0.667897918065816,0.23227752639517346,462,0,989,1527
0.0115499502640916,1.0,0.3934817170111288,0.6675621222296844,0.2323943661971831,462,0,990,1526
0.0115603667586263,1.0,0.393879173290938,0.6672263263935527,0.23251132360342225,462,0,991,1525
0.0115680159192299,1.0,0.3942766295707472,0.6668905305574211,0.2326283987915408,462,0,992,1524
0.0115720903948859,1.0,0.39467408585055647,0.6665547347212895,0.2327455919395466,462,0,993,1523
0.0115762297576166,1.0,0.39507154213036566,0.6662189388851578,0.23286290322580644,462,0,994,1522
0.0116055591810008,1.0,0.39546899841017485,0.6658831430490262,0.2329803328290469,462,0,995,1521
0.0116079674207571,1.0,0.3958664546899841,0.6655473472128945,0.2330978809283552,462,0,996,1520
0.0116479235721826,1.0,0.3962639109697933,0.6652115513767629,0.2332155477031802,462,0,997,1519
0.0116703732054699,1.0,0.39666136724960255,0.6648757555406313,0.23333333333333334,462,0,998,1518
0.0116719819773226,1.0,0.39705882352941174,0.6645399597044996,0.2334512379989894,462,0,999,1517
0.011690649636115,1.0,0.397456279809221,0.664204163868368,0.23356926188068755,462,0,1000,1516
0.0117596274814111,1.0,0.3978537360890302,0.6638683680322364,0.2336874051593323,462,0,1001,1515
0.0117772279160554,1.0,0.39825119236883944,0.6635325721961047,0.23380566801619435,462,0,1002,1514
0.011777635226206,1.0,0.39864864864864863,0.6631967763599731,0.23392405063291138,462,0,1003,1513
0.0118038566684623,1.0,0.3990461049284579,0.6628609805238415,0.23404255319148937,462,0,1004,1512
0.0118108082640874,1.0,0.3994435612082671,0.6625251846877098,0.2341611758743031,462,0,1005,1511
0.0118321675540201,1.0,0.3998410174880763,0.6621893888515782,0.23427991886409735,462,0,1006,1510
0.0119574445305149,1.0,0.4002384737678855,0.6618535930154467,0.2343987823439878,462,0,1007,1509
0.0120466862371838,1.0,0.40063593004769477,0.661517797179315,0.23451776649746192,462,0,1008,1508
0.0120504282182313,1.0,0.40103338632750396,0.6611820013431834,0.2346368715083799,462,0,1009,1507
0.012064620970816,1.0,0.4014308426073132,0.6608462055070518,0.2347560975609756,462,0,1010,1506
0.0120706339126056,1.0,0.4018282988871224,0.6605104096709201,0.23487544483985764,462,0,1011,1505
0.0121260413810196,1.0,0.40222575516693165,0.6601746138347885,0.23499491353001017,462,0,1012,1504
0.0121327965362321,1.0,0.40262321144674085,0.6598388179986568,0.23511450381679388,462,0,1013,1503
0.0121489500944431,1.0,0.4030206677265501,0.6595030221625252,0.23523421588594703,462,0,1014,1502
0.0121904569698944,1.0,0.4034181240063593,0.6591672263263936,0.23535404992358636,462,0,1015,1501
0.0122067072736905,1.0,0.40381558028616854,0.6588314304902619,0.23547400611620795,462,0,1016,1500
0.0122357580322149,1.0,0.40421303656597773,0.6584956346541303,0.23559408465068843,462,0,1017,1499
0.0122621536934697,1.0,0.404610492845787,0.6581598388179987,0.2357142857142857,462,0,1018,1498
0.0123360587852902,1.0,0.4050079491255962,0.657824042981867,0.23583460949464014,462,0,1019,1497
0.0123484930272852,1.0,0.40540540540540543,0.6574882471457354,0.23595505617977527,462,0,1020,1496
0.0123622563496916,1.0,0.4058028616852146,0.6571524513096038,0.23607562595809914,462,0,1021,1495
0.0123734883410127,1.0,0.40620031796502387,0.6568166554734721,0.2361963190184049,462,0,1022,1494
0.0123876944673291,1.0,0.40659777424483307,0.6564808596373405,0.23631713554987213,462,0,1023,1493
0.0124497530306833,1.0,0.4069952305246423,0.6561450638012088,0.23643807574206754,462,0,1024,1492
0.0125792376887916,1.0,0.4073926868044515,0.6558092679650772,0.23655913978494625,462,0,1025,1491
0.0126189894644232,1.0,0.40779014308426076,0.6554734721289456,0.23668032786885246,462,0,1026,1490
0.012632574149267,1.0,0.40818759936406995,0.6551376762928139,0.23680164018452077,462,0,1027,1489
0.0127235599564998,1.0,0.40858505564387915,0.6548018804566823,0.23692307692307693,462,0,1028,1488
0.0127379016573534,1.0,0.4089825119236884,0.6544660846205507,0.237044638276039,462,0,1029,1487
0.0127565691398791,1.0,0.4093799682034976,0.654130288784419,0.23716632443531827,462,0,1030,1486
0.0128031351179936,1.0,0.40977742448330684,0.6537944929482874,0.23728813559322035,462,0,1031,1485
0.0128262875072603,1.0,0.41017488076311603,0.6534586971121558,0.23741007194244604,462,0,1032,1484
0.0128360245589141,1.0,0.4105723370429253,0.6531229012760241,0.23753213367609255,462,0,1033,1483
0.0129633974914711,1.0,0.4109697933227345,0.6527871054398925,0.23765432098765432,462,0,1034,1482
0.0129991059292289,1.0,0.4113672496025437,0.652451309603761,0.2377766340710242,462,0,1035,1481
0.0130811700449171,1.0,0.4117647058823529,0.6521155137676293,0.23789907312049433,462,0,1036,1480
0.0131699338955189,1.0,0.41216216216216217,0.6517797179314977,0.23802163833075735,462,0,1037,1479
0.0131886902231229,1.0,0.41255961844197137,0.6514439220953661,0.2381443298969072,462,0,1038,1478
0.0132793686610141,1.0,0.4129570747217806,0.6511081262592344,0.23826714801444043,462,0,1039,1477
0.0133018565794517,1.0,0.4133545310015898,0.6507723304231028,0.23839009287925697,462,0,1040,1476
0.0133243545073375,1.0,0.41375198728139906,0.6504365345869711,0.23851316468766134,462,0,1041,1475
0.0133523996167571,1.0,0.41414944356120825,0.6501007387508395,0.23863636363636365,462,0,1042,1474
0.0134256535522755,1.0,0.4145468998410175,0.6497649429147079,0.23875968992248062,462,0,1043,1473
0.0134542176412692,1.0,0.4149443561208267,0.6494291470785762,0.23888314374353672,462,0,1044,1472
0.0134795601361571,1.0,0.41534181240063595,0.6490933512424446,0.23900672529746508,462,0,1045,1471
0.0135214657103579,1.0,0.41573926868044514,0.648757555406313,0.2391304347826087,462,0,1046,1470
0.0135485241794504,1.0,0.4161367249602544,0.6484217595701813,0.2392542723977214,462,0,1047,1469
0.0135509941053459,1.0,0.4165341812400636,0.6480859637340497,0.23937823834196892,462,0,1048,1468
0.0135583378593797,1.0,0.41693163751987283,0.6477501678979181,0.23950233281493002,462,0,1049,1467
0.0136528346263583,1.0,0.417329093799682,0.6474143720617864,0.23962655601659752,462,0,1050,1466
0.013657263816375,1.0,0.4177265500794913,0.6470785762256548,0.23975090814737934,462,0,1051,1465
0.013668854165113,1.0,0.41812400635930047,0.6467427803895232,0.2398753894080997,462,0,1052,1464
0.0136791254312453,1.0,0.4185214626391097,0.6464069845533915,0.24,462,0,1053,1463
0.0137530564327567,1.0,0.4189189189189189,0.6460711887172599,0.24012474012474014,462,0,1054,1462
0.0137994669031835,1.0,0.41931637519872816,0.6457353928811282,0.24024960998439937,462,0,1055,1461
0.0138034045246298,1.0,0.41971383147853736,0.6453995970449966,0.24037460978147762,462,0,1056,1460
0.0138775334002276,1.0,0.4201112877583466,0.645063801208865,0.2404997397188964,462,0,1057,1459
0.0138798460110038,1.0,0.4205087440381558,0.6447280053727333,0.240625,462,0,1058,1458
0.0139143993420526,1.0,0.42090620031796505,0.6443922095366017,0.24075039082855654,462,0,1059,1457
0.013950342801143,1.0,0.42130365659777425,0.6440564137004701,0.24087591240875914,462,0,1060,1456
0.0139555296171129,1.0,0.42170111287758344,0.6437206178643384,0.24100156494522693,462,0,1061,1455
0.0139690401051809,1.0,0.4220985691573927,0.6433848220282069,0.24112734864300625,462,0,1062,1454
0.0140365920247718,1.0,0.4224960254372019,0.6430490261920753,0.2412532637075718,462,0,1063,1453
0.0140680566516043,1.0,0.42289348171701113,0.6427132303559436,0.2413793103448276,462,0,1064,1452
0.0141469866301377,1.0,0.4232909379968203,0.642377434519812,0.2415054887611082,462,0,1065,1451
0.0141604870750694,1.0,0.4236883942766296,0.6420416386836804,0.24163179916317992,462,0,1066,1450
0.0141693069964436,1.0,0.42408585055643877,0.6417058428475487,0.24175824175824176,462,0,1067,1449
0.0141701508736847,1.0,0.424483306836248,0.6413700470114171,0.2418848167539267,462,0,1068,1448
0.0142362030861103,1.0,0.4248807631160572,0.6410342511752855,0.24201152435830278,462,0,1069,1447
0.0142613673607318,1.0,0.42527821939586646,0.6406984553391538,0.24213836477987422,462,0,1070,1446
0.0143299363584821,1.0,0.42567567567567566,0.6403626595030222,0.2422653382275826,462,0,1071,1445
0.0143580455376014,1.0,0.4260731319554849,0.6400268636668905,0.24239244491080797,462,0,1072,1444
0.0143662618013454,1.0,0.4264705882352941,0.6396910678307589,0.24251968503937008,462,0,1073,1443
0.0143876488970218,1.0,0.42686804451510335,0.6393552719946273,0.2426470588235294,462,0,1074,1442
0.014469682792163,1.0,0.42726550079491254,0.6390194761584956,0.24277456647398843,462,0,1075,1441
0.0144799928801408,1.0,0.4276629570747218,0.638683680322364,0.24290220820189273,462,0,1076,1440
0.0145418567189044,1.0,0.428060413354531,0.6383478844862324,0.2430299842188322,462,0,1077,1439
0.0145488910388075,1.0,0.42845786963434024,0.6380120886501007,0.2431578947368421,462,0,1078,1438
0.0146578198529325,1.0,0.42885532591414943,0.6376762928139691,0.24328593996840442,462,0,1079,1437
0.0147518940967367,1.0,0.4292527821939587,0.6373404969778375,0.2434141201264489,462,0,1080,1436
0.0147693606503978,1.0,0.4296502384737679,0.6370047011417058,0.24354243542435425,462,0,1081,1435
0.0147881629045962,1.0,0.4300476947535771,0.6366689053055742,0.24367088607594936,462,0,1082,1434
0.0148267189742409,1.0,0.4304451510333863,0.6363331094694425,0.24379947229551452,462,0,1083,1433
0.0148392218986805,1.0,0.43084260731319557,0.6359973136333109,0.24392819429778248,462,0,1084,1432
0.0148644024324655,1.0,0.43124006359300476,0.6356615177971793,0.24405705229793978,462,0,1085,1431
0.0148739780276818,1.0,0.431637519872814,0.6353257219610476,0.2441860465116279,462,0,1086,1430
0.0149072666192996,1.0,0.4320349761526232,0.634989926124916,0.24431517715494447,462,0,1087,1429
0.0149099394994743,1.0,0.43243243243243246,0.6346541302887844,0.24444444444444444,462,0,1088,1428
0.014910287575072,1.0,0.43282988871224165,0.6343183344526527,0.24457384859714135,462,0,1089,1427
0.0149899150210033,1.0,0.4332273449920509,0.6339825386165212,0.24470338983050846,462,0,1090,1426
0.015,1.0,0.4336248012718601,0.6336467427803896,0.24483306836248012,462,0,1091,1425
0.0150634430581751,1.0,0.4336248012718601,0.6336467427803896,0.24483306836248012,462,0,1091,1425
0.0151047611332921,1.0,0.43402225755166934,0.6333109469442579,0.2449628844114528,462,0,1092,1424
0.0151208731143523,1.0,0.43441971383147854,0.6329751511081263,0.24509283819628647,462,0,1093,1423
0.0151658009871507,1.0,0.43481717011128773,0.6326393552719947,0.24522292993630573,462,0,1094,1422
0.0152165350696652,1.0,0.435214626391097,0.632303559435863,0.24535315985130113,462,0,1095,1421
0.0152338767219783,1.0,0.4356120826709062,0.6319677635997314,0.2454835281615303,462,0,1096,1420
0.0152368640339828,1.0,0.4360095389507154,0.6316319677635998,0.24561403508771928,462,0,1097,1419
0.0152818004719768,1.0,0.4364069952305246,0.6312961719274681,0.24574468085106382,462,0,1098,1418
0.0153134209895367,1.0,0.43680445151033387,0.6309603760913365,0.24587546567323043,462,0,1099,1417
0.0153331666282244,1.0,0.43720190779014306,0.6306245802552048,0.24600638977635783,462,0,1100,1416
0.0153979973745803,1.0,0.4375993640699523,0.6302887844190732,0.24613745338305806,462,0,1101,1415
0.0155365526909839,1.0,0.4379968203497615,0.6299529885829416,0.2462686567164179,462,0,1102,1414
0.0155458217159426,1.0,0.43839427662957076,0.6296171927468099,0.2464,462,0,1103,1413
0.0155742182573484,1.0,0.43879173290937995,0.6292813969106783,0.24653148345784417,462,0,1104,1412
0.0155825144888454,1.0,0.4391891891891892,0.6289456010745467,0.24666310731446878,462,0,1105,1411
0.0156537394506821,1.0,0.4395866454689984,0.628609805238415,0.2467948717948718,462,0,1106,1410
0.0157133652318805,1.0,0.43998410174880764,0.6282740094022834,0.24692677712453234,462,0,1107,1409
0.0157629908702782,1.0,0.44038155802861684,0.6279382135661518,0.24705882352941178,462,0,1108,1408
0.0158007339198178,1.0,0.4407790143084261,0.6276024177300201,0.24719101123595505,462,0,1109,1407
0.0158634433945256,1.0,0.4411764705882353,0.6272666218938885,0.24732334047109208,462,0,1110,1406
0.0159387139387459,1.0,0.44157392686804453,0.6269308260577569,0.24745581146223888,462,0,1111,1405
0.0160644117265082,1.0,0.4419713831478537,0.6265950302216252,0.24758842443729903,462,0,1112,1404
0.016067903063189,1.0,0.442368839427663,0.6262592343854936,0.2477211796246649,462,0,1113,1403
0.0163322311700045,1.0,0.44276629570747217,0.6259234385493619,0.2478540772532189,462,0,1114,1402
0.0163542188542476,1.0,0.4431637519872814,0.6255876427132303,0.24798711755233493,462,0,1115,1401
0.0163737257894781,1.0,0.4435612082670906,0.6252518468770987,0.24812030075187969,462,0,1116,1400
0.0164459416275304,1.0,0.44395866454689986,0.6249160510409671,0.24825362708221385,462,0,1117,1399
0.0164721793990109,1.0,0.44435612082670906,0.6245802552048355,0.24838709677419354,462,0,1118,1398
0.016537180522677,1.0,0.4447535771065183,0.6242444593687039,0.2485207100591716,462,0,1119,1397
0.0165435912667124,1.0,0.4451510333863275,0.6239086635325722,0.24865446716899892,462,0,1120,1396
0.0165740340733863,1.0,0.44554848966613675,0.6235728676964406,0.24878836833602586,462,0,1121,1395
0.0166056694856973,1.0,0.44594594594594594,0.623237071860309,0.24892241379310345,462,0,1122,1394
0.0166528947286544,1.0,0.4463434022257552,0.6229012760241773,0.2490566037735849,462,0,1123,1393
0.0166783865182798,1.0,0.4467408585055644,0.6225654801880457,0.24919093851132687,462,0,1124,1392
0.0166786415675654,1.0,0.44713831478537364,0.6222296843519141,0.24932541824069077,462,0,1125,1391
0.0166806415821155,1.0,0.44753577106518283,0.6218938885157824,0.24946004319654427,462,0,1126,1390
0.0168693298654838,1.0,0.447933227344992,0.6215580926796508,0.24959481361426256,462,0,1127,1389
0.0168986357317456,1.0,0.4483306836248013,0.6212222968435192,0.24972972972972973,462,0,1128,1388
0.0169086462729019,1.0,0.44872813990461047,0.6208865010073875,0.24986479177934018,462,0,1129,1387
0.0169770389294084,1.0,0.4491255961844197,0.6205507051712559,0.25,462,0,1130,1386
0.0170193962373774,1.0,0.4495230524642289,0.6202149093351242,0.25013535462912834,462,0,1131,1385
0.0170373774322577,1.0,0.44992050874403816,0.6198791134989926,0.2502708559046587,462,0,1132,1384
0.0170761738903784,1.0,0.45031796502384736,0.619543317662861,0.25040650406504067,462,0,1133,1383
0.0170972805537991,1.0,0.4507154213036566,0.6192075218267293,0.25054229934924077,462,0,1134,1382
0.0172284662853633,1.0,0.4511128775834658,0.6188717259905977,0.25067824199674443,462,0,1135,1381
0.0172392308162821,1.0,0.45151033386327505,0.6185359301544661,0.250814332247557,462,0,1136,1380
0.0172878272361457,1.0,0.45190779014308424,0.6182001343183344,0.2509505703422053,462,0,1137,1379
0.01732744064249,1.0,0.4523052464228935,0.6178643384822028,0.2510869565217391,462,0,1138,1378
0.0175026882919878,1.0,0.4527027027027027,0.6175285426460712,0.25122349102773245,462,0,1139,1377
0.0175504980671517,1.0,0.45310015898251194,0.6171927468099395,0.2513601741022851,462,0,1140,1376
0.0175703693059514,1.0,0.45349761526232113,0.6168569509738079,0.25149700598802394,462,0,1141,1375
0.0176013846672131,1.0,0.4538950715421304,0.6165211551376762,0.25163398692810457,462,0,1142,1374
0.0176335155859336,1.0,0.4542925278219396,0.6161853593015446,0.25177111716621253,462,0,1143,1373
0.017771008018624,1.0,0.4546899841017488,0.615849563465413,0.25190839694656486,462,0,1144,1372
0.0178266705070965,1.0,0.455087440381558,0.6155137676292814,0.2520458265139116,462,0,1145,1371
0.0178903639622442,1.0,0.45548489666136727,0.6151779717931498,0.2521834061135371,462,0,1146,1370
0.0179076954003397,1.0,0.45588235294117646,0.6148421759570182,0.2523211359912616,462,0,1147,1369
0.0180962302233221,1.0,0.4562798092209857,0.6145063801208865,0.25245901639344265,462,0,1148,1368
0.0181036127750785,1.0,0.4566772655007949,0.6141705842847549,0.2525970475669765,462,0,1149,1367
0.0181588229653699,1.0,0.45707472178060415,0.6138347884486233,0.2527352297592998,462,0,1150,1366
0.018208794900725,1.0,0.45747217806041335,0.6134989926124916,0.25287356321839083,462,0,1151,1365
0.0183032292505957,1.0,0.4578696343402226,0.61316319677636,0.25301204819277107,462,0,1152,1364
0.0183586897095625,1.0,0.4582670906200318,0.6128274009402284,0.25315068493150683,462,0,1153,1363
0.0185209408940916,1.0,0.45866454689984104,0.6124916051040967,0.2532894736842105,462,0,1154,1362
0.0185280386291406,1.0,0.45906200317965024,0.6121558092679651,0.2534284147010422,462,0,1155,1361
0.0186022851990672,1.0,0.4594594594594595,0.6118200134318335,0.2535675082327113,462,0,1156,1360
0.0187582456219285,1.0,0.4598569157392687,0.6114842175957018,0.25370675453047775,462,0,1157,1359
0.0188255877476123,1.0,0.46025437201907793,0.6111484217595702,0.25384615384615383,462,0,1158,1358
0.0188309293942567,1.0,0.4606518282988871,0.6108126259234385,0.25398570643210555,462,0,1159,1357
0.0189111183224763,1.0,0.4610492845786963,0.6104768300873069,0.25412541254125415,462,0,1160,1356
0.0189147625110439,1.0,0.46144674085850557,0.6101410342511753,0.2542652724270776,462,0,1161,1355
0.019045379875288,1.0,0.46184419713831476,0.6098052384150436,0.2544052863436123,462,0,1162,1354
0.0190692809220748,1.0,0.462241653418124,0.609469442578912,0.2545454545454545,462,0,1163,1353
0.019125788425785,1.0,0.4626391096979332,0.6091336467427804,0.25468577728776187,462,0,1164,1352
0.0191361538057517,1.0,0.46303656597774245,0.6087978509066487,0.2548262548262548,462,0,1165,1351
0.0191581889357507,1.0,0.46343402225755165,0.6084620550705171,0.25496688741721857,462,0,1166,1350
0.019239854699391,1.0,0.4638314785373609,0.6081262592343855,0.25510767531750417,462,0,1167,1349
0.0192437003267714,1.0,0.4642289348171701,0.6077904633982538,0.25524861878453037,462,0,1168,1348
0.0192737555278883,1.0,0.46462639109697934,0.6074546675621222,0.25538971807628524,462,0,1169,1347
0.0192789407681606,1.0,0.46502384737678853,0.6071188717259905,0.2555309734513274,462,0,1170,1346
0.0192826127693552,1.0,0.4654213036565978,0.6067830758898589,0.25567238516878804,462,0,1171,1345
0.0193822265555538,1.0,0.465818759936407,0.6064472800537274,0.2558139534883721,462,0,1172,1344
0.0194350992582946,1.0,0.46621621621621623,0.6061114842175958,0.2559556786703601,462,0,1173,1343
0.0195273597377587,1.0,0.4666136724960254,0.6057756883814641,0.25609756097560976,462,0,1174,1342
0.019534147980541,1.0,0.46701112877583467,0.6054398925453325,0.2562396006655574,462,0,1175,1341
0.0195343960577791,1.0,0.46740858505564387,0.6051040967092008,0.2563817980022198,462,0,1176,1340
0.0196083785490198,1.0,0.4678060413354531,0.6047683008730692,0.25652415324819544,462,0,1177,1339
0.0196149797843444,1.0,0.4682034976152623,0.6044325050369376,0.25666666666666665,462,0,1178,1338
0.0196158981413659,1.0,0.46860095389507156,0.6040967092008059,0.25680933852140075,462,0,1179,1337
0.0196168777253268,1.0,0.46899841017488075,0.6037609133646743,0.25695216907675195,462,0,1180,1336
0.0196785707654843,1.0,0.46939586645469,0.6034251175285427,0.2570951585976628,462,0,1181,1335
0.0197099827026833,1.0,0.4697933227344992,0.603089321692411,0.2572383073496659,462,0,1182,1334
0.0197617867628853,1.0,0.47019077901430845,0.6027535258562794,0.2573816155988858,462,0,1183,1333
0.0197969988283869,1.0,0.47058823529411764,0.6024177300201478,0.25752508361204013,462,0,1184,1332
0.0198956070815401,1.0,0.4709856915739269,0.6020819341840161,0.25766871165644173,462,0,1185,1331
0.0199214815614366,1.0,0.4713831478537361,0.6017461383478845,0.2578125,462,0,1186,1330
0.0199422080344275,1.0,0.47178060413354533,0.6014103425117528,0.25795644891122277,462,0,1187,1329
0.0199444043125058,1.0,0.47217806041335453,0.6010745466756212,0.2581005586592179,462,0,1188,1328
0.02,1.0,0.4725755166931638,0.6007387508394896,0.2582448295136948,462,0,1189,1327
0.0200458088027258,1.0,0.4725755166931638,0.6007387508394896,0.2582448295136948,462,0,1189,1327
0.0201435650615235,1.0,0.47297297297297297,0.6004029550033579,0.25838926174496646,462,0,1190,1326
0.0202375473460895,1.0,0.4733704292527822,0.6000671591672263,0.25853385562395076,462,0,1191,1325
0.0202623415760242,1.0,0.4737678855325914,0.5997313633310947,0.25867861142217247,462,0,1192,1324
0.0203075469664561,1.0,0.4741653418124006,0.599395567494963,0.25882352941176473,462,0,1193,1323
0.0203834408402823,1.0,0.47456279809220986,0.5990597716588314,0.2589686098654709,462,0,1194,1322
0.0204327465653856,1.0,0.47496025437201905,0.5987239758226998,0.2591138530566461,462,0,1195,1321
0.0204449257955507,1.0,0.4753577106518283,0.5983881799865681,0.25925925925925924,462,0,1196,1320
0.020456461356876,1.0,0.4757551669316375,0.5980523841504365,0.25940482874789444,462,0,1197,1319
0.020561005332037,1.0,0.47615262321144675,0.5977165883143049,0.2595505617977528,462,0,1198,1318
0.0205662789559382,1.0,0.47655007949125594,0.5973807924781732,0.2596964586846543,462,0,1199,1317
0.020632511985476,1.0,0.4769475357710652,0.5970449966420417,0.25984251968503935,462,0,1200,1316
0.0206520517933241,1.0,0.4773449920508744,0.5967092008059101,0.25998874507597075,462,0,1201,1315
0.020740997056766,1.0,0.47774244833068363,0.5963734049697784,0.26013513513513514,462,0,1202,1314
0.0208455027110382,1.0,0.4781399046104928,0.5960376091336468,0.26028169014084507,462,0,1203,1313
0.0208575559318662,1.0,0.4785373608903021,0.5957018132975151,0.26042841037204056,462,0,1204,1312
0.0209398549828975,1.0,0.47893481717011127,0.5953660174613835,0.26057529610829105,462,0,1205,1311
0.0209523223792767,1.0,0.4793322734499205,0.5950302216252519,0.26072234762979685,462,0,1206,1310
0.0210355682087384,1.0,0.4797297297297297,0.5946944257891202,0.2608695652173913,462,0,1207,1309
0.0210842643840375,1.0,0.48012718600953896,0.5943586299529886,0.26101694915254237,462,0,1208,1308
0.0211029382331632,1.0,0.48052464228934816,0.594022834116857,0.26116449971735445,462,0,1209,1307
0.0211333714393863,1.0,0.4809220985691574,0.5936870382807253,0.26131221719457015,462,0,1210,1306
0.0211536740511118,1.0,0.4813195548489666,0.5933512424445937,0.2614601018675722,462,0,1211,1305
0.0211720627953958,1.0,0.48171701112877585,0.5930154466084621,0.26160815402038506,462,0,1212,1304
0.0211945863673216,1.0,0.48211446740858505,0.5926796507723304,0.26175637393767703,462,0,1213,1303
0.0212001339475094,1.0,0.4825119236883943,0.5923438549361988,0.2619047619047619,462,0,1214,1302
0.0212262747530704,1.0,0.4829093799682035,0.5920080591000672,0.2620533182076007,462,0,1215,1301
0.0212562754861334,1.0,0.48330683624801274,0.5916722632639355,0.26220204313280365,462,0,1216,1300
0.0212679229219052,1.0,0.48370429252782193,0.5913364674278039,0.262350936967632,462,0,1217,1299
0.0212871601384844,1.0,0.4841017488076312,0.5910006715916722,0.2625,462,0,1218,1298
0.0214952515950499,1.0,0.4844992050874404,0.5906648757555406,0.2626492325184764,462,0,1219,1297
0.0215296961997486,1.0,0.4848966613672496,0.590329079919409,0.2627986348122867,462,0,1220,1296
0.0216366556395022,1.0,0.4852941176470588,0.5899932840832773,0.26294820717131473,462,0,1221,1295
0.0217043935633554,1.0,0.48569157392686807,0.5896574882471457,0.2630979498861048,462,0,1222,1294
0.0217112963660813,1.0,0.48608903020667726,0.5893216924110141,0.26324786324786326,462,0,1223,1293
0.0217429001411034,1.0,0.4864864864864865,0.5889858965748824,0.2633979475484607,462,0,1224,1292
0.0218729333133414,1.0,0.4868839427662957,0.5886501007387508,0.26354820308043353,462,0,1225,1291
0.0219170696019008,1.0,0.4872813990461049,0.5883143049026192,0.2636986301369863,462,0,1226,1290
0.0219460175844474,1.0,0.48767885532591415,0.5879785090664875,0.26384922901199315,462,0,1227,1289
0.0219529103716578,1.0,0.48807631160572335,0.587642713230356,0.264,462,0,1228,1288
0.0219942816360074,1.0,0.4884737678855326,0.5873069173942244,0.2641509433962264,462,0,1229,1287
0.0220709387440473,1.0,0.4888712241653418,0.5869711215580927,0.2643020594965675,462,0,1230,1286
0.022185453666066,1.0,0.48926868044515104,0.5866353257219611,0.2644533485975959,462,0,1231,1285
0.022264505644529,1.0,0.48966613672496023,0.5862995298858295,0.2646048109965636,462,0,1232,1284
0.0222833408017276,1.0,0.4900635930047695,0.5859637340496978,0.264756446991404,462,0,1233,1283
0.0223521466012106,1.0,0.4904610492845787,0.5856279382135662,0.26490825688073394,462,0,1234,1282
0.0225411513381172,1.0,0.4908585055643879,0.5852921423774345,0.26506024096385544,462,0,1235,1281
0.0225831024630905,1.0,0.4912559618441971,0.5849563465413029,0.26521239954075776,462,0,1236,1280
0.0226694324286379,1.0,0.49165341812400637,0.5846205507051713,0.2653647329121195,462,0,1237,1279
0.0226897385591828,1.0,0.49205087440381556,0.5842847548690396,0.2655172413793103,462,0,1238,1278
0.0226977283713748,1.0,0.4924483306836248,0.583948959032908,0.2656699252443933,462,0,1239,1277
0.0227129871168184,1.0,0.492845786963434,0.5836131631967764,0.26582278481012656,462,0,1240,1276
0.0228771209651807,1.0,0.49324324324324326,0.5832773673606447,0.2659758203799655,462,0,1241,1275
0.0229411252854251,1.0,0.49364069952305245,0.5829415715245131,0.2661290322580645,462,0,1242,1274
0.0229438720526649,1.0,0.4940381558028617,0.5826057756883815,0.26628242074927955,462,0,1243,1273
0.0229758695585115,1.0,0.4944356120826709,0.5822699798522498,0.2664359861591695,462,0,1244,1272
0.023072357132415,1.0,0.49483306836248014,0.5819341840161182,0.26658972879399884,462,0,1245,1271
0.0231434626702843,1.0,0.49523052464228934,0.5815983881799865,0.26674364896073904,462,0,1246,1270
0.0231675393793534,1.0,0.4956279809220986,0.5812625923438549,0.2668977469670711,462,0,1247,1269
0.023170625279315,1.0,0.4960254372019078,0.5809267965077233,0.26705202312138726,462,0,1248,1268
0.0232159843810846,1.0,0.49642289348171703,0.5805910006715916,0.26720647773279355,462,0,1249,1267
0.0233163966968868,1.0,0.4968203497615262,0.58025520483546,0.2673611111111111,462,0,1250,1266
0.0233318007335886,1.0,0.4972178060413355,0.5799194089993284,0.267515923566879,462,0,1251,1265
0.023342828935652,1.0,0.49761526232114467,0.5795836131631967,0.26767091541135574,462,0,1252,1264
0.023351096915559,1.0,0.4980127186009539,0.5792478173270651,0.2678260869565217,462,0,1253,1263
0.0233632766487908,1.0,0.4984101748807631,0.5789120214909335,0.2679814385150812,462,0,1254,1262
0.0235363113860322,1.0,0.49880763116057236,0.5785762256548019,0.2681369704004643,462,0,1255,1261
0.0235582087408597,1.0,0.49920508744038156,0.5782404298186703,0.2682926829268293,462,0,1256,1260
0.0235632767611473,1.0,0.4996025437201908,0.5779046339825387,0.2684485764090645,462,0,1257,1259
0.0235725742599899,1.0,0.5,0.577568838146407,0.2686046511627907,462,0,1258,1258
0.0236325566554985,1.0,0.5003974562798092,0.5772330423102754,0.268760907504363,462,0,1259,1257
0.0236778570753719,1.0,0.5007949125596184,0.5768972464741438,0.2689173457508731,462,0,1260,1256
0.0237628042818225,1.0,0.5011923688394276,0.5765614506380121,0.26907396622015145,462,0,1261,1255
0.0237704995849017,1.0,0.5015898251192369,0.5762256548018805,0.2692307692307692,462,0,1262,1254
0.0238232116032547,1.0,0.5019872813990461,0.5758898589657488,0.2693877551020408,462,0,1263,1253
0.0238724785205318,1.0,0.5023847376788553,0.5755540631296172,0.26954492415402564,462,0,1264,1252
0.0239093970210486,1.0,0.5027821939586645,0.5752182672934856,0.26970227670753066,462,0,1265,1251
0.0239265689344442,1.0,0.5031796502384738,0.5748824714573539,0.26985981308411217,462,0,1266,1250
0.0239376792865467,1.0,0.503577106518283,0.5745466756212223,0.27001753360607833,462,0,1267,1249
0.0239515585391289,1.0,0.5039745627980922,0.5742108797850907,0.27017543859649124,462,0,1268,1248
0.0239821693022876,1.0,0.5043720190779014,0.573875083948959,0.27033352837916913,462,0,1269,1247
0.0240451433705815,1.0,0.5047694753577107,0.5735392881128274,0.27049180327868855,462,0,1270,1246
0.0240491948055932,1.0,0.5051669316375199,0.5732034922766958,0.27065026362038663,462,0,1271,1245
0.0241266807920782,1.0,0.505564387917329,0.5728676964405641,0.2708089097303634,462,0,1272,1244
0.0241559909367142,1.0,0.5059618441971383,0.5725319006044325,0.2709677419354839,462,0,1273,1243
0.0243828012440507,1.0,0.5063593004769475,0.5721961047683009,0.2711267605633803,462,0,1274,1242
0.0244567984400586,1.0,0.5067567567567568,0.5718603089321692,0.27128596594245447,462,0,1275,1241
0.0245007418294081,1.0,0.5071542130365659,0.5715245130960376,0.27144535840188017,462,0,1276,1240
0.0245699903244712,1.0,0.5075516693163752,0.5711887172599059,0.2716049382716049,462,0,1277,1239
0.0246031860270792,1.0,0.5079491255961844,0.5708529214237743,0.27176470588235296,462,0,1278,1238
0.0246917016696311,1.0,0.5083465818759937,0.5705171255876427,0.27192466156562684,462,0,1279,1237
0.0247035384057709,1.0,0.5087440381558028,0.570181329751511,0.27208480565371024,462,0,1280,1236
0.0247206608572986,1.0,0.5091414944356121,0.5698455339153794,0.27224513847967,462,0,1281,1235
0.0247246819563441,1.0,0.5095389507154213,0.5695097380792478,0.27240566037735847,462,0,1282,1234
0.0249330209575274,1.0,0.5099364069952306,0.5691739422431162,0.27256637168141595,462,0,1283,1233
0.024994647637599,1.0,0.5103338632750397,0.5688381464069846,0.2727272727272727,462,0,1284,1232
0.025,1.0,0.510731319554849,0.568502350570853,0.2728883638511518,462,0,1285,1231
0.0250254283029093,1.0,0.510731319554849,0.568502350570853,0.2728883638511518,462,0,1285,1231
0.0250534860954711,1.0,0.5111287758346582,0.5681665547347213,0.2730496453900709,462,0,1286,1230
0.0251588944697934,1.0,0.5115262321144675,0.5678307588985897,0.2732111176818451,462,0,1287,1229
0.0251748923706276,1.0,0.5119236883942766,0.5674949630624581,0.2733727810650888,462,0,1288,1228
0.0253880565912655,1.0,0.5123211446740858,0.5671591672263264,0.27353463587921845,462,0,1289,1227
0.0255060124848644,1.0,0.5127186009538951,0.5668233713901948,0.273696682464455,462,0,1290,1226
0.0255341552931742,1.0,0.5131160572337043,0.5664875755540631,0.27385892116182575,462,0,1291,1225
0.0256506477393941,1.0,0.5135135135135135,0.5661517797179315,0.27402135231316727,462,0,1292,1224
0.0260906515617195,1.0,0.5139109697933227,0.5658159838817999,0.2741839762611276,462,0,1293,1223
0.0261099852271014,1.0,0.514308426073132,0.5654801880456682,0.27434679334916867,462,0,1294,1222
0.0262869041771287,1.0,0.5147058823529411,0.5651443922095366,0.27450980392156865,462,0,1295,1221
0.0262871398596983,1.0,0.5151033386327504,0.564808596373405,0.2746730083234245,462,0,1296,1220
0.0263018260371681,1.0,0.5155007949125596,0.5644728005372733,0.27483640690065436,462,0,1297,1219
0.0264454624838732,1.0,0.5158982511923689,0.5641370047011417,0.275,462,0,1298,1218
0.0265188888042941,1.0,0.516295707472178,0.5638012088650101,0.2751637879690292,462,0,1299,1217
0.0266202573078733,1.0,0.5166931637519873,0.5634654130288784,0.27532777115613827,462,0,1300,1216
0.0266241170937569,1.0,0.5170906200317965,0.5631296171927468,0.27549194991055453,462,0,1301,1215
0.026772663753834,1.0,0.5174880763116058,0.5627938213566152,0.2756563245823389,462,0,1302,1214
0.0268173179653906,1.0,0.5178855325914149,0.5624580255204835,0.27582089552238803,462,0,1303,1213
0.0268413572522577,1.0,0.5182829888712241,0.5621222296843519,0.27598566308243727,462,0,1304,1212
0.0268508781472581,1.0,0.5186804451510334,0.5617864338482202,0.27615062761506276,462,0,1305,1211
0.0269712285783457,1.0,0.5190779014308426,0.5614506380120886,0.27631578947368424,462,0,1306,1210
0.0269973816127174,1.0,0.5194753577106518,0.561114842175957,0.2764811490125673,462,0,1307,1209
0.0270074386592714,1.0,0.519872813990461,0.5607790463398253,0.27664670658682633,462,0,1308,1208
0.0271514356453209,1.0,0.5202702702702703,0.5604432505036937,0.2768124625524266,462,0,1309,1207
0.0272719379235327,1.0,0.5206677265500795,0.5601074546675622,0.27697841726618705,462,0,1310,1206
0.0273628005981128,1.0,0.5210651828298887,0.5597716588314305,0.27714457108578283,462,0,1311,1205
0.0273905346557981,1.0,0.5214626391096979,0.5594358629952989,0.2773109243697479,462,0,1312,1204
0.0274120115367487,1.0,0.5218600953895072,0.5591000671591673,0.2774774774774775,462,0,1313,1203
0.0275651935477706,1.0,0.5222575516693164,0.5587642713230356,0.2776442307692308,462,0,1314,1202
0.0276702470082236,1.0,0.5226550079491256,0.558428475486904,0.2778111846061335,462,0,1315,1201
0.0277192899002452,1.0,0.5230524642289348,0.5580926796507724,0.2779783393501805,462,0,1316,1200
0.0277967433920296,1.0,0.5234499205087441,0.5577568838146407,0.2781456953642384,462,0,1317,1199
0.0278568817005126,1.0,0.5238473767885533,0.5574210879785091,0.2783132530120482,462,0,1318,1198
0.0278681176129684,1.0,0.5242448330683624,0.5570852921423775,0.27848101265822783,462,0,1319,1197
0.0279043497094995,1.0,0.5246422893481717,0.5567494963062458,0.27864897466827504,462,0,1320,1196
0.0279112912048098,1.0,0.525039745627981,0.5564137004701142,0.2788171394085697,462,0,1321,1195
0.027993686146965,1.0,0.5254372019077902,0.5560779046339825,0.27898550724637683,462,0,1322,1194
0.0279971847636474,1.0,0.5258346581875993,0.5557421087978509,0.2791540785498489,462,0,1323,1193
0.0280252249253188,1.0,0.5262321144674086,0.5554063129617193,0.279322853688029,462,0,1324,1192
0.0280764183757939,1.0,0.5266295707472178,0.5550705171255876,0.279491833030853,462,0,1325,1191
0.0281136240965243,1.0,0.527027027027027,0.554734721289456,0.2796610169491525,462,0,1326,1190
0.0281458446755002,1.0,0.5274244833068362,0.5543989254533244,0.2798304058146578,462,0,1327,1189
0.0284206491873168,1.0,0.5278219395866455,0.5540631296171927,0.28,462,0,1328,1188
0.0285207980338705,1.0,0.5282193958664547,0.5537273337810611,0.2801697998787144,462,0,1329,1187
0.0286150433200305,1.0,0.5286168521462639,0.5533915379449295,0.2803398058252427,462,0,1330,1186
0.0286342038690764,1.0,0.5290143084260731,0.5530557421087978,0.28051001821493626,462,0,1331,1185
0.0288537095543954,1.0,0.5294117647058824,0.5527199462726662,0.28068043742405835,462,0,1332,1184
0.0289301994513554,1.0,0.5298092209856916,0.5523841504365345,0.28085106382978725,462,0,1333,1183
0.0289474437497359,1.0,0.5302066772655007,0.5520483546004029,0.28102189781021897,462,0,1334,1182
0.0291270848349345,1.0,0.53060413354531,0.5517125587642713,0.28119293974437004,462,0,1335,1181
0.0291389028156017,1.0,0.5310015898251192,0.5513767629281396,0.28136419001218027,462,0,1336,1180
0.0291722052026895,1.0,0.5313990461049285,0.551040967092008,0.28153564899451555,462,0,1337,1179
0.0293334115029362,1.0,0.5317965023847376,0.5507051712558765,0.2817073170731707,462,0,1338,1178
0.0293470762103588,1.0,0.5321939586645469,0.5503693754197448,0.28187919463087246,462,0,1339,1177
0.0293840581606101,1.0,0.5325914149443561,0.5500335795836132,0.28205128205128205,462,0,1340,1176
0.0294156606265403,1.0,0.5329888712241654,0.5496977837474816,0.28222357971899814,462,0,1341,1175
0.0295403030935286,1.0,0.5333863275039745,0.5493619879113499,0.2823960880195599,462,0,1342,1174
0.0295666172994734,1.0,0.5337837837837838,0.5490261920752183,0.28256880733944956,462,0,1343,1173
0.0295825160241082,1.0,0.534181240063593,0.5486903962390867,0.2827417380660955,462,0,1344,1172
0.0295915892459574,1.0,0.5345786963434023,0.548354600402955,0.28291488058787506,462,0,1345,1171
0.0296313239999999,1.0,0.5349761526232114,0.5480188045668234,0.28308823529411764,462,0,1346,1170
0.0297117320704931,1.0,0.5353736089030207,0.5476830087306918,0.2832618025751073,462,0,1347,1169
0.0299166296168514,1.0,0.5357710651828299,0.5473472128945601,0.28343558282208586,462,0,1348,1168
0.03,1.0,0.5361685214626392,0.5470114170584285,0.283609576427256,462,0,1349,1167
0.0300398876337294,1.0,0.5361685214626392,0.5470114170584285,0.283609576427256,462,0,1349,1167
0.0301922936830731,1.0,0.5365659777424483,0.5466756212222968,0.28378378378378377,462,0,1350,1166
0.0301968264038126,1.0,0.5369634340222575,0.5463398253861652,0.28395820528580207,462,0,1351,1165
0.0302656639488577,1.0,0.5373608903020668,0.5460040295500336,0.28413284132841327,462,0,1352,1164
0.0304457836873872,1.0,0.537758346581876,0.5456682337139019,0.2843076923076923,462,0,1353,1163
0.0304682072770956,1.0,0.5381558028616852,0.5453324378777703,0.28448275862068967,462,0,1354,1162
0.0304707324581796,1.0,0.5385532591414944,0.5449966420416387,0.2846580406654344,462,0,1355,1161
0.0305276131093348,1.0,0.5389507154213037,0.544660846205507,0.2848335388409371,462,0,1356,1160
0.0307414103285352,1.0,0.5393481717011129,0.5443250503693754,0.2850092535471931,462,0,1357,1159
0.0308692297358246,1.0,0.5397456279809221,0.5439892545332438,0.2851851851851852,462,0,1358,1158
0.0310356041032866,1.0,0.5401430842607313,0.5436534586971121,0.28536133415688697,462,0,1359,1157
0.0310541353355671,1.0,0.5405405405405406,0.5433176628609805,0.28553770086526575,462,0,1360,1156
0.0310926776205389,1.0,0.5409379968203497,0.5429818670248489,0.2857142857142857,462,0,1361,1155
0.0312457171780594,1.0,0.541335453100159,0.5426460711887172,0.28589108910891087,462,0,1362,1154
0.0312723807688708,1.0,0.5417329093799682,0.5423102753525856,0.28606811145510835,462,0,1363,1153
0.0313145291507227,1.0,0.5421303656597775,0.5419744795164539,0.2862453531598513,462,0,1364,1152
0.0313659501586504,1.0,0.5425278219395866,0.5416386836803224,0.2864228146311221,462,0,1365,1151
0.0313771001385937,1.0,0.5429252782193958,0.5413028878441908,0.2866004962779156,462,0,1366,1150
0.0314087228166267,1.0,0.5433227344992051,0.5409670920080591,0.28677839851024206,462,0,1367,1149
0.0314807792590749,1.0,0.5437201907790143,0.5406312961719275,0.28695652173913044,462,0,1368,1148
0.0315265536762498,1.0,0.5441176470588235,0.5402955003357959,0.28713486637663144,462,0,1369,1147
0.0316011383689883,1.0,0.5445151033386327,0.5399597044996642,0.2873134328358209,462,0,1370,1146
0.0316672166689352,1.0,0.544912559618442,0.5396239086635326,0.2874922215308027,462,0,1371,1145
0.0317491329745616,1.0,0.5453100158982512,0.539288112827401,0.2876712328767123,462,0,1372,1144
0.0318274133937197,1.0,0.5457074721780604,0.5389523169912693,0.28785046728971964,462,0,1373,1143
0.0319722492831127,1.0,0.5461049284578696,0.5386165211551377,0.2880299251870324,462,0,1374,1142
0.0321271668417988,1.0,0.5465023847376789,0.5382807253190061,0.28820960698689957,462,0,1375,1141
0.0321802091449396,1.0,0.5468998410174881,0.5379449294828744,0.2883895131086142,462,0,1376,1140
0.0323790347725967,1.0,0.5472972972972973,0.5376091336467428,0.28856964397251716,462,0,1377,1139
0.0326706357342636,1.0,0.5476947535771065,0.5372733378106112,0.28875,462,0,1378,1138
0.032720374782899,1.0,0.5480922098569158,0.5369375419744795,0.28893058161350843,462,0,1379,1137
0.0327261857570856,1.0,0.548489666136725,0.5366017461383479,0.28911138923654567,462,0,1380,1136
0.0328241115990916,1.0,0.5488871224165341,0.5362659503022162,0.28929242329367566,462,0,1381,1135
0.0328707811952091,1.0,0.5492845786963434,0.5359301544660846,0.2894736842105263,462,0,1382,1134
0.032876603496928,1.0,0.5496820349761526,0.535594358629953,0.2896551724137931,462,0,1383,1133
0.0330213268735725,1.0,0.5500794912559619,0.5352585627938213,0.28983688833124216,462,0,1384,1132
0.0330599964753664,1.0,0.550476947535771,0.5349227669576897,0.2900188323917137,462,0,1385,1131
0.0330631573193981,1.0,0.5508744038155803,0.5345869711215581,0.29020100502512564,462,0,1386,1130
0.0331173365032399,1.0,0.5512718600953895,0.5342511752854264,0.2903834066624764,462,0,1387,1129
0.0331675982293536,1.0,0.5516693163751988,0.5339153794492948,0.29056603773584905,462,0,1388,1128
0.0332929425156909,1.0,0.5520667726550079,0.5335795836131632,0.2907488986784141,462,0,1389,1127
0.0333715805624861,1.0,0.5524642289348172,0.5332437877770315,0.29093198992443325,462,0,1390,1126
0.033560099465805,1.0,0.5528616852146264,0.5329079919408999,0.29111531190926276,462,0,1391,1125
0.0336221082721947,1.0,0.5532591414944356,0.5325721961047682,0.29129886506935687,462,0,1392,1124
0.0336314396110643,1.0,0.5536565977742448,0.5322364002686367,0.2914826498422713,462,0,1393,1123
0.033635323745288,1.0,0.5540540540540541,0.5319006044325051,0.2916666666666667,462,0,1394,1122
0.0338835963973591,1.0,0.5544515103338633,0.5315648085963735,0.29185091598231205,462,0,1395,1121
0.03388416124671,1.0,0.5548489666136724,0.5312290127602418,0.2920353982300885,462,0,1396,1120
0.0340895951738407,1.0,0.5552464228934817,0.5308932169241102,0.2922201138519924,462,0,1397,1119
0.0340929964170281,1.0,0.5556438791732909,0.5305574210879785,0.29240506329113924,462,0,1398,1118
0.0342226572395586,1.0,0.5560413354531002,0.5302216252518469,0.29259024699176694,462,0,1399,1117
0.0343151914254485,1.0,0.5564387917329093,0.5298858294157153,0.29277566539923955,462,0,1400,1116
0.0345988992182075,1.0,0.5568362480127186,0.5295500335795836,0.29296131896005073,462,0,1401,1115
0.0348483642264911,1.0,0.5572337042925278,0.529214237743452,0.29314720812182743,462,0,1402,1114
0.0348666684184,1.0,0.5576311605723371,0.5288784419073204,0.29333333333333333,462,0,1403,1113
0.035,1.0,0.5580286168521462,0.5285426460711887,0.2935196950444727,462,0,1404,1112
0.0350121509065871,1.0,0.5580286168521462,0.5285426460711887,0.2935196950444727,462,0,1404,1112
0.0351422660269642,1.0,0.5584260731319555,0.5282068502350571,0.2937062937062937,462,0,1405,1111
0.0352175162643385,1.0,0.5588235294117647,0.5278710543989255,0.29389312977099236,462,0,1406,1110
0.0353020074803276,1.0,0.559220985691574,0.5275352585627938,0.29408020369191595,462,0,1407,1109
0.0353392446236873,1.0,0.5596184419713831,0.5271994627266622,0.29426751592356687,462,0,1408,1108
0.0353853490733887,1.0,0.5600158982511924,0.5268636668905305,0.2944550669216061,462,0,1409,1107
0.035850375884302,1.0,0.5604133545310016,0.5265278710543989,0.29464285714285715,462,0,1410,1106
0.0359989950561986,1.0,0.5608108108108109,0.5261920752182673,0.2948308870453095,462,0,1411,1105
0.0362093054519823,1.0,0.56120826709062,0.5258562793821356,0.2950191570881226,462,0,1412,1104
0.0363492858370289,1.0,0.5616057233704292,0.525520483546004,0.2952076677316294,462,0,1413,1103
0.0364316224902286,1.0,0.5620031796502385,0.5251846877098724,0.29539641943734013,462,0,1414,1102
0.0364436864247328,1.0,0.5624006359300477,0.5248488918737407,0.29558541266794625,462,0,1415,1101
0.0365720091675217,1.0,0.5627980922098569,0.5245130960376091,0.29577464788732394,462,0,1416,1100
0.0366211601847645,1.0,0.5631955484896661,0.5241773002014775,0.29596412556053814,462,0,1417,1099
0.0366824146869509,1.0,0.5635930047694754,0.5238415043653458,0.29615384615384616,462,0,1418,1098
0.0366913560240613,1.0,0.5639904610492846,0.5235057085292142,0.29634381013470174,462,0,1419,1097
0.0368242394616872,1.0,0.5643879173290938,0.5231699126930826,0.29653401797175866,462,0,1420,1096
0.0368487205125274,1.0,0.564785373608903,0.522834116856951,0.29672447013487474,462,0,1421,1095
0.036992143375718,1.0,0.5651828298887123,0.5224983210208194,0.2969151670951157,462,0,1422,1094
0.0371239290371239,1.0,0.5655802861685215,0.5221625251846878,0.29710610932475884,462,0,1423,1093
0.0371938915666176,1.0,0.5659777424483307,0.5218267293485561,0.2972972972972973,462,0,1424,1092
0.037205352596648,1.0,0.5663751987281399,0.5214909335124245,0.29748873148744365,462,0,1425,1091
0.0372488953327177,1.0,0.5667726550079492,0.5211551376762928,0.297680412371134,462,0,1426,1090
0.0373490662564,1.0,0.5671701112877583,0.5208193418401612,0.2978723404255319,462,0,1427,1089
0.0374234780367058,1.0,0.5675675675675675,0.5204835460040296,0.29806451612903223,462,0,1428,1088
0.0375161694250452,1.0,0.5679650238473768,0.5201477501678979,0.29825693996126534,462,0,1429,1087
0.0375179235285725,1.0,0.568362480127186,0.5198119543317663,0.29844961240310075,462,0,1430,1086
0.0375223287504465,1.0,0.5687599364069952,0.5194761584956347,0.2986425339366516,462,0,1431,1085
0.037611169660615,1.0,0.5691573926868044,0.519140362659503,0.2988357050452781,462,0,1432,1084
0.0376274133162546,1.0,0.5695548489666137,0.5188045668233714,0.29902912621359223,462,0,1433,1083
0.0377924787836824,1.0,0.5699523052464229,0.5184687709872398,0.29922279792746115,462,0,1434,1082
0.0377977669771343,1.0,0.5703497615262321,0.5181329751511081,0.29941672067401165,462,0,1435,1081
0.0379819334832166,1.0,0.5707472178060413,0.5177971793149765,0.29961089494163423,462,0,1436,1080
0.0380469621177416,1.0,0.5711446740858506,0.5174613834788448,0.29980532121998704,462,0,1437,1079
0.0380867697945092,1.0,0.5715421303656598,0.5171255876427132,0.3,462,0,1438,1078
0.0380906762207318,1.0,0.571939586645469,0.5167897918065816,0.3001949317738791,462,0,1439,1077
0.0381276704628805,1.0,0.5723370429252782,0.5164539959704499,0.30039011703511054,462,0,1440,1076
0.0381459580662848,1.0,0.5727344992050875,0.5161182001343183,0.30058555627846456,462,0,1441,1075
0.0381480387874144,1.0,0.5731319554848967,0.5157824042981867,0.30078125,462,0,1442,1074
0.0384180683080679,1.0,0.5735294117647058,0.515446608462055,0.3009771986970684,462,0,1443,1073
0.0386209484816842,1.0,0.5739268680445151,0.5151108126259234,0.3011734028683181,462,0,1444,1072
0.038657441564302,1.0,0.5743243243243243,0.5147750167897918,0.3013698630136986,462,0,1445,1071
0.0387754268823679,1.0,0.5747217806041336,0.5144392209536601,0.30156657963446476,462,0,1446,1070
0.0387952469333192,1.0,0.5751192368839427,0.5141034251175285,0.30176355323318094,462,0,1447,1069
0.0398751281935858,1.0,0.575516693163752,0.513767629281397,0.30196078431372547,462,0,1448,1068
0.0399024847026996,1.0,0.5759141494435612,0.5134318334452653,0.302158273381295,462,0,1449,1067
0.0399381119354801,1.0,0.5763116057233705,0.5130960376091337,0.3023560209424084,462,0,1450,1066
0.04,1.0,0.5767090620031796,0.5127602417730021,0.3025540275049116,462,0,1451,1065
0.0401116179937773,1.0,0.5767090620031796,0.5127602417730021,0.3025540275049116,462,0,1451,1065
0.0401502804015028,1.0,0.5771065182829889,0.5124244459368704,0.30275229357798167,462,0,1452,1064
0.0401930008374619,1.0,0.5775039745627981,0.5120886501007388,0.30295081967213117,462,0,1453,1063
0.0403222742341929,1.0,0.5779014308426074,0.5117528542646071,0.3031496062992126,462,0,1454,1062
0.0403743991529532,1.0,0.5782988871224165,0.5114170584284755,0.30334865397242283,462,0,1455,1061
0.0404193826158639,1.0,0.5786963434022258,0.5110812625923439,0.3035479632063075,462,0,1456,1060
0.0406272689743946,1.0,0.579093799682035,0.5107454667562122,0.3037475345167653,462,0,1457,1059
0.0406355290699663,1.0,0.5794912559618441,0.5104096709200806,0.30394736842105263,462,0,1458,1058
0.040685765285481,1.0,0.5798887122416534,0.510073875083949,0.30414746543778803,462,0,1459,1057
0.0407385853633521,1.0,0.5802861685214626,0.5097380792478173,0.30434782608695654,462,0,1460,1056
0.0409194872609121,1.0,0.5806836248012719,0.5094022834116857,0.3045484508899143,462,0,1461,1055
0.0409436466056932,1.0,0.581081081081081,0.5090664875755541,0.30474934036939316,462,0,1462,1054
0.0412025246639001,1.0,0.5814785373608903,0.5087306917394224,0.30495049504950494,462,0,1463,1053
0.0414342557513944,1.0,0.5818759936406995,0.5083948959032908,0.3051519154557464,462,0,1464,1052
0.0420304122931145,1.0,0.5822734499205088,0.5080591000671592,0.3053536021150033,462,0,1465,1051
0.0420861725728872,1.0,0.5826709062003179,0.5077233042310275,0.3055555555555556,462,0,1466,1050
0.0421520253180928,1.0,0.5830683624801272,0.5073875083948959,0.3057577763070814,462,0,1467,1049
0.0422512879358351,1.0,0.5834658187599364,0.5070517125587642,0.30596026490066225,462,0,1468,1048
0.0423959301728832,1.0,0.5838632750397457,0.5067159167226326,0.3061630218687873,462,0,1469,1047
0.0424748186638837,1.0,0.5842607313195548,0.506380120886501,0.3063660477453581,462,0,1470,1046
0.0425542636595658,1.0,0.584658187599364,0.5060443250503693,0.30656934306569344,462,0,1471,1045
0.0425962537343556,1.0,0.5850556438791733,0.5057085292142377,0.30677290836653387,462,0,1472,1044
0.0426434413578033,1.0,0.5854531001589826,0.5053727333781061,0.30697674418604654,462,0,1473,1043
0.0428382288969234,1.0,0.5858505564387917,0.5050369375419744,0.3071808510638298,462,0,1474,1042
0.0429063896699019,1.0,0.5862480127186009,0.5047011417058428,0.3073852295409182,462,0,1475,1041
0.0433165988126491,1.0,0.5866454689984102,0.5043653458697113,0.30758988015978694,462,0,1476,1040
0.0436800269020476,1.0,0.5870429252782194,0.5040295500335796,0.3077948034643571,462,0,1477,1039
0.0438373888049559,1.0,0.5874403815580286,0.503693754197448,0.308,462,0,1478,1038
0.0442413591021872,1.0,0.5878378378378378,0.5033579583613164,0.30820547031354234,462,0,1479,1037
0.0442517018292911,1.0,0.5882352941176471,0.5030221625251847,0.308411214953271,462,0,1480,1036
0.0443057033187754,1.0,0.5886327503974563,0.5026863666890531,0.30861723446893785,462,0,1481,1035
0.0443774264068591,1.0,0.5890302066772655,0.5023505708529215,0.3088235294117647,462,0,1482,1034
0.044393001532607,1.0,0.5894276629570747,0.5020147750167898,0.30903010033444817,462,0,1483,1033
0.0444498729306386,1.0,0.589825119236884,0.5016789791806582,0.3092369477911647,462,0,1484,1032
0.0444569666962518,1.0,0.5902225755166932,0.5013431833445265,0.30944407233757537,462,0,1485,1031
0.044736291475272,1.0,0.5906200317965024,0.5010073875083949,0.3096514745308311,462,0,1486,1030
0.0448118731563765,1.0,0.5910174880763116,0.5006715916722633,0.30985915492957744,462,0,1487,1029
0.0448601275745736,1.0,0.5914149443561209,0.5003357958361316,0.3100671140939597,462,0,1488,1028
0.045,1.0,0.5918124006359301,0.5,0.31027535258562794,462,0,1489,1027
0.0451282562930274,1.0,0.5918124006359301,0.5,0.31027535258562794,462,0,1489,1027
0.0452411926350144,1.0,0.5922098569157392,0.49966420416386836,0.31048387096774194,462,0,1490,1026
0.0453637660371469,1.0,0.5926073131955485,0.49932840832773673,0.31069266980497645,462,0,1491,1025
0.045462439018917,1.0,0.5930047694753577,0.4989926124916051,0.31090174966352624,462,0,1492,1024
0.0455736098816551,1.0,0.5934022257551669,0.49865681665547346,0.3111111111111111,462,0,1493,1023
0.0456253368472355,1.0,0.5937996820349761,0.4983210208193418,0.3113207547169811,462,0,1494,1022
0.0456501733872915,1.0,0.5941971383147854,0.4979852249832102,0.3115306810519218,462,0,1495,1021
0.0456538729048237,1.0,0.5945945945945946,0.4976494291470786,0.3117408906882591,462,0,1496,1020
0.0456646150700902,1.0,0.5949920508744038,0.49731363331094697,0.31195138419986496,462,0,1497,1019
0.0458672624733876,1.0,0.595389507154213,0.49697783747481533,0.31216216216216214,462,0,1498,1018
0.046075684120953,1.0,0.5957869634340223,0.4966420416386837,0.31237322515212984,462,0,1499,1017
0.0461623469599557,1.0,0.5961844197138315,0.49630624580255206,0.3125845737483085,462,0,1500,1016
0.0464085393820879,1.0,0.5965818759936407,0.4959704499664204,0.3127962085308057,462,0,1501,1015
0.0465863836576692,1.0,0.5969793322734499,0.4956346541302888,0.3130081300813008,462,0,1502,1014
0.0468761970343963,1.0,0.5973767885532592,0.49529885829415715,0.31322033898305085,462,0,1503,1013
0.0469942125126887,1.0,0.5977742448330684,0.4949630624580255,0.31343283582089554,462,0,1504,1012
0.0470895934660567,1.0,0.5981717011128775,0.4946272666218939,0.3136456211812627,462,0,1505,1011
0.0472920154100078,1.0,0.5985691573926868,0.49429147078576224,0.3138586956521739,462,0,1506,1010
0.0473755614330272,1.0,0.598966613672496,0.4939556749496306,0.3140720598232495,462,0,1507,1009
0.0475084551402029,1.0,0.5993640699523053,0.49361987911349897,0.3142857142857143,462,0,1508,1008
0.0475655742658955,1.0,0.5997615262321144,0.49328408327736734,0.314499659632403,462,0,1509,1007
0.047603735924387,1.0,0.6001589825119237,0.49294828744123576,0.31471389645776565,462,0,1510,1006
0.0476672728157856,0.9978354978354979,0.6001589825119237,0.4926124916051041,0.31424676209952285,461,1,1510,1006
0.0478665630416291,0.9978354978354979,0.6005564387917329,0.4922766957689725,0.3144611186903138,461,1,1511,1005
0.047945547241099,0.9978354978354979,0.6009538950715422,0.49194089993284085,0.3146757679180887,461,1,1512,1004
0.048007928536639,0.9956709956709957,0.6009538950715422,0.4916051040967092,0.31420765027322406,460,2,1512,1004
0.0482391747189326,0.9956709956709957,0.6013513513513513,0.4912693082605776,0.3144224196855776,460,2,1513,1003
0.0482693029694826,0.9956709956709957,0.6017488076311606,0.49093351242444594,0.3146374829001368,460,2,1514,1002
0.0483066594145441,0.9956709956709957,0.6021462639109698,0.4905977165883143,0.31485284052019163,460,2,1515,1001
0.0484316994327312,0.9956709956709957,0.6025437201907791,0.49026192075218267,0.3150684931506849,460,2,1516,1000
0.0484565351277823,0.9956709956709957,0.6029411764705882,0.48992612491605103,0.315284441398218,460,2,1517,999
0.048806002125431,0.9956709956709957,0.6033386327503975,0.4895903290799194,0.31550068587105623,460,2,1518,998
0.0488466852132969,0.9956709956709957,0.6037360890302067,0.48925453324378776,0.3157172271791352,460,2,1519,997
0.0490567887803674,0.9956709956709957,0.604133545310016,0.4889187374076561,0.3159340659340659,460,2,1520,996
0.0490596016768636,0.9956709956709957,0.6045310015898251,0.4885829415715245,0.3161512027491409,460,2,1521,995
0.049112987803548,0.9956709956709957,0.6049284578696343,0.4882471457353929,0.31636863823933975,460,2,1522,994
0.049127323350226,0.9956709956709957,0.6053259141494436,0.48791134989926127,0.3165863730213352,460,2,1523,993
0.0491587151507094,0.9935064935064936,0.6053259141494436,0.48757555406312963,0.31611570247933884,459,3,1523,993
0.0492279632288542,0.9935064935064936,0.6057233704292527,0.487239758226998,0.31633356305995863,459,3,1524,992
0.049266560596346,0.9935064935064936,0.606120826709062,0.48690396239086636,0.31655172413793103,459,3,1525,991
0.0493806504716103,0.9935064935064936,0.6065182829888712,0.4865681665547347,0.3167701863354037,459,3,1526,990
0.0494912547839967,0.9935064935064936,0.6069157392686805,0.4862323707186031,0.3169889502762431,459,3,1527,989
0.0496233500867533,0.9935064935064936,0.6073131955484896,0.48589657488247145,0.3172080165860401,459,3,1528,988
0.0499159943088504,0.9935064935064936,0.6077106518282989,0.4855607790463398,0.31742738589211617,459,3,1529,987
0.0499768101503942,0.9935064935064936,0.6081081081081081,0.4852249832102082,0.3176470588235294,459,3,1530,986
0.05,0.9935064935064936,0.6085055643879174,0.48488918737407655,0.31786703601108035,459,3,1531,985
0.0502550650122652,0.9935064935064936,0.6085055643879174,0.48488918737407655,0.31786703601108035,459,3,1531,985
0.0504624193955284,0.9935064935064936,0.6089030206677265,0.4845533915379449,0.3180873180873181,459,3,1532,984
0.0506489569663556,0.9935064935064936,0.6093004769475358,0.4842175957018133,0.3183079056865465,459,3,1533,983
0.0507016204073499,0.9935064935064936,0.609697933227345,0.48388179986568164,0.31852879944483,459,3,1534,982
0.0508687700949131,0.9935064935064936,0.6100953895071543,0.48354600402955006,0.31875,459,3,1535,981
0.0510139882135937,0.9935064935064936,0.6104928457869634,0.4832102081934184,0.31897150799166085,459,3,1536,980
0.0510568273186219,0.9935064935064936,0.6108903020667726,0.4828744123572868,0.3191933240611961,459,3,1537,979
0.0510964613927447,0.9935064935064936,0.6112877583465819,0.48253861652115515,0.31941544885177453,459,3,1538,978
0.0511268591525046,0.9935064935064936,0.6116852146263911,0.4822028206850235,0.31963788300835655,459,3,1539,977
0.0512451293775673,0.9935064935064936,0.6120826709062003,0.4818670248488919,0.31986062717770036,459,3,1540,976
0.051658321707015,0.9935064935064936,0.6124801271860095,0.48153122901276024,0.3200836820083682,459,3,1541,975
0.0518760205499119,0.9935064935064936,0.6128775834658188,0.4811954331766286,0.32030704815073274,459,3,1542,974
0.0519056614700252,0.9935064935064936,0.613275039745628,0.48085963734049697,0.32053072625698326,459,3,1543,973
0.0521977591730784,0.9935064935064936,0.6136724960254372,0.48052384150436533,0.32075471698113206,459,3,1544,972
0.052246008679992,0.9935064935064936,0.6140699523052464,0.4801880456682337,0.320979020979021,459,3,1545,971
0.0524939532563718,0.9935064935064936,0.6144674085850557,0.47985224983210206,0.3212036389083275,459,3,1546,970
0.0530091916024867,0.9935064935064936,0.6148648648648649,0.4795164539959704,0.32142857142857145,459,3,1547,969
0.0530872390250707,0.9935064935064936,0.615262321144674,0.4791806581598388,0.32165381920112124,459,3,1548,968
0.0531099962173221,0.9935064935064936,0.6156597774244833,0.4788448623237072,0.32187938288920054,459,3,1549,967
0.0531930385425981,0.9935064935064936,0.6160572337042926,0.4785090664875756,0.32210526315789473,459,3,1550,966
0.0532731663305631,0.9935064935064936,0.6164546899841018,0.47817327065144394,0.3223314606741573,459,3,1551,965
0.0533364401205263,0.9935064935064936,0.6168521462639109,0.4778374748153123,0.3225579761068166,459,3,1552,964
0.0533531380103735,0.9935064935064936,0.6172496025437202,0.47750167897918067,0.3227848101265823,459,3,1553,963
0.0535133455551396,0.9935064935064936,0.6176470588235294,0.47716588314304903,0.3230119634060521,459,3,1554,962
0.0537268890823364,0.9935064935064936,0.6180445151033387,0.4768300873069174,0.3232394366197183,459,3,1555,961
0.0544224511216477,0.9935064935064936,0.6184419713831478,0.47649429147078576,0.32346723044397463,459,3,1556,960
0.0544503105145125,0.9935064935064936,0.6188394276629571,0.4761584956346541,0.3236953455571227,459,3,1557,959
0.0545226438827649,0.9935064935064936,0.6192368839427663,0.4758226997985225,0.323923782639379,459,3,1558,958
0.0548044606616368,0.9935064935064936,0.6196343402225755,0.47548690396239085,0.3241525423728814,459,3,1559,957
0.0549195356341527,0.9935064935064936,0.6200317965023847,0.4751511081262592,0.32438162544169613,459,3,1560,956
0.055,0.9935064935064936,0.620429252782194,0.4748153122901276,0.3246110325318246,459,3,1561,955
0.055041723981502,0.9935064935064936,0.620429252782194,0.4748153122901276,0.3246110325318246,459,3,1561,955
0.0554198214081521,0.9935064935064936,0.6208267090620032,0.474479516453996,0.3248407643312102,459,3,1562,954
0.0554802965010048,0.9935064935064936,0.6212241653418124,0.47414372061786436,0.32507082152974504,459,3,1563,953
0.0559882753737302,0.9935064935064936,0.6216216216216216,0.4738079247817327,0.3253012048192771,459,3,1564,952
0.0560387786784542,0.9935064935064936,0.6220190779014309,0.4734721289456011,0.32553191489361705,459,3,1565,951
0.0560803171704604,0.9935064935064936,0.6224165341812401,0.47313633310946945,0.3257629524485451,459,3,1566,950
0.0561030533677038,0.9935064935064936,0.6228139904610492,0.4728005372733378,0.3259943181818182,459,3,1567,949
0.0561782990066993,0.9935064935064936,0.6232114467408585,0.4724647414372062,0.326226012793177,459,3,1568,948
0.056197720402485,0.9935064935064936,0.6236089030206677,0.47212894560107455,0.3264580369843528,459,3,1569,947
0.0565068486366438,0.9935064935064936,0.624006359300477,0.4717931497649429,0.32669039145907475,459,3,1570,946
0.0569018130474241,0.9935064935064936,0.6244038155802861,0.4714573539288113,0.3269230769230769,459,3,1571,945
0.0569361599749613,0.9935064935064936,0.6248012718600954,0.47112155809267964,0.3271560940841055,459,3,1572,944
0.057045594177225,0.9935064935064936,0.6251987281399046,0.470785762256548,0.3273894436519258,459,3,1573,943
0.0570976631461526,0.9935064935064936,0.6255961844197139,0.47044996642041637,0.32762312633832974,459,3,1574,942
0.0572986768982223,0.9935064935064936,0.625993640699523,0.47011417058428473,0.32785714285714285,459,3,1575,941
0.0573313647717892,0.9935064935064936,0.6263910969793323,0.46977837474815315,0.3280914939242316,459,3,1576,940
0.0573971165648187,0.9935064935064936,0.6267885532591415,0.4694425789120215,0.3283261802575107,459,3,1577,939
0.0574895941621401,0.9935064935064936,0.6271860095389508,0.4691067830758899,0.3285612025769506,459,3,1578,938
0.0576693099548212,0.9935064935064936,0.6275834658187599,0.46877098723975824,0.32879656160458454,459,3,1579,937
0.0577528213313259,0.9935064935064936,0.6279809220985691,0.4684351914036266,0.32903225806451614,459,3,1580,936
0.05776637,0.9935064935064936,0.6283783783783784,0.46809939556749497,0.32926829268292684,459,3,1581,935
0.0578445848431082,0.9935064935064936,0.6287758346581876,0.46776359973136333,0.3295046661880833,459,3,1582,934
0.0583015754527273,0.9935064935064936,0.6291732909379968,0.4674278038952317,0.3297413793103448,459,3,1583,933
0.058628797631055,0.9935064935064936,0.629570747217806,0.46709200805910006,0.3299784327821711,459,3,1584,932
0.0590514844983576,0.9935064935064936,0.6299682034976153,0.4667562122229684,0.3302158273381295,459,3,1585,931
0.0592700938213024,0.9935064935064936,0.6303656597774245,0.4664204163868368,0.3304535637149028,459,3,1586,930
0.0592849554522251,0.9935064935064936,0.6307631160572337,0.46608462055070515,0.33069164265129686,459,3,1587,929
0.0594815596349791,0.9935064935064936,0.6311605723370429,0.4657488247145735,0.330930064888248,459,3,1588,928
0.059599675634575,0.9935064935064936,0.6315580286168522,0.4654130288784419,0.33116883116883117,459,3,1589,927
0.059626089683779,0.9935064935064936,0.6319554848966613,0.4650772330423103,0.33140794223826714,459,3,1590,926
0.0597226354257008,0.9935064935064936,0.6323529411764706,0.46474143720617866,0.33164739884393063,459,3,1591,925
0.0597687932303353,0.9935064935064936,0.6327503974562798,0.46440564137004703,0.3318872017353579,459,3,1592,924
0.0598573434359144,0.9935064935064936,0.6331478537360891,0.4640698455339154,0.3321273516642547,459,3,1593,923
0.0598798858111316,0.9935064935064936,0.6335453100158982,0.46373404969778376,0.332367849384504,459,3,1594,922
0.0599452856021885,0.9935064935064936,0.6339427662957074,0.4633982538616521,0.33260869565217394,459,3,1595,921
0.06,0.9935064935064936,0.6343402225755167,0.4630624580255205,0.3328498912255257,459,3,1596,920
0.0601691954655353,0.9935064935064936,0.6343402225755167,0.4630624580255205,0.3328498912255257,459,3,1596,920
0.0601863996620503,0.9935064935064936,0.634737678855326,0.46272666218938885,0.3330914368650218,459,3,1597,919
0.0602824769907272,0.9935064935064936,0.6351351351351351,0.4623908663532572,0.3333333333333333,459,3,1598,918
0.0603257680661372,0.9935064935064936,0.6355325914149443,0.4620550705171256,0.3335755813953488,459,3,1599,917
0.0603955801265383,0.9935064935064936,0.6359300476947536,0.46171927468099394,0.3338181818181818,459,3,1600,916
0.0605977041090207,0.9935064935064936,0.6363275039745628,0.4613834788448623,0.33406113537117904,459,3,1601,915
0.0606912249277326,0.9935064935064936,0.636724960254372,0.46104768300873067,0.33430444282592864,459,3,1602,914
0.0609433982828603,0.9935064935064936,0.6371224165341812,0.46071188717259903,0.33454810495626824,459,3,1603,913
0.0611292060942975,0.9935064935064936,0.6375198728139905,0.46037609133646745,0.3347921225382932,459,3,1604,912
0.0616477911098752,0.9935064935064936,0.6379173290937997,0.4600402955003358,0.335036496350365,459,3,1605,911
0.0617994441966072,0.9935064935064936,0.6383147853736089,0.4597044996642042,0.3352812271731191,459,3,1606,910
0.0618156668873179,0.9935064935064936,0.6387122416534181,0.45936870382807254,0.3355263157894737,459,3,1607,909
0.0619985561143693,0.9935064935064936,0.6391096979332274,0.4590329079919409,0.3357717629846379,459,3,1608,908
0.0620635824043128,0.9935064935064936,0.6395071542130366,0.4586971121558093,0.33601756954612005,459,3,1609,907
0.0620664921600215,0.9913419913419913,0.6395071542130366,0.45836131631967764,0.3355311355311355,458,4,1609,907
0.0621990597274797,0.9913419913419913,0.6399046104928457,0.458025520483546,0.3357771260997067,458,4,1610,906
0.0622523732434626,0.9913419913419913,0.640302066772655,0.45768972464741436,0.3360234776228907,458,4,1611,905
0.0625325197937571,0.9913419913419913,0.6406995230524642,0.45735392881128273,0.33627019089574156,458,4,1612,904
0.0625657271885384,0.9913419913419913,0.6410969793322735,0.4570181329751511,0.33651726671565024,458,4,1613,903
0.0626473756359849,0.9913419913419913,0.6414944356120826,0.45668233713901946,0.33676470588235297,458,4,1614,902
0.0632208379775914,0.9913419913419913,0.6418918918918919,0.4563465413028878,0.3370125091979397,458,4,1615,901
0.063228213175765,0.9913419913419913,0.6422893481717011,0.45601074546675624,0.33726067746686306,458,4,1616,900
0.0632485934700562,0.9913419913419913,0.6426868044515104,0.4556749496306246,0.3375092114959469,458,4,1617,899
0.0633879542809836,0.9913419913419913,0.6430842607313195,0.45533915379449297,0.33775811209439527,458,4,1618,898
0.0635056754381034,0.9913419913419913,0.6434817170111288,0.45500335795836133,0.3380073800738007,458,4,1619,897
0.0635439093578056,0.9913419913419913,0.643879173290938,0.4546675621222297,0.33825701624815363,458,4,1620,896
0.0635463203518415,0.9913419913419913,0.6442766295707473,0.45433176628609806,0.3385070214338507,458,4,1621,895
0.0635764759536471,0.9913419913419913,0.6446740858505564,0.4539959704499664,0.33875739644970415,458,4,1622,894
0.0636914365611115,0.9913419913419913,0.6450715421303657,0.4536601746138348,0.3390081421169504,458,4,1623,893
0.0638346452443941,0.9913419913419913,0.6454689984101749,0.45332437877770315,0.33925925925925926,458,4,1624,892
0.064062378491568,0.9913419913419913,0.645866454689984,0.4529885829415715,0.3395107487027428,458,4,1625,891
0.0643374801824969,0.9913419913419913,0.6462639109697933,0.4526527871054399,0.3397626112759644,458,4,1626,890
0.0645410240804833,0.9891774891774892,0.6462639109697933,0.45231699126930824,0.3392724573125464,457,5,1626,890
0.064807079379823,0.9891774891774892,0.6466613672496025,0.4519811954331766,0.3395245170876672,457,5,1627,889
0.0648148706096268,0.9891774891774892,0.6470588235294118,0.45164539959704497,0.3397769516728624,457,5,1628,888
0.065,0.9891774891774892,0.6474562798092209,0.4513096037609134,0.3400297619047619,457,5,1629,887
0.0652007512820262,0.9891774891774892,0.6474562798092209,0.4513096037609134,0.3400297619047619,457,5,1629,887
0.0652338749689607,0.9891774891774892,0.6478537360890302,0.45097380792478176,0.340282948622487,457,5,1630,886
0.0654367773455281,0.9891774891774892,0.6482511923688394,0.4506380120886501,0.3405365126676602,457,5,1631,885
0.0654480978877948,0.9891774891774892,0.6486486486486487,0.4503022162525185,0.3407904548844146,457,5,1632,884
0.0656463671010876,0.9891774891774892,0.6490461049284578,0.44996642041638685,0.341044776119403,457,5,1633,883
0.0656592862677458,0.9891774891774892,0.6494435612082671,0.4496306245802552,0.3412994772218073,457,5,1634,882
0.0657493132871553,0.9891774891774892,0.6498410174880763,0.4492948287441236,0.3415545590433483,457,5,1635,881
0.0657561752942839,0.9891774891774892,0.6502384737678856,0.44895903290799194,0.34181002243829467,457,5,1636,880
0.0660254468019236,0.9891774891774892,0.6506359300476947,0.4486232370718603,0.34206586826347307,457,5,1637,879
0.0661133043824495,0.9891774891774892,0.651033386327504,0.44828744123572867,0.3423220973782772,457,5,1638,878
0.0661366496001152,0.9891774891774892,0.6514308426073132,0.44795164539959703,0.34257871064467765,457,5,1639,877
0.0661655844439129,0.9891774891774892,0.6518282988871225,0.4476158495634654,0.3428357089272318,457,5,1640,876
0.0662786219191697,0.9891774891774892,0.6522257551669316,0.44728005372733376,0.3430930930930931,457,5,1641,875
0.0663966402817881,0.9891774891774892,0.6526232114467408,0.4469442578912021,0.34335086401202103,457,5,1642,874
0.0665386783236092,0.9891774891774892,0.6530206677265501,0.44660846205507054,0.343609022556391,457,5,1643,873
0.066623660746701,0.9891774891774892,0.6534181240063593,0.4462726662189389,0.3438675696012039,457,5,1644,872
0.0667066565994601,0.9891774891774892,0.6538155802861685,0.44593687038280727,0.3441265060240964,457,5,1645,871
0.0668715306717882,0.9891774891774892,0.6542130365659777,0.44560107454667564,0.3443858327053504,457,5,1646,870
0.0670589556188054,0.9891774891774892,0.654610492845787,0.445265278710544,0.34464555052790347,457,5,1647,869
0.0671362640749283,0.9891774891774892,0.6550079491255962,0.44492948287441236,0.3449056603773585,457,5,1648,868
0.0675199141619955,0.9891774891774892,0.6554054054054054,0.4445936870382807,0.34516616314199394,457,5,1649,867
0.0675988083916018,0.9891774891774892,0.6558028616852146,0.4442578912021491,0.345427059712774,457,5,1650,866
0.068070681768244,0.9891774891774892,0.6562003179650239,0.44392209536601746,0.34568835098335854,457,5,1651,865
0.0681431760057897,0.9891774891774892,0.6565977742448331,0.4435862995298858,0.3459500378501135,457,5,1652,864
0.0682635444723349,0.987012987012987,0.6565977742448331,0.4432505036937542,0.34545454545454546,456,6,1652,864
0.0685425722073592,0.987012987012987,0.6569952305246423,0.44291470785762255,0.3457164518574678,456,6,1653,863
0.0686471972272977,0.987012987012987,0.6573926868044515,0.4425789120214909,0.34597875569044007,456,6,1654,862
0.0691477932021487,0.987012987012987,0.6577901430842608,0.4422431161853593,0.3462414578587699,456,6,1655,861
0.0692437784676298,0.987012987012987,0.6581875993640699,0.4419073203492277,0.3465045592705167,456,6,1656,860
0.0693512522960179,0.987012987012987,0.6585850556438791,0.44157152451309606,0.3467680608365019,456,6,1657,859
0.069646700680975,0.987012987012987,0.6589825119236884,0.4412357286769644,0.3470319634703196,456,6,1658,858
0.0698923933935495,0.987012987012987,0.6593799682034976,0.4408999328408328,0.3472962680883473,456,6,1659,857
0.0699017097192384,0.987012987012987,0.6597774244833068,0.44056413700470115,0.3475609756097561,456,6,1660,856
0.07,0.987012987012987,0.660174880763116,0.4402283411685695,0.34782608695652173,456,6,1661,855
0.0702513069339099,0.987012987012987,0.660174880763116,0.4402283411685695,0.34782608695652173,456,6,1661,855
0.0704301017735913,0.987012987012987,0.6605723370429253,0.4398925453324379,0.3480916030534351,456,6,1662,854
0.0704380823995584,0.987012987012987,0.6609697933227345,0.43955674949630624,0.34835752482811305,456,6,1663,853
0.070584211352921,0.987012987012987,0.6613672496025437,0.4392209536601746,0.3486238532110092,456,6,1664,852
0.0707203437089236,0.987012987012987,0.6617647058823529,0.43888515782404297,0.34889058913542464,456,6,1665,851
0.0707509216303587,0.987012987012987,0.6621621621621622,0.43854936198791133,0.34915773353751917,456,6,1666,850
0.0707583707161056,0.987012987012987,0.6625596184419714,0.4382135661517797,0.34942528735632183,456,6,1667,849
0.0707617233196053,0.987012987012987,0.6629570747217806,0.43787777031564806,0.3496932515337423,456,6,1668,848
0.070812543481598,0.987012987012987,0.6633545310015898,0.4375419744795164,0.3499616270145817,456,6,1669,847
0.0708450604042424,0.987012987012987,0.6637519872813991,0.43720617864338485,0.35023041474654376,456,6,1670,846
0.0710427494808477,0.987012987012987,0.6641494435612083,0.4368703828072532,0.35049961568024596,456,6,1671,845
0.0711880162596911,0.987012987012987,0.6645468998410174,0.4365345869711216,0.3507692307692308,456,6,1672,844
0.0712501628677533,0.987012987012987,0.6649443561208267,0.43619879113498994,0.3510392609699769,456,6,1673,843
0.0712550247557892,0.987012987012987,0.665341812400636,0.4358629952988583,0.35130970724191063,456,6,1674,842
0.0715038924108411,0.987012987012987,0.6657392686804452,0.43552719946272667,0.3515805705474171,456,6,1675,841
0.0715210004787577,0.987012987012987,0.6661367249602543,0.43519140362659503,0.35185185185185186,456,6,1676,840
0.0717732866759214,0.987012987012987,0.6665341812400636,0.4348556077904634,0.3521235521235521,456,6,1677,839
0.0720784215857252,0.987012987012987,0.6669316375198728,0.43451981195433176,0.35239567233384855,456,6,1678,838
0.0721624843091995,0.987012987012987,0.6673290937996821,0.4341840161182001,0.35266821345707655,456,6,1679,837
0.0732447485829232,0.987012987012987,0.6677265500794912,0.4338482202820685,0.35294117647058826,456,6,1680,836
0.0736452860805951,0.987012987012987,0.6681240063593005,0.43351242444593685,0.35321456235476373,456,6,1681,835
0.0739799749451501,0.987012987012987,0.6685214626391097,0.4331766286098052,0.35348837209302325,456,6,1682,834
0.0743158652177249,0.987012987012987,0.668918918918919,0.43284083277367363,0.3537626066718386,456,6,1683,833
0.0746681937977912,0.987012987012987,0.6693163751987281,0.432505036937542,0.35403726708074534,456,6,1684,832
0.0747182411954918,0.987012987012987,0.6697138314785374,0.43216924110141036,0.3543123543123543,456,6,1685,831
0.0748143317795544,0.987012987012987,0.6701112877583466,0.4318334452652787,0.3545878693623639,456,6,1686,830
0.075,0.987012987012987,0.6705087440381559,0.4314976494291471,0.354863813229572,456,6,1687,829
0.0751052621488526,0.987012987012987,0.6705087440381559,0.4314976494291471,0.354863813229572,456,6,1687,829
0.0762397119532222,0.987012987012987,0.670906200317965,0.43116185359301545,0.35514018691588783,456,6,1688,828
0.0765040259422643,0.987012987012987,0.6713036565977742,0.4308260577568838,0.35541699142634453,456,6,1689,827
0.0765308031164333,0.987012987012987,0.6717011128775835,0.4304902619207522,0.35569422776911075,456,6,1690,826
0.076668595765538,0.987012987012987,0.6720985691573926,0.43015446608462055,0.3559718969555035,456,6,1691,825
0.0769229474523006,0.987012987012987,0.6724960254372019,0.4298186702484889,0.35625,456,6,1692,824
0.0769665072638315,0.987012987012987,0.6728934817170111,0.4294828744123573,0.3565285379202502,456,6,1693,823
0.0770864129652751,0.987012987012987,0.6732909379968204,0.42914707857622564,0.3568075117370892,456,6,1694,822
0.0770940198413674,0.987012987012987,0.6736883942766295,0.428811282740094,0.3570869224745497,456,6,1695,821
0.0771645751074025,0.987012987012987,0.6740858505564388,0.42847548690396237,0.3573667711598746,456,6,1696,820
0.077244407187975,0.987012987012987,0.674483306836248,0.4281396910678308,0.35764705882352943,456,6,1697,819
0.0784055150370627,0.987012987012987,0.6748807631160573,0.42780389523169915,0.3579277864992151,456,6,1698,818
0.0787659529129615,0.987012987012987,0.6752782193958664,0.4274680993955675,0.3582089552238806,456,6,1699,817
0.0788382450137772,0.987012987012987,0.6756756756756757,0.4271323035594359,0.3584905660377358,456,6,1700,816
0.0792232666553013,0.987012987012987,0.6760731319554849,0.42679650772330424,0.35877261998426435,456,6,1701,815
0.0794337402419976,0.9848484848484849,0.6760731319554849,0.4264607118871726,0.35826771653543305,455,7,1701,815
0.0796713374505172,0.9848484848484849,0.6764705882352942,0.42612491605104097,0.35855003940110325,455,7,1702,814
0.0798953868428245,0.9848484848484849,0.6768680445151033,0.42578912021490933,0.3588328075709779,455,7,1703,813
0.0799396752211159,0.9848484848484849,0.6772655007949125,0.4254533243787777,0.35911602209944754,455,7,1704,812
0.08,0.9848484848484849,0.6776629570747218,0.42511752854264606,0.3593996840442338,455,7,1705,811
0.0800172700162625,0.9848484848484849,0.6776629570747218,0.42511752854264606,0.3593996840442338,455,7,1705,811
0.0800173920076973,0.9848484848484849,0.678060413354531,0.4247817327065144,0.35968379446640314,455,7,1706,810
0.0800349689972182,0.9848484848484849,0.6784578696343402,0.4244459368703828,0.3599683544303797,455,7,1707,809
0.0803125022513125,0.9848484848484849,0.6788553259141494,0.42411014103425115,0.3602533650039588,455,7,1708,808
0.0805441352173615,0.9848484848484849,0.6792527821939587,0.4237743451981195,0.36053882725832015,455,7,1709,807
0.0806633124388984,0.9848484848484849,0.6796502384737679,0.42343854936198794,0.36082474226804123,455,7,1710,806
0.0807574539015371,0.9848484848484849,0.6800476947535771,0.4231027535258563,0.3611111111111111,455,7,1711,805
0.0809768641703084,0.9848484848484849,0.6804451510333863,0.42276695768972467,0.3613979348689436,455,7,1712,804
0.0811516738227273,0.9848484848484849,0.6808426073131956,0.42243116185359303,0.3616852146263911,455,7,1713,803
0.0812804388311787,0.9848484848484849,0.6812400635930048,0.4220953660174614,0.3619729514717582,455,7,1714,802
0.081328517234277,0.9848484848484849,0.681637519872814,0.42175957018132976,0.3622611464968153,455,7,1715,801
0.081863366342832,0.9848484848484849,0.6820349761526232,0.4214237743451981,0.36254980079681276,455,7,1716,800
0.0822772242468714,0.9848484848484849,0.6824324324324325,0.4210879785090665,0.3628389154704944,455,7,1717,799
0.0822852841144523,0.9848484848484849,0.6828298887122417,0.42075218267293485,0.36312849162011174,455,7,1718,798
0.0823858007855576,0.9848484848484849,0.6832273449920508,0.4204163868368032,0.3634185303514377,455,7,1719,797
0.0824101019106628,0.9848484848484849,0.6836248012718601,0.4200805910006716,0.36370903277378097,455,7,1720,796
0.0826033943860605,0.9848484848484849,0.6840222575516693,0.41974479516453994,0.364,455,7,1721,795
0.082858033029721,0.9848484848484849,0.6844197138314785,0.4194089993284083,0.36429143314651724,455,7,1722,794
0.0831613785929842,0.9848484848484849,0.6848171701112877,0.41907320349227667,0.3645833333333333,455,7,1723,793
0.0834125484985741,0.9826839826839827,0.6848171701112877,0.4187374076561451,0.3640737770649559,454,8,1723,793
0.0838373133517841,0.9826839826839827,0.685214626391097,0.41840161182001345,0.36436597110754415,454,8,1724,792
0.0838415142403978,0.9826839826839827,0.6856120826709062,0.4180658159838818,0.3646586345381526,454,8,1725,791
0.08404826312404,0.9826839826839827,0.6860095389507154,0.4177300201477502,0.364951768488746,454,8,1726,790
0.0843003273633445,0.9826839826839827,0.6864069952305246,0.41739422431161854,0.36524537409493163,454,8,1727,789
0.0848885311908503,0.9826839826839827,0.6868044515103339,0.4170584284754869,0.36553945249597425,454,8,1728,788
0.085,0.9826839826839827,0.6872019077901431,0.4167226326393553,0.36583400483481066,454,8,1729,787
0.0850861997200692,0.9826839826839827,0.6872019077901431,0.4167226326393553,0.36583400483481066,454,8,1729,787
0.0853195333549425,0.9826839826839827,0.6875993640699523,0.41638683680322364,0.36612903225806454,454,8,1730,786
0.0854123910249486,0.9826839826839827,0.6879968203497615,0.416051040967092,0.36642453591606133,454,8,1731,785
0.0856849295616424,0.9826839826839827,0.6883942766295708,0.41571524513096036,0.3667205169628433,454,8,1732,784
0.0859689289970662,0.9826839826839827,0.68879173290938,0.41537944929482873,0.3670169765561843,454,8,1733,783
0.0861382237437562,0.9826839826839827,0.6891891891891891,0.4150436534586971,0.3673139158576052,454,8,1734,782
0.086497603432488,0.9826839826839827,0.6895866454689984,0.41470785762256546,0.36761133603238866,454,8,1735,781
0.0869572532495257,0.9826839826839827,0.6899841017488076,0.4143720617864338,0.3679092382495948,454,8,1736,780
0.0869757863738629,0.9826839826839827,0.6903815580286169,0.41403626595030224,0.3682076236820762,454,8,1737,779
0.0872668837453376,0.9826839826839827,0.690779014308426,0.4137004701141706,0.3685064935064935,454,8,1738,778
0.087503209129792,0.9826839826839827,0.6911764705882353,0.41336467427803897,0.3688058489033306,454,8,1739,777
0.0877905405158216,0.9826839826839827,0.6915739268680445,0.41302887844190733,0.36910569105691055,454,8,1740,776
0.0881355412399994,0.9805194805194806,0.6915739268680445,0.4126930826057757,0.36859235150528885,453,9,1740,776
0.0886406390361242,0.9805194805194806,0.6919713831478538,0.41235728676964406,0.3688925081433225,453,9,1741,775
0.0886806390396547,0.9805194805194806,0.6923688394276629,0.4120214909335124,0.3691931540342298,453,9,1742,774
0.0888276906016523,0.9805194805194806,0.6927662957074722,0.4116856950973808,0.3694942903752039,453,9,1743,773
0.0892459702223983,0.9805194805194806,0.6931637519872814,0.41134989926124915,0.36979591836734693,453,9,1744,772
0.0893457516013448,0.9805194805194806,0.6935612082670907,0.4110141034251175,0.3700980392156863,453,9,1745,771
0.089609997126764,0.9805194805194806,0.6939586645468998,0.4106783075889859,0.3704006541291905,453,9,1746,770
0.0898419240469553,0.9805194805194806,0.6943561208267091,0.41034251175285424,0.3707037643207856,453,9,1747,769
0.09,0.9805194805194806,0.6947535771065183,0.4100067159167226,0.371007371007371,453,9,1748,768
0.0901199676395201,0.9805194805194806,0.6947535771065183,0.4100067159167226,0.371007371007371,453,9,1748,768
0.0901833472785332,0.9805194805194806,0.6951510333863276,0.40967092008059103,0.37131147540983606,453,9,1749,767
0.0903363692884958,0.9805194805194806,0.6955484896661367,0.4093351242444594,0.3716160787530763,453,9,1750,766
0.0904811294731189,0.9805194805194806,0.6959459459459459,0.40899932840832776,0.37192118226600984,453,9,1751,765
0.0907127034656609,0.9805194805194806,0.6963434022257552,0.4086635325721961,0.3722267871815941,453,9,1752,764
0.0908325454881718,0.9805194805194806,0.6967408585055644,0.4083277367360645,0.3725328947368421,453,9,1753,763
0.0909593275441534,0.9805194805194806,0.6971383147853736,0.40799194089993285,0.3728395061728395,453,9,1754,762
0.0909719245444492,0.9805194805194806,0.6975357710651828,0.4076561450638012,0.3731466227347611,453,9,1755,761
0.0911416899959062,0.9805194805194806,0.6979332273449921,0.4073203492276696,0.3734542456718879,453,9,1756,760
0.091684696186782,0.9805194805194806,0.6983306836248012,0.40698455339153794,0.37376237623762376,453,9,1757,759
0.0917371787175013,0.9805194805194806,0.6987281399046105,0.4066487575554063,0.3740710156895128,453,9,1758,758
0.0920699315048917,0.9805194805194806,0.6991255961844197,0.40631296171927467,0.3743801652892562,453,9,1759,757
0.0922437776016617,0.9805194805194806,0.699523052464229,0.40597716588314303,0.3746898263027295,453,9,1760,756
0.0929041194469643,0.9805194805194806,0.6999205087440381,0.4056413700470114,0.375,453,9,1761,755
0.0933242746024528,0.9805194805194806,0.7003179650238474,0.40530557421087976,0.3753106876553438,453,9,1762,754
0.0934280760387923,0.9805194805194806,0.7007154213036566,0.4049697783747482,0.3756218905472637,453,9,1763,753
0.0935059167537603,0.9805194805194806,0.7011128775834659,0.40463398253861654,0.3759336099585062,453,9,1764,752
0.0936510554925346,0.9805194805194806,0.701510333863275,0.4042981867024849,0.37624584717607973,453,9,1765,751
0.0936940240735222,0.9805194805194806,0.7019077901430842,0.40396239086635327,0.3765586034912718,453,9,1766,750
0.0940545261465893,0.9805194805194806,0.7023052464228935,0.40362659503022164,0.3768718801996672,453,9,1767,749
0.0945509957147517,0.9805194805194806,0.7027027027027027,0.40329079919409,0.3771856786011657,453,9,1768,748
0.095,0.9805194805194806,0.7031001589825119,0.40295500335795836,0.3775,453,9,1769,747
0.0954129072440388,0.9805194805194806,0.7031001589825119,0.40295500335795836,0.3775,453,9,1769,747
0.0954712363136107,0.9805194805194806,0.7034976152623211,0.4026192075218267,0.377814845704754,453,9,1770,746
0.0955146774877056,0.9805194805194806,0.7038950715421304,0.4022834116856951,0.3781302170283806,453,9,1771,745
0.095578279321567,0.9805194805194806,0.7042925278219396,0.40194761584956346,0.37844611528822053,453,9,1772,744
0.0957437654149011,0.9805194805194806,0.7046899841017488,0.4016118200134318,0.3787625418060201,453,9,1773,743
0.0961613373578136,0.9805194805194806,0.705087440381558,0.4012760241773002,0.3790794979079498,453,9,1774,742
0.0961743891540926,0.9805194805194806,0.7054848966613673,0.40094022834116855,0.3793969849246231,453,9,1775,741
0.0970512465368451,0.9783549783549783,0.7054848966613673,0.4006044325050369,0.3788767812238055,452,10,1775,741
0.0970717583566706,0.9783549783549783,0.7058823529411765,0.40026863666890533,0.37919463087248323,452,10,1776,740
0.0970945838775272,0.9783549783549783,0.7062798092209857,0.3999328408327737,0.3795130142737196,452,10,1777,739
0.0973168750577515,0.9783549783549783,0.7066772655007949,0.39959704499664206,0.3798319327731092,452,10,1778,738
0.0973955523182311,0.9783549783549783,0.7070747217806042,0.3992612491605104,0.3801513877207738,452,10,1779,737
0.0978776208923212,0.9783549783549783,0.7074721780604134,0.3989254533243788,0.38047138047138046,452,10,1780,736
0.0978969604664248,0.9783549783549783,0.7078696343402225,0.39858965748824715,0.38079191238416177,452,10,1781,735
0.0980541167174369,0.9783549783549783,0.7082670906200318,0.3982538616521155,0.3811129848229342,452,10,1782,734
0.0983026893465345,0.9783549783549783,0.708664546899841,0.3979180658159839,0.38143459915611816,452,10,1783,733
0.0984910648546499,0.9783549783549783,0.7090620031796503,0.39758226997985224,0.38175675675675674,452,10,1784,732
0.0989773813324326,0.9783549783549783,0.7094594594594594,0.3972464741437206,0.3820794590025359,452,10,1785,731
0.0990340360194637,0.9783549783549783,0.7098569157392687,0.39691067830758897,0.3824027072758037,452,10,1786,730
0.0993420141507937,0.9783549783549783,0.7102543720190779,0.39657488247145734,0.3827265029635902,452,10,1787,729
0.0993865502373502,0.9761904761904762,0.7102543720190779,0.3962390866353257,0.3822033898305085,451,11,1787,729
0.0995568877397456,0.9761904761904762,0.7106518282988871,0.39590329079919406,0.3825275657336726,451,11,1788,728
0.0995891084436785,0.9761904761904762,0.7110492845786963,0.3955674949630625,0.3828522920203735,451,11,1789,727
0.0998680336983014,0.974025974025974,0.7110492845786963,0.39523169912693085,0.3823279524214104,450,12,1789,727
0.1,0.974025974025974,0.7114467408585056,0.3948959032907992,0.3826530612244898,450,12,1790,726
0.1003971069622237,0.974025974025974,0.7114467408585056,0.3948959032907992,0.3826530612244898,450,12,1790,726
0.1004087122217166,0.974025974025974,0.7118441971383148,0.3945601074546676,0.3829787234042553,450,12,1791,725
0.1004833499464769,0.974025974025974,0.712241653418124,0.39422431161853594,0.3833049403747871,450,12,1792,724
0.1005607241274015,0.974025974025974,0.7126391096979332,0.3938885157824043,0.3836317135549872,450,12,1793,723
0.1010085121248345,0.974025974025974,0.7130365659777425,0.39355271994627267,0.3839590443686007,450,12,1794,722
0.1010289499332089,0.974025974025974,0.7134340222575517,0.39321692411014103,0.3842869342442357,450,12,1795,721
0.1013333669786686,0.974025974025974,0.7138314785373608,0.3928811282740094,0.38461538461538464,450,12,1796,720
0.1014585273972106,0.974025974025974,0.7142289348171701,0.39254533243787776,0.3849443969204448,450,12,1797,719
0.1014746601693564,0.974025974025974,0.7146263910969793,0.3922095366017461,0.3852739726027397,450,12,1798,718
0.1015373854461915,0.974025974025974,0.7150238473767886,0.3918737407656145,0.3856041131105398,450,12,1799,717
0.1017616084386923,0.974025974025974,0.7154213036565977,0.39153794492948285,0.38593481989708406,450,12,1800,716
0.1017713795451204,0.974025974025974,0.715818759936407,0.39120214909335127,0.38626609442060084,450,12,1801,715
0.1018980447010952,0.974025974025974,0.7162162162162162,0.39086635325721963,0.3865979381443299,450,12,1802,714
0.1024292343188594,0.974025974025974,0.7166136724960255,0.390530557421088,0.3869303525365434,450,12,1803,713
0.1026394376668625,0.974025974025974,0.7170111287758346,0.39019476158495636,0.387263339070568,450,12,1804,712
0.1027291453495623,0.974025974025974,0.7174085850556439,0.3898589657488247,0.3875968992248062,450,12,1805,711
0.1030355526908933,0.974025974025974,0.7178060413354531,0.3895231699126931,0.3879310344827586,450,12,1806,710
0.1031447279997451,0.974025974025974,0.7182034976152624,0.38918737407656145,0.3882657463330457,450,12,1807,709
0.10322641467726,0.974025974025974,0.7186009538950715,0.3888515782404298,0.38860103626943004,450,12,1808,708
0.1032918813530065,0.974025974025974,0.7189984101748808,0.3885157824042982,0.3889369057908384,450,12,1809,707
0.1034190628965809,0.974025974025974,0.71939586645469,0.38817998656816655,0.3892733564013841,450,12,1810,706
0.1035222562514499,0.974025974025974,0.7197933227344993,0.3878441907320349,0.38961038961038963,450,12,1811,705
0.1036794508053321,0.974025974025974,0.7201907790143084,0.3875083948959033,0.389948006932409,450,12,1812,704
0.1038027413681402,0.974025974025974,0.7205882352941176,0.38717259905977164,0.39028620988725066,450,12,1813,703
0.1042242621239632,0.974025974025974,0.7209856915739269,0.38683680322364,0.390625,450,12,1814,702
0.1048620183453034,0.974025974025974,0.7213831478537361,0.3865010073875084,0.39096437880104257,450,12,1815,701
0.1049148124671796,0.974025974025974,0.7217806041335453,0.3861652115513768,0.391304347826087,450,12,1816,700
0.105,0.974025974025974,0.7221780604133545,0.38582941571524515,0.391644908616188,450,12,1817,699
0.1050012328329933,0.974025974025974,0.7221780604133545,0.38582941571524515,0.391644908616188,450,12,1817,699
0.1051013655921319,0.974025974025974,0.7225755166931638,0.3854936198791135,0.39198606271777003,450,12,1818,698
0.1055773005836595,0.974025974025974,0.722972972972973,0.3851578240429819,0.3923278116826504,450,12,1819,697
0.1057053979513486,0.974025974025974,0.7233704292527822,0.38482202820685024,0.39267015706806285,450,12,1820,696
0.1057967423197287,0.974025974025974,0.7237678855325914,0.3844862323707186,0.3930131004366812,450,12,1821,695
0.1058019451115334,0.974025974025974,0.7241653418124007,0.38415043653458697,0.39335664335664333,450,12,1822,694
0.106242158725094,0.974025974025974,0.7245627980922098,0.38381464069845533,0.3937007874015748,450,12,1823,693
0.106466623741335,0.974025974025974,0.724960254372019,0.3834788448623237,0.39404553415061294,450,12,1824,692
0.1065634931000746,0.974025974025974,0.7253577106518283,0.38314304902619206,0.3943908851884312,450,12,1825,691
0.1068758637398376,0.974025974025974,0.7257551669316376,0.3828072531900604,0.39473684210526316,450,12,1826,690
0.1071166463220838,0.974025974025974,0.7261526232114467,0.3824714573539288,0.39508340649692714,450,12,1827,689
0.1073501269673118,0.974025974025974,0.7265500794912559,0.38213566151779715,0.3954305799648506,450,12,1828,688
0.1075607060506732,0.9718614718614719,0.7265500794912559,0.3817998656816656,0.39489885664028146,449,13,1828,688
0.1079847493136573,0.9718614718614719,0.7269475357710652,0.38146406984553394,0.39524647887323944,449,13,1829,687
0.1085968371538537,0.9718614718614719,0.7273449920508744,0.3811282740094023,0.39559471365638765,449,13,1830,686
0.1086486817215136,0.9718614718614719,0.7277424483306836,0.38079247817327067,0.3959435626102293,449,13,1831,685
0.1087188153159158,0.9718614718614719,0.7281399046104928,0.38045668233713903,0.39629302736098854,449,13,1832,684
0.1092600634085244,0.9718614718614719,0.7285373608903021,0.3801208865010074,0.39664310954063603,449,13,1833,683
0.1095446798757097,0.9718614718614719,0.7289348171701113,0.37978509066487576,0.39699381078691426,449,13,1834,682
0.1096149215757617,0.9718614718614719,0.7293322734499205,0.3794492948287441,0.3973451327433628,449,13,1835,681
0.1097003135452523,0.9718614718614719,0.7297297297297297,0.3791134989926125,0.39769707705934454,449,13,1836,680
0.11,0.9696969696969697,0.7297297297297297,0.37877770315648085,0.3971631205673759,448,14,1836,680
0.1100181873910663,0.9696969696969697,0.7297297297297297,0.37877770315648085,0.3971631205673759,448,14,1836,680
0.1103968943451078,0.9696969696969697,0.730127186009539,0.3784419073203492,0.39751552795031053,448,14,1837,679
0.1104927420544646,0.9696969696969697,0.7305246422893482,0.3781061114842176,0.3978685612788632,448,14,1838,678
0.1110814532349161,0.9696969696969697,0.7309220985691574,0.37777031564808594,0.3982222222222222,448,14,1839,677
0.1112697636068537,0.9696969696969697,0.7313195548489666,0.3774345198119543,0.398576512455516,448,14,1840,676
0.1117144798114822,0.9696969696969697,0.7317170111287759,0.3770987239758227,0.39893143365983974,448,14,1841,675
0.1120207813401558,0.9696969696969697,0.7321144674085851,0.3767629281396911,0.39928698752228164,448,14,1842,674
0.1120725888792741,0.9696969696969697,0.7325119236883942,0.37642713230355945,0.39964317573595004,448,14,1843,673
0.1121321100375016,0.9696969696969697,0.7329093799682035,0.3760913364674278,0.4,448,14,1844,672
0.1127935152750931,0.9696969696969697,0.7333068362480127,0.3757555406312962,0.40035746201966044,448,14,1845,671
0.11283638666758,0.9696969696969697,0.733704292527822,0.37541974479516454,0.4007155635062612,448,14,1846,670
0.1128717358716731,0.9696969696969697,0.7341017488076311,0.3750839489590329,0.40107430617726053,448,14,1847,669
0.1130437739373953,0.9696969696969697,0.7344992050874404,0.3747481531229013,0.4014336917562724,448,14,1848,668
0.1132058496898681,0.9696969696969697,0.7348966613672496,0.37441235728676964,0.40179372197309415,448,14,1849,667
0.1132219735059286,0.9696969696969697,0.7352941176470589,0.374076561450638,0.4021543985637343,448,14,1850,666
0.1133994933525059,0.9696969696969697,0.735691573926868,0.37374076561450637,0.4025157232704403,448,14,1851,665
0.113478174581565,0.9696969696969697,0.7360890302066773,0.37340496977837473,0.4028776978417266,448,14,1852,664
0.1139655423207547,0.9696969696969697,0.7364864864864865,0.3730691739422431,0.40324032403240323,448,14,1853,663
0.1142144312492758,0.9696969696969697,0.7368839427662957,0.37273337810611146,0.4036036036036036,448,14,1854,662
0.1143776713359658,0.9696969696969697,0.7372813990461049,0.3723975822699799,0.40396753832281335,448,14,1855,661
0.11440803181615,0.9696969696969697,0.7376788553259142,0.37206178643384824,0.4043321299638989,448,14,1856,660
0.1145435827792016,0.9696969696969697,0.7380763116057234,0.3717259905977166,0.4046973803071364,448,14,1857,659
0.1147077289976115,0.9696969696969697,0.7384737678855325,0.37139019476158497,0.4050632911392405,448,14,1858,658
0.1149915870800672,0.9696969696969697,0.7388712241653418,0.37105439892545333,0.40542986425339367,448,14,1859,657
0.115,0.9696969696969697,0.739268680445151,0.3707186030893217,0.4057971014492754,448,14,1860,656
0.1152899247829866,0.9696969696969697,0.739268680445151,0.3707186030893217,0.4057971014492754,448,14,1860,656
0.115374249077006,0.9696969696969697,0.7396661367249603,0.37038280725319006,0.40616500453309157,448,14,1861,655
0.1162154556861901,0.9675324675324676,0.7396661367249603,0.3700470114170584,0.4056261343012704,447,15,1861,655
0.1162989846397602,0.9675324675324676,0.7400635930047694,0.3697112155809268,0.40599455040871935,447,15,1862,654
0.1163671287542104,0.9675324675324676,0.7404610492845787,0.36937541974479515,0.40636363636363637,447,15,1863,653
0.1166593860032707,0.9675324675324676,0.7408585055643879,0.3690396239086635,0.4067333939945405,447,15,1864,652
0.1168779379794787,0.9675324675324676,0.7412559618441972,0.3687038280725319,0.40710382513661203,447,15,1865,651
0.117088878115191,0.9675324675324676,0.7416534181240063,0.36836803223640024,0.4074749316317229,447,15,1866,650
0.1172266733952856,0.9675324675324676,0.7420508744038156,0.36803223640026866,0.40784671532846717,447,15,1867,649
0.1175086939609368,0.9675324675324676,0.7424483306836248,0.36769644056413703,0.40821917808219177,447,15,1868,648
0.1177323192965049,0.9675324675324676,0.7428457869634341,0.3673606447280054,0.4085923217550274,447,15,1869,647
0.1178985328210146,0.9675324675324676,0.7432432432432432,0.36702484889187376,0.4089661482159195,447,15,1870,646
0.1182085337187962,0.9675324675324676,0.7436406995230525,0.3666890530557421,0.40934065934065933,447,15,1871,645
0.1186291205221444,0.9675324675324676,0.7440381558028617,0.3663532572196105,0.40971585701191565,447,15,1872,644
0.1187744760383045,0.9675324675324676,0.744435612082671,0.36601746138347885,0.41009174311926605,447,15,1873,643
0.1188735775610065,0.9675324675324676,0.7448330683624801,0.3656816655473472,0.41046831955922863,447,15,1874,642
0.1192872091292873,0.9675324675324676,0.7452305246422893,0.3653458697112156,0.4108455882352941,447,15,1875,641
0.1194195244535725,0.9675324675324676,0.7456279809220986,0.36501007387508394,0.41122355105795766,447,15,1876,640
0.1194233584743428,0.9675324675324676,0.7460254372019078,0.3646742780389523,0.4116022099447514,447,15,1877,639
0.1195211742892449,0.9675324675324676,0.746422893481717,0.36433848220282067,0.4119815668202765,447,15,1878,638
0.1197951333155646,0.9675324675324676,0.7468203497615262,0.36400268636668903,0.4123616236162362,447,15,1879,637
0.1199447141799651,0.9675324675324676,0.7472178060413355,0.3636668905305574,0.41274238227146814,447,15,1880,636
0.12,0.9653679653679653,0.7472178060413355,0.3633310946944258,0.4121996303142329,446,16,1880,636
0.1200586957748143,0.9653679653679653,0.7472178060413355,0.3633310946944258,0.4121996303142329,446,16,1880,636
0.1201948387709847,0.9653679653679653,0.7476152623211447,0.3629952988582942,0.4125809435707678,446,16,1881,635
0.1202106095191576,0.9653679653679653,0.7480127186009539,0.36265950302216254,0.412962962962963,446,16,1882,634
0.1207928290566191,0.9653679653679653,0.7484101748807631,0.3623237071860309,0.41334569045412417,446,16,1883,633
0.120842961138097,0.9653679653679653,0.7488076311605724,0.36198791134989927,0.4137291280148423,446,16,1884,632
0.1218633767921237,0.9653679653679653,0.7492050874403816,0.36165211551376764,0.4141132776230269,446,16,1885,631
0.1219371145169208,0.9653679653679653,0.7496025437201908,0.361316319677636,0.4144981412639405,446,16,1886,630
0.1220120082827687,0.9653679653679653,0.75,0.36098052384150436,0.41488372093023257,446,16,1887,629
0.122058596398239,0.9653679653679653,0.7503974562798092,0.36064472800537273,0.41527001862197394,446,16,1888,628
0.1221370387434959,0.9653679653679653,0.7507949125596184,0.3603089321692411,0.41565703634669154,446,16,1889,627
0.1226889624867183,0.9653679653679653,0.7511923688394276,0.35997313633310946,0.416044776119403,446,16,1890,626
0.1229770505624577,0.9653679653679653,0.7515898251192369,0.3596373404969778,0.41643323996265175,446,16,1891,625
0.1230131630177747,0.9653679653679653,0.7519872813990461,0.3593015446608462,0.41682242990654206,446,16,1892,624
0.1232670364930681,0.9653679653679653,0.7523847376788553,0.35896574882471455,0.41721234798877455,446,16,1893,623
0.1232884581095731,0.9653679653679653,0.7527821939586645,0.35862995298858297,0.41760299625468167,446,16,1894,622
0.1236262676643936,0.9653679653679653,0.7531796502384738,0.35829415715245133,0.41799437675726336,446,16,1895,621
0.1240399526419355,0.9653679653679653,0.753577106518283,0.3579583613163197,0.41838649155722324,446,16,1896,620
0.1244333149769267,0.9653679653679653,0.7539745627980922,0.35762256548018806,0.4187793427230047,446,16,1897,619
0.1247940026968688,0.9653679653679653,0.7543720190779014,0.3572867696440564,0.4191729323308271,446,16,1898,618
0.125,0.9653679653679653,0.7547694753577107,0.3569509738079248,0.4195672624647225,446,16,1899,617
0.1256282957559838,0.9653679653679653,0.7547694753577107,0.3569509738079248,0.4195672624647225,446,16,1899,617
0.1257397759352089,0.9653679653679653,0.7551669316375199,0.35661517797179315,0.4199623352165725,446,16,1900,616
0.1259483969468897,0.9653679653679653,0.755564387917329,0.3562793821356615,0.4203581526861451,446,16,1901,615
0.1266776317911368,0.9653679653679653,0.7559618441971383,0.3559435862995299,0.4207547169811321,446,16,1902,614
0.1267124031952041,0.9653679653679653,0.7563593004769475,0.35560779046339824,0.421152030217186,446,16,1903,613
0.1270641892531196,0.9653679653679653,0.7567567567567568,0.3552719946272666,0.4215500945179584,446,16,1904,612
0.1270925057430838,0.9653679653679653,0.7571542130365659,0.35493619879113497,0.4219489120151372,446,16,1905,611
0.1271897057553673,0.9653679653679653,0.7575516693163752,0.35460040295500334,0.42234848484848486,446,16,1906,610
0.1274735734258604,0.9653679653679653,0.7579491255961844,0.3542646071188717,0.42274881516587676,446,16,1907,609
0.128214936800306,0.9653679653679653,0.7583465818759937,0.3539288112827401,0.42314990512333966,446,16,1908,608
0.128304310385815,0.9653679653679653,0.7587440381558028,0.3535930154466085,0.4235517568850902,446,16,1909,607
0.1286651925716415,0.9653679653679653,0.7591414944356121,0.35325721961047685,0.42395437262357416,446,16,1910,606
0.128749688847996,0.9653679653679653,0.7595389507154213,0.3529214237743452,0.42435775451950525,446,16,1911,605
0.1288896815324612,0.9653679653679653,0.7599364069952306,0.3525856279382136,0.4247619047619048,446,16,1912,604
0.1292989238519845,0.9653679653679653,0.7603338632750397,0.35224983210208194,0.4251668255481411,446,16,1913,603
0.1293809320826595,0.9653679653679653,0.760731319554849,0.3519140362659503,0.4255725190839695,446,16,1914,602
0.1293983935575481,0.9653679653679653,0.7611287758346582,0.35157824042981867,0.4259789875835721,446,16,1915,601
0.1295214589134128,0.9653679653679653,0.7615262321144675,0.35124244459368703,0.42638623326959846,446,16,1916,600
0.1295394145784322,0.9653679653679653,0.7619236883942766,0.3509066487575554,0.4267942583732057,446,16,1917,599
0.129614890688765,0.9653679653679653,0.7623211446740858,0.35057085292142376,0.4272030651340996,446,16,1918,598
0.1298736493973645,0.9653679653679653,0.7627186009538951,0.3502350570852921,0.4276126558005753,446,16,1919,597
0.13,0.9653679653679653,0.7631160572337043,0.3498992612491605,0.42802303262955854,446,16,1920,596
0.1304644460009551,0.9653679653679653,0.7631160572337043,0.3498992612491605,0.42802303262955854,446,16,1920,596
0.1305031060018857,0.9653679653679653,0.7635135135135135,0.34956346541302885,0.42843419788664744,446,16,1921,595
0.1305293596496014,0.9653679653679653,0.7639109697933227,0.34922766957689727,0.4288461538461538,446,16,1922,594
0.1306675453920026,0.9632034632034632,0.7639109697933227,0.34889187374076563,0.42829643888354185,445,17,1922,594
0.1309083396632551,0.9632034632034632,0.764308426073132,0.348556077904634,0.42870905587668595,445,17,1923,593
0.1310532683305084,0.9632034632034632,0.7647058823529411,0.34822028206850236,0.42912246865959497,445,17,1924,592
0.1310840069647669,0.9632034632034632,0.7651033386327504,0.3478844862323707,0.4295366795366795,445,17,1925,591
0.1311892690356316,0.9632034632034632,0.7655007949125596,0.3475486903962391,0.42995169082125606,445,17,1926,590
0.1322493991405966,0.9632034632034632,0.7658982511923689,0.34721289456010745,0.43036750483558994,445,17,1927,589
0.1324356129497189,0.9632034632034632,0.766295707472178,0.3468770987239758,0.430784123910939,445,17,1928,588
0.132437178150485,0.9632034632034632,0.7666931637519873,0.3465413028878442,0.4312015503875969,445,17,1929,587
0.1332641406087908,0.9632034632034632,0.7670906200317965,0.34620550705171255,0.43161978661493694,445,17,1930,586
0.133301401760728,0.9632034632034632,0.7674880763116058,0.3458697112155809,0.4320388349514563,445,17,1931,585
0.1336518385598924,0.9632034632034632,0.7678855325914149,0.3455339153794493,0.4324586977648202,445,17,1932,584
0.1337929630052357,0.9632034632034632,0.7682829888712241,0.34519811954331764,0.43287937743190663,445,17,1933,583
0.1339460230208841,0.9632034632034632,0.7686804451510334,0.34486232370718606,0.433300876338851,445,17,1934,582
0.1340375505904222,0.9632034632034632,0.7690779014308426,0.3445265278710544,0.4337231968810916,445,17,1935,581
0.135,0.9632034632034632,0.7694753577106518,0.3441907320349228,0.43414634146341463,445,17,1936,580
0.1351255624216484,0.9632034632034632,0.7694753577106518,0.3441907320349228,0.43414634146341463,445,17,1936,580
0.1351305140214294,0.9632034632034632,0.769872813990461,0.34385493619879115,0.4345703125,445,17,1937,579
0.135151494984484,0.9632034632034632,0.7702702702702703,0.3435191403626595,0.43499511241446726,445,17,1938,578
0.1351521241319286,0.9632034632034632,0.7706677265500795,0.3431833445265279,0.4354207436399217,445,17,1939,577
0.1352582055832765,0.9632034632034632,0.7710651828298887,0.34284754869039624,0.435847208619001,445,17,1940,576
0.1355616021806917,0.961038961038961,0.7710651828298887,0.3425117528542646,0.43529411764705883,444,18,1940,576
0.1358376670321381,0.961038961038961,0.7714626391096979,0.34217595701813297,0.43572129538763493,444,18,1941,575
0.1359955058303263,0.961038961038961,0.7718600953895072,0.34184016118200133,0.4361493123772102,444,18,1942,574
0.1361859553618595,0.961038961038961,0.7722575516693164,0.3415043653458697,0.4365781710914454,444,18,1943,573
0.1364229456396849,0.961038961038961,0.7726550079491256,0.34116856950973806,0.43700787401574803,444,18,1944,572
0.1369049210743905,0.961038961038961,0.7730524642289348,0.3408327736736064,0.4374384236453202,444,18,1945,571
0.1372643770507492,0.961038961038961,0.7734499205087441,0.3404969778374748,0.4378698224852071,444,18,1946,570
0.1372891576474698,0.961038961038961,0.7738473767885533,0.3401611820013432,0.4383020730503455,444,18,1947,569
0.1374311602368804,0.961038961038961,0.7742448330683624,0.3398253861652116,0.43873517786561267,444,18,1948,568
0.1376060654203575,0.961038961038961,0.7746422893481717,0.33948959032907994,0.4391691394658754,444,18,1949,567
0.1378791008456014,0.961038961038961,0.775039745627981,0.3391537944929483,0.4396039603960396,444,18,1950,566
0.1388608351776207,0.961038961038961,0.7754372019077902,0.33881799865681667,0.4400396432111001,444,18,1951,565
0.1391284767930999,0.961038961038961,0.7758346581875993,0.33848220282068503,0.44047619047619047,444,18,1952,564
0.1393060228109782,0.961038961038961,0.7762321144674086,0.3381464069845534,0.44091360476663355,444,18,1953,563
0.1398917882630006,0.961038961038961,0.7766295707472178,0.33781061114842176,0.441351888667992,444,18,1954,562
0.14,0.9588744588744589,0.7766295707472178,0.3374748153122901,0.4407960199004975,443,19,1954,562
0.1400906907767618,0.9588744588744589,0.7766295707472178,0.3374748153122901,0.4407960199004975,443,19,1954,562
0.1401001766493223,0.9588744588744589,0.777027027027027,0.3371390194761585,0.44123505976095617,443,19,1955,561
0.1406834871254678,0.9588744588744589,0.7774244833068362,0.33680322364002685,0.44167497507477566,443,19,1956,560
0.1408368638173199,0.9588744588744589,0.7778219395866455,0.3364674278038952,0.4421157684630739,443,19,1957,559
0.1409510064153315,0.9588744588744589,0.7782193958664547,0.3361316319677636,0.44255744255744256,443,19,1958,558
0.1410020694682832,0.9588744588744589,0.7786168521462639,0.33579583613163194,0.443,443,19,1959,557
0.1414932059777739,0.9588744588744589,0.7790143084260731,0.33546004029550036,0.44344344344344344,443,19,1960,556
0.1416311991416312,0.9588744588744589,0.7794117647058824,0.3351242444593687,0.4438877755511022,443,19,1961,555
0.1420258773194395,0.9588744588744589,0.7798092209856916,0.3347884486232371,0.44433299899699097,443,19,1962,554
0.1420773520913537,0.9588744588744589,0.7802066772655007,0.33445265278710545,0.44477911646586343,443,19,1963,553
0.1422616520083368,0.9588744588744589,0.78060413354531,0.3341168569509738,0.4452261306532663,443,19,1964,552
0.1423428476785375,0.9588744588744589,0.7810015898251192,0.3337810611148422,0.44567404426559354,443,19,1965,551
0.142585852182877,0.9588744588744589,0.7813990461049285,0.33344526527871055,0.446122860020141,443,19,1966,550
0.1426128336673061,0.9588744588744589,0.7817965023847376,0.3331094694425789,0.4465725806451613,443,19,1967,549
0.1426595791398937,0.9588744588744589,0.7821939586645469,0.3327736736064473,0.44702320887991925,443,19,1968,548
0.1430588517124703,0.9588744588744589,0.7825914149443561,0.33243787777031564,0.44747474747474747,443,19,1969,547
0.1431342216007758,0.9588744588744589,0.7829888712241654,0.332102081934184,0.44792719919110213,443,19,1970,546
0.1434326070796144,0.9588744588744589,0.7833863275039745,0.33176628609805237,0.4483805668016194,443,19,1971,545
0.1445601500423127,0.9588744588744589,0.7837837837837838,0.33143049026192073,0.44883485309017224,443,19,1972,544
0.145,0.9588744588744589,0.784181240063593,0.3310946944257891,0.44929006085192696,443,19,1973,543
0.1453541947860165,0.9588744588744589,0.784181240063593,0.3310946944257891,0.44929006085192696,443,19,1973,543
0.1456324473957743,0.9588744588744589,0.7845786963434023,0.3307588985896575,0.449746192893401,443,19,1974,542
0.1457821330660113,0.9588744588744589,0.7849761526232114,0.3304231027535259,0.4502032520325203,443,19,1975,541
0.1462033285379667,0.9588744588744589,0.7853736089030207,0.33008730691739424,0.4506612410986775,443,19,1976,540
0.146228746441459,0.9588744588744589,0.7857710651828299,0.3297515110812626,0.4511201629327902,443,19,1977,539
0.1464903237324516,0.9588744588744589,0.7861685214626392,0.32941571524513097,0.45158002038735984,443,19,1978,538
0.1464946426089289,0.9588744588744589,0.7865659777424483,0.32907991940899933,0.4520408163265306,443,19,1979,537
0.1468079794880848,0.9588744588744589,0.7869634340222575,0.3287441235728677,0.4525025536261491,443,19,1980,536
0.1468130447102408,0.9588744588744589,0.7873608903020668,0.32840832773673606,0.45296523517382414,443,19,1981,535
0.1476556106121744,0.9588744588744589,0.787758346581876,0.3280725319006044,0.4534288638689867,443,19,1982,534
0.1479448666799851,0.9588744588744589,0.7881558028616852,0.3277367360644728,0.45389344262295084,443,19,1983,533
0.1480602387626289,0.9588744588744589,0.7885532591414944,0.32740094022834115,0.4543589743589744,443,19,1984,532
0.1486606968217854,0.9588744588744589,0.7889507154213037,0.3270651443922095,0.4548254620123203,443,19,1985,531
0.1489040437457282,0.9588744588744589,0.7893481717011129,0.3267293485560779,0.4552929085303186,443,19,1986,530
0.1499934285800972,0.9588744588744589,0.7897456279809221,0.32639355271994624,0.455761316872428,443,19,1987,529
0.15,0.9588744588744589,0.7901430842607313,0.32605775688381466,0.45623069001029865,443,19,1988,528
0.1502275676570546,0.9588744588744589,0.7901430842607313,0.32605775688381466,0.45623069001029865,443,19,1988,528
0.1507293533251212,0.9588744588744589,0.7905405405405406,0.32572196104768303,0.45670103092783504,443,19,1989,527
0.1508655403577899,0.9588744588744589,0.7909379968203497,0.3253861652115514,0.45717234262125905,443,19,1990,526
0.1516220087017772,0.9588744588744589,0.791335453100159,0.32505036937541976,0.45764462809917356,443,19,1991,525
0.1523057707237891,0.9588744588744589,0.7917329093799682,0.3247145735392881,0.4581178903826267,443,19,1992,524
0.1535890186020056,0.9588744588744589,0.7921303656597775,0.3243787777031565,0.458592132505176,443,19,1993,523
0.1539624862332121,0.9588744588744589,0.7925278219395866,0.32404298186702485,0.45906735751295336,443,19,1994,522
0.1543379482874881,0.9588744588744589,0.7929252782193958,0.3237071860308932,0.45954356846473027,443,19,1995,521
0.1543844277719221,0.9588744588744589,0.7933227344992051,0.3233713901947616,0.46002076843198336,443,19,1996,520
0.154578855173629,0.9588744588744589,0.7937201907790143,0.32303559435862994,0.4604989604989605,443,19,1997,519
0.1547685343666481,0.9588744588744589,0.7941176470588235,0.3226997985224983,0.46097814776274715,443,19,1998,518
0.1547792732995623,0.9588744588744589,0.7945151033386327,0.32236400268636667,0.46145833333333336,443,19,1999,517
0.155,0.9567099567099567,0.7945151033386327,0.32202820685023503,0.4608967674661105,442,20,1999,517
0.1552103660940316,0.9567099567099567,0.7945151033386327,0.32202820685023503,0.4608967674661105,442,20,1999,517
0.1553678744045346,0.9567099567099567,0.794912559618442,0.32169241101410345,0.4613778705636743,442,20,2000,516
0.15559107035715,0.9545454545454546,0.794912559618442,0.3213566151779718,0.4608150470219436,441,21,2000,516
0.1564664388408764,0.9545454545454546,0.7953100158982512,0.3210208193418402,0.46129707112970714,441,21,2001,515
0.1569661877502723,0.9545454545454546,0.7957074721780604,0.32068502350570854,0.4617801047120419,441,21,2002,514
0.1569751752558014,0.9545454545454546,0.7961049284578696,0.3203492276695769,0.46226415094339623,441,21,2003,513
0.1578452057073632,0.9545454545454546,0.7965023847376789,0.32001343183344527,0.4627492130115425,441,21,2004,512
0.158071063742396,0.9545454545454546,0.7968998410174881,0.31967763599731364,0.4632352941176471,441,21,2005,511
0.1583452909186896,0.9523809523809523,0.7968998410174881,0.319341840161182,0.46267087276551,440,22,2005,511
0.1585744444789271,0.9523809523809523,0.7972972972972973,0.31900604432505036,0.4631578947368421,440,22,2006,510
0.1589580760722996,0.9523809523809523,0.7976947535771065,0.31867024848891873,0.4636459430979979,440,22,2007,509
0.1594857043921489,0.9523809523809523,0.7980922098569158,0.3183344526527871,0.4641350210970464,440,22,2008,508
0.1595190729879768,0.9523809523809523,0.798489666136725,0.31799865681665546,0.46462513199577615,440,22,2009,507
0.16,0.9523809523809523,0.7988871224165341,0.3176628609805238,0.46511627906976744,440,22,2010,506
0.1603809962453339,0.9523809523809523,0.7988871224165341,0.3176628609805238,0.46511627906976744,440,22,2010,506
0.1607899742637569,0.9523809523809523,0.7992845786963434,0.3173270651443922,0.4656084656084656,440,22,2011,505
0.1610579446348459,0.9523809523809523,0.7996820349761526,0.3169912693082606,0.4661016949152542,440,22,2012,504
0.1612289716011411,0.9523809523809523,0.8000794912559619,0.31665547347212897,0.46659597030752914,440,22,2013,503
0.1613480144904264,0.9523809523809523,0.800476947535771,0.31631967763599733,0.46709129511677283,440,22,2014,502
0.1618826794167586,0.9523809523809523,0.8008744038155803,0.3159838817998657,0.4675876726886291,440,22,2015,501
0.1623156823664008,0.9523809523809523,0.8012718600953895,0.31564808596373406,0.46808510638297873,440,22,2016,500
0.1637723206692477,0.9523809523809523,0.8016693163751988,0.3153122901276024,0.4685835995740149,440,22,2017,499
0.1638912932685006,0.9502164502164502,0.8016693163751988,0.3149764942914708,0.4680170575692964,439,23,2017,499
0.1646625922716078,0.9502164502164502,0.8020667726550079,0.31464069845533915,0.46851654215581645,439,23,2018,498
0.165,0.9502164502164502,0.8024642289348172,0.3143049026192075,0.469017094017094,439,23,2019,497
0.1650365956386294,0.9502164502164502,0.8024642289348172,0.3143049026192075,0.469017094017094,439,23,2019,497
0.1651439317745557,0.9502164502164502,0.8028616852146264,0.3139691067830759,0.46951871657754013,439,23,2020,496
0.1663209730020741,0.9502164502164502,0.8032591414944356,0.31363331094694424,0.47002141327623126,439,23,2021,495
0.1665230616662645,0.948051948051948,0.8032591414944356,0.3132975151108126,0.4694533762057878,438,24,2021,495
0.1668440743362428,0.948051948051948,0.8036565977742448,0.31296171927468097,0.4699570815450644,438,24,2022,494
0.1668789118384696,0.948051948051948,0.8040540540540541,0.31262592343854934,0.47046186895810954,438,24,2023,493
0.1672276456520812,0.948051948051948,0.8044515103338633,0.31229012760241776,0.47096774193548385,438,24,2024,492
0.1676714104969857,0.948051948051948,0.8048489666136724,0.3119543317662861,0.4714747039827772,438,24,2025,491
0.1680297390114498,0.948051948051948,0.8052464228934817,0.3116185359301545,0.47198275862068967,438,24,2026,490
0.1681146675112944,0.948051948051948,0.8056438791732909,0.31128274009402285,0.47249190938511326,438,24,2027,489
0.1682075064657933,0.948051948051948,0.8060413354531002,0.3109469442578912,0.47300215982721383,438,24,2028,488
0.1690856605818563,0.948051948051948,0.8064387917329093,0.3106111484217596,0.4735135135135135,438,24,2029,487
0.1692843441033188,0.948051948051948,0.8068362480127186,0.31027535258562794,0.474025974025974,438,24,2030,486
0.1693107481788294,0.948051948051948,0.8072337042925278,0.3099395567494963,0.4745395449620802,438,24,2031,485
0.1699517613160304,0.948051948051948,0.8076311605723371,0.30960376091336467,0.4750542299349241,438,24,2032,484
0.17,0.948051948051948,0.8080286168521462,0.30926796507723303,0.4755700325732899,438,24,2033,483
0.1704125411434422,0.948051948051948,0.8080286168521462,0.30926796507723303,0.4755700325732899,438,24,2033,483
0.1705259073001964,0.9458874458874459,0.8080286168521462,0.3089321692411014,0.475,437,25,2033,483
0.1706171464502239,0.9458874458874459,0.8084260731319555,0.30859637340496976,0.47551686615886835,437,25,2034,482
0.1710827622717697,0.9458874458874459,0.8088235294117647,0.3082605775688381,0.4760348583877996,437,25,2035,481
0.1712632734589,0.9458874458874459,0.809220985691574,0.3079247817327065,0.4765539803707743,437,25,2036,480
0.1712682803038389,0.9458874458874459,0.8096184419713831,0.3075889858965749,0.47707423580786024,437,25,2037,479
0.1712893626955769,0.9458874458874459,0.8100158982511924,0.30725319006044327,0.47759562841530057,437,25,2038,478
0.1715122844389452,0.9458874458874459,0.8104133545310016,0.30691739422431163,0.47811816192560175,437,25,2039,477
0.1716000713727181,0.9458874458874459,0.8108108108108109,0.30658159838818,0.4786418400876232,437,25,2040,476
0.171946898675115,0.9458874458874459,0.81120826709062,0.30624580255204836,0.4791666666666667,437,25,2041,475
0.1719683468791216,0.9458874458874459,0.8116057233704292,0.3059100067159167,0.4796926454445664,437,25,2042,474
0.1719784743692054,0.9437229437229437,0.8116057233704292,0.3055742108797851,0.47912087912087914,436,26,2042,474
0.1721373192903034,0.9437229437229437,0.8120031796502385,0.30523841504365345,0.47964796479647964,436,26,2043,473
0.1722998784662771,0.9437229437229437,0.8124006359300477,0.3049026192075218,0.4801762114537445,436,26,2044,472
0.17500000000000002,0.9437229437229437,0.8127980922098569,0.3045668233713902,0.4807056229327453,436,26,2045,471
0.1750949838552469,0.9437229437229437,0.8127980922098569,0.3045668233713902,0.4807056229327453,436,26,2045,471
0.1770279637667206,0.9437229437229437,0.8131955484896661,0.30423102753525855,0.48123620309050774,436,26,2046,470
0.1771113570234267,0.9437229437229437,0.8135930047694754,0.3038952316991269,0.481767955801105,436,26,2047,469
0.1771134929951796,0.9437229437229437,0.8139904610492846,0.3035594358629953,0.4823008849557522,436,26,2048,468
0.1775420224230587,0.9415584415584416,0.8139904610492846,0.3032236400268637,0.48172757475083056,435,27,2048,468
0.1785162582653781,0.9415584415584416,0.8143879173290938,0.30288784419073206,0.48226164079822614,435,27,2049,467
0.1785426539564407,0.9415584415584416,0.814785373608903,0.3025520483546004,0.4827968923418424,435,27,2050,466
0.1788819691741613,0.9415584415584416,0.8151828298887123,0.3022162525184688,0.48333333333333334,435,27,2051,465
0.1792563558660665,0.9415584415584416,0.8155802861685215,0.30188045668233715,0.4838709677419355,435,27,2052,464
0.1793653585172913,0.9415584415584416,0.8159777424483307,0.3015446608462055,0.4844097995545657,435,27,2053,463
0.1797250030573069,0.9415584415584416,0.8163751987281399,0.3012088650100739,0.48494983277591974,435,27,2054,462
0.18,0.9415584415584416,0.8167726550079492,0.30087306917394224,0.48549107142857145,435,27,2055,461
0.1801974900372458,0.9415584415584416,0.8167726550079492,0.30087306917394224,0.48549107142857145,435,27,2055,461
0.1803508625240705,0.9415584415584416,0.8171701112877583,0.3005372733378106,0.4860335195530726,435,27,2056,460
0.1803763868202155,0.9393939393939394,0.8171701112877583,0.30020147750167897,0.4854586129753915,434,28,2056,460
0.1804157467898028,0.9393939393939394,0.8175675675675675,0.29986568166554733,0.48600223964165734,434,28,2057,459
0.1808294932087004,0.9372294372294372,0.8175675675675675,0.2995298858294157,0.4854260089686099,433,29,2057,459
0.1813632980731686,0.9372294372294372,0.8179650238473768,0.29919408999328406,0.48597081930415265,433,29,2058,458
0.1820286085691495,0.9372294372294372,0.818362480127186,0.2988582941571524,0.48651685393258426,433,29,2059,457
0.1824012582324519,0.9372294372294372,0.8187599364069952,0.29852249832102085,0.4870641169853768,433,29,2060,456
0.1824222409565692,0.9372294372294372,0.8191573926868044,0.2981867024848892,0.48761261261261263,433,29,2061,455
0.1824510568156053,0.935064935064935,0.8191573926868044,0.2978509066487576,0.48703494926719276,432,30,2061,455
0.1840009596736004,0.935064935064935,0.8195548489666137,0.29751511081262594,0.48758465011286684,432,30,2062,454
0.185,0.935064935064935,0.8199523052464229,0.2971793149764943,0.488135593220339,432,30,2063,453
0.1857315785746557,0.935064935064935,0.8199523052464229,0.2971793149764943,0.488135593220339,432,30,2063,453
0.1862354236712448,0.935064935064935,0.8203497615262321,0.29684351914036267,0.48868778280542985,432,30,2064,452
0.1866757618559344,0.935064935064935,0.8207472178060413,0.29650772330423103,0.48924122310305773,432,30,2065,451
0.1880763971880764,0.935064935064935,0.8211446740858506,0.2961719274680994,0.4897959183673469,432,30,2066,450
0.1883991636695134,0.935064935064935,0.8215421303656598,0.29583613163196776,0.49035187287173665,432,30,2067,449
0.1890919177883166,0.9329004329004329,0.8215421303656598,0.2955003357958361,0.48977272727272725,431,31,2067,449
0.1899075361168719,0.9329004329004329,0.821939586645469,0.2951645399597045,0.49032992036405004,431,31,2068,448
0.19,0.9329004329004329,0.8223370429252782,0.29482874412357285,0.4908883826879271,431,31,2069,447
0.1900156627539467,0.9329004329004329,0.8223370429252782,0.29482874412357285,0.4908883826879271,431,31,2069,447
0.1906811183703219,0.9329004329004329,0.8227344992050875,0.2944929482874412,0.49144811858608894,431,31,2070,446
0.191149448530298,0.9329004329004329,0.8231319554848967,0.2941571524513096,0.4920091324200913,431,31,2071,445
0.1913552867765864,0.9329004329004329,0.8235294117647058,0.293821356615178,0.49257142857142855,431,31,2072,444
0.1916335182577698,0.9329004329004329,0.8239268680445151,0.29348556077904636,0.4931350114416476,431,31,2073,443
0.1920075849296288,0.9329004329004329,0.8243243243243243,0.2931497649429147,0.4936998854524628,431,31,2074,442
0.1922864148546589,0.9329004329004329,0.8247217806041336,0.2928139691067831,0.49426605504587157,431,31,2075,441
0.1925661485722385,0.9329004329004329,0.8251192368839427,0.29247817327065145,0.49483352468427094,431,31,2076,440
0.1927045579165821,0.9329004329004329,0.825516693163752,0.2921423774345198,0.4954022988505747,431,31,2077,439
0.1928413133651556,0.9329004329004329,0.8259141494435612,0.2918065815983882,0.49597238204833144,431,31,2078,438
0.1946938186603241,0.9329004329004329,0.8263116057233705,0.29147078576225655,0.4965437788018433,431,31,2079,437
0.1948783926093733,0.9329004329004329,0.8267090620031796,0.2911349899261249,0.497116493656286,431,31,2080,436
0.1948945294491898,0.9329004329004329,0.8271065182829889,0.2907991940899933,0.4976905311778291,431,31,2081,435
0.195,0.9329004329004329,0.8275039745627981,0.29046339825386164,0.4982658959537572,431,31,2082,434
0.1954410002554386,0.9329004329004329,0.8275039745627981,0.29046339825386164,0.4982658959537572,431,31,2082,434
0.1972587736563816,0.9329004329004329,0.8279014308426074,0.29012760241773,0.4988425925925926,431,31,2083,433
0.1975318250247284,0.9329004329004329,0.8282988871224165,0.28979180658159837,0.49942062572421786,431,31,2084,432
0.1980771936023186,0.9329004329004329,0.8286963434022258,0.28945601074546673,0.5,431,31,2085,431
0.1986057754564518,0.9329004329004329,0.829093799682035,0.28912021490933515,0.5005807200929152,431,31,2086,430
0.2,0.9307359307359307,0.829093799682035,0.2887844190732035,0.5,430,32,2086,430
0.2000001980800034,0.9307359307359307,0.829093799682035,0.2887844190732035,0.5,430,32,2086,430
0.2012402313485898,0.9307359307359307,0.8294912559618441,0.2884486232370719,0.5005820721769499,430,32,2087,429
0.2016535326813073,0.9307359307359307,0.8298887122416534,0.28811282740094024,0.5011655011655012,430,32,2088,428
0.2021976541705487,0.9285714285714286,0.8298887122416534,0.2877770315648086,0.5005834305717619,429,33,2088,428
0.2024813095941466,0.9285714285714286,0.8302861685214626,0.28744123572867697,0.5011682242990654,429,33,2089,427
0.2024863292035406,0.9285714285714286,0.8306836248012719,0.28710543989254533,0.5017543859649123,429,33,2090,426
0.2029584412588213,0.9285714285714286,0.831081081081081,0.2867696440564137,0.5023419203747073,429,33,2091,425
0.2029682864336947,0.9285714285714286,0.8314785373608903,0.28643384822028206,0.5029308323563892,429,33,2092,424
0.2036948208071977,0.9285714285714286,0.8318759936406995,0.2860980523841504,0.5035211267605634,429,33,2093,423
0.2037288902524764,0.9285714285714286,0.8322734499205088,0.2857622565480188,0.5041128084606346,429,33,2094,422
0.2038684840625142,0.9285714285714286,0.8326709062003179,0.28542646071188715,0.5047058823529412,429,33,2095,421
0.2048473541454206,0.9285714285714286,0.8330683624801272,0.2850906648757555,0.5053003533568905,429,33,2096,420
0.20500000000000002,0.9285714285714286,0.8334658187599364,0.2847548690396239,0.5058962264150944,429,33,2097,419
0.2052489712888296,0.9285714285714286,0.8334658187599364,0.2847548690396239,0.5058962264150944,429,33,2097,419
0.2053505441321771,0.9285714285714286,0.8338632750397457,0.2844190732034923,0.5064935064935064,429,33,2098,418
0.2054429011009605,0.9285714285714286,0.8342607313195548,0.28408327736736066,0.5070921985815603,429,33,2099,417
0.2059898872495216,0.9285714285714286,0.834658187599364,0.28374748153122903,0.5076923076923077,429,33,2100,416
0.2060492740491553,0.9285714285714286,0.8350556438791733,0.2834116856950974,0.5082938388625592,429,33,2101,415
0.2067251827980121,0.9285714285714286,0.8354531001589826,0.28307588985896576,0.5088967971530249,429,33,2102,414
0.2073412722811508,0.9285714285714286,0.8358505564387917,0.2827400940228341,0.5095011876484561,429,33,2103,413
0.2078025070445843,0.9285714285714286,0.8362480127186009,0.2824042981867025,0.5101070154577884,429,33,2104,412
0.2083494170270114,0.9285714285714286,0.8366454689984102,0.28206850235057085,0.5107142857142857,429,33,2105,411
0.2089888858750577,0.9285714285714286,0.8370429252782194,0.2817327065144392,0.5113230035756854,429,33,2106,410
0.2097078256446748,0.9285714285714286,0.8374403815580286,0.2813969106783076,0.5119331742243437,429,33,2107,409
0.21,0.9285714285714286,0.8378378378378378,0.28106111484217594,0.5125448028673835,429,33,2108,408
0.210463533682754,0.9285714285714286,0.8378378378378378,0.28106111484217594,0.5125448028673835,429,33,2108,408
0.2118425019007754,0.9285714285714286,0.8382352941176471,0.2807253190060443,0.5131578947368421,429,33,2109,407
0.2124370502818831,0.9285714285714286,0.8386327503974563,0.28038952316991267,0.5137724550898204,429,33,2110,406
0.2125176631004239,0.9285714285714286,0.8390302066772655,0.2800537273337811,0.5143884892086331,429,33,2111,405
0.2129813172876133,0.9285714285714286,0.8394276629570747,0.27971793149764945,0.5150060024009604,429,33,2112,404
0.2144440122077955,0.9285714285714286,0.839825119236884,0.2793821356615178,0.515625,429,33,2113,403
0.2144519521445195,0.9285714285714286,0.8402225755166932,0.2790463398253862,0.516245487364621,429,33,2114,402
0.2148838073670712,0.9285714285714286,0.8406200317965024,0.27871054398925454,0.516867469879518,429,33,2115,401
0.215,0.9285714285714286,0.8410174880763116,0.2783747481531229,0.517490952955368,429,33,2116,400
0.2158896109492286,0.9285714285714286,0.8410174880763116,0.2783747481531229,0.517490952955368,429,33,2116,400
0.2159563789766107,0.9285714285714286,0.8414149443561209,0.2780389523169913,0.5181159420289855,429,33,2117,399
0.2161261433348288,0.9285714285714286,0.8418124006359301,0.27770315648085964,0.5187424425634825,429,33,2118,398
0.2162980634044232,0.9285714285714286,0.8422098569157392,0.277367360644728,0.5193704600484261,429,33,2119,397
0.2167711069180904,0.9285714285714286,0.8426073131955485,0.27703156480859636,0.52,429,33,2120,396
0.2176099037705558,0.9285714285714286,0.8430047694753577,0.27669576897246473,0.5206310679611651,429,33,2121,395
0.2188636568415905,0.9285714285714286,0.8434022257551669,0.2763599731363331,0.5212636695018226,429,33,2122,394
0.2196538285953768,0.9285714285714286,0.8437996820349761,0.27602417730020146,0.5218978102189781,429,33,2123,393
0.22,0.9285714285714286,0.8441971383147854,0.2756883814640698,0.5225334957369062,429,33,2124,392
0.220333310799933,0.9285714285714286,0.8441971383147854,0.2756883814640698,0.5225334957369062,429,33,2124,392
0.2208027959229879,0.9285714285714286,0.8445945945945946,0.27535258562793824,0.5231707317073171,429,33,2125,391
0.2216370272769812,0.9285714285714286,0.8449920508744038,0.2750167897918066,0.5238095238095238,429,33,2126,390
0.222086983262366,0.9264069264069265,0.8449920508744038,0.27468099395567497,0.5232273838630807,428,34,2126,390
0.2225172950268712,0.9264069264069265,0.845389507154213,0.27434519811954333,0.5238678090575275,428,34,2127,389
0.2231421940926099,0.9264069264069265,0.8457869634340223,0.2740094022834117,0.5245098039215687,428,34,2128,388
0.2231913288381749,0.9264069264069265,0.8461844197138315,0.27367360644728006,0.5251533742331288,428,34,2129,387
0.2239192317379238,0.9264069264069265,0.8465818759936407,0.2733378106111484,0.5257985257985258,428,34,2130,386
0.224729943085378,0.9264069264069265,0.8469793322734499,0.2730020147750168,0.5264452644526445,428,34,2131,385
0.2248072849147022,0.9264069264069265,0.8473767885532592,0.27266621893888515,0.5270935960591133,428,34,2132,384
0.225,0.9264069264069265,0.8477742448330684,0.2723304231027535,0.5277435265104808,428,34,2133,383
0.2253926259259276,0.9264069264069265,0.8477742448330684,0.2723304231027535,0.5277435265104808,428,34,2133,383
0.2257598553806079,0.9242424242424242,0.8477742448330684,0.2719946272666219,0.5271604938271605,427,35,2133,383
0.226800372422498,0.9242424242424242,0.8481717011128775,0.27165883143049024,0.5278121137206427,427,35,2134,382
0.2276149264073683,0.9242424242424242,0.8485691573926868,0.2713230355943586,0.5284653465346535,427,35,2135,381
0.2283564423400236,0.9242424242424242,0.848966613672496,0.27098723975822697,0.5291201982651796,427,35,2136,380
0.2283933646296398,0.9242424242424242,0.8493640699523053,0.2706514439220954,0.5297766749379652,427,35,2137,379
0.2285928372857784,0.9242424242424242,0.8497615262321144,0.27031564808596376,0.5304347826086957,427,35,2138,378
0.23,0.9242424242424242,0.8501589825119237,0.2699798522498321,0.5310945273631841,427,35,2139,377
0.2302523689008518,0.9242424242424242,0.8501589825119237,0.2699798522498321,0.5310945273631841,427,35,2139,377
0.2306249157005048,0.922077922077922,0.8501589825119237,0.2696440564137005,0.5305105853051059,426,36,2139,377
0.2307018086928942,0.922077922077922,0.8505564387917329,0.26930826057756885,0.5311720698254364,426,36,2140,376
0.2315781850505511,0.922077922077922,0.8509538950715422,0.2689724647414372,0.5318352059925093,426,36,2141,375
0.2316184460066239,0.922077922077922,0.8513513513513513,0.2686366689053056,0.5325,426,36,2142,374
0.2323522857559197,0.922077922077922,0.8517488076311606,0.26830087306917394,0.5331664580725908,426,36,2143,373
0.233102712417669,0.922077922077922,0.8521462639109698,0.2679650772330423,0.5338345864661654,426,36,2144,372
0.2333539822406937,0.922077922077922,0.8525437201907791,0.26762928139691067,0.534504391468005,426,36,2145,371
0.2342790517575903,0.922077922077922,0.8529411764705882,0.26729348556077903,0.535175879396985,426,36,2146,370
0.23500000000000001,0.922077922077922,0.8533386327503975,0.2669576897246474,0.5358490566037736,426,36,2147,369
0.2351007126410188,0.922077922077922,0.8533386327503975,0.2669576897246474,0.5358490566037736,426,36,2147,369
0.2357408787642592,0.922077922077922,0.8537360890302067,0.26662189388851576,0.5365239294710328,426,36,2148,368
0.2363748456216769,0.922077922077922,0.854133545310016,0.2662860980523841,0.5372005044136192,426,36,2149,367
0.2368041152796083,0.922077922077922,0.8545310015898251,0.26595030221625254,0.5378787878787878,426,36,2150,366
0.237638578313215,0.922077922077922,0.8549284578696343,0.2656145063801209,0.538558786346397,426,36,2151,365
0.2387248001464979,0.922077922077922,0.8553259141494436,0.26527871054398927,0.5392405063291139,426,36,2152,364
0.2388221778647802,0.922077922077922,0.8557233704292527,0.26494291470785764,0.5399239543726235,426,36,2153,363
0.238945003543367,0.922077922077922,0.856120826709062,0.264607118871726,0.5406091370558376,426,36,2154,362
0.2397282675053365,0.922077922077922,0.8565182829888712,0.26427132303559436,0.5412960609911055,426,36,2155,361
0.24,0.922077922077922,0.8569157392686805,0.2639355271994627,0.5419847328244275,426,36,2156,360
0.2405331224556801,0.922077922077922,0.8569157392686805,0.2639355271994627,0.5419847328244275,426,36,2156,360
0.2411650741185249,0.922077922077922,0.8573131955484896,0.2635997313633311,0.5426751592356688,426,36,2157,359
0.2413459594073101,0.922077922077922,0.8577106518282989,0.26326393552719946,0.5433673469387755,426,36,2158,358
0.2428056307258997,0.922077922077922,0.8581081081081081,0.2629281396910678,0.5440613026819924,426,36,2159,357
0.2434083669018003,0.922077922077922,0.8585055643879174,0.2625923438549362,0.5447570332480819,426,36,2160,356
0.2434250560985937,0.922077922077922,0.8589030206677265,0.26225654801880455,0.5454545454545454,426,36,2161,355
0.2436583222853148,0.922077922077922,0.8593004769475358,0.2619207521826729,0.5461538461538461,426,36,2162,354
0.2441639328603147,0.922077922077922,0.859697933227345,0.2615849563465413,0.5468549422336328,426,36,2163,353
0.245,0.922077922077922,0.8600953895071543,0.2612491605104097,0.5475578406169666,426,36,2164,352
0.2465540433023113,0.922077922077922,0.8600953895071543,0.2612491605104097,0.5475578406169666,426,36,2164,352
0.2468500036388298,0.922077922077922,0.8604928457869634,0.26091336467427806,0.5482625482625483,426,36,2165,351
0.2474646865961517,0.922077922077922,0.8608903020667726,0.2605775688381464,0.5489690721649485,426,36,2166,350
0.2489275363776927,0.922077922077922,0.8612877583465819,0.2602417730020148,0.5496774193548387,426,36,2167,349
0.2494857896877337,0.9199134199134199,0.8612877583465819,0.25990597716588315,0.5490956072351422,425,37,2167,349
0.2497976274302414,0.9199134199134199,0.8616852146263911,0.2595701813297515,0.5498059508408797,425,37,2168,348
0.2499765057998684,0.9199134199134199,0.8620826709062003,0.2592343854936199,0.5505181347150259,425,37,2169,347
0.25,0.9199134199134199,0.8624801271860095,0.25889858965748824,0.5512321660181583,425,37,2170,346
0.2506217516486321,0.9199134199134199,0.8624801271860095,0.25889858965748824,0.5512321660181583,425,37,2170,346
0.251390102588762,0.9199134199134199,0.8628775834658188,0.2585627938213566,0.551948051948052,425,37,2171,345
0.2516552396993262,0.9177489177489178,0.8628775834658188,0.25822699798522497,0.5513654096228868,424,38,2171,345
0.2533258307091998,0.9177489177489178,0.863275039745628,0.25789120214909333,0.5520833333333334,424,38,2172,344
0.2549683716688349,0.9177489177489178,0.8636724960254372,0.2575554063129617,0.5528031290743155,424,38,2173,343
0.255,0.9177489177489178,0.8640699523052464,0.25721961047683006,0.5535248041775457,424,38,2174,342
0.2552880985951858,0.9177489177489178,0.8640699523052464,0.25721961047683006,0.5535248041775457,424,38,2174,342
0.2552937018515371,0.9177489177489178,0.8644674085850557,0.2568838146406985,0.5542483660130719,424,38,2175,341
0.2558672345586723,0.9177489177489178,0.8648648648648649,0.25654801880456685,0.5549738219895288,424,38,2176,340
0.2569700320556282,0.9177489177489178,0.865262321144674,0.2562122229684352,0.5557011795543906,424,38,2177,339
0.2571278647193283,0.9177489177489178,0.8656597774244833,0.2558764271323036,0.5564304461942258,424,38,2178,338
0.257350313889656,0.9155844155844156,0.8656597774244833,0.25554063129617194,0.5558475689881734,423,39,2178,338
0.2575511503338747,0.9155844155844156,0.8660572337042926,0.2552048354600403,0.5565789473684211,423,39,2179,337
0.257728681311293,0.9155844155844156,0.8664546899841018,0.25486903962390867,0.5573122529644269,423,39,2180,336
0.2595809385940723,0.9134199134199135,0.8664546899841018,0.25453324378777703,0.5567282321899736,422,40,2180,336
0.2598820994735091,0.9134199134199135,0.8668521462639109,0.2541974479516454,0.5574636723910171,422,40,2181,335
0.259982904800342,0.9134199134199135,0.8672496025437202,0.25386165211551376,0.5582010582010583,422,40,2182,334
0.26,0.9134199134199135,0.8676470588235294,0.2535258562793821,0.5589403973509933,422,40,2183,333
0.2603055793969442,0.9134199134199135,0.8676470588235294,0.2535258562793821,0.5589403973509933,422,40,2183,333
0.2606548825839397,0.9134199134199135,0.8680445151033387,0.2531900604432505,0.5596816976127321,422,40,2184,332
0.2611025106309322,0.9134199134199135,0.8684419713831478,0.25285426460711885,0.5604249667994687,422,40,2185,331
0.2611767584367158,0.9112554112554112,0.8684419713831478,0.2525184687709872,0.5598404255319149,421,41,2185,331
0.2613435392043605,0.9112554112554112,0.8688394276629571,0.25218267293485563,0.5605858854860186,421,41,2186,330
0.2615010850237362,0.9112554112554112,0.8692368839427663,0.251846877098724,0.5613333333333334,421,41,2187,329
0.2622215778506508,0.9112554112554112,0.8696343402225755,0.25151108126259236,0.562082777036048,421,41,2188,328
0.2623662730344243,0.9112554112554112,0.8700317965023847,0.2511752854264607,0.5628342245989305,421,41,2189,327
0.2626140523674178,0.9090909090909091,0.8700317965023847,0.2508394895903291,0.5622489959839357,420,42,2189,327
0.263374233769546,0.9090909090909091,0.870429252782194,0.25050369375419745,0.5630026809651475,420,42,2190,326
0.2635131064054233,0.9090909090909091,0.8708267090620032,0.2501678979180658,0.5637583892617449,420,42,2191,325
0.2640390359302402,0.9090909090909091,0.8712241653418124,0.24983210208193418,0.5645161290322581,420,42,2192,324
0.2643225587851479,0.9090909090909091,0.8716216216216216,0.24949630624580255,0.5652759084791387,420,42,2193,323
0.265,0.9090909090909091,0.8720190779014309,0.2491605104096709,0.5660377358490566,420,42,2194,322
0.2662046279147986,0.9090909090909091,0.8720190779014309,0.2491605104096709,0.5660377358490566,420,42,2194,322
0.2662072398532414,0.9090909090909091,0.8724165341812401,0.2488247145735393,0.5668016194331984,420,42,2195,321
0.266891758723988,0.9090909090909091,0.8728139904610492,0.24848891873740767,0.5675675675675675,420,42,2196,320
0.269300101532142,0.9090909090909091,0.8732114467408585,0.24815312290127603,0.5683355886332883,420,42,2197,319
0.2693408381647572,0.9090909090909091,0.8736089030206677,0.2478173270651444,0.5691056910569106,420,42,2198,318
0.2699970067460605,0.9090909090909091,0.874006359300477,0.24748153122901276,0.5698778833107191,420,42,2199,317
0.27,0.9090909090909091,0.8744038155802861,0.24714573539288112,0.5706521739130435,420,42,2200,316
0.2702604146434896,0.9090909090909091,0.8744038155802861,0.24714573539288112,0.5706521739130435,420,42,2200,316
0.2708673091045811,0.9090909090909091,0.8748012718600954,0.24680993955674949,0.5714285714285714,420,42,2201,315
0.2710821326241043,0.9069264069264069,0.8748012718600954,0.24647414372061788,0.5708446866485014,419,43,2201,315
0.272211643746692,0.9069264069264069,0.8751987281399046,0.24613834788448624,0.5716234652114598,419,43,2202,314
0.2739402431616956,0.9069264069264069,0.8755961844197139,0.2458025520483546,0.5724043715846995,419,43,2203,313
0.2742177982897115,0.9069264069264069,0.875993640699523,0.24546675621222297,0.573187414500684,419,43,2204,312
0.2746490255647894,0.9069264069264069,0.8763910969793323,0.24513096037609133,0.5739726027397261,419,43,2205,311
0.275,0.9069264069264069,0.8767885532591415,0.2447951645399597,0.5747599451303155,419,43,2206,310
0.2750599804051319,0.9069264069264069,0.8767885532591415,0.2447951645399597,0.5747599451303155,419,43,2206,310
0.2755083028162657,0.9069264069264069,0.8771860095389508,0.24445936870382806,0.5755494505494505,419,43,2207,309
0.276402669368977,0.9069264069264069,0.8775834658187599,0.24412357286769645,0.5763411279229711,419,43,2208,308
0.2771926299256227,0.9069264069264069,0.8779809220985691,0.24378777703156482,0.5771349862258953,419,43,2209,307
0.2776092042806436,0.9069264069264069,0.8783783783783784,0.24345198119543318,0.5779310344827586,419,43,2210,306
0.2784056753703739,0.9069264069264069,0.8787758346581876,0.24311618535930155,0.5787292817679558,419,43,2211,305
0.2799143391358972,0.9047619047619048,0.8787758346581876,0.2427803895231699,0.5781466113416321,418,44,2211,305
0.2799227570528949,0.9025974025974026,0.8787758346581876,0.24244459368703827,0.5775623268698061,417,45,2211,305
0.2799371135210062,0.9025974025974026,0.8791732909379968,0.24210879785090664,0.5783633841886269,417,45,2212,304
0.28,0.9025974025974026,0.879570747217806,0.24177300201477503,0.5791666666666667,417,45,2213,303
0.2823088090529526,0.9025974025974026,0.879570747217806,0.24177300201477503,0.5791666666666667,417,45,2213,303
0.2841822045168864,0.9025974025974026,0.8799682034976153,0.2414372061786434,0.5799721835883171,417,45,2214,302
0.2846160216923204,0.9025974025974026,0.8803656597774245,0.24110141034251176,0.5807799442896936,417,45,2215,301
0.2848407934229811,0.9025974025974026,0.8807631160572337,0.24076561450638012,0.5815899581589958,417,45,2216,300
0.2848923234072004,0.9025974025974026,0.8811605723370429,0.24042981867024849,0.5824022346368715,417,45,2217,299
0.2849973776879035,0.9025974025974026,0.8815580286168522,0.24009402283411685,0.5832167832167832,417,45,2218,298
0.28500000000000003,0.9025974025974026,0.8819554848966613,0.2397582269979852,0.5840336134453782,417,45,2219,297
0.2856713402829658,0.9025974025974026,0.8819554848966613,0.2397582269979852,0.5840336134453782,417,45,2219,297
0.2866361201168614,0.9025974025974026,0.8823529411764706,0.2394224311618536,0.5848527349228612,417,45,2220,296
0.287181332875921,0.9025974025974026,0.8827503974562798,0.23908663532572197,0.5856741573033708,417,45,2221,295
0.2872128946960027,0.9025974025974026,0.8831478537360891,0.23875083948959033,0.5864978902953587,417,45,2222,294
0.2874386846086756,0.9025974025974026,0.8835453100158982,0.2384150436534587,0.5873239436619718,417,45,2223,293
0.2875254712925968,0.9025974025974026,0.8839427662957074,0.23807924781732706,0.5881523272214386,417,45,2224,292
0.287770552371255,0.9025974025974026,0.8843402225755167,0.23774345198119542,0.5889830508474576,417,45,2225,291
0.2891389987453011,0.9025974025974026,0.884737678855326,0.2374076561450638,0.5898161244695899,417,45,2226,290
0.29,0.9025974025974026,0.8851351351351351,0.23707186030893218,0.5906515580736544,417,45,2227,289
0.2902606371483127,0.9025974025974026,0.8851351351351351,0.23707186030893218,0.5906515580736544,417,45,2227,289
0.29055475897967,0.9025974025974026,0.8855325914149443,0.23673606447280054,0.5914893617021276,417,45,2228,288
0.2911251176406984,0.9004329004329005,0.8855325914149443,0.2364002686366689,0.5909090909090909,416,46,2228,288
0.2911855881531964,0.9004329004329005,0.8859300476947536,0.23606447280053727,0.5917496443812233,416,46,2229,287
0.2914277977942942,0.9004329004329005,0.8863275039745628,0.23572867696440564,0.5925925925925926,416,46,2230,286
0.2917009264752672,0.9004329004329005,0.886724960254372,0.235392881128274,0.5934379457917262,416,46,2231,285
0.291951597063861,0.9004329004329005,0.8871224165341812,0.23505708529214236,0.5942857142857143,416,46,2232,284
0.2932889189730029,0.9004329004329005,0.8875198728139905,0.23472128945601076,0.5951359084406295,416,46,2233,283
0.293475978086931,0.8982683982683982,0.8875198728139905,0.23438549361987912,0.5945558739255015,415,47,2233,283
0.2941475842120102,0.8982683982683982,0.8879173290937997,0.23404969778374748,0.5954088952654233,415,47,2234,282
0.295,0.8961038961038961,0.8879173290937997,0.23371390194761585,0.5948275862068966,414,48,2234,282
0.2950090267906434,0.8961038961038961,0.8879173290937997,0.23371390194761585,0.5948275862068966,414,48,2234,282
0.2959187130755225,0.8961038961038961,0.8883147853736089,0.2333781061114842,0.5956834532374101,414,48,2235,281
0.296251467280289,0.8961038961038961,0.8887122416534181,0.23304231027535258,0.5965417867435159,414,48,2236,280
0.2965629297258242,0.8961038961038961,0.8891096979332274,0.23270651443922094,0.5974025974025974,414,48,2237,279
0.2973736875358379,0.8939393939393939,0.8891096979332274,0.23237071860308933,0.596820809248555,413,49,2237,279
0.297490504594981,0.8939393939393939,0.8895071542130366,0.2320349227669577,0.597684515195369,413,49,2238,278
0.2976692089235053,0.8939393939393939,0.8899046104928457,0.23169912693082606,0.5985507246376811,413,49,2239,277
0.2983608921993501,0.8939393939393939,0.890302066772655,0.23136333109469442,0.5994194484760522,413,49,2240,276
0.2984701397270668,0.8917748917748918,0.890302066772655,0.2310275352585628,0.5988372093023255,412,50,2240,276
0.3,0.8917748917748918,0.8906995230524642,0.23069173942243115,0.5997088791848617,412,50,2241,275
0.3005855481932333,0.8917748917748918,0.8906995230524642,0.23069173942243115,0.5997088791848617,412,50,2241,275
0.3024126696742095,0.8896103896103896,0.8906995230524642,0.23035594358629952,0.5991253644314869,411,51,2241,275
0.302701618710234,0.8874458874458875,0.8906995230524642,0.2300201477501679,0.5985401459854015,410,52,2241,275
0.3036732274932236,0.8874458874458875,0.8910969793322735,0.22968435191403627,0.5994152046783626,410,52,2242,274
0.3043304825918177,0.8874458874458875,0.8914944356120826,0.22934855607790464,0.6002928257686676,410,52,2243,273
0.3045449833427187,0.8874458874458875,0.8918918918918919,0.229012760241773,0.6011730205278593,410,52,2244,272
0.305,0.8874458874458875,0.8922893481717011,0.22867696440564136,0.6020558002936858,410,52,2245,271
0.3055128695558971,0.8874458874458875,0.8922893481717011,0.22867696440564136,0.6020558002936858,410,52,2245,271
0.3068934891690237,0.8852813852813853,0.8922893481717011,0.22834116856950973,0.6014705882352941,409,53,2245,271
0.3075133706267968,0.8852813852813853,0.8926868044515104,0.22800537273337812,0.6023564064801178,409,53,2246,270
0.3080714856836724,0.8852813852813853,0.8930842607313195,0.22766957689724648,0.6032448377581121,409,53,2247,269
0.3086984691965984,0.8852813852813853,0.8934817170111288,0.22733378106111485,0.604135893648449,409,53,2248,268
0.3091338696182677,0.8852813852813853,0.893879173290938,0.2269979852249832,0.6050295857988166,409,53,2249,267
0.31,0.8831168831168831,0.893879173290938,0.22666218938885158,0.6044444444444445,408,54,2249,267
0.3104040580670701,0.8831168831168831,0.893879173290938,0.22666218938885158,0.6044444444444445,408,54,2249,267
0.3108288866272728,0.8831168831168831,0.8942766295707473,0.22632639355271994,0.6053412462908012,408,54,2250,266
0.311319880352823,0.8809523809523809,0.8942766295707473,0.2259905977165883,0.6047548291233283,407,55,2250,266
0.3131653557416252,0.8809523809523809,0.8946740858505564,0.2256548018804567,0.6056547619047619,407,55,2251,265
0.313578655351091,0.8809523809523809,0.8950715421303657,0.22531900604432506,0.6065573770491803,407,55,2252,264
0.3144210282694956,0.8787878787878788,0.8950715421303657,0.22498321020819342,0.6059701492537314,406,56,2252,264
0.315,0.8766233766233766,0.8950715421303657,0.2246474143720618,0.6053811659192825,405,57,2252,264
0.3152044933656198,0.8766233766233766,0.8950715421303657,0.2246474143720618,0.6053811659192825,405,57,2252,264
0.3152649085763245,0.8766233766233766,0.8954689984101749,0.22431161853593015,0.6062874251497006,405,57,2253,263
0.3156990379815881,0.8766233766233766,0.895866454689984,0.22397582269979852,0.6071964017991005,405,57,2254,262
0.3158864974325104,0.8766233766233766,0.8962639109697933,0.22364002686366688,0.6081081081081081,405,57,2255,261
0.3160896581666002,0.8766233766233766,0.8966613672496025,0.22330423102753527,0.6090225563909775,405,57,2256,260
0.3163220269715798,0.8744588744588745,0.8966613672496025,0.22296843519140364,0.608433734939759,404,58,2256,260
0.3188623072455077,0.8744588744588745,0.8970588235294118,0.222632639355272,0.6093514328808446,404,58,2257,259
0.3192573733614853,0.8744588744588745,0.8974562798092209,0.22229684351914036,0.6102719033232629,404,58,2258,258
0.32,0.8722943722943723,0.8974562798092209,0.22196104768300873,0.6096822995461422,403,59,2258,258
0.320204832393855,0.8722943722943723,0.8974562798092209,0.22196104768300873,0.6096822995461422,403,59,2258,258
0.3203741256189992,0.8722943722943723,0.8978537360890302,0.2216252518468771,0.6106060606060606,403,59,2259,257
0.321872865222529,0.8722943722943723,0.8982511923688394,0.22128945601074546,0.6115326251896813,403,59,2260,256
0.3221530158280785,0.8722943722943723,0.8986486486486487,0.22095366017461385,0.6124620060790273,403,59,2261,255
0.3226073443285463,0.8722943722943723,0.8990461049284578,0.2206178643384822,0.6133942161339422,403,59,2262,254
0.3235562083651668,0.8722943722943723,0.8994435612082671,0.22028206850235058,0.614329268292683,403,59,2263,253
0.3249968193500063,0.8722943722943723,0.8998410174880763,0.21994627266621894,0.6152671755725191,403,59,2264,252
0.325,0.8722943722943723,0.9002384737678856,0.2196104768300873,0.6162079510703364,403,59,2265,251
0.3254064119762191,0.8722943722943723,0.9002384737678856,0.2196104768300873,0.6162079510703364,403,59,2265,251
0.3264121449328868,0.8722943722943723,0.9006359300476947,0.21927468099395567,0.6171516079632465,403,59,2266,250
0.3266983492271735,0.8722943722943723,0.901033386327504,0.21893888515782403,0.6180981595092024,403,59,2267,249
0.3279004403789,0.8722943722943723,0.9014308426073132,0.21860308932169242,0.6190476190476191,403,59,2268,248
0.3299353685783196,0.8722943722943723,0.9018282988871225,0.2182672934855608,0.62,403,59,2269,247
0.33,0.8722943722943723,0.9022257551669316,0.21793149764942915,0.6209553158705701,403,59,2270,246
0.3305641091800615,0.8722943722943723,0.9022257551669316,0.21793149764942915,0.6209553158705701,403,59,2270,246
0.3331184217454973,0.8722943722943723,0.9026232114467408,0.21759570181329752,0.6219135802469136,403,59,2271,245
0.3344326201182731,0.8722943722943723,0.9030206677265501,0.21725990597716588,0.6228748068006182,403,59,2272,244
0.334831892480023,0.8722943722943723,0.9034181240063593,0.21692411014103424,0.6238390092879257,403,59,2273,243
0.335,0.8722943722943723,0.9038155802861685,0.2165883143049026,0.6248062015503876,403,59,2274,242
0.3356649981188581,0.8722943722943723,0.9038155802861685,0.2165883143049026,0.6248062015503876,403,59,2274,242
0.3373298185174967,0.8722943722943723,0.9042130365659777,0.216252518468771,0.6257763975155279,403,59,2275,241
0.3375185690906982,0.8722943722943723,0.904610492845787,0.21591672263263936,0.6267496111975117,403,59,2276,240
0.3379782967665563,0.8722943722943723,0.9050079491255962,0.21558092679650773,0.6277258566978193,403,59,2277,239
0.339517498451947,0.8722943722943723,0.9054054054054054,0.2152451309603761,0.6287051482059283,403,59,2278,238
0.3396069191315787,0.8722943722943723,0.9058028616852146,0.21490933512424445,0.6296875,403,59,2279,237
0.34,0.8701298701298701,0.9058028616852146,0.21457353928811282,0.6291079812206573,402,60,2279,237
0.3417504343030156,0.8701298701298701,0.9058028616852146,0.21457353928811282,0.6291079812206573,402,60,2279,237
0.342200491974846,0.8679653679653679,0.9058028616852146,0.21423774345198118,0.6285266457680251,401,61,2279,237
0.34500000000000003,0.8679653679653679,0.9062003179650239,0.21390194761584957,0.6295133437990581,401,61,2280,236
0.3452154506183773,0.8679653679653679,0.9062003179650239,0.21390194761584957,0.6295133437990581,401,61,2280,236
0.3456700534791969,0.8679653679653679,0.9065977742448331,0.21356615177971794,0.6305031446540881,401,61,2281,235
0.3457932566990381,0.8679653679653679,0.9069952305246423,0.2132303559435863,0.631496062992126,401,61,2282,234
0.3473482452300063,0.8679653679653679,0.9073926868044515,0.21289456010745467,0.6324921135646687,401,61,2283,233
0.3475632934670949,0.8658008658008658,0.9073926868044515,0.21255876427132303,0.631911532385466,400,62,2283,233
0.3495602635610553,0.8658008658008658,0.9077901430842608,0.2122229684351914,0.6329113924050633,400,62,2284,232
0.3497439473042132,0.8658008658008658,0.9081875993640699,0.21188717259905976,0.6339144215530903,400,62,2285,231
0.35000000000000003,0.8658008658008658,0.9085850556438791,0.21155137676292815,0.6349206349206349,400,62,2286,230
0.3503299539769643,0.8658008658008658,0.9085850556438791,0.21155137676292815,0.6349206349206349,400,62,2286,230
0.3507591313895445,0.8658008658008658,0.9089825119236884,0.21121558092679651,0.6359300476947536,400,62,2287,229
0.3511357733438875,0.8636363636363636,0.9089825119236884,0.21087978509066488,0.6353503184713376,399,63,2287,229
0.3511833274273965,0.8636363636363636,0.9093799682034976,0.21054398925453324,0.6363636363636364,399,63,2288,228
0.3512025140365701,0.8636363636363636,0.9097774244833068,0.2102081934184016,0.6373801916932907,399,63,2289,227
0.3524880668936062,0.8636363636363636,0.910174880763116,0.20987239758226997,0.6384,399,63,2290,226
0.353297676778467,0.8614718614718615,0.910174880763116,0.20953660174613833,0.6378205128205128,398,64,2290,226
0.3537889894151559,0.8593073593073594,0.910174880763116,0.20920080591000673,0.637239165329053,397,65,2290,226
0.3538650244340613,0.8593073593073594,0.9105723370429253,0.2088650100738751,0.6382636655948553,397,65,2291,225
0.355,0.8593073593073594,0.9109697933227345,0.20852921423774345,0.6392914653784219,397,65,2292,224
0.3586002051545197,0.8593073593073594,0.9109697933227345,0.20852921423774345,0.6392914653784219,397,65,2292,224
0.3587403611821079,0.8571428571428571,0.9109697933227345,0.20819341840161182,0.6387096774193548,396,66,2292,224
0.3588992182957828,0.854978354978355,0.9109697933227345,0.20785762256548018,0.6381260096930533,395,67,2292,224
0.3589944752304795,0.854978354978355,0.9113672496025437,0.20752182672934855,0.63915857605178,395,67,2293,223
0.36,0.8528138528138528,0.9113672496025437,0.2071860308932169,0.6385737439222042,394,68,2293,223
0.3606511316884647,0.8528138528138528,0.9113672496025437,0.2071860308932169,0.6385737439222042,394,68,2293,223
0.3628910472856957,0.8506493506493507,0.9113672496025437,0.2068502350570853,0.637987012987013,393,69,2293,223
0.3630387246501094,0.8506493506493507,0.9117647058823529,0.20651443922095367,0.6390243902439025,393,69,2294,222
0.3634206155277906,0.8506493506493507,0.9121621621621622,0.20617864338482203,0.6400651465798045,393,69,2295,221
0.3636965617450813,0.8506493506493507,0.9125596184419714,0.2058428475486904,0.6411092985318108,393,69,2296,220
0.365,0.8506493506493507,0.9129570747217806,0.20550705171255876,0.6421568627450981,393,69,2297,219
0.3658644535808354,0.8506493506493507,0.9129570747217806,0.20550705171255876,0.6421568627450981,393,69,2297,219
0.3666669965199893,0.8506493506493507,0.9133545310015898,0.20517125587642712,0.6432078559738135,393,69,2298,218
0.3667418203863359,0.8506493506493507,0.9137519872813991,0.20483546004029551,0.6442622950819672,393,69,2299,217
0.3669769387596277,0.8506493506493507,0.9141494435612083,0.20449966420416388,0.645320197044335,393,69,2300,216
0.3679526289703211,0.8506493506493507,0.9145468998410174,0.20416386836803224,0.6463815789473685,393,69,2301,215
0.3685639907989136,0.8484848484848485,0.9145468998410174,0.2038280725319006,0.6457990115321252,392,70,2301,215
0.3689751743011686,0.8463203463203464,0.9145468998410174,0.20349227669576897,0.6452145214521452,391,71,2301,215
0.3690163115491844,0.8463203463203464,0.9149443561208267,0.20315648085963733,0.6462809917355372,391,71,2302,214
0.3696247968223229,0.8463203463203464,0.915341812400636,0.2028206850235057,0.6473509933774835,391,71,2303,213
0.37,0.8441558441558441,0.915341812400636,0.2024848891873741,0.6467661691542289,390,72,2303,213
0.3747671607525146,0.8441558441558441,0.915341812400636,0.2024848891873741,0.6467661691542289,390,72,2303,213
0.3749019322478425,0.8441558441558441,0.9157392686804452,0.20214909335124245,0.6478405315614618,390,72,2304,212
0.375,0.8441558441558441,0.9161367249602543,0.20181329751511082,0.64891846921797,390,72,2305,211
0.3752410952464318,0.8441558441558441,0.9161367249602543,0.20181329751511082,0.64891846921797,390,72,2305,211
0.3762721666507709,0.8441558441558441,0.9165341812400636,0.20147750167897918,0.65,390,72,2306,210
0.3777764267777886,0.8441558441558441,0.9169316375198728,0.20114170584284755,0.6510851419031719,390,72,2307,209
0.378157727472212,0.841991341991342,0.9169316375198728,0.2008059100067159,0.6505016722408027,389,73,2307,209
0.3793386290476084,0.8398268398268398,0.9169316375198728,0.20047011417058427,0.6499162479061976,388,74,2307,209
0.3796430228665703,0.8398268398268398,0.9173290937996821,0.20013431833445267,0.6510067114093959,388,74,2308,208
0.38,0.8376623376623377,0.9173290937996821,0.19979852249832103,0.6504201680672269,387,75,2308,208
0.3805377105134427,0.8376623376623377,0.9173290937996821,0.19979852249832103,0.6504201680672269,387,75,2308,208
0.3806267800234758,0.8376623376623377,0.9177265500794912,0.1994627266621894,0.6515151515151515,387,75,2309,207
0.3812083190252413,0.8354978354978355,0.9177265500794912,0.19912693082605776,0.6509274873524452,386,76,2309,207
0.382043690066864,0.8333333333333334,0.9177265500794912,0.19879113498992612,0.6503378378378378,385,77,2309,207
0.3830709251185036,0.8333333333333334,0.9181240063593005,0.19845533915379449,0.6514382402707276,385,77,2310,206
0.3833187241668127,0.8333333333333334,0.9185214626391097,0.19811954331766285,0.652542372881356,385,77,2311,205
0.385,0.8333333333333334,0.918918918918919,0.19778374748153124,0.6536502546689303,385,77,2312,204
0.3855652508231639,0.8333333333333334,0.918918918918919,0.19778374748153124,0.6536502546689303,385,77,2312,204
0.3874124418741244,0.8311688311688312,0.918918918918919,0.1974479516453996,0.6530612244897959,384,78,2312,204
0.3876658850237627,0.8311688311688312,0.9193163751987281,0.19711215580926797,0.6541737649063032,384,78,2313,203
0.3881031779421793,0.8311688311688312,0.9197138314785374,0.19677635997313633,0.6552901023890785,384,78,2314,202
0.3884450073386599,0.8311688311688312,0.9201112877583466,0.1964405641370047,0.6564102564102564,384,78,2315,201
0.3886715162007825,0.8311688311688312,0.9205087440381559,0.19610476830087306,0.6575342465753424,384,78,2316,200
0.3887709900220336,0.8311688311688312,0.920906200317965,0.19576897246474143,0.6586620926243568,384,78,2317,199
0.39,0.829004329004329,0.920906200317965,0.19543317662860982,0.6580756013745704,383,79,2317,199
0.3911688824858186,0.829004329004329,0.920906200317965,0.19543317662860982,0.6580756013745704,383,79,2317,199
0.395,0.8268398268398268,0.920906200317965,0.19509738079247818,0.657487091222031,382,80,2317,199
0.3956236911865199,0.8268398268398268,0.920906200317965,0.19509738079247818,0.657487091222031,382,80,2317,199
0.3964632318938969,0.8268398268398268,0.9213036565977742,0.19476158495634655,0.6586206896551724,382,80,2318,198
0.3965709162235583,0.8246753246753247,0.9213036565977742,0.1944257891202149,0.6580310880829016,381,81,2318,198
0.396671395484051,0.8246753246753247,0.9217011128775835,0.19408999328408327,0.6591695501730104,381,81,2319,197
0.396839539168039,0.8246753246753247,0.9220985691573926,0.19375419744795164,0.6603119584055459,381,81,2320,196
0.3972896353639079,0.8246753246753247,0.9224960254372019,0.19341840161182,0.6614583333333334,381,81,2321,195
0.3974796592788133,0.8246753246753247,0.9228934817170111,0.1930826057756884,0.662608695652174,381,81,2322,194
0.3994370804860795,0.8246753246753247,0.9232909379968204,0.19274680993955676,0.6637630662020906,381,81,2323,193
0.4,0.8225108225108225,0.9232909379968204,0.19241101410342512,0.6631762652705061,380,82,2323,193
0.4001277866432713,0.8225108225108225,0.9232909379968204,0.19241101410342512,0.6631762652705061,380,82,2323,193
0.4001999044445178,0.8225108225108225,0.9236883942766295,0.19207521826729348,0.6643356643356644,380,82,2324,192
0.400585936499961,0.8225108225108225,0.9240858505564388,0.19173942243116185,0.6654991243432574,380,82,2325,191
0.4033908938128603,0.8225108225108225,0.924483306836248,0.1914036265950302,0.6666666666666666,380,82,2326,190
0.4035279204837969,0.8225108225108225,0.9248807631160573,0.19106783075889858,0.6678383128295254,380,82,2327,189
0.405,0.8203463203463204,0.9248807631160573,0.19073203492276697,0.6672535211267606,379,83,2327,189
0.4050045701108455,0.8203463203463204,0.9248807631160573,0.19073203492276697,0.6672535211267606,379,83,2327,189
0.4069972683948644,0.8181818181818182,0.9248807631160573,0.19039623908663533,0.6666666666666666,378,84,2327,189
0.4085325753769904,0.816017316017316,0.9248807631160573,0.1900604432505037,0.666077738515901,377,85,2327,189
0.4093732257188032,0.816017316017316,0.9252782193958664,0.18972464741437206,0.6672566371681415,377,85,2328,188
0.4099605504076528,0.816017316017316,0.9256756756756757,0.18938885157824042,0.6684397163120568,377,85,2329,187
0.4099830140302887,0.816017316017316,0.9260731319554849,0.1890530557421088,0.6696269982238011,377,85,2330,186
0.41000000000000003,0.816017316017316,0.9264705882352942,0.18871725990597715,0.6708185053380783,377,85,2331,185
0.4106231250917267,0.816017316017316,0.9264705882352942,0.18871725990597715,0.6708185053380783,377,85,2331,185
0.411309298226186,0.8138528138528138,0.9264705882352942,0.18838146406984554,0.6702317290552585,376,86,2331,185
0.4116934600026645,0.8116883116883117,0.9264705882352942,0.1880456682337139,0.6696428571428571,375,87,2331,185
0.4125923628937746,0.8116883116883117,0.9268680445151033,0.18770987239758227,0.6708407871198568,375,87,2332,184
0.4132802428420189,0.8116883116883117,0.9272655007949125,0.18737407656145064,0.6720430107526881,375,87,2333,183
0.4133963904863353,0.8116883116883117,0.9276629570747218,0.187038280725319,0.6732495511669659,375,87,2334,182
0.41500000000000004,0.8095238095238095,0.9276629570747218,0.18670248488918736,0.6726618705035972,374,88,2334,182
0.4153742211997297,0.8095238095238095,0.9276629570747218,0.18670248488918736,0.6726618705035972,374,88,2334,182
0.4167184288321946,0.8095238095238095,0.928060413354531,0.18636668905305573,0.6738738738738739,374,88,2335,181
0.416770000532176,0.8095238095238095,0.9284578696343402,0.18603089321692412,0.6750902527075813,374,88,2336,180
0.4180901992586949,0.8073593073593074,0.9284578696343402,0.18569509738079248,0.674502712477396,373,89,2336,180
0.4197531302246919,0.8073593073593074,0.9288553259141494,0.18535930154466085,0.6757246376811594,373,89,2337,179
0.42,0.8073593073593074,0.9292527821939587,0.1850235057085292,0.676950998185118,373,89,2338,178
0.4202301923541124,0.8073593073593074,0.9292527821939587,0.1850235057085292,0.676950998185118,373,89,2338,178
0.42070667232424,0.8073593073593074,0.9296502384737679,0.18468770987239758,0.6781818181818182,373,89,2339,177
0.4208898302138475,0.8051948051948052,0.9296502384737679,0.18435191403626594,0.6775956284153005,372,90,2339,177
0.4240589084821278,0.8051948051948052,0.9300476947535771,0.18401611820013433,0.6788321167883211,372,90,2340,176
0.4242257449453545,0.8051948051948052,0.9304451510333863,0.1836803223640027,0.680073126142596,372,90,2341,175
0.425,0.803030303030303,0.9304451510333863,0.18334452652787106,0.6794871794871795,371,91,2341,175
0.4252725055013484,0.803030303030303,0.9304451510333863,0.18334452652787106,0.6794871794871795,371,91,2341,175
0.4276943136381971,0.803030303030303,0.9308426073131956,0.18300873069173942,0.6807339449541284,371,91,2342,174
0.4281183360663859,0.8008658008658008,0.9308426073131956,0.1826729348556078,0.6801470588235294,370,92,2342,174
0.4296220644002042,0.8008658008658008,0.9312400635930048,0.18233713901947615,0.6813996316758748,370,92,2343,173
0.4299682754755812,0.8008658008658008,0.931637519872814,0.18200134318334452,0.6826568265682657,370,92,2344,172
0.43,0.8008658008658008,0.9320349761526232,0.1816655473472129,0.6839186691312384,370,92,2345,171
0.4300315399481136,0.8008658008658008,0.9320349761526232,0.1816655473472129,0.6839186691312384,370,92,2345,171
0.4303613980763384,0.7987012987012987,0.9320349761526232,0.18132975151108127,0.6833333333333333,369,93,2345,171
0.4315476849464306,0.7987012987012987,0.9324324324324325,0.18099395567494964,0.6846011131725418,369,93,2346,170
0.4331219158725864,0.7987012987012987,0.9328298887122417,0.180658159838818,0.6858736059479554,369,93,2347,169
0.435,0.7987012987012987,0.9332273449920508,0.18032236400268636,0.6871508379888268,369,93,2348,168
0.435183224,0.7987012987012987,0.9332273449920508,0.18032236400268636,0.6871508379888268,369,93,2348,168
0.4365853909517076,0.7987012987012987,0.9336248012718601,0.17998656816655473,0.6884328358208955,369,93,2349,167
0.4366236392339306,0.7987012987012987,0.9340222575516693,0.1796507723304231,0.6897196261682244,369,93,2350,166
0.4369616968400953,0.7987012987012987,0.9344197138314785,0.17931497649429148,0.6910112359550562,369,93,2351,165
0.4372382261037695,0.7987012987012987,0.9348171701112877,0.17897918065815985,0.6923076923076923,369,93,2352,164
0.4379715474127397,0.7987012987012987,0.935214626391097,0.1786433848220282,0.693609022556391,369,93,2353,163
0.4383360804326919,0.7987012987012987,0.9356120826709062,0.17830758898589658,0.6949152542372882,369,93,2354,162
0.4385826366322855,0.7987012987012987,0.9360095389507154,0.17797179314976494,0.6962264150943396,369,93,2355,161
0.4392087590273401,0.7965367965367965,0.9360095389507154,0.1776359973136333,0.6956521739130435,368,94,2355,161
0.44,0.7965367965367965,0.9364069952305246,0.17730020147750167,0.696969696969697,368,94,2356,160
0.4407315121301415,0.7965367965367965,0.9364069952305246,0.17730020147750167,0.696969696969697,368,94,2356,160
0.4421606026940729,0.7965367965367965,0.9368044515103339,0.17696440564137006,0.698292220113852,368,94,2357,159
0.4438739353245751,0.7965367965367965,0.9372019077901431,0.17662860980523842,0.6996197718631179,368,94,2358,158
0.44393404122702,0.7965367965367965,0.9375993640699523,0.1762928139691068,0.700952380952381,368,94,2359,157
0.4445443982185839,0.7965367965367965,0.9379968203497615,0.17595701813297515,0.7022900763358778,368,94,2360,156
0.445,0.7965367965367965,0.9383942766295708,0.17562122229684352,0.7036328871892925,368,94,2361,155
0.445521323856621,0.7965367965367965,0.9383942766295708,0.17562122229684352,0.7036328871892925,368,94,2361,155
0.4477097141445086,0.7943722943722944,0.9383942766295708,0.17528542646071188,0.7030651340996169,367,95,2361,155
0.4483195044552946,0.7943722943722944,0.93879173290938,0.17494963062458024,0.7044145873320538,367,95,2362,154
0.4496213860966773,0.7922077922077922,0.93879173290938,0.17461383478844864,0.7038461538461539,366,96,2362,154
0.4497623391549908,0.79004329004329,0.93879173290938,0.174278038952317,0.7032755298651252,365,97,2362,154
0.45,0.79004329004329,0.9391891891891891,0.17394224311618536,0.7046332046332047,365,97,2363,153
0.4504427183784062,0.79004329004329,0.9391891891891891,0.17394224311618536,0.7046332046332047,365,97,2363,153
0.4510704000996954,0.79004329004329,0.9395866454689984,0.17360644728005373,0.7059961315280464,365,97,2364,152
0.4515562685702791,0.79004329004329,0.9399841017488076,0.1732706514439221,0.7073643410852714,365,97,2365,151
0.4524308653678545,0.79004329004329,0.9403815580286169,0.17293485560779046,0.7087378640776699,365,97,2366,150
0.4532699528009046,0.7878787878787878,0.9403815580286169,0.17259905977165882,0.708171206225681,364,98,2366,150
0.4549806035591978,0.7878787878787878,0.940779014308426,0.1722632639355272,0.7095516569200779,364,98,2367,149
0.455,0.7878787878787878,0.9411764705882353,0.17192746809939558,0.7109375,364,98,2368,148
0.4561819415649455,0.7878787878787878,0.9411764705882353,0.17192746809939558,0.7109375,364,98,2368,148
0.4568708446261756,0.7878787878787878,0.9415739268680445,0.17159167226326394,0.7123287671232876,364,98,2369,147
0.457497951768484,0.7878787878787878,0.9419713831478538,0.1712558764271323,0.7137254901960784,364,98,2370,146
0.457943159757023,0.7878787878787878,0.9423688394276629,0.17092008059100067,0.7151277013752456,364,98,2371,145
0.4591392243987452,0.7857142857142857,0.9423688394276629,0.17058428475486903,0.7145669291338582,363,99,2371,145
0.46,0.7857142857142857,0.9427662957074722,0.1702484889187374,0.7159763313609467,363,99,2372,144
0.4606810198650176,0.7857142857142857,0.9427662957074722,0.1702484889187374,0.7159763313609467,363,99,2372,144
0.4625367637982353,0.7835497835497836,0.9427662957074722,0.1699126930826058,0.7154150197628458,362,100,2372,144
0.4626799243642083,0.7813852813852814,0.9427662957074722,0.16957689724647415,0.7148514851485148,361,101,2372,144
0.4631300190732104,0.7813852813852814,0.9431637519872814,0.16924110141034251,0.7162698412698413,361,101,2373,143
0.4634955934424776,0.7813852813852814,0.9435612082670907,0.16890530557421088,0.7176938369781312,361,101,2374,142
0.4644367095731658,0.7792207792207793,0.9435612082670907,0.16856950973807924,0.7171314741035857,360,102,2374,142
0.4644414915497819,0.7792207792207793,0.9439586645468998,0.1682337139019476,0.718562874251497,360,102,2375,141
0.465,0.7770562770562771,0.9439586645468998,0.16789791806581597,0.718,359,103,2375,141
0.465399040090648,0.7770562770562771,0.9439586645468998,0.16789791806581597,0.718,359,103,2375,141
0.4664775876993304,0.7770562770562771,0.9443561208267091,0.16756212222968436,0.7194388777555111,359,103,2376,140
0.4676924462055409,0.7770562770562771,0.9447535771065183,0.16722632639355273,0.7208835341365462,359,103,2377,139
0.4685680864549481,0.7748917748917749,0.9447535771065183,0.1668905305574211,0.7203219315895373,358,104,2377,139
0.4685859073952925,0.7748917748917749,0.9451510333863276,0.16655473472128945,0.7217741935483871,358,104,2378,138
0.46964167336357,0.7748917748917749,0.9455484896661367,0.16621893888515782,0.7232323232323232,358,104,2379,137
0.47000000000000003,0.7748917748917749,0.9459459459459459,0.16588314304902618,0.7246963562753036,358,104,2380,136
0.4710822422481382,0.7748917748917749,0.9459459459459459,0.16588314304902618,0.7246963562753036,358,104,2380,136
0.471287223011485,0.7748917748917749,0.9463434022257552,0.16554734721289455,0.7261663286004056,358,104,2381,135
0.4722724660719107,0.7748917748917749,0.9467408585055644,0.16521155137676294,0.7276422764227642,358,104,2382,134
0.4731137806496045,0.7727272727272727,0.9467408585055644,0.1648757555406313,0.7270875763747454,357,105,2382,134
0.4733647753850317,0.7727272727272727,0.9471383147853736,0.16453995970449967,0.7285714285714285,357,105,2383,133
0.4736354054834394,0.7727272727272727,0.9475357710651828,0.16420416386836803,0.7300613496932515,357,105,2384,132
0.47500000000000003,0.7705627705627706,0.9475357710651828,0.1638683680322364,0.7295081967213115,356,106,2384,132
0.475075167923722,0.7705627705627706,0.9475357710651828,0.1638683680322364,0.7295081967213115,356,106,2384,132
0.4756814283373595,0.7683982683982684,0.9475357710651828,0.16353257219610476,0.728952772073922,355,107,2384,132
0.47594470051753,0.7683982683982684,0.9479332273449921,0.16319677635997312,0.7304526748971193,355,107,2385,131
0.4780893873067486,0.7683982683982684,0.9483306836248012,0.16286098052384151,0.7319587628865979,355,107,2386,130
0.479489592698998,0.7683982683982684,0.9487281399046105,0.16252518468770988,0.7334710743801653,355,107,2387,129
0.4799756057927221,0.7683982683982684,0.9491255961844197,0.16218938885157824,0.7349896480331263,355,107,2388,128
0.48,0.7662337662337663,0.9491255961844197,0.1618535930154466,0.7344398340248963,354,108,2388,128
0.4817867205264547,0.7662337662337663,0.9491255961844197,0.1618535930154466,0.7344398340248963,354,108,2388,128
0.4833777473585076,0.7662337662337663,0.949523052464229,0.16151779717931497,0.735966735966736,354,108,2389,127
0.485,0.7662337662337663,0.9499205087440381,0.16118200134318333,0.7375,354,108,2390,126
0.4869761391744035,0.7662337662337663,0.9499205087440381,0.16118200134318333,0.7375,354,108,2390,126
0.4882378947200176,0.7662337662337663,0.9503179650238474,0.16084620550705173,0.7390396659707724,354,108,2391,125
0.4894100163237521,0.7662337662337663,0.9507154213036566,0.1605104096709201,0.7405857740585774,354,108,2392,124
0.489633781221701,0.7640692640692641,0.9507154213036566,0.16017461383478845,0.740041928721174,353,109,2392,124
0.489944468923923,0.7640692640692641,0.9511128775834659,0.15983881799865682,0.7415966386554622,353,109,2393,123
0.49,0.7640692640692641,0.951510333863275,0.15950302216252518,0.7431578947368421,353,109,2394,122
0.4916467650849641,0.7640692640692641,0.951510333863275,0.15950302216252518,0.7431578947368421,353,109,2394,122
0.4917575513186913,0.7619047619047619,0.951510333863275,0.15916722632639355,0.7426160337552743,352,110,2394,122
0.4938914394073304,0.7619047619047619,0.9519077901430842,0.1588314304902619,0.7441860465116279,352,110,2395,121
0.495,0.7597402597402597,0.9519077901430842,0.1584956346541303,0.7436440677966102,351,111,2395,121
0.4957257548546756,0.7597402597402597,0.9519077901430842,0.1584956346541303,0.7436440677966102,351,111,2395,121
0.4970864742726128,0.7597402597402597,0.9523052464228935,0.15815983881799867,0.7452229299363057,351,111,2396,120
0.4976357536586332,0.7597402597402597,0.9527027027027027,0.15782404298186703,0.7468085106382979,351,111,2397,119
0.497717326348868,0.7575757575757576,0.9527027027027027,0.1574882471457354,0.746268656716418,350,112,2397,119
0.4996590003956351,0.7575757575757576,0.9531001589825119,0.15715245130960376,0.7478632478632479,350,112,2398,118
0.5,0.7575757575757576,0.9534976152623211,0.15681665547347212,0.7494646680942184,350,112,2399,117
0.5040540257691895,0.7575757575757576,0.9534976152623211,0.15681665547347212,0.7494646680942184,350,112,2399,117
0.505,0.7554112554112554,0.9534976152623211,0.15648085963734049,0.7489270386266095,349,113,2399,117
0.5052777040923349,0.7554112554112554,0.9534976152623211,0.15648085963734049,0.7489270386266095,349,113,2399,117
0.5054574319375272,0.7554112554112554,0.9538950715421304,0.15614506380120888,0.7505376344086021,349,113,2400,116
0.5076156534984201,0.7554112554112554,0.9542925278219396,0.15580926796507724,0.7521551724137931,349,113,2401,115
0.5091578102,0.7554112554112554,0.9546899841017488,0.1554734721289456,0.7537796976241901,349,113,2402,114
0.5093063322994916,0.7554112554112554,0.955087440381558,0.15513767629281397,0.7554112554112554,349,113,2403,113
0.5099093594753111,0.7554112554112554,0.9554848966613673,0.15480188045668233,0.7570498915401301,349,113,2404,112
0.51,0.7554112554112554,0.9558823529411765,0.1544660846205507,0.758695652173913,349,113,2405,111
0.5114704631889435,0.7554112554112554,0.9558823529411765,0.1544660846205507,0.758695652173913,349,113,2405,111
0.5116668236386726,0.7554112554112554,0.9562798092209857,0.15413028878441906,0.7603485838779956,349,113,2406,110
0.512186263219498,0.7554112554112554,0.9566772655007949,0.15379449294828745,0.7620087336244541,349,113,2407,109
0.5123717514771272,0.7554112554112554,0.9570747217806042,0.15345869711215582,0.7636761487964989,349,113,2408,108
0.5124311707126981,0.7532467532467533,0.9570747217806042,0.15312290127602418,0.7631578947368421,348,114,2408,108
0.5136313213038199,0.7532467532467533,0.9574721780604134,0.15278710543989255,0.7648351648351648,348,114,2409,107
0.515,0.7510822510822511,0.9574721780604134,0.1524513096037609,0.76431718061674,347,115,2409,107
0.515439438247031,0.7510822510822511,0.9574721780604134,0.1524513096037609,0.76431718061674,347,115,2409,107
0.5167050774040325,0.7510822510822511,0.9578696343402225,0.15211551376762927,0.7660044150110376,347,115,2410,106
0.5183866878529064,0.7489177489177489,0.9578696343402225,0.15177971793149764,0.7654867256637168,346,116,2410,106
0.5188345607547971,0.7467532467532467,0.9578696343402225,0.15144392209536603,0.7649667405764967,345,117,2410,106
0.5198576641327824,0.7445887445887446,0.9578696343402225,0.1511081262592344,0.7644444444444445,344,118,2410,106
0.52,0.7424242424242424,0.9578696343402225,0.15077233042310276,0.7639198218262806,343,119,2410,106
0.5200956316122511,0.7424242424242424,0.9578696343402225,0.15077233042310276,0.7639198218262806,343,119,2410,106
0.5209932116641086,0.7424242424242424,0.9582670906200318,0.15043653458697112,0.765625,343,119,2411,105
0.521037447489337,0.7424242424242424,0.958664546899841,0.15010073875083949,0.767337807606264,343,119,2412,104
0.5220449260437119,0.7424242424242424,0.9590620031796503,0.14976494291470785,0.7690582959641256,343,119,2413,103
0.525,0.7424242424242424,0.9594594594594594,0.1494291470785762,0.7707865168539326,343,119,2414,102
0.5270235333405741,0.7424242424242424,0.9594594594594594,0.1494291470785762,0.7707865168539326,343,119,2414,102
0.5276238357082785,0.7424242424242424,0.9598569157392687,0.1490933512424446,0.7725225225225225,343,119,2415,101
0.5291929792203788,0.7424242424242424,0.9602543720190779,0.14875755540631297,0.7742663656884876,343,119,2416,100
0.53,0.7424242424242424,0.9606518282988871,0.14842175957018133,0.7760180995475113,343,119,2417,99
0.5308962548668398,0.7424242424242424,0.9606518282988871,0.14842175957018133,0.7760180995475113,343,119,2417,99
0.535,0.7402597402597403,0.9606518282988871,0.1480859637340497,0.7755102040816326,342,120,2417,99
0.5364776902994887,0.7402597402597403,0.9606518282988871,0.1480859637340497,0.7755102040816326,342,120,2417,99
0.5379408006100439,0.7402597402597403,0.9610492845786963,0.14775016789791806,0.7772727272727272,342,120,2418,98
0.5381566350525309,0.7402597402597403,0.9614467408585056,0.14741437206178643,0.7790432801822323,342,120,2419,97
0.5386181271926717,0.7402597402597403,0.9618441971383148,0.1470785762256548,0.7808219178082192,342,120,2420,96
0.5390643245827603,0.7380952380952381,0.9618441971383148,0.14674278038952318,0.7803203661327232,341,121,2420,96
0.5395233564757903,0.7380952380952381,0.962241653418124,0.14640698455339154,0.7821100917431193,341,121,2421,95
0.5399402096982481,0.7380952380952381,0.9626391096979332,0.1460711887172599,0.7839080459770115,341,121,2422,94
0.54,0.7359307359307359,0.9626391096979332,0.14573539288112827,0.783410138248848,340,122,2422,94
0.5400488886225912,0.7359307359307359,0.9626391096979332,0.14573539288112827,0.783410138248848,340,122,2422,94
0.5409274022661695,0.7359307359307359,0.9630365659777425,0.14539959704499664,0.7852193995381063,340,122,2423,93
0.5413628150827257,0.7359307359307359,0.9634340222575517,0.145063801208865,0.7870370370370371,340,122,2424,92
0.5424442812347979,0.7337662337662337,0.9634340222575517,0.14472800537273336,0.7865429234338747,339,123,2424,92
0.5446154396036922,0.7316017316017316,0.9634340222575517,0.14439220953660176,0.786046511627907,338,124,2424,92
0.5447384482489599,0.7294372294372294,0.9634340222575517,0.14405641370047012,0.7855477855477856,337,125,2424,92
0.545,0.7294372294372294,0.9638314785373608,0.14372061786433848,0.7873831775700935,337,125,2425,91
0.5460982415460982,0.7294372294372294,0.9638314785373608,0.14372061786433848,0.7873831775700935,337,125,2425,91
0.5471304295061564,0.7272727272727273,0.9638314785373608,0.14338482202820685,0.7868852459016393,336,126,2425,91
0.5473311284936607,0.7272727272727273,0.9642289348171701,0.1430490261920752,0.7887323943661971,336,126,2426,90
0.5481710746637817,0.7272727272727273,0.9646263910969793,0.14271323035594358,0.7905882352941176,336,126,2427,89
0.5482706717020149,0.7251082251082251,0.9646263910969793,0.14237743451981194,0.7900943396226415,335,127,2427,89
0.5493048041747165,0.7251082251082251,0.9650238473767886,0.14204163868368033,0.7919621749408984,335,127,2428,88
0.55,0.7229437229437229,0.9650238473767886,0.1417058428475487,0.7914691943127962,334,128,2428,88
0.5511290926932255,0.7229437229437229,0.9650238473767886,0.1417058428475487,0.7914691943127962,334,128,2428,88
0.5514457594594451,0.7207792207792207,0.9650238473767886,0.14137004701141706,0.7909738717339667,333,129,2428,88
0.5526524722106099,0.7207792207792207,0.9654213036565977,0.14103425117528542,0.7928571428571428,333,129,2429,87
0.5542400541203197,0.7186147186147186,0.9654213036565977,0.1406984553391538,0.7923627684964201,332,130,2429,87
0.555,0.7164502164502164,0.9654213036565977,0.14036265950302215,0.7918660287081339,331,131,2429,87
0.5585140255606187,0.7164502164502164,0.9654213036565977,0.14036265950302215,0.7918660287081339,331,131,2429,87
0.5594124266098802,0.7164502164502164,0.965818759936407,0.14002686366689054,0.7937649880095923,331,131,2430,86
0.5594692686608436,0.7164502164502164,0.9662162162162162,0.1396910678307589,0.7956730769230769,331,131,2431,85
0.5595974210027891,0.7164502164502164,0.9666136724960255,0.13935527199462727,0.7975903614457831,331,131,2432,84
0.56,0.7142857142857143,0.9666136724960255,0.13901947615849564,0.7971014492753623,330,132,2432,84
0.5602213075222018,0.7142857142857143,0.9666136724960255,0.13901947615849564,0.7971014492753623,330,132,2432,84
0.5643109556431096,0.7121212121212122,0.9666136724960255,0.138683680322364,0.7966101694915254,329,133,2432,84
0.56445452082349,0.70995670995671,0.9666136724960255,0.13834788448623236,0.7961165048543689,328,134,2432,84
0.5650000000000001,0.7077922077922078,0.9666136724960255,0.13801208865010073,0.7956204379562044,327,135,2432,84
0.5666807010864954,0.7077922077922078,0.9666136724960255,0.13801208865010073,0.7956204379562044,327,135,2432,84
0.5674173673787071,0.7056277056277056,0.9666136724960255,0.13767629281396912,0.7951219512195122,326,136,2432,84
0.5675360568862595,0.7034632034632035,0.9666136724960255,0.13734049697783748,0.7946210268948656,325,137,2432,84
0.5676829173615854,0.7034632034632035,0.9670111287758346,0.13700470114170585,0.7965686274509803,325,137,2433,83
0.5700000000000001,0.7034632034632035,0.9674085850556439,0.1366689053055742,0.7985257985257985,325,137,2434,82
0.5701995702377832,0.7034632034632035,0.9674085850556439,0.1366689053055742,0.7985257985257985,325,137,2434,82
0.570752728511312,0.7034632034632035,0.9678060413354531,0.13633310946944258,0.8004926108374384,325,137,2435,81
0.5718657640061208,0.7034632034632035,0.9682034976152624,0.13599731363331094,0.8024691358024691,325,137,2436,80
0.5722570650473666,0.7034632034632035,0.9686009538950715,0.1356615177971793,0.8044554455445545,325,137,2437,79
0.5736797948917353,0.7034632034632035,0.9689984101748808,0.1353257219610477,0.8064516129032258,325,137,2438,78
0.5740788913926311,0.7034632034632035,0.96939586645469,0.13498992612491606,0.8084577114427861,325,137,2439,77
0.5750000000000001,0.7034632034632035,0.9697933227344993,0.13465413028878442,0.8104738154613467,325,137,2440,76
0.5754685212528785,0.7034632034632035,0.9697933227344993,0.13465413028878442,0.8104738154613467,325,137,2440,76
0.575650333726951,0.7034632034632035,0.9701907790143084,0.1343183344526528,0.8125,325,137,2441,75
0.5782650861914225,0.7012987012987013,0.9701907790143084,0.13398253861652115,0.8120300751879699,324,138,2441,75
0.578869720483931,0.6991341991341992,0.9701907790143084,0.13364674278038952,0.8115577889447236,323,139,2441,75
0.58,0.696969696969697,0.9701907790143084,0.13331094694425788,0.8110831234256927,322,140,2441,75
0.5833055615004998,0.696969696969697,0.9701907790143084,0.13331094694425788,0.8110831234256927,322,140,2441,75
0.5840090178876122,0.696969696969697,0.9705882352941176,0.13297515110812627,0.8131313131313131,322,140,2442,74
0.585,0.696969696969697,0.9709856915739269,0.13263935527199464,0.8151898734177215,322,140,2443,73
0.5865520686597978,0.696969696969697,0.9709856915739269,0.13263935527199464,0.8151898734177215,322,140,2443,73
0.5869987678701464,0.6948051948051948,0.9709856915739269,0.132303559435863,0.8147208121827412,321,141,2443,73
0.59,0.6948051948051948,0.9713831478537361,0.13196776359973136,0.816793893129771,321,141,2444,72
0.5905753328733153,0.6948051948051948,0.9713831478537361,0.13196776359973136,0.816793893129771,321,141,2444,72
0.5936693865868229,0.6948051948051948,0.9717806041335453,0.13163196776359973,0.8188775510204082,321,141,2445,71
0.5946066116003558,0.6926406926406926,0.9717806041335453,0.1312961719274681,0.8184143222506394,320,142,2445,71
0.595,0.6904761904761905,0.9717806041335453,0.13096037609133646,0.8179487179487179,319,143,2445,71
0.5951042194146874,0.6904761904761905,0.9717806041335453,0.13096037609133646,0.8179487179487179,319,143,2445,71
0.5959298209941895,0.6883116883116883,0.9717806041335453,0.13062458025520485,0.8174807197943444,318,144,2445,71
0.5966816233380987,0.6883116883116883,0.9721780604133545,0.1302887844190732,0.8195876288659794,318,144,2446,70
0.5970938060787321,0.6861471861471862,0.9721780604133545,0.12995298858294158,0.8191214470284238,317,145,2446,70
0.5976700276087784,0.683982683982684,0.9721780604133545,0.12961719274680994,0.8186528497409327,316,146,2446,70
0.5990970059729102,0.683982683982684,0.9725755166931638,0.1292813969106783,0.8207792207792208,316,146,2447,69
0.5996569751278209,0.683982683982684,0.972972972972973,0.12894560107454667,0.8229166666666666,316,146,2448,68
0.6,0.6818181818181818,0.972972972972973,0.12860980523841503,0.8224543080939948,315,147,2448,68
0.600196085128863,0.6818181818181818,0.972972972972973,0.12860980523841503,0.8224543080939948,315,147,2448,68
0.6011654868602796,0.6818181818181818,0.9733704292527822,0.12827400940228342,0.824607329842932,315,147,2449,67
0.601267868198732,0.6818181818181818,0.9737678855325914,0.1279382135661518,0.8267716535433071,315,147,2450,66
0.605,0.6796536796536796,0.9737678855325914,0.12760241773002015,0.8263157894736842,314,148,2450,66
0.6054612268436897,0.6796536796536796,0.9737678855325914,0.12760241773002015,0.8263157894736842,314,148,2450,66
0.6076705525309651,0.6774891774891775,0.9737678855325914,0.12726662189388852,0.8258575197889182,313,149,2450,66
0.607929647176211,0.6753246753246753,0.9737678855325914,0.12693082605775688,0.8253968253968254,312,150,2450,66
0.6086085958762759,0.6731601731601732,0.9737678855325914,0.12659503022162524,0.8249336870026526,311,151,2450,66
0.609422137607287,0.670995670995671,0.9737678855325914,0.1262592343854936,0.824468085106383,310,152,2450,66
0.6094280750316534,0.6688311688311688,0.9737678855325914,0.125923438549362,0.824,309,153,2450,66
0.61,0.6688311688311688,0.9741653418124007,0.12558764271323036,0.8262032085561497,309,153,2451,65
0.6126915244796529,0.6688311688311688,0.9741653418124007,0.12558764271323036,0.8262032085561497,309,153,2451,65
0.615,0.6666666666666666,0.9741653418124007,0.12525184687709873,0.8257372654155496,308,154,2451,65
0.6152757269046651,0.6666666666666666,0.9741653418124007,0.12525184687709873,0.8257372654155496,308,154,2451,65
0.6156263255500637,0.6645021645021645,0.9741653418124007,0.12491605104096709,0.8252688172043011,307,155,2451,65
0.6166909504667638,0.6623376623376623,0.9741653418124007,0.12458025520483546,0.8247978436657682,306,156,2451,65
0.6167264951825555,0.6623376623376623,0.9745627980922098,0.12424445936870383,0.827027027027027,306,156,2452,64
0.6173548810634591,0.6623376623376623,0.974960254372019,0.1239086635325722,0.8292682926829268,306,156,2453,63
0.6178474072723434,0.6601731601731602,0.974960254372019,0.12357286769644056,0.8288043478260869,305,157,2453,63
0.6191024197026467,0.6601731601731602,0.9753577106518283,0.12323707186030894,0.8310626702997275,305,157,2454,62
0.62,0.6601731601731602,0.9757551669316376,0.1229012760241773,0.8333333333333334,305,157,2455,61
0.6204220341749214,0.6601731601731602,0.9757551669316376,0.1229012760241773,0.8333333333333334,305,157,2455,61
0.6206545255858908,0.658008658008658,0.9757551669316376,0.12256548018804567,0.8328767123287671,304,158,2455,61
0.6214468969935352,0.6558441558441559,0.9757551669316376,0.12222968435191403,0.8324175824175825,303,159,2455,61
0.6244824238693066,0.6558441558441559,0.9761526232114467,0.12189388851578241,0.8347107438016529,303,159,2456,60
0.625,0.6536796536796536,0.9761526232114467,0.12155809267965077,0.8342541436464088,302,160,2456,60
0.6258645128766271,0.6536796536796536,0.9761526232114467,0.12155809267965077,0.8342541436464088,302,160,2456,60
0.6274597801963336,0.6536796536796536,0.9765500794912559,0.12122229684351914,0.8365650969529086,302,160,2457,59
0.6288283173866818,0.6515151515151515,0.9765500794912559,0.12088650100738751,0.8361111111111111,301,161,2457,59
0.629667925814317,0.6515151515151515,0.9769475357710652,0.12055070517125588,0.8384401114206128,301,161,2458,58
0.63,0.6515151515151515,0.9773449920508744,0.12021490933512424,0.840782122905028,301,161,2459,57
0.6322880691344936,0.6515151515151515,0.9773449920508744,0.12021490933512424,0.840782122905028,301,161,2459,57
0.634647980965352,0.6493506493506493,0.9773449920508744,0.1198791134989926,0.8403361344537815,300,162,2459,57
0.6348548913261368,0.6471861471861472,0.9773449920508744,0.11954331766286098,0.8398876404494382,299,163,2459,57
0.635,0.645021645021645,0.9773449920508744,0.11920752182672935,0.8394366197183099,298,164,2459,57
0.6361960129857741,0.645021645021645,0.9773449920508744,0.11920752182672935,0.8394366197183099,298,164,2459,57
0.6370831451467497,0.6428571428571429,0.9773449920508744,0.11887172599059771,0.8389830508474576,297,165,2459,57
0.639338011783679,0.6406926406926406,0.9773449920508744,0.11853593015446609,0.8385269121813032,296,166,2459,57
0.64,0.6406926406926406,0.9777424483306836,0.11820013431833445,0.8409090909090909,296,166,2460,56
0.6401884468429496,0.6406926406926406,0.9777424483306836,0.11820013431833445,0.8409090909090909,296,166,2460,56
0.6420035847512846,0.6385281385281385,0.9777424483306836,0.11786433848220282,0.8404558404558404,295,167,2460,56
0.645,0.6385281385281385,0.9781399046104928,0.11752854264607118,0.8428571428571429,295,167,2461,55
0.6470276887511726,0.6385281385281385,0.9781399046104928,0.11752854264607118,0.8428571428571429,295,167,2461,55
0.65,0.6385281385281385,0.9785373608903021,0.11719274680993956,0.8452722063037249,295,167,2462,54
0.6501567463095925,0.6385281385281385,0.9785373608903021,0.11719274680993956,0.8452722063037249,295,167,2462,54
0.6536558998615705,0.6385281385281385,0.9789348171701113,0.11685695097380792,0.8477011494252874,295,167,2463,53
0.6538030335446274,0.6385281385281385,0.9793322734499205,0.11652115513767629,0.8501440922190202,295,167,2464,52
0.6538610990845946,0.6363636363636364,0.9793322734499205,0.11618535930154467,0.8497109826589595,294,168,2464,52
0.6542117666167152,0.6341991341991342,0.9793322734499205,0.11584956346541303,0.8492753623188406,293,169,2464,52
0.654697987027047,0.6320346320346321,0.9793322734499205,0.1155137676292814,0.8488372093023255,292,170,2464,52
0.655,0.6298701298701299,0.9793322734499205,0.11517797179314976,0.8483965014577259,291,171,2464,52
0.6551603999105298,0.6298701298701299,0.9793322734499205,0.11517797179314976,0.8483965014577259,291,171,2464,52
0.6570326274639637,0.6277056277056277,0.9793322734499205,0.11484217595701814,0.847953216374269,290,172,2464,52
0.65724434516679,0.6277056277056277,0.9797297297297297,0.1145063801208865,0.8504398826979472,290,172,2465,51
0.6588102780704823,0.6255411255411255,0.9797297297297297,0.11417058428475486,0.85,289,173,2465,51
0.6595353769555057,0.6233766233766234,0.9797297297297297,0.11383478844862324,0.8495575221238938,288,174,2465,51
0.66,0.6212121212121212,0.9797297297297297,0.1134989926124916,0.849112426035503,287,175,2465,51
0.6604347905108698,0.6212121212121212,0.9797297297297297,0.1134989926124916,0.849112426035503,287,175,2465,51
0.661111127509999,0.6212121212121212,0.980127186009539,0.11316319677635997,0.8516320474777448,287,175,2466,50
0.6633137949971488,0.6212121212121212,0.9805246422893482,0.11282740094022835,0.8541666666666666,287,175,2467,49
0.6641835861179382,0.6190476190476191,0.9805246422893482,0.11249160510409671,0.8537313432835821,286,176,2467,49
0.6649613828798073,0.6190476190476191,0.9809220985691574,0.11215580926796508,0.8562874251497006,286,176,2468,48
0.665,0.6168831168831169,0.9809220985691574,0.11182001343183344,0.8558558558558559,285,177,2468,48
0.6652683885406043,0.6168831168831169,0.9809220985691574,0.11182001343183344,0.8558558558558559,285,177,2468,48
0.6655095739965288,0.6168831168831169,0.9813195548489666,0.11148421759570182,0.858433734939759,285,177,2469,47
0.6670380701449954,0.6168831168831169,0.9817170111287759,0.11114842175957018,0.8610271903323263,285,177,2470,46
0.6679949572661488,0.6147186147186147,0.9817170111287759,0.11081262592343855,0.8606060606060606,284,178,2470,46
0.67,0.6147186147186147,0.9821144674085851,0.11047683008730692,0.8632218844984803,284,178,2471,45
0.671227902591572,0.6147186147186147,0.9821144674085851,0.11047683008730692,0.8632218844984803,284,178,2471,45
0.6719778887606537,0.6125541125541125,0.9821144674085851,0.11014103425117529,0.8628048780487805,283,179,2471,45
0.6737369544179708,0.6103896103896104,0.9821144674085851,0.10980523841504365,0.8623853211009175,282,180,2471,45
0.675,0.6103896103896104,0.9825119236883942,0.10946944257891202,0.8650306748466258,282,180,2472,44
0.6753858126449384,0.6103896103896104,0.9825119236883942,0.10946944257891202,0.8650306748466258,282,180,2472,44
0.6754314467806088,0.6103896103896104,0.9829093799682035,0.1091336467427804,0.8676923076923077,282,180,2473,43
0.6795893608583816,0.6082251082251082,0.9829093799682035,0.10879785090664876,0.8672839506172839,281,181,2473,43
0.68,0.6060606060606061,0.9829093799682035,0.10846205507051712,0.8668730650154799,280,182,2473,43
0.6806201632669767,0.6060606060606061,0.9829093799682035,0.10846205507051712,0.8668730650154799,280,182,2473,43
0.6831231668362757,0.6060606060606061,0.9833068362480127,0.1081262592343855,0.8695652173913043,280,182,2474,42
0.6834646519930728,0.6038961038961039,0.9833068362480127,0.10779046339825386,0.8691588785046729,279,183,2474,42
0.6835527611493416,0.6017316017316018,0.9833068362480127,0.10745466756212223,0.86875,278,184,2474,42
0.6842682323986843,0.6017316017316018,0.983704292527822,0.10711887172599059,0.8714733542319749,278,184,2475,41
0.685,0.5995670995670995,0.983704292527822,0.10678307588985897,0.8710691823899371,277,185,2475,41
0.6870957895432092,0.5995670995670995,0.983704292527822,0.10678307588985897,0.8710691823899371,277,185,2475,41
0.6873885676234399,0.5974025974025974,0.983704292527822,0.10644728005372733,0.8706624605678234,276,186,2475,41
0.6876991520063729,0.5952380952380952,0.983704292527822,0.1061114842175957,0.870253164556962,275,187,2475,41
0.687968946535369,0.5952380952380952,0.9841017488076311,0.10577568838146408,0.873015873015873,275,187,2476,40
0.6894457699328772,0.5952380952380952,0.9844992050874404,0.10543989254533244,0.8757961783439491,275,187,2477,39
0.6900000000000001,0.5930735930735931,0.9844992050874404,0.1051040967092008,0.8753993610223643,274,188,2477,39
0.6909814289442973,0.5930735930735931,0.9844992050874404,0.1051040967092008,0.8753993610223643,274,188,2477,39
0.6910029671212392,0.5930735930735931,0.9848966613672496,0.10476830087306917,0.8782051282051282,274,188,2478,38
0.6920829990451652,0.5909090909090909,0.9848966613672496,0.10443250503693755,0.8778135048231511,273,189,2478,38
0.6950000000000001,0.5909090909090909,0.9852941176470589,0.10409670920080591,0.8806451612903226,273,189,2479,37
0.7000000000000001,0.5909090909090909,0.9852941176470589,0.10409670920080591,0.8806451612903226,273,189,2479,37
0.7017068331709018,0.5909090909090909,0.9852941176470589,0.10409670920080591,0.8806451612903226,273,189,2479,37
0.7029453517966926,0.5909090909090909,0.985691573926868,0.10376091336467427,0.883495145631068,273,189,2480,36
0.7034954908816431,0.5909090909090909,0.9860890302066773,0.10342511752854265,0.8863636363636364,273,189,2481,35
0.705,0.5887445887445888,0.9860890302066773,0.10308932169241102,0.8859934853420195,272,190,2481,35
0.7079618582831227,0.5887445887445888,0.9860890302066773,0.10308932169241102,0.8859934853420195,272,190,2481,35
0.708125262217884,0.5865800865800865,0.9860890302066773,0.10275352585627938,0.8856209150326797,271,191,2481,35
0.7093523695366852,0.5844155844155844,0.9860890302066773,0.10241773002014776,0.8852459016393442,270,192,2481,35
0.7094289491350863,0.5822510822510822,0.9860890302066773,0.10208193418401612,0.8848684210526315,269,193,2481,35
0.7096588175360307,0.5800865800865801,0.9860890302066773,0.10174613834788448,0.8844884488448845,268,194,2481,35
0.71,0.5800865800865801,0.9864864864864865,0.10141034251175285,0.8874172185430463,268,194,2482,34
0.7103150101603459,0.5800865800865801,0.9864864864864865,0.10141034251175285,0.8874172185430463,268,194,2482,34
0.7116476061053961,0.577922077922078,0.9864864864864865,0.10107454667562123,0.8870431893687708,267,195,2482,34
0.712529481244257,0.577922077922078,0.9868839427662957,0.10073875083948959,0.89,267,195,2483,33
0.7131007469930224,0.5757575757575758,0.9868839427662957,0.10040295500335795,0.8896321070234113,266,196,2483,33
0.7137387648779268,0.5735930735930735,0.9868839427662957,0.10006715916722633,0.889261744966443,265,197,2483,33
0.7145253089241869,0.5714285714285714,0.9868839427662957,0.0997313633310947,0.8888888888888888,264,198,2483,33
0.715,0.5692640692640693,0.9868839427662957,0.09939556749496306,0.8885135135135135,263,199,2483,33
0.7158183528046009,0.5692640692640693,0.9868839427662957,0.09939556749496306,0.8885135135135135,263,199,2483,33
0.7190842968589217,0.5692640692640693,0.9872813990461049,0.09905977165883142,0.8915254237288136,263,199,2484,32
0.72,0.5670995670995671,0.9872813990461049,0.0987239758226998,0.891156462585034,262,200,2484,32
0.7210487896387467,0.5670995670995671,0.9872813990461049,0.0987239758226998,0.891156462585034,262,200,2484,32
0.7214633809634156,0.564935064935065,0.9872813990461049,0.09838817998656817,0.8907849829351536,261,201,2484,32
0.7217352642503049,0.5627705627705628,0.9872813990461049,0.09805238415043653,0.8904109589041096,260,202,2484,32
0.7249343471938051,0.5606060606060606,0.9872813990461049,0.09771658831430491,0.8900343642611683,259,203,2484,32
0.725,0.5584415584415584,0.9872813990461049,0.09738079247817327,0.8896551724137931,258,204,2484,32
0.7294872695379476,0.5584415584415584,0.9872813990461049,0.09738079247817327,0.8896551724137931,258,204,2484,32
0.7298342725403315,0.5584415584415584,0.9876788553259142,0.09704499664204164,0.8927335640138409,258,204,2485,31
0.73,0.5562770562770563,0.9876788553259142,0.09670920080591,0.8923611111111112,257,205,2485,31
0.731872958357888,0.5562770562770563,0.9876788553259142,0.09670920080591,0.8923611111111112,257,205,2485,31
0.7323793828788552,0.5541125541125541,0.9876788553259142,0.09637340496977838,0.89198606271777,256,206,2485,31
0.735,0.5541125541125541,0.9880763116057234,0.09603760913364674,0.8951048951048951,256,206,2486,30
0.7389144496649862,0.5541125541125541,0.9880763116057234,0.09603760913364674,0.8951048951048951,256,206,2486,30
0.74,0.551948051948052,0.9880763116057234,0.0957018132975151,0.8947368421052632,255,207,2486,30
0.740214702612056,0.551948051948052,0.9880763116057234,0.0957018132975151,0.8947368421052632,255,207,2486,30
0.7437361316936252,0.5497835497835498,0.9880763116057234,0.09536601746138348,0.8943661971830986,254,208,2486,30
0.7441195471800388,0.5497835497835498,0.9884737678855325,0.09503022162525185,0.8975265017667845,254,208,2487,29
0.7448114203394332,0.5497835497835498,0.9888712241653418,0.09469442578912021,0.900709219858156,254,208,2488,28
0.745,0.5476190476190477,0.9888712241653418,0.09435862995298858,0.900355871886121,253,209,2488,28
0.7483880455380715,0.5476190476190477,0.9888712241653418,0.09435862995298858,0.900355871886121,253,209,2488,28
0.75,0.5454545454545454,0.9888712241653418,0.09402283411685695,0.9,252,210,2488,28
0.750622794952406,0.5454545454545454,0.9888712241653418,0.09402283411685695,0.9,252,210,2488,28
0.7510070959606752,0.5454545454545454,0.989268680445151,0.09368703828072532,0.9032258064516129,252,210,2489,27
0.7526121986341128,0.5454545454545454,0.9896661367249603,0.09335124244459368,0.9064748201438849,252,210,2490,26
0.7537146856072061,0.5432900432900433,0.9896661367249603,0.09301544660846206,0.9061371841155235,251,211,2490,26
0.7541266770557773,0.5411255411255411,0.9896661367249603,0.09267965077233042,0.9057971014492754,250,212,2490,26
0.755,0.538961038961039,0.9896661367249603,0.09234385493619879,0.9054545454545454,249,213,2490,26
0.7552532829157244,0.538961038961039,0.9896661367249603,0.09234385493619879,0.9054545454545454,249,213,2490,26
0.7568349658237179,0.5367965367965368,0.9896661367249603,0.09200805910006717,0.9051094890510949,248,214,2490,26
0.759117635865647,0.5346320346320347,0.9896661367249603,0.09167226326393553,0.9047619047619048,247,215,2490,26
0.76,0.5346320346320347,0.9900635930047694,0.0913364674278039,0.9080882352941176,247,215,2491,25
0.7613234132675863,0.5346320346320347,0.9900635930047694,0.0913364674278039,0.9080882352941176,247,215,2491,25
0.7616051351171081,0.5324675324675324,0.9900635930047694,0.09100067159167226,0.9077490774907749,246,216,2491,25
0.765,0.5303030303030303,0.9900635930047694,0.09066487575554064,0.9074074074074074,245,217,2491,25
0.765664505372155,0.5303030303030303,0.9900635930047694,0.09066487575554064,0.9074074074074074,245,217,2491,25
0.7676944275833226,0.5303030303030303,0.9904610492845787,0.090329079919409,0.9107806691449815,245,217,2492,24
0.7678545827392298,0.5281385281385281,0.9904610492845787,0.08999328408327736,0.9104477611940298,244,218,2492,24
0.7686359352344572,0.525974025974026,0.9904610492845787,0.08965748824714574,0.9101123595505618,243,219,2492,24
0.7690468706195408,0.5238095238095238,0.9904610492845787,0.0893216924110141,0.9097744360902256,242,220,2492,24
0.7699095138636654,0.5216450216450217,0.9904610492845787,0.08898589657488247,0.909433962264151,241,221,2492,24
0.77,0.5194805194805194,0.9904610492845787,0.08865010073875083,0.9090909090909091,240,222,2492,24
0.7715930166963535,0.5194805194805194,0.9904610492845787,0.08865010073875083,0.9090909090909091,240,222,2492,24
0.7721784122858799,0.5194805194805194,0.9908585055643879,0.08831430490261921,0.9125475285171103,240,222,2493,23
0.775,0.5173160173160173,0.9908585055643879,0.08797850906648758,0.9122137404580153,239,223,2493,23
0.7777210720441496,0.5173160173160173,0.9908585055643879,0.08797850906648758,0.9122137404580153,239,223,2493,23
0.7778168104904191,0.5151515151515151,0.9908585055643879,0.08764271323035594,0.9118773946360154,238,224,2493,23
0.7781680586768981,0.5151515151515151,0.9912559618441972,0.08730691739422432,0.9153846153846154,238,224,2494,22
0.78,0.512987012987013,0.9912559618441972,0.08697112155809268,0.915057915057915,237,225,2494,22
0.7806083809794682,0.512987012987013,0.9912559618441972,0.08697112155809268,0.915057915057915,237,225,2494,22
0.7812592281566062,0.5108225108225108,0.9912559618441972,0.08663532572196105,0.9147286821705426,236,226,2494,22
0.7849482483613169,0.5086580086580087,0.9912559618441972,0.08629952988582941,0.914396887159533,235,227,2494,22
0.785,0.5064935064935064,0.9912559618441972,0.08596373404969779,0.9140625,234,228,2494,22
0.7888297768397872,0.5064935064935064,0.9912559618441972,0.08596373404969779,0.9140625,234,228,2494,22
0.79,0.5043290043290043,0.9912559618441972,0.08562793821356615,0.9137254901960784,233,229,2494,22
0.7900377636213127,0.5043290043290043,0.9912559618441972,0.08562793821356615,0.9137254901960784,233,229,2494,22
0.7915047034710156,0.5021645021645021,0.9912559618441972,0.08529214237743452,0.9133858267716536,232,230,2494,22
0.795,0.5,0.9912559618441972,0.0849563465413029,0.9130434782608695,231,231,2494,22
0.7996104396821037,0.5,0.9912559618441972,0.0849563465413029,0.9130434782608695,231,231,2494,22
0.8,0.49783549783549785,0.9912559618441972,0.08462055070517126,0.9126984126984127,230,232,2494,22
0.8000788502402207,0.49783549783549785,0.9912559618441972,0.08462055070517126,0.9126984126984127,230,232,2494,22
0.805,0.49783549783549785,0.9916534181240063,0.08428475486903962,0.9163346613545816,230,232,2495,21
0.8053820140666992,0.49783549783549785,0.9916534181240063,0.08428475486903962,0.9163346613545816,230,232,2495,21
0.8058894759255988,0.49567099567099565,0.9916534181240063,0.08394895903290799,0.916,229,233,2495,21
0.8061951365520291,0.49567099567099565,0.9920508744038156,0.08361316319677636,0.9196787148594378,229,233,2496,20
0.8066565950602115,0.4935064935064935,0.9920508744038156,0.08327736736064473,0.9193548387096774,228,234,2496,20
0.81,0.49134199134199136,0.9920508744038156,0.08294157152451309,0.9190283400809717,227,235,2496,20
0.8118967272284485,0.49134199134199136,0.9920508744038156,0.08294157152451309,0.9190283400809717,227,235,2496,20
0.812119831675152,0.48917748917748916,0.9920508744038156,0.08260577568838147,0.9186991869918699,226,236,2496,20
0.814220333114678,0.48917748917748916,0.9924483306836248,0.08226997985224983,0.9224489795918367,226,236,2497,19
0.8145253183689305,0.487012987012987,0.9924483306836248,0.0819341840161182,0.9221311475409836,225,237,2497,19
0.8150000000000001,0.48484848484848486,0.9924483306836248,0.08159838817998656,0.9218106995884774,224,238,2497,19
0.8178381332568472,0.48484848484848486,0.9924483306836248,0.08159838817998656,0.9218106995884774,224,238,2497,19
0.8200000000000001,0.48484848484848486,0.9928457869634341,0.08126259234385494,0.9256198347107438,224,238,2498,18
0.820349655351986,0.48484848484848486,0.9928457869634341,0.08126259234385494,0.9256198347107438,224,238,2498,18
0.8213466839508026,0.48268398268398266,0.9928457869634341,0.0809267965077233,0.9253112033195021,223,239,2498,18
0.8217318851609492,0.4805194805194805,0.9928457869634341,0.08059100067159167,0.925,222,240,2498,18
0.823859047238752,0.47835497835497837,0.9928457869634341,0.08025520483546005,0.9246861924686193,221,241,2498,18
0.8250000000000001,0.47619047619047616,0.9928457869634341,0.07991940899932841,0.9243697478991597,220,242,2498,18
0.8253990056494964,0.47619047619047616,0.9928457869634341,0.07991940899932841,0.9243697478991597,220,242,2498,18
0.8257576851848506,0.474025974025974,0.9928457869634341,0.07958361316319677,0.9240506329113924,219,243,2498,18
0.8262089627749135,0.47186147186147187,0.9928457869634341,0.07924781732706515,0.923728813559322,218,244,2498,18
0.8281452307247734,0.4696969696969697,0.9928457869634341,0.07891202149093351,0.9234042553191489,217,245,2498,18
0.8284305077382774,0.4675324675324675,0.9928457869634341,0.07857622565480188,0.9230769230769231,216,246,2498,18
0.8291396105679383,0.4653679653679654,0.9928457869634341,0.07824042981867024,0.9227467811158798,215,247,2498,18
0.8300000000000001,0.4653679653679654,0.9932432432432432,0.07790463398253862,0.9267241379310345,215,247,2499,17
0.8305334126241077,0.4653679653679654,0.9932432432432432,0.07790463398253862,0.9267241379310345,215,247,2499,17
0.8329031299989675,0.46320346320346323,0.9932432432432432,0.07756883814640698,0.9264069264069265,214,248,2499,17
0.835,0.461038961038961,0.9932432432432432,0.07723304231027535,0.9260869565217391,213,249,2499,17
0.8355029408667453,0.461038961038961,0.9932432432432432,0.07723304231027535,0.9260869565217391,213,249,2499,17
0.8361453736150743,0.4588744588744589,0.9932432432432432,0.07689724647414373,0.925764192139738,212,250,2499,17
0.8366863226392878,0.4588744588744589,0.9936406995230525,0.07656145063801209,0.9298245614035088,212,250,2500,16
0.8377818443778184,0.45670995670995673,0.9936406995230525,0.07622565480188045,0.9295154185022027,211,251,2500,16
0.8382950508431527,0.45670995670995673,0.9940381558028617,0.07588985896574882,0.9336283185840708,211,251,2501,15
0.8396341472829268,0.45454545454545453,0.9940381558028617,0.0755540631296172,0.9333333333333333,210,252,2501,15
0.84,0.4523809523809524,0.9940381558028617,0.07521826729348556,0.9330357142857143,209,253,2501,15
0.8417373816097857,0.4523809523809524,0.9940381558028617,0.07521826729348556,0.9330357142857143,209,253,2501,15
0.8420253327346838,0.45021645021645024,0.9940381558028617,0.07488247145735392,0.9327354260089686,208,254,2501,15
0.8434801153044034,0.44805194805194803,0.9940381558028617,0.0745466756212223,0.9324324324324325,207,255,2501,15
0.845,0.4458874458874459,0.9940381558028617,0.07421087978509067,0.9321266968325792,206,256,2501,15
0.8489914546221333,0.4458874458874459,0.9940381558028617,0.07421087978509067,0.9321266968325792,206,256,2501,15
0.8490297072093322,0.44372294372294374,0.9940381558028617,0.07387508394895903,0.9318181818181818,205,257,2501,15
0.8499218666982811,0.44372294372294374,0.994435612082671,0.0735392881128274,0.9360730593607306,205,257,2502,14
0.85,0.44155844155844154,0.994435612082671,0.07320349227669577,0.9357798165137615,204,258,2502,14
0.8524013151395526,0.44155844155844154,0.994435612082671,0.07320349227669577,0.9357798165137615,204,258,2502,14
0.8529086303411635,0.4393939393939394,0.994435612082671,0.07286769644056414,0.9354838709677419,203,259,2502,14
0.8537441011938385,0.43722943722943725,0.994435612082671,0.0725319006044325,0.9351851851851852,202,260,2502,14
0.8545008607020947,0.43506493506493504,0.994435612082671,0.07219610476830088,0.9348837209302325,201,261,2502,14
0.8546160098801553,0.4329004329004329,0.994435612082671,0.07186030893216924,0.9345794392523364,200,262,2502,14
0.8546996861196333,0.43073593073593075,0.994435612082671,0.0715245130960376,0.9342723004694836,199,263,2502,14
0.8549884038566125,0.42857142857142855,0.994435612082671,0.07118871725990597,0.9339622641509434,198,264,2502,14
0.855,0.4264069264069264,0.994435612082671,0.07085292142377435,0.933649289099526,197,265,2502,14
0.8584386203945578,0.4264069264069264,0.994435612082671,0.07085292142377435,0.933649289099526,197,265,2502,14
0.8589877790436998,0.42424242424242425,0.994435612082671,0.07051712558764271,0.9333333333333333,196,266,2502,14
0.86,0.42207792207792205,0.994435612082671,0.07018132975151108,0.9330143540669856,195,267,2502,14
0.8610220411632665,0.42207792207792205,0.994435612082671,0.07018132975151108,0.9330143540669856,195,267,2502,14
0.8626250538913245,0.4199134199134199,0.994435612082671,0.06984553391537945,0.9326923076923077,194,268,2502,14
0.8634079470205573,0.41774891774891776,0.994435612082671,0.06950973807924782,0.9323671497584541,193,269,2502,14
0.8639729065955577,0.4155844155844156,0.994435612082671,0.06917394224311618,0.9320388349514563,192,270,2502,14
0.8649239358365974,0.4134199134199134,0.994435612082671,0.06883814640698456,0.9317073170731708,191,271,2502,14
0.865,0.41125541125541126,0.994435612082671,0.06850235057085292,0.9313725490196079,190,272,2502,14
0.8652903596735482,0.41125541125541126,0.994435612082671,0.06850235057085292,0.9313725490196079,190,272,2502,14
0.865885501463542,0.41125541125541126,0.9948330683624801,0.06816655473472129,0.9359605911330049,190,272,2503,13
0.866563080069049,0.4090909090909091,0.9948330683624801,0.06783075889858965,0.9356435643564357,189,273,2503,13
0.868119633956411,0.4069264069264069,0.9948330683624801,0.06749496306245803,0.9353233830845771,188,274,2503,13
0.8692095501689336,0.40476190476190477,0.9948330683624801,0.0671591672263264,0.935,187,275,2503,13
0.87,0.4025974025974026,0.9948330683624801,0.06682337139019476,0.9346733668341709,186,276,2503,13
0.87433223586899,0.4025974025974026,0.9948330683624801,0.06682337139019476,0.9346733668341709,186,276,2503,13
0.8748576299368593,0.4025974025974026,0.9952305246422893,0.06648757555406314,0.9393939393939394,186,276,2504,12
0.875,0.4004329004329004,0.9952305246422893,0.0661517797179315,0.9390862944162437,185,277,2504,12
0.88,0.4004329004329004,0.9952305246422893,0.0661517797179315,0.9390862944162437,185,277,2504,12
0.8805343955839682,0.4004329004329004,0.9952305246422893,0.0661517797179315,0.9390862944162437,185,277,2504,12
0.8847809438765258,0.39826839826839827,0.9952305246422893,0.06581598388179986,0.9387755102040817,184,278,2504,12
0.885,0.3961038961038961,0.9952305246422893,0.06548018804566823,0.9384615384615385,183,279,2504,12
0.887554655443451,0.3961038961038961,0.9952305246422893,0.06548018804566823,0.9384615384615385,183,279,2504,12
0.89,0.3939393939393939,0.9952305246422893,0.0651443922095366,0.9381443298969072,182,280,2504,12
0.8900018285860135,0.3939393939393939,0.9952305246422893,0.0651443922095366,0.9381443298969072,182,280,2504,12
0.8906348664282848,0.3917748917748918,0.9952305246422893,0.06480859637340497,0.9378238341968912,181,281,2504,12
0.8917974558573124,0.38961038961038963,0.9952305246422893,0.06447280053727333,0.9375,180,282,2504,12
0.8918590000111792,0.3874458874458874,0.9952305246422893,0.06413700470114171,0.93717277486911,179,283,2504,12
0.8923350018311924,0.3852813852813853,0.9952305246422893,0.06380120886501008,0.9368421052631579,178,284,2504,12
0.8942861019022883,0.38311688311688313,0.9952305246422893,0.06346541302887844,0.9365079365079365,177,285,2504,12
0.8947095920923243,0.38311688311688313,0.9956279809220986,0.0631296171927468,0.9414893617021277,177,285,2505,11
0.895,0.38095238095238093,0.9956279809220986,0.06279382135661518,0.9411764705882353,176,286,2505,11
0.8951645578997727,0.38095238095238093,0.9956279809220986,0.06279382135661518,0.9411764705882353,176,286,2505,11
0.8957667323029546,0.3787878787878788,0.9956279809220986,0.062458025520483546,0.9408602150537635,175,287,2505,11
0.8979892300976948,0.37662337662337664,0.9956279809220986,0.062122229684351916,0.9405405405405406,174,288,2505,11
0.898835062942489,0.37662337662337664,0.9960254372019078,0.06178643384822028,0.9456521739130435,174,288,2506,10
0.9,0.37445887445887444,0.9960254372019078,0.06145063801208865,0.9453551912568307,173,289,2506,10
0.9017248306474128,0.37445887445887444,0.9960254372019078,0.06145063801208865,0.9453551912568307,173,289,2506,10
0.9018495607266088,0.3722943722943723,0.9960254372019078,0.061114842175957015,0.945054945054945,172,290,2506,10
0.9034688699058856,0.37012987012987014,0.9960254372019078,0.060779046339825386,0.9447513812154696,171,291,2506,10
0.905,0.36796536796536794,0.9960254372019078,0.06044325050369376,0.9444444444444444,170,292,2506,10
0.9054757922508448,0.36796536796536794,0.9960254372019078,0.06044325050369376,0.9444444444444444,170,292,2506,10
0.9065676396088972,0.36796536796536794,0.996422893481717,0.06010745466756212,0.9497206703910615,170,292,2507,9
0.9076916363901492,0.3658008658008658,0.996422893481717,0.05977165883143049,0.949438202247191,169,293,2507,9
0.9079898680242228,0.36363636363636365,0.996422893481717,0.059435862995298856,0.9491525423728814,168,294,2507,9
0.9091916110903652,0.36363636363636365,0.9968203497615262,0.05910006715916723,0.9545454545454546,168,294,2508,8
0.9093989625719598,0.36147186147186144,0.9968203497615262,0.05876427132303559,0.9542857142857143,167,295,2508,8
0.909871416147632,0.3593073593073593,0.9968203497615262,0.05842847548690396,0.9540229885057471,166,296,2508,8
0.91,0.35714285714285715,0.9968203497615262,0.05809267965077233,0.953757225433526,165,297,2508,8
0.9106398051609192,0.35714285714285715,0.9968203497615262,0.05809267965077233,0.953757225433526,165,297,2508,8
0.9118880856044758,0.354978354978355,0.9968203497615262,0.0577568838146407,0.9534883720930233,164,298,2508,8
0.9126053128739468,0.3528138528138528,0.9968203497615262,0.05742108797850907,0.9532163742690059,163,299,2508,8
0.9146942759526626,0.35064935064935066,0.9968203497615262,0.05708529214237743,0.9529411764705882,162,300,2508,8
0.915,0.3484848484848485,0.9968203497615262,0.0567494963062458,0.9526627218934911,161,301,2508,8
0.91566587292522,0.3484848484848485,0.9968203497615262,0.0567494963062458,0.9526627218934911,161,301,2508,8
0.918428842,0.3463203463203463,0.9968203497615262,0.056413700470114174,0.9523809523809523,160,302,2508,8
0.9186310635066176,0.34415584415584416,0.9968203497615262,0.05607790463398254,0.9520958083832335,159,303,2508,8
0.9194621959259264,0.341991341991342,0.9968203497615262,0.05574210879785091,0.9518072289156626,158,304,2508,8
0.92,0.3398268398268398,0.9968203497615262,0.05540631296171927,0.9515151515151515,157,305,2508,8
0.9237447905122156,0.3398268398268398,0.9968203497615262,0.05540631296171927,0.9515151515151515,157,305,2508,8
0.9246674213796122,0.33766233766233766,0.9968203497615262,0.055070517125587644,0.9512195121951219,156,306,2508,8
0.924683254108869,0.3354978354978355,0.9968203497615262,0.05473472128945601,0.950920245398773,155,307,2508,8
0.925,0.3333333333333333,0.9968203497615262,0.05439892545332438,0.9506172839506173,154,308,2508,8
0.9250541628676678,0.3333333333333333,0.9968203497615262,0.05439892545332438,0.9506172839506173,154,308,2508,8
0.9252946099047432,0.33116883116883117,0.9968203497615262,0.05406312961719275,0.9503105590062112,153,309,2508,8
0.9269948680115444,0.33116883116883117,0.9972178060413355,0.053727333781061114,0.95625,153,309,2509,7
0.9272292482354494,0.33116883116883117,0.9976152623211447,0.053391537944929485,0.9622641509433962,153,309,2510,6
0.9277309513417108,0.329004329004329,0.9976152623211447,0.05305574210879785,0.9620253164556962,152,310,2510,6
0.929652925690622,0.3268398268398268,0.9976152623211447,0.05271994627266622,0.9617834394904459,151,311,2510,6
0.93,0.3246753246753247,0.9976152623211447,0.052384150436534584,0.9615384615384616,150,312,2510,6
0.9329785505258938,0.3246753246753247,0.9976152623211447,0.052384150436534584,0.9615384615384616,150,312,2510,6
0.9330137322530994,0.3225108225108225,0.9976152623211447,0.052048354600402955,0.9612903225806452,149,313,2510,6
0.9335674431386588,0.3203463203463203,0.9976152623211447,0.051712558764271326,0.961038961038961,148,314,2510,6
0.934734004923647,0.3181818181818182,0.9976152623211447,0.05137676292813969,0.9607843137254902,147,315,2510,6
0.9347591726672572,0.3181818181818182,0.9980127186009539,0.05104096709200806,0.9671052631578947,147,315,2511,5
0.9348608384951896,0.31601731601731603,0.9980127186009539,0.050705171255876424,0.9668874172185431,146,316,2511,5
0.935,0.31385281385281383,0.9980127186009539,0.050369375419744795,0.9666666666666667,145,317,2511,5
0.9366032928990318,0.31385281385281383,0.9980127186009539,0.050369375419744795,0.9666666666666667,145,317,2511,5
0.9367078778136876,0.3116883116883117,0.9980127186009539,0.050033579583613166,0.9664429530201343,144,318,2511,5
0.9393691621998366,0.30952380952380953,0.9980127186009539,0.04969778374748153,0.9662162162162162,143,319,2511,5
0.9394346669862742,0.30735930735930733,0.9980127186009539,0.0493619879113499,0.9659863945578231,142,320,2511,5
0.9400000000000001,0.3051948051948052,0.9980127186009539,0.049026192075218265,0.9657534246575342,141,321,2511,5
0.9406267304268168,0.3051948051948052,0.9980127186009539,0.049026192075218265,0.9657534246575342,141,321,2511,5
0.9409422196055752,0.30303030303030304,0.9980127186009539,0.048690396239086636,0.9655172413793104,140,322,2511,5
0.9411623991724948,0.30303030303030304,0.9984101748807631,0.048354600402955,0.9722222222222222,140,322,2512,4
0.9419870490915476,0.3008658008658009,0.9984101748807631,0.04801880456682337,0.972027972027972,139,323,2512,4
0.9436256429320484,0.2987012987012987,0.9984101748807631,0.04768300873069174,0.971830985915493,138,324,2512,4
0.9437201400415158,0.2987012987012987,0.9988076311605724,0.047347212894560106,0.9787234042553191,138,324,2513,3
0.943890511000508,0.29653679653679654,0.9988076311605724,0.04701141705842848,0.9785714285714285,137,325,2513,3
0.9446247869915448,0.2943722943722944,0.9988076311605724,0.04667562122229684,0.9784172661870504,136,326,2513,3
0.9447603695841108,0.2922077922077922,0.9988076311605724,0.04633982538616521,0.9782608695652174,135,327,2513,3
0.9450000000000001,0.29004329004329005,0.9988076311605724,0.04600402955003358,0.9781021897810219,134,328,2513,3
0.9457931058800138,0.29004329004329005,0.9988076311605724,0.04600402955003358,0.9781021897810219,134,328,2513,3
0.9466946710632024,0.2878787878787879,0.9988076311605724,0.04566823371390195,0.9779411764705882,133,329,2513,3
0.9478112552244502,0.2857142857142857,0.9988076311605724,0.04533243787777032,0.9777777777777777,132,330,2513,3
0.9485522924404884,0.28354978354978355,0.9988076311605724,0.04499664204163868,0.9776119402985075,131,331,2513,3
0.9487766461481784,0.2813852813852814,0.9988076311605724,0.04466084620550705,0.9774436090225563,130,332,2513,3
0.949090353652995,0.2792207792207792,0.9988076311605724,0.04432505036937542,0.9772727272727273,129,333,2513,3
0.9496711114056604,0.27705627705627706,0.9988076311605724,0.04398925453324379,0.9770992366412213,128,334,2513,3
0.9498755901163176,0.2748917748917749,0.9988076311605724,0.04365345869711216,0.9769230769230769,127,335,2513,3
0.9500000000000001,0.2727272727272727,0.9988076311605724,0.04331766286098052,0.9767441860465116,126,336,2513,3
0.9513512554101622,0.2727272727272727,0.9988076311605724,0.04331766286098052,0.9767441860465116,126,336,2513,3
0.9514945861530716,0.27056277056277056,0.9988076311605724,0.042981867024848894,0.9765625,125,337,2513,3
0.952802486248614,0.2683982683982684,0.9988076311605724,0.04264607118871726,0.9763779527559056,124,338,2513,3
0.95341693362516,0.2662337662337662,0.9988076311605724,0.04231027535258563,0.9761904761904762,123,339,2513,3
0.9535176655290284,0.26406926406926406,0.9988076311605724,0.04197447951645399,0.976,122,340,2513,3
0.9537299171833804,0.2619047619047619,0.9988076311605724,0.041638683680322364,0.9758064516129032,121,341,2513,3
0.9539788177622268,0.2597402597402597,0.9988076311605724,0.041302887844190735,0.975609756097561,120,342,2513,3
0.9541632979288844,0.25757575757575757,0.9988076311605724,0.0409670920080591,0.9754098360655737,119,343,2513,3
0.9550000000000001,0.2554112554112554,0.9988076311605724,0.04063129617192747,0.9752066115702479,118,344,2513,3
0.95594510487356,0.2554112554112554,0.9988076311605724,0.04063129617192747,0.9752066115702479,118,344,2513,3
0.9569582509278648,0.2532467532467532,0.9988076311605724,0.040295500335795834,0.975,117,345,2513,3
0.958551652771108,0.2510822510822511,0.9988076311605724,0.039959704499664205,0.9747899159663865,116,346,2513,3
0.9591618902723288,0.24891774891774893,0.9988076311605724,0.039623908663532575,0.9745762711864406,115,347,2513,3
0.96,0.24675324675324675,0.9988076311605724,0.03928811282740094,0.9743589743589743,114,348,2513,3
0.9601783372375154,0.24675324675324675,0.9988076311605724,0.03928811282740094,0.9743589743589743,114,348,2513,3
0.9613775480357776,0.24458874458874458,0.9988076311605724,0.03895231699126931,0.9741379310344828,113,349,2513,3
0.9622137459352442,0.24242424242424243,0.9988076311605724,0.038616521155137674,0.9739130434782609,112,350,2513,3
0.962310001674408,0.24025974025974026,0.9988076311605724,0.038280725319006045,0.9736842105263158,111,351,2513,3
0.9628719990152558,0.23809523809523808,0.9988076311605724,0.03794492948287441,0.9734513274336283,110,352,2513,3
0.9634277014451416,0.23593073593073594,0.9988076311605724,0.03760913364674278,0.9732142857142857,109,353,2513,3
0.963891038731966,0.23376623376623376,0.9988076311605724,0.03727333781061115,0.972972972972973,108,354,2513,3
0.9639065163380034,0.23160173160173161,0.9988076311605724,0.036937541974479515,0.9727272727272728,107,355,2513,3
0.964769572738212,0.22943722943722944,0.9988076311605724,0.036601746138347886,0.9724770642201835,106,356,2513,3
0.965,0.22727272727272727,0.9988076311605724,0.03626595030221625,0.9722222222222222,105,357,2513,3
0.9650190597418716,0.22727272727272727,0.9988076311605724,0.03626595030221625,0.9722222222222222,105,357,2513,3
0.9653103310829926,0.22510822510822512,0.9988076311605724,0.03593015446608462,0.9719626168224299,104,358,2513,3
0.966287155299542,0.22294372294372294,0.9988076311605724,0.035594358629952985,0.9716981132075472,103,359,2513,3
0.9676238712280968,0.22077922077922077,0.9988076311605724,0.035258562793821356,0.9714285714285714,102,360,2513,3
0.9680758203706696,0.21861471861471862,0.9988076311605724,0.03492276695768973,0.9711538461538461,101,361,2513,3
0.9686075644364948,0.21645021645021645,0.9988076311605724,0.03458697112155809,0.970873786407767,100,362,2513,3
0.9693414986821434,0.21428571428571427,0.9988076311605724,0.03425117528542646,0.9705882352941176,99,363,2513,3
0.9699851209472798,0.21212121212121213,0.9988076311605724,0.033915379449294826,0.9702970297029703,98,364,2513,3
0.97,0.21212121212121213,0.9992050874403816,0.0335795836131632,0.98,98,364,2514,2
0.9707286670528712,0.21212121212121213,0.9992050874403816,0.0335795836131632,0.98,98,364,2514,2
0.970749062661137,0.20995670995670995,0.9992050874403816,0.03324378777703157,0.9797979797979798,97,365,2514,2
0.9708307125628156,0.2077922077922078,0.9992050874403816,0.03290799194089993,0.9795918367346939,96,366,2514,2
0.971247268589094,0.20562770562770563,0.9992050874403816,0.0325721961047683,0.979381443298969,95,367,2514,2
0.9713874994129346,0.20346320346320346,0.9992050874403816,0.03223640026863667,0.9791666666666666,94,368,2514,2
0.9721814609177184,0.2012987012987013,0.9992050874403816,0.03190060443250504,0.9789473684210527,93,369,2514,2
0.9732426890070728,0.19913419913419914,0.9992050874403816,0.0315648085963734,0.9787234042553191,92,370,2514,2
0.9739750376545026,0.19696969696969696,0.9992050874403816,0.031229012760241773,0.978494623655914,91,371,2514,2
0.9740794935230628,0.19480519480519481,0.9992050874403816,0.03089321692411014,0.9782608695652174,90,372,2514,2
0.97453406512107,0.19264069264069264,0.9992050874403816,0.030557421087978508,0.978021978021978,89,373,2514,2
0.9748572062757956,0.19047619047619047,0.9992050874403816,0.03022162525184688,0.9777777777777777,88,374,2514,2
0.975,0.18831168831168832,0.9992050874403816,0.029885829415715246,0.9775280898876404,87,375,2514,2
0.9753600087823618,0.18831168831168832,0.9992050874403816,0.029885829415715246,0.9775280898876404,87,375,2514,2
0.975509372407656,0.18614718614718614,0.9992050874403816,0.029550033579583614,0.9772727272727273,86,376,2514,2
0.9761313824926178,0.18398268398268397,0.9992050874403816,0.02921423774345198,0.9770114942528736,85,377,2514,2
0.976790684145266,0.18181818181818182,0.9992050874403816,0.02887844190732035,0.9767441860465116,84,378,2514,2
0.9769497516836988,0.17965367965367965,0.9992050874403816,0.028542646071188716,0.9764705882352941,83,379,2514,2
0.9769526473030736,0.1774891774891775,0.9992050874403816,0.028206850235057087,0.9761904761904762,82,380,2514,2
0.9778829236404776,0.17532467532467533,0.9992050874403816,0.027871054398925454,0.9759036144578314,81,381,2514,2
0.9781618740882592,0.17316017316017315,0.9992050874403816,0.027535258562793822,0.975609756097561,80,382,2514,2
0.9787620015054344,0.17316017316017315,0.9996025437201908,0.02719946272666219,0.9876543209876543,80,382,2515,1
0.9789348552986494,0.170995670995671,0.9996025437201908,0.026863666890530557,0.9875,79,383,2515,1
0.9789949475432173,0.16883116883116883,0.9996025437201908,0.026527871054398924,0.9873417721518988,78,384,2515,1
0.979506343746848,0.16666666666666666,0.9996025437201908,0.026192075218267292,0.9871794871794872,77,385,2515,1
0.98,0.1645021645021645,0.9996025437201908,0.025856279382135663,0.987012987012987,76,386,2515,1
0.980428584400756,0.1645021645021645,0.9996025437201908,0.025856279382135663,0.987012987012987,76,386,2515,1
0.980915597385028,0.16233766233766234,0.9996025437201908,0.02552048354600403,0.9868421052631579,75,387,2515,1
0.9810570942679137,0.16017316017316016,0.9996025437201908,0.025184687709872398,0.9866666666666667,74,388,2515,1
0.9811482319218506,0.15800865800865802,0.9996025437201908,0.024848891873740765,0.9864864864864865,73,389,2515,1
0.9813181052701296,0.15584415584415584,0.9996025437201908,0.024513096037609133,0.9863013698630136,72,390,2515,1
0.9822030107206152,0.15367965367965367,0.9996025437201908,0.0241773002014775,0.9861111111111112,71,391,2515,1
0.9826517841698884,0.15151515151515152,0.9996025437201908,0.02384150436534587,0.9859154929577465,70,392,2515,1
0.983056435618924,0.14935064935064934,0.9996025437201908,0.02350570852921424,0.9857142857142858,69,393,2515,1
0.9832521659397078,0.1471861471861472,0.9996025437201908,0.023169912693082606,0.9855072463768116,68,394,2515,1
0.9834199536397922,0.14502164502164502,0.9996025437201908,0.022834116856950974,0.9852941176470589,67,395,2515,1
0.9836411860597788,0.14285714285714285,0.9996025437201908,0.02249832102081934,0.9850746268656716,66,396,2515,1
0.9838672703905008,0.1406926406926407,0.9996025437201908,0.02216252518468771,0.9848484848484849,65,397,2515,1
0.9838895442026472,0.13852813852813853,0.9996025437201908,0.02182672934855608,0.9846153846153847,64,398,2515,1
0.9841537761991712,0.13636363636363635,0.9996025437201908,0.021490933512424447,0.984375,63,399,2515,1
0.9845195227806872,0.1341991341991342,0.9996025437201908,0.021155137676292814,0.9841269841269841,62,400,2515,1
0.985,0.13203463203463203,0.9996025437201908,0.020819341840161182,0.9838709677419355,61,401,2515,1
0.985571414414108,0.13203463203463203,0.9996025437201908,0.020819341840161182,0.9838709677419355,61,401,2515,1
0.9859037281665032,0.12987012987012986,0.9996025437201908,0.02048354600402955,0.9836065573770492,60,402,2515,1
0.9860346155252842,0.1277056277056277,0.9996025437201908,0.020147750167897917,0.9833333333333333,59,403,2515,1
0.9865001069823572,0.12554112554112554,0.9996025437201908,0.019811954331766288,0.9830508474576272,58,404,2515,1
0.9865526992243304,0.12337662337662338,0.9996025437201908,0.019476158495634655,0.9827586206896551,57,405,2515,1
0.9870194321530216,0.12121212121212122,0.9996025437201908,0.019140362659503023,0.9824561403508771,56,406,2515,1
0.987029477155142,0.11904761904761904,0.9996025437201908,0.01880456682337139,0.9821428571428571,55,407,2515,1
0.9882842287760388,0.11688311688311688,0.9996025437201908,0.018468770987239758,0.9818181818181818,54,408,2515,1
0.9883169220984128,0.11471861471861472,0.9996025437201908,0.018132975151108125,0.9814814814814815,53,409,2515,1
0.9884455727120056,0.11255411255411256,0.9996025437201908,0.017797179314976493,0.9811320754716981,52,410,2515,1
0.98848055996588,0.11038961038961038,0.9996025437201908,0.017461383478844864,0.9807692307692307,51,411,2515,1
0.9885103775772626,0.10822510822510822,0.9996025437201908,0.01712558764271323,0.9803921568627451,50,412,2515,1
0.988591014696566,0.10606060606060606,0.9996025437201908,0.0167897918065816,0.98,49,413,2515,1
0.9887441266636958,0.1038961038961039,0.9996025437201908,0.016453995970449966,0.9795918367346939,48,414,2515,1
0.9888409291349026,0.10173160173160173,0.9996025437201908,0.016118200134318333,0.9791666666666666,47,415,2515,1
0.9891177382136022,0.09956709956709957,0.9996025437201908,0.0157824042981867,0.9787234042553191,46,416,2515,1
0.9892542070859665,0.09740259740259741,0.9996025437201908,0.01544660846205507,0.9782608695652174,45,417,2515,1
0.9892783650413196,0.09523809523809523,0.9996025437201908,0.01511081262592344,0.9777777777777777,44,418,2515,1
0.9894375279536144,0.09307359307359307,0.9996025437201908,0.014775016789791807,0.9772727272727273,43,419,2515,1
0.9898786887227192,0.09090909090909091,0.9996025437201908,0.014439220953660174,0.9767441860465116,42,420,2515,1
0.99,0.08874458874458875,0.9996025437201908,0.014103425117528543,0.9761904761904762,41,421,2515,1
0.990249145699286,0.08874458874458875,0.9996025437201908,0.014103425117528543,0.9761904761904762,41,421,2515,1
0.9902584166753404,0.08658008658008658,0.9996025437201908,0.013767629281396911,0.975609756097561,40,422,2515,1
0.9905630264848434,0.08441558441558442,0.9996025437201908,0.013431833445265278,0.975,39,423,2515,1
0.9908314057232755,0.08225108225108226,0.9996025437201908,0.013096037609133646,0.9743589743589743,38,424,2515,1
0.9908399470495132,0.08008658008658008,0.9996025437201908,0.012760241773002015,0.9736842105263158,37,425,2515,1
0.9909976299064932,0.07792207792207792,0.9996025437201908,0.012424445936870383,0.972972972972973,36,426,2515,1
0.9912955637457448,0.07575757575757576,0.9996025437201908,0.01208865010073875,0.9722222222222222,35,427,2515,1
0.9914288414386324,0.0735930735930736,0.9996025437201908,0.01175285426460712,0.9714285714285714,34,428,2515,1
0.9915181900615524,0.07142857142857142,0.9996025437201908,0.011417058428475487,0.9705882352941176,33,429,2515,1
0.992166622903946,0.06926406926406926,0.9996025437201908,0.011081262592343854,0.9696969696969697,32,430,2515,1
0.9924990415982626,0.06926406926406926,1.0,0.010745466756212223,1.0,32,430,2516,0
0.9925092629464451,0.0670995670995671,1.0,0.010409670920080591,1.0,31,431,2516,0
0.992551056010313,0.06493506493506493,1.0,0.010073875083948958,1.0,30,432,2516,0
0.9926258571179692,0.06277056277056277,1.0,0.009738079247817328,1.0,29,433,2516,0
0.9926465719625068,0.06060606060606061,1.0,0.009402283411685695,1.0,28,434,2516,0
0.9927624158512152,0.05844155844155844,1.0,0.009066487575554063,1.0,27,435,2516,0
0.992790641217543,0.05627705627705628,1.0,0.008730691739422432,1.0,26,436,2516,0
0.9928355686979378,0.05411255411255411,1.0,0.0083948959032908,1.0,25,437,2516,0
0.9929525096370252,0.05194805194805195,1.0,0.008059100067159167,1.0,24,438,2516,0
0.9929747310281012,0.049783549783549784,1.0,0.007723304231027535,1.0,23,439,2516,0
0.9931247838912204,0.047619047619047616,1.0,0.007387508394895903,1.0,22,440,2516,0
0.9932979170722812,0.045454545454545456,1.0,0.007051712558764272,1.0,21,441,2516,0
0.9935004714744664,0.04329004329004329,1.0,0.006715916722632639,1.0,20,442,2516,0
0.9937560388017944,0.04112554112554113,1.0,0.0063801208865010076,1.0,19,443,2516,0
0.993847866983622,0.03896103896103896,1.0,0.006044325050369375,1.0,18,444,2516,0
0.9939201479409998,0.0367965367965368,1.0,0.005708529214237743,1.0,17,445,2516,0
0.9942716008920632,0.03463203463203463,1.0,0.005372733378106112,1.0,16,446,2516,0
0.994460520816766,0.032467532467532464,1.0,0.005036937541974479,1.0,15,447,2516,0
0.9944727933984592,0.030303030303030304,1.0,0.0047011417058428475,1.0,14,448,2516,0
0.9947450156386648,0.02813852813852814,1.0,0.004365345869711216,1.0,13,449,2516,0
0.9949069038420868,0.025974025974025976,1.0,0.004029550033579583,1.0,12,450,2516,0
0.995,0.023809523809523808,1.0,0.0036937541974479517,1.0,11,451,2516,0
0.99516718936608,0.023809523809523808,1.0,0.0036937541974479517,1.0,11,451,2516,0
0.995167534982652,0.021645021645021644,1.0,0.0033579583613163196,1.0,10,452,2516,0
0.9955433371714064,0.01948051948051948,1.0,0.0030221625251846875,1.0,9,453,2516,0
0.995664395308438,0.017316017316017316,1.0,0.002686366689053056,1.0,8,454,2516,0
0.9957765194988972,0.015151515151515152,1.0,0.0023505708529214238,1.0,7,455,2516,0
0.996164578651332,0.012987012987012988,1.0,0.0020147750167897917,1.0,6,456,2516,0
0.9963082505020836,0.010822510822510822,1.0,0.0016789791806581598,1.0,5,457,2516,0
0.9965780429699292,0.008658008658008658,1.0,0.001343183344526528,1.0,4,458,2516,0
0.9966265320908952,0.006493506493506494,1.0,0.0010073875083948958,1.0,3,459,2516,0
0.9968347223973184,0.004329004329004329,1.0,0.000671591672263264,1.0,2,460,2516,0
0.997129081007306,0.0021645021645021645,1.0,0.000335795836131632,1.0,1,461,2516,0
1.0,0.0,1.0,0.0,0.0,0,462,2516,0
