threshold,recall,specificity,flag_rate,precision,tp,fn,tn,fp
0.0,1.0,0.0,1.0,0.15513767629281397,462,0,0,2516
0.0031735292570875,1.0,0.0,1.0,0.15513767629281397,462,0,0,2516
0.0039122615769642,1.0,0.000397456279809221,0.9996642041638684,0.1551897883775613,462,0,1,2515
0.005,1.0,0.000794912559618442,0.9993284083277367,0.15524193548387097,462,0,2,2514
0.0050730739998965,1.0,0.000794912559618442,0.9993284083277367,0.15524193548387097,462,0,2,2514
0.0052238452323184,1.0,0.0011923688394276629,0.9989926124916051,0.15529411764705883,462,0,3,2513
0.005224926905655,1.0,0.001589825119236884,0.9986568166554735,0.15534633490248823,462,0,4,2512
0.0054772634810489,1.0,0.001987281399046105,0.9983210208193418,0.15539858728557013,462,0,5,2511
0.0054772762272858,1.0,0.0023847376788553257,0.9979852249832102,0.15545087483176312,462,0,6,2510
0.0056628363405932,1.0,0.0027821939586645467,0.9976494291470785,0.15550319757657355,462,0,7,2509
0.0057273604086884,1.0,0.003179650238473768,0.9973136333109469,0.15555555555555556,462,0,8,2508
0.0059571838923409,1.0,0.003577106518282989,0.9969778374748153,0.15560794880431122,462,0,9,2507
0.0062724607926319,1.0,0.00397456279809221,0.9966420416386836,0.15566037735849056,462,0,10,2506
0.0062830349280482,1.0,0.0043720190779014305,0.996306245802552,0.1557128412537917,462,0,11,2505
0.0064234496432562,1.0,0.0047694753577106515,0.9959704499664204,0.1557653405259609,462,0,12,2504
0.0064528871990986,1.0,0.0051669316375198724,0.9956346541302887,0.15581787521079257,462,0,13,2503
0.0064876608687757,1.0,0.005564387917329093,0.9952988582941572,0.15587044534412955,462,0,14,2502
0.0065197983364187,1.0,0.005961844197138315,0.9949630624580256,0.15592305096186299,462,0,15,2501
0.0067080333710105,1.0,0.006359300476947536,0.9946272666218939,0.15597569209993248,462,0,16,2500
0.0068499707211542,1.0,0.006756756756756757,0.9942914707857623,0.15602836879432624,462,0,17,2499
0.0071080583140213,1.0,0.007154213036565978,0.9939556749496307,0.15608108108108107,462,0,18,2498
0.0071721628825292,1.0,0.007551669316375199,0.993619879113499,0.15613382899628253,462,0,19,2497
0.0072635417160958,1.0,0.00794912559618442,0.9932840832773674,0.15618661257606492,462,0,20,2496
0.0072876550418233,1.0,0.008346581875993641,0.9929482874412358,0.15623943185661143,462,0,21,2495
0.0073985267684082,1.0,0.008744038155802861,0.9926124916051041,0.15629228687415425,462,0,22,2494
0.0076994578294759,1.0,0.009141494435612083,0.9922766957689725,0.15634517766497463,462,0,23,2493
0.0077416528982126,1.0,0.009538950715421303,0.9919408999328408,0.15639810426540285,462,0,24,2492
0.0077951830392674,1.0,0.009936406995230525,0.9916051040967092,0.1564510667118185,462,0,25,2491
0.0078070831084322,1.0,0.010333863275039745,0.9912693082605776,0.1565040650406504,462,0,26,2490
0.0079262091488002,1.0,0.010731319554848967,0.9909335124244459,0.15655709928837683,462,0,27,2489
0.008005903128774,1.0,0.011128775834658187,0.9905977165883143,0.15661016949152542,462,0,28,2488
0.0080258259127013,1.0,0.011526232114467409,0.9902619207521827,0.15666327568667346,462,0,29,2487
0.0080638573702974,1.0,0.01192368839427663,0.989926124916051,0.15671641791044777,462,0,30,2486
0.0081423445226791,1.0,0.01232114467408585,0.9895903290799194,0.15676959619952494,462,0,31,2485
0.0081615206178247,1.0,0.012718600953895072,0.9892545332437878,0.15682281059063136,462,0,32,2484
0.0081788417359887,1.0,0.013116057233704292,0.9889187374076561,0.15687606112054328,462,0,33,2483
0.0081933874066424,1.0,0.013513513513513514,0.9885829415715245,0.15692934782608695,462,0,34,2482
0.0084712706101021,1.0,0.013910969793322734,0.9882471457353929,0.15698267074413863,462,0,35,2481
0.0085430282822029,1.0,0.014308426073131956,0.9879113498992612,0.15703602991162474,462,0,36,2480
0.008584287790942,1.0,0.014705882352941176,0.9875755540631296,0.15708942536552192,462,0,37,2479
0.0085932555298039,1.0,0.015103338632750398,0.9872397582269979,0.15714285714285714,462,0,38,2478
0.008638691087079,1.0,0.015500794912559618,0.9869039623908663,0.15719632528070773,462,0,39,2477
0.0087215605329447,1.0,0.01589825119236884,0.9865681665547347,0.1572498298162015,462,0,40,2476
0.0087368885777975,1.0,0.01629570747217806,0.986232370718603,0.15730337078651685,462,0,41,2475
0.0087614708168098,1.0,0.016693163751987282,0.9858965748824715,0.15735694822888283,462,0,42,2474
0.0087653371231358,1.0,0.017090620031796504,0.9855607790463399,0.15741056218057922,462,0,43,2473
0.0087667397804785,1.0,0.017488076311605722,0.9852249832102082,0.1574642126789366,462,0,44,2472
0.0088061020486728,1.0,0.017885532591414944,0.9848891873740766,0.1575178997613365,462,0,45,2471
0.0088234625010453,1.0,0.018282988871224166,0.984553391537945,0.15757162346521145,462,0,46,2470
0.0089931381256486,1.0,0.018680445151033388,0.9842175957018133,0.15762538382804503,462,0,47,2469
0.0090618171871937,1.0,0.019077901430842606,0.9838817998656817,0.157679180887372,462,0,48,2468
0.0091536602411931,1.0,0.019475357710651828,0.9835460040295501,0.1577330146807784,462,0,49,2467
0.0092186913602476,1.0,0.01987281399046105,0.9832102081934184,0.15778688524590165,462,0,50,2466
0.009313919689359,1.0,0.02027027027027027,0.9828744123572868,0.15784079262043046,462,0,51,2465
0.0094128272825816,1.0,0.02066772655007949,0.9825386165211552,0.15789473684210525,462,0,52,2464
0.0094143861311588,1.0,0.02106518282988871,0.9822028206850235,0.15794871794871795,462,0,53,2463
0.0094579630903134,1.0,0.021462639109697933,0.9818670248488919,0.15800273597811218,462,0,54,2462
0.0095302520937721,1.0,0.021860095389507155,0.9815312290127602,0.15805679096818337,462,0,55,2461
0.0095667548830008,1.0,0.022257551669316374,0.9811954331766286,0.15811088295687886,462,0,56,2460
0.0095704463397272,1.0,0.022655007949125595,0.980859637340497,0.15816501198219787,462,0,57,2459
0.0096119258674022,1.0,0.023052464228934817,0.9805238415043653,0.15821917808219177,462,0,58,2458
0.0096550723771661,1.0,0.02344992050874404,0.9801880456682337,0.15827338129496402,462,0,59,2457
0.0097404909957835,1.0,0.02384737678855326,0.9798522498321021,0.15832762165867031,462,0,60,2456
0.0097529295364024,1.0,0.02424483306836248,0.9795164539959704,0.15838189921151868,462,0,61,2455
0.009758685173108,1.0,0.0246422893481717,0.9791806581598388,0.15843621399176955,462,0,62,2454
0.0097766841461687,1.0,0.025039745627980923,0.9788448623237072,0.15849056603773584,462,0,63,2453
0.0098291485337626,1.0,0.025437201907790145,0.9785090664875755,0.15854495538778313,462,0,64,2452
0.009854269898451,1.0,0.025834658187599363,0.9781732706514439,0.15859938208032956,462,0,65,2451
0.0099572729998388,1.0,0.026232114467408585,0.9778374748153122,0.15865384615384615,462,0,66,2450
0.01,1.0,0.026629570747217807,0.9775016789791806,0.15870834764685676,462,0,67,2449
0.0100206817140273,1.0,0.026629570747217807,0.9775016789791806,0.15870834764685676,462,0,67,2449
0.0100992403375004,1.0,0.02702702702702703,0.977165883143049,0.15876288659793814,462,0,68,2448
0.0102387357872269,1.0,0.027424483306836247,0.9768300873069174,0.15881746304572017,462,0,69,2447
0.0102494746163746,1.0,0.02782193958664547,0.9764942914707858,0.15887207702888584,462,0,70,2446
0.0102607055223049,1.0,0.02821939586645469,0.9761584956346542,0.15892672858617132,462,0,71,2445
0.0102683345709213,1.0,0.028616852146263912,0.9758226997985225,0.15898141775636615,462,0,72,2444
0.0103703873730992,1.0,0.02901430842607313,0.9754869039623909,0.15903614457831325,462,0,73,2443
0.0104466763899015,1.0,0.029411764705882353,0.9751511081262593,0.1590909090909091,462,0,74,2442
0.010478795481951,1.0,0.029809220985691574,0.9748153122901276,0.15914571133310368,462,0,75,2441
0.0104792749979581,1.0,0.030206677265500796,0.974479516453996,0.15920055134390076,462,0,76,2440
0.0106296641097974,1.0,0.030604133545310015,0.9741437206178644,0.1592554291623578,462,0,77,2439
0.010684708545218,1.0,0.031001589825119236,0.9738079247817327,0.15931034482758621,462,0,78,2438
0.0107732016218341,1.0,0.031399046104928455,0.9734721289456011,0.1593652983787513,462,0,79,2437
0.0107802667900559,1.0,0.03179650238473768,0.9731363331094695,0.15942028985507245,462,0,80,2436
0.0108243469204718,1.0,0.0321939586645469,0.9728005372733378,0.15947531929582326,462,0,81,2435
0.0108335445050227,1.0,0.03259141494435612,0.9724647414372062,0.1595303867403315,462,0,82,2434
0.0108780165565353,1.0,0.03298887122416534,0.9721289456010745,0.15958549222797927,462,0,83,2433
0.0109523797319989,1.0,0.033386327503974564,0.9717931497649429,0.15964063579820317,462,0,84,2432
0.0109545366019467,1.0,0.033783783783783786,0.9714573539288113,0.1596958174904943,462,0,85,2431
0.0109971565106574,1.0,0.03418124006359301,0.9711215580926796,0.15975103734439833,462,0,86,2430
0.0110819470412783,1.0,0.03457869634340222,0.970785762256548,0.15980629539951574,462,0,87,2429
0.0111361946833275,1.0,0.034976152623211444,0.9704499664204164,0.15986159169550174,462,0,88,2428
0.0111730532425264,1.0,0.035373608903020666,0.9701141705842847,0.15991692627206647,462,0,89,2427
0.0112699511763191,1.0,0.03577106518282989,0.9697783747481531,0.15997229916897507,462,0,90,2426
0.0112997367561364,1.0,0.03616852146263911,0.9694425789120215,0.1600277104260478,462,0,91,2425
0.0113085784825726,1.0,0.03656597774244833,0.9691067830758898,0.1600831600831601,462,0,92,2424
0.0113191064350739,1.0,0.03696343402225755,0.9687709872397582,0.16013864818024262,462,0,93,2423
0.0114012886643582,1.0,0.037360890302066775,0.9684351914036265,0.16019417475728157,462,0,94,2422
0.0115425425703583,1.0,0.037758346581876,0.9680993955674949,0.16024973985431842,462,0,95,2421
0.011579916890148,1.0,0.03815580286168521,0.9677635997313633,0.16030534351145037,462,0,96,2420
0.0115915120756813,1.0,0.038553259141494434,0.9674278038952318,0.16036098576883026,462,0,97,2419
0.0115961860225993,1.0,0.038950715421303655,0.9670920080591001,0.16041666666666668,462,0,98,2418
0.0116343857611616,1.0,0.03934817170111288,0.9667562122229685,0.16047238624522403,462,0,99,2417
0.0117026035282309,1.0,0.0397456279809221,0.9664204163868368,0.16052814454482278,462,0,100,2416
0.0119189230511703,1.0,0.04014308426073132,0.9660846205507052,0.16058394160583941,462,0,101,2415
0.0119322902863024,1.0,0.04054054054054054,0.9657488247145736,0.16063977746870653,462,0,102,2414
0.0119918813180311,1.0,0.040937996820349765,0.9654130288784419,0.16069565217391305,462,0,103,2413
0.0120669064038078,1.0,0.04133545310015898,0.9650772330423103,0.16075156576200417,462,0,104,2412
0.0121583963934986,1.0,0.0417329093799682,0.9647414372061787,0.1608075182735816,462,0,105,2411
0.0121861841045707,1.0,0.04213036565977742,0.964405641370047,0.16086350974930363,462,0,106,2410
0.0121968575318498,1.0,0.042527821939586645,0.9640698455339154,0.16091954022988506,462,0,107,2409
0.012237302655006,1.0,0.04292527821939587,0.9637340496977838,0.16097560975609757,462,0,108,2408
0.012283833483591,1.0,0.04332273449920509,0.9633982538616521,0.16103171836876962,462,0,109,2407
0.0123320446319239,1.0,0.04372019077901431,0.9630624580255205,0.16108786610878661,462,0,110,2406
0.0123799665588487,1.0,0.04411764705882353,0.9627266621893888,0.16114405301709103,462,0,111,2405
0.0124295163046317,1.0,0.04451510333863275,0.9623908663532572,0.1612002791346825,462,0,112,2404
0.0124502352470985,1.0,0.04491255961844197,0.9620550705171256,0.1612565445026178,462,0,113,2403
0.012454933155871,1.0,0.04531001589825119,0.9617192746809939,0.16131284916201116,462,0,114,2402
0.0124589506929324,1.0,0.04570747217806041,0.9613834788448623,0.16136919315403422,462,0,115,2401
0.0125187733102852,1.0,0.046104928457869634,0.9610476830087307,0.16142557651991615,462,0,116,2400
0.0125311282677667,1.0,0.046502384737678856,0.960711887172599,0.16148199930094373,462,0,117,2399
0.0126130235409166,1.0,0.04689984101748808,0.9603760913364674,0.16153846153846155,462,0,118,2398
0.0126179808899931,1.0,0.0472972972972973,0.9600402955003358,0.161594963273872,462,0,119,2397
0.0126839560676546,1.0,0.04769475357710652,0.9597044996642041,0.16165150454863542,462,0,120,2396
0.0127154691481397,1.0,0.04809220985691574,0.9593687038280725,0.1617080854042702,462,0,121,2395
0.0127292291263131,1.0,0.04848966613672496,0.9590329079919409,0.16176470588235295,462,0,122,2394
0.0127352914241682,1.0,0.04888712241653418,0.9586971121558092,0.16182136602451838,462,0,123,2393
0.0127789222495084,1.0,0.0492845786963434,0.9583613163196776,0.1618780658724597,462,0,124,2392
0.0128120897975288,1.0,0.049682034976152624,0.9580255204835461,0.1619348054679285,462,0,125,2391
0.0128287426187585,1.0,0.050079491255961846,0.9576897246474144,0.16199158485273493,462,0,126,2390
0.0128457271081483,1.0,0.05047694753577107,0.9573539288112828,0.16204840406874782,462,0,127,2389
0.0130173812785022,1.0,0.05087440381558029,0.9570181329751511,0.16210526315789472,462,0,128,2388
0.0130387029236221,1.0,0.051271860095389504,0.9566823371390195,0.16216216216216217,462,0,129,2387
0.0130768193718281,1.0,0.051669316375198726,0.9563465413028879,0.1622191011235955,462,0,130,2386
0.0131763561941415,1.0,0.05206677265500795,0.9560107454667562,0.16227608008429925,462,0,131,2385
0.0131902197256008,1.0,0.05246422893481717,0.9556749496306246,0.16233309908643712,462,0,132,2384
0.0132518701238364,1.0,0.05286168521462639,0.955339153794493,0.16239015817223199,462,0,133,2383
0.0132671470547523,1.0,0.05325914149443561,0.9550033579583613,0.16244725738396623,462,0,134,2382
0.013300416239735,1.0,0.053656597774244835,0.9546675621222297,0.1625043967639817,462,0,135,2381
0.0133628814162978,1.0,0.05405405405405406,0.9543317662860981,0.1625615763546798,462,0,136,2380
0.0133699798796177,1.0,0.05445151033386327,0.9539959704499664,0.16261879619852165,462,0,137,2379
0.0133743122019669,1.0,0.054848966613672494,0.9536601746138348,0.16267605633802817,462,0,138,2378
0.0133825967313119,1.0,0.055246422893481716,0.9533243787777032,0.16273335681578022,462,0,139,2377
0.0134299891181597,1.0,0.05564387917329094,0.9529885829415715,0.16279069767441862,462,0,140,2376
0.0134507296027393,1.0,0.05604133545310016,0.9526527871054399,0.16284807895664435,462,0,141,2375
0.0136066231776783,1.0,0.05643879173290938,0.9523169912693082,0.16290550070521861,462,0,142,2374
0.0136647156604727,1.0,0.0568362480127186,0.9519811954331766,0.16296296296296298,462,0,143,2373
0.0136888552647722,1.0,0.057233704292527825,0.951645399597045,0.16302046577275936,462,0,144,2372
0.0136986868308166,1.0,0.05763116057233704,0.9513096037609133,0.1630780091775503,462,0,145,2371
0.0137086937260233,1.0,0.05802861685214626,0.9509738079247817,0.163135593220339,462,0,146,2370
0.0137128313264128,1.0,0.05842607313195548,0.9506380120886501,0.16319321794418934,462,0,147,2369
0.0137605114272587,1.0,0.058823529411764705,0.9503022162525184,0.16325088339222615,462,0,148,2368
0.0137613445296001,1.0,0.05922098569157393,0.9499664204163868,0.1633085896076352,462,0,149,2367
0.0137990951499428,1.0,0.05961844197138315,0.9496306245802552,0.16336633663366337,462,0,150,2366
0.0138084049175736,1.0,0.06001589825119237,0.9492948287441235,0.16342412451361868,462,0,151,2365
0.0139122024906843,1.0,0.06041335453100159,0.948959032907992,0.16348195329087048,462,0,152,2364
0.0139394814347082,1.0,0.060810810810810814,0.9486232370718604,0.16353982300884956,462,0,153,2363
0.0140032135514766,1.0,0.06120826709062003,0.9482874412357287,0.16359773371104816,462,0,154,2362
0.0140300708984748,1.0,0.06160572337042925,0.9479516453995971,0.1636556854410202,462,0,155,2361
0.0140627858023758,1.0,0.06200317965023847,0.9476158495634655,0.16371367824238128,462,0,156,2360
0.0140930182943047,1.0,0.062400635930047695,0.9472800537273338,0.16377171215880892,462,0,157,2359
0.0140988794574875,1.0,0.06279809220985691,0.9469442578912022,0.16382978723404254,462,0,158,2358
0.0141051487181022,1.0,0.06319554848966613,0.9466084620550705,0.16388790351188365,462,0,159,2357
0.0141097609583279,1.0,0.06359300476947535,0.9462726662189389,0.16394606103619588,462,0,160,2356
0.0142792934810485,1.0,0.06399046104928457,0.9459368703828073,0.16400425985090522,462,0,161,2355
0.0143267520948121,1.0,0.0643879173290938,0.9456010745466756,0.1640625,462,0,162,2354
0.0143524710303431,1.0,0.06478537360890302,0.945265278710544,0.1641207815275311,462,0,163,2353
0.0143671719474682,1.0,0.06518282988871224,0.9449294828744124,0.16417910447761194,462,0,164,2352
0.014468202184425,1.0,0.06558028616852146,0.9445936870382807,0.16423746889441876,462,0,165,2351
0.0144810277383353,1.0,0.06597774244833068,0.9442578912021491,0.1642958748221906,462,0,166,2350
0.0145352543252266,1.0,0.0663751987281399,0.9439220953660175,0.16435432230522945,462,0,167,2349
0.0145391622106869,1.0,0.06677265500794913,0.9435862995298858,0.16441281138790034,462,0,168,2348
0.0145393821010681,1.0,0.06717011128775835,0.9432505036937542,0.16447134211463155,462,0,169,2347
0.0145454239246777,1.0,0.06756756756756757,0.9429147078576225,0.16452991452991453,462,0,170,2346
0.0145792663866203,1.0,0.0679650238473768,0.9425789120214909,0.16458852867830423,462,0,171,2345
0.014593351579131,1.0,0.06836248012718601,0.9422431161853593,0.1646471846044191,462,0,172,2344
0.0146614272290546,1.0,0.06875993640699524,0.9419073203492276,0.16470588235294117,462,0,173,2343
0.0146734541039728,1.0,0.06915739268680444,0.941571524513096,0.16476462196861627,462,0,174,2342
0.0146867362647148,1.0,0.06955484896661367,0.9412357286769644,0.16482340349625402,462,0,175,2341
0.0147502179410156,1.0,0.06995230524642289,0.9408999328408327,0.16488222698072805,462,0,176,2340
0.014760593402969,1.0,0.07034976152623211,0.9405641370047011,0.16494109246697608,462,0,177,2339
0.0147789565026021,1.0,0.07074721780604133,0.9402283411685695,0.165,462,0,178,2338
0.0148652561322938,1.0,0.07114467408585055,0.9398925453324378,0.16505894962486603,462,0,179,2337
0.0148808892541742,1.0,0.07154213036565978,0.9395567494963063,0.1651179413867048,462,0,180,2336
0.0148861970769262,1.0,0.071939586645469,0.9392209536601747,0.1651769753307115,462,0,181,2335
0.0149292524012268,1.0,0.07233704292527822,0.938885157824043,0.16523605150214593,462,0,182,2334
0.0149378675972508,1.0,0.07273449920508744,0.9385493619879114,0.16529516994633273,462,0,183,2333
0.0149573347963781,1.0,0.07313195548489666,0.9382135661517798,0.16535433070866143,462,0,184,2332
0.0149835347364093,1.0,0.07352941176470588,0.9378777703156481,0.16541353383458646,462,0,185,2331
0.015,1.0,0.0739268680445151,0.9375419744795165,0.1654727793696275,462,0,186,2330
0.0150073337360527,1.0,0.0739268680445151,0.9375419744795165,0.1654727793696275,462,0,186,2330
0.0150329327501744,1.0,0.07432432432432433,0.9372061786433848,0.1655320673593694,462,0,187,2329
0.0150631156192061,1.0,0.07472178060413355,0.9368703828072532,0.16559139784946236,462,0,188,2328
0.0150832470073301,1.0,0.07511923688394277,0.9365345869711216,0.16565077088562208,462,0,189,2327
0.015115511959427,1.0,0.075516693163752,0.9361987911349899,0.16571018651362984,462,0,190,2326
0.0151478332018736,1.0,0.0759141494435612,0.9358629952988583,0.16576964477933262,462,0,191,2325
0.0151663420924542,1.0,0.07631160572337042,0.9355271994627267,0.1658291457286432,462,0,192,2324
0.0151726313070883,1.0,0.07670906200317965,0.935191403626595,0.1658886894075404,462,0,193,2323
0.0152393214016398,1.0,0.07710651828298887,0.9348556077904634,0.16594827586206898,462,0,194,2322
0.015256302358469,1.0,0.07750397456279809,0.9345198119543318,0.16600790513833993,462,0,195,2321
0.015264656516713,1.0,0.07790143084260731,0.9341840161182001,0.16606757728253055,462,0,196,2320
0.0152786693570648,1.0,0.07829888712241653,0.9338482202820685,0.16612729234088458,462,0,197,2319
0.0154245569472748,1.0,0.07869634340222575,0.9335124244459369,0.16618705035971224,462,0,198,2318
0.0154727449328773,1.0,0.07909379968203498,0.9331766286098052,0.16624685138539042,462,0,199,2317
0.0154816062048369,1.0,0.0794912559618442,0.9328408327736736,0.16630669546436286,462,0,200,2316
0.0155649786242047,1.0,0.07988871224165342,0.9325050369375419,0.16636658264314008,462,0,201,2315
0.0155810883305379,1.0,0.08028616852146264,0.9321692411014103,0.16642651296829972,462,0,202,2314
0.015635248958004,1.0,0.08068362480127186,0.9318334452652787,0.16648648648648648,462,0,203,2313
0.0156423106964012,1.0,0.08108108108108109,0.931497649429147,0.1665465032444124,462,0,204,2312
0.0156669253203523,1.0,0.08147853736089031,0.9311618535930154,0.16660656328885684,462,0,205,2311
0.0156927042068413,1.0,0.08187599364069953,0.9308260577568838,0.16666666666666666,462,0,206,2310
0.0157676056821168,1.0,0.08227344992050874,0.9304902619207522,0.1667268134247564,462,0,207,2309
0.0158309304908804,1.0,0.08267090620031796,0.9301544660846206,0.16678700361010831,462,0,208,2308
0.0158580918992408,1.0,0.08306836248012718,0.929818670248489,0.1668472372697725,462,0,209,2307
0.0158636884088894,1.0,0.0834658187599364,0.9294828744123573,0.16690751445086704,462,0,210,2306
0.0159163916492396,1.0,0.08386327503974562,0.9291470785762257,0.16696783520057826,462,0,211,2305
0.0161201275120194,1.0,0.08426073131955485,0.9288112827400941,0.16702819956616052,462,0,212,2304
0.0161287311205486,1.0,0.08465818759936407,0.9284754869039624,0.1670886075949367,462,0,213,2303
0.0161580832181408,1.0,0.08505564387917329,0.9281396910678308,0.1671490593342981,462,0,214,2302
0.0162321922656162,1.0,0.08545310015898251,0.9278038952316991,0.16720955483170466,462,0,215,2301
0.0162743505583604,1.0,0.08585055643879173,0.9274680993955675,0.16727009413468502,462,0,216,2300
0.0162825686345593,1.0,0.08624801271860096,0.9271323035594359,0.16733067729083664,462,0,217,2299
0.0162973139773277,1.0,0.08664546899841018,0.9267965077233042,0.1673913043478261,462,0,218,2298
0.0162986092121529,1.0,0.0870429252782194,0.9264607118871726,0.1674519753533889,462,0,219,2297
0.0163061409253637,1.0,0.08744038155802862,0.926124916051041,0.16751269035532995,462,0,220,2296
0.0163162928640579,1.0,0.08783783783783784,0.9257891202149093,0.16757344940152338,462,0,221,2295
0.0163163284382903,1.0,0.08823529411764706,0.9254533243787777,0.1676342525399129,462,0,222,2294
0.0163681875577416,1.0,0.08863275039745629,0.9251175285426461,0.1676950998185118,462,0,223,2293
0.0164124821798404,1.0,0.0890302066772655,0.9247817327065144,0.16775599128540306,462,0,224,2292
0.0164164656925543,1.0,0.08942766295707472,0.9244459368703828,0.16781692698873957,462,0,225,2291
0.0165086122086969,1.0,0.08982511923688394,0.9241101410342512,0.16787790697674418,462,0,226,2290
0.0165264267910994,1.0,0.09022257551669316,0.9237743451981195,0.16793893129770993,462,0,227,2289
0.0165538409728408,1.0,0.09062003179650238,0.9234385493619879,0.168,462,0,228,2288
0.0165565358058588,1.0,0.0910174880763116,0.9231027535258562,0.16806111313204802,462,0,229,2287
0.0165892968657471,1.0,0.09141494435612083,0.9227669576897246,0.16812227074235808,462,0,230,2286
0.0165937136091134,1.0,0.09181240063593005,0.922431161853593,0.1681834728795049,462,0,231,2285
0.0166710659987434,1.0,0.09220985691573927,0.9220953660174613,0.16824471959213402,462,0,232,2284
0.0166890343452825,1.0,0.09260731319554849,0.9217595701813297,0.16830601092896175,462,0,233,2283
0.0167191375053056,1.0,0.09300476947535771,0.9214237743451981,0.1683673469387755,462,0,234,2282
0.0167242096044327,1.0,0.09340222575516693,0.9210879785090665,0.16842872767043382,462,0,235,2281
0.0167287189826682,1.0,0.09379968203497616,0.9207521826729349,0.16849015317286653,462,0,236,2280
0.0167432558616473,1.0,0.09419713831478538,0.9204163868368033,0.1685516234950748,462,0,237,2279
0.0167584468242607,1.0,0.0945945945945946,0.9200805910006716,0.1686131386861314,462,0,238,2278
0.0167982455062496,1.0,0.09499205087440382,0.91974479516454,0.1686746987951807,462,0,239,2277
0.0168080192356108,1.0,0.09538950715421304,0.9194089993284084,0.168736303871439,462,0,240,2276
0.0168592714320871,1.0,0.09578696343402225,0.9190732034922767,0.16879795396419436,462,0,241,2275
0.0168680674704913,1.0,0.09618441971383147,0.9187374076561451,0.16885964912280702,462,0,242,2274
0.0169125878540958,1.0,0.0965818759936407,0.9184016118200135,0.16892138939670934,462,0,243,2273
0.0169971647113031,1.0,0.09697933227344992,0.9180658159838818,0.168983174835406,462,0,244,2272
0.0170830571268524,1.0,0.09737678855325914,0.9177300201477502,0.1690450054884742,462,0,245,2271
0.017101118237847,1.0,0.09777424483306836,0.9173942243116185,0.16910688140556368,462,0,246,2270
0.0171376068042583,1.0,0.09817170111287758,0.9170584284754869,0.16916880263639691,462,0,247,2269
0.0171666855102591,1.0,0.0985691573926868,0.9167226326393553,0.16923076923076924,462,0,248,2268
0.0171705487955625,1.0,0.09896661367249603,0.9163868368032236,0.1692927812385489,462,0,249,2267
0.0171787524247602,1.0,0.09936406995230525,0.916051040967092,0.1693548387096774,462,0,250,2266
0.0171888400127788,1.0,0.09976152623211447,0.9157152451309604,0.1694169416941694,462,0,251,2265
0.017209380083094,1.0,0.10015898251192369,0.9153794492948287,0.169479090242113,462,0,252,2264
0.0172186759146768,1.0,0.10055643879173291,0.9150436534586971,0.16954128440366972,462,0,253,2263
0.0172347608095314,1.0,0.10095389507154214,0.9147078576225655,0.1696035242290749,462,0,254,2262
0.017249706689361,1.0,0.10135135135135136,0.9143720617864338,0.16966580976863754,462,0,255,2261
0.0172737997584532,1.0,0.10174880763116058,0.9140362659503022,0.16972814107274062,462,0,256,2260
0.0173826391032584,1.0,0.10214626391096979,0.9137004701141705,0.16979051819184124,462,0,257,2259
0.0173900462479201,1.0,0.10254372019077901,0.9133646742780389,0.1698529411764706,462,0,258,2258
0.0174877274026541,1.0,0.10294117647058823,0.9130288784419073,0.16991541007723426,462,0,259,2257
0.01749193456793,1.0,0.10333863275039745,0.9126930826057756,0.16997792494481237,462,0,260,2256
0.0175188357274041,1.0,0.10373608903020667,0.912357286769644,0.1700404858299595,462,0,261,2255
0.0175706868977841,1.0,0.1041335453100159,0.9120214909335125,0.17010309278350516,462,0,262,2254
0.0175800517326996,1.0,0.10453100158982512,0.9116856950973808,0.17016574585635358,462,0,263,2253
0.0176364230580821,1.0,0.10492845786963434,0.9113498992612492,0.17022844509948415,462,0,264,2252
0.0176380290331748,1.0,0.10532591414944356,0.9110141034251176,0.17029119056395134,462,0,265,2251
0.0176448798482062,1.0,0.10572337042925278,0.9106783075889859,0.17035398230088494,462,0,266,2250
0.017665160006422,1.0,0.106120826709062,0.9103425117528543,0.17041682036149022,462,0,267,2249
0.0176754054281117,1.0,0.10651828298887123,0.9100067159167227,0.17047970479704797,462,0,268,2248
0.0177037189314354,1.0,0.10691573926868045,0.909670920080591,0.17054263565891473,462,0,269,2247
0.0177116085124031,1.0,0.10731319554848967,0.9093351242444594,0.1706056129985229,462,0,270,2246
0.0178142826383313,1.0,0.10771065182829889,0.9089993284083278,0.17066863686738087,462,0,271,2245
0.0178856766886585,1.0,0.10810810810810811,0.9086635325721961,0.17073170731707318,462,0,272,2244
0.017898061499903,1.0,0.10850556438791734,0.9083277367360645,0.17079482439926064,462,0,273,2243
0.0179725145213541,1.0,0.10890302066772654,0.9079919408999328,0.17085798816568049,462,0,274,2242
0.0180361696432597,1.0,0.10930047694753577,0.9076561450638012,0.1709211986681465,462,0,275,2241
0.0180383521403072,1.0,0.10969793322734499,0.9073203492276696,0.17098445595854922,462,0,276,2240
0.0180427974127246,1.0,0.11009538950715421,0.9069845533915379,0.17104776008885597,462,0,277,2239
0.0180731893074913,1.0,0.11049284578696343,0.9066487575554063,0.1711111111111111,462,0,278,2238
0.0180853439278101,1.0,0.11089030206677265,0.9063129617192747,0.1711745090774361,462,0,279,2237
0.0181397021249968,1.0,0.11128775834658187,0.905977165883143,0.17123795404002964,462,0,280,2236
0.0181426201611354,1.0,0.1116852146263911,0.9056413700470114,0.17130144605116795,462,0,281,2235
0.0181668377852718,1.0,0.11208267090620032,0.9053055742108798,0.17136498516320475,462,0,282,2234
0.0181883304970345,1.0,0.11248012718600954,0.9049697783747481,0.17142857142857143,462,0,283,2233
0.0182250715937415,1.0,0.11287758346581876,0.9046339825386165,0.1714922048997773,462,0,284,2232
0.0182467397566043,1.0,0.11327503974562798,0.9042981867024849,0.17155588562940957,462,0,285,2231
0.0182821641440328,1.0,0.1136724960254372,0.9039623908663532,0.17161961367013373,462,0,286,2230
0.0183056962420122,1.0,0.11406995230524643,0.9036265950302216,0.1716833890746934,462,0,287,2229
0.0183072779112446,1.0,0.11446740858505565,0.9032907991940899,0.17174721189591077,462,0,288,2228
0.0183154082662782,1.0,0.11486486486486487,0.9029550033579583,0.1718110821866865,462,0,289,2227
0.0183278411284376,1.0,0.11526232114467408,0.9026192075218268,0.171875,462,0,290,2226
0.0184679540345953,1.0,0.1156597774244833,0.9022834116856951,0.17193896538890957,462,0,291,2225
0.0184905977221365,1.0,0.11605723370429252,0.9019476158495635,0.1720029784065525,462,0,292,2224
0.0184957295256377,1.0,0.11645468998410174,0.9016118200134319,0.17206703910614526,462,0,293,2223
0.018575609951229,1.0,0.11685214626391097,0.9012760241773002,0.1721311475409836,462,0,294,2222
0.0185911634961043,1.0,0.11724960254372019,0.9009402283411686,0.17219530376444278,462,0,295,2221
0.0186100249503335,1.0,0.11764705882352941,0.900604432505037,0.17225950782997762,462,0,296,2220
0.0186965129087513,1.0,0.11804451510333863,0.9002686366689053,0.17232375979112272,462,0,297,2219
0.0186977041777378,1.0,0.11844197138314785,0.8999328408327737,0.17238805970149254,462,0,298,2218
0.0187568935415831,1.0,0.11883942766295708,0.8995970449966421,0.17245240761478164,462,0,299,2217
0.0187581521517628,1.0,0.1192368839427663,0.8992612491605104,0.17251680358476476,462,0,300,2216
0.0187987185588225,1.0,0.11963434022257552,0.8989254533243788,0.17258124766529698,462,0,301,2215
0.0188313544867708,1.0,0.12003179650238474,0.8985896574882472,0.1726457399103139,462,0,302,2214
0.0188323441007771,1.0,0.12042925278219396,0.8982538616521155,0.17271028037383176,462,0,303,2213
0.0188396820012327,1.0,0.12082670906200318,0.8979180658159839,0.17277486910994763,462,0,304,2212
0.0188496736721929,1.0,0.1212241653418124,0.8975822699798522,0.1728395061728395,462,0,305,2211
0.0189013098841861,1.0,0.12162162162162163,0.8972464741437206,0.17290419161676646,462,0,306,2210
0.0189553193017062,1.0,0.12201907790143084,0.896910678307589,0.17296892549606888,462,0,307,2209
0.0189564445264438,1.0,0.12241653418124006,0.8965748824714573,0.17303370786516853,462,0,308,2208
0.0189571041498493,1.0,0.12281399046104928,0.8962390866353257,0.17309853877856876,462,0,309,2207
0.0189649802167888,1.0,0.1232114467408585,0.8959032907991941,0.17316341829085458,462,0,310,2206
0.018964982529573,1.0,0.12360890302066772,0.8955674949630624,0.1732283464566929,462,0,311,2205
0.0189760962465903,1.0,0.12400635930047695,0.8952316991269308,0.17329332333083272,462,0,312,2204
0.018996221949805,1.0,0.12440381558028617,0.8948959032907992,0.17335834896810506,462,0,313,2203
0.0190004251011154,1.0,0.12480127186009539,0.8945601074546675,0.17342342342342343,462,0,314,2202
0.0190623204349798,1.0,0.1251987281399046,0.8942243116185359,0.1734885467517837,462,0,315,2201
0.0190986885515209,1.0,0.12559618441971382,0.8938885157824042,0.17355371900826447,462,0,316,2200
0.0191009925946638,1.0,0.12599364069952304,0.8935527199462726,0.17361894024802707,462,0,317,2199
0.0191387810882916,1.0,0.12639109697933226,0.8932169241101411,0.1736842105263158,462,0,318,2198
0.0191441459957508,1.0,0.12678855325914148,0.8928811282740095,0.17374952989845807,462,0,319,2197
0.0191509897251353,1.0,0.1271860095389507,0.8925453324378778,0.17381489841986456,462,0,320,2196
0.0192161151400122,1.0,0.12758346581875993,0.8922095366017462,0.17388031614602936,462,0,321,2195
0.0192500352178448,1.0,0.12798092209856915,0.8918737407656145,0.17394578313253012,462,0,322,2194
0.0193566639182196,1.0,0.12837837837837837,0.8915379449294829,0.17401129943502824,462,0,323,2193
0.019466928724148,1.0,0.1287758346581876,0.8912021490933513,0.17407686510926904,462,0,324,2192
0.0195052831506043,1.0,0.12917329093799682,0.8908663532572196,0.1741424802110818,462,0,325,2191
0.0195994905027458,1.0,0.12957074721780604,0.890530557421088,0.17420814479638008,462,0,326,2190
0.019609008105081,1.0,0.12996820349761526,0.8901947615849564,0.17427385892116182,462,0,327,2189
0.0196266802067615,1.0,0.13036565977742448,0.8898589657488247,0.17433962264150943,462,0,328,2188
0.0196619326363205,1.0,0.1307631160572337,0.8895231699126931,0.17440543601359004,462,0,329,2187
0.0197169313347322,1.0,0.13116057233704292,0.8891873740765615,0.17447129909365558,462,0,330,2186
0.0197231844046269,1.0,0.13155802861685215,0.8888515782404298,0.17453721193804306,462,0,331,2185
0.0197699959118913,1.0,0.13195548489666137,0.8885157824042982,0.1746031746031746,462,0,332,2184
0.0198590215571276,1.0,0.1323529411764706,0.8881799865681665,0.17466918714555765,462,0,333,2183
0.0199356743709453,1.0,0.1327503974562798,0.8878441907320349,0.17473524962178516,462,0,334,2182
0.02,1.0,0.13314785373608903,0.8875083948959033,0.17480136208853575,462,0,335,2181
0.0200008597198536,1.0,0.13314785373608903,0.8875083948959033,0.17480136208853575,462,0,335,2181
0.0200519465516863,1.0,0.13354531001589826,0.8871725990597716,0.17486752460257382,462,0,336,2180
0.0200582200174972,1.0,0.13394276629570748,0.88683680322364,0.17493373722074973,462,0,337,2179
0.0201183572256156,1.0,0.1343402225755167,0.8865010073875084,0.175,462,0,338,2178
0.0201470733466812,1.0,0.13473767885532592,0.8861652115513767,0.17506631299734748,462,0,339,2177
0.0202114459451835,1.0,0.13513513513513514,0.8858294157152451,0.17513267626990145,462,0,340,2176
0.0202305363643227,1.0,0.13553259141494436,0.8854936198791135,0.1751990898748578,462,0,341,2175
0.0202571984141512,1.0,0.1359300476947536,0.8851578240429818,0.17526555386949924,462,0,342,2174
0.0203257745799825,1.0,0.1363275039745628,0.8848220282068502,0.17533206831119544,462,0,343,2173
0.0203433231348459,1.0,0.13672496025437203,0.8844862323707186,0.17539863325740318,462,0,344,2172
0.0203449831528628,1.0,0.13712241653418125,0.884150436534587,0.17546524876566655,462,0,345,2171
0.0204272172069803,1.0,0.13751987281399047,0.8838146406984554,0.17553191489361702,462,0,346,2170
0.0204351025908459,1.0,0.1379173290937997,0.8834788448623238,0.17559863169897377,462,0,347,2169
0.0206706366497282,1.0,0.1383147853736089,0.8831430490261921,0.17566539923954372,462,0,348,2168
0.0206771501239093,1.0,0.1387122416534181,0.8828072531900605,0.17573221757322174,462,0,349,2167
0.0207240209561924,1.0,0.13910969793322733,0.8824714573539288,0.17579908675799086,462,0,350,2166
0.0208126019496632,1.0,0.13950715421303655,0.8821356615177972,0.17586600685192236,462,0,351,2165
0.0208839709024224,1.0,0.13990461049284578,0.8817998656816656,0.17593297791317594,462,0,352,2164
0.0208987012065099,1.0,0.140302066772655,0.8814640698455339,0.176,462,0,353,2163
0.0210010292601266,1.0,0.14069952305246422,0.8811282740094023,0.1760670731707317,462,0,354,2162
0.0210354182543336,1.0,0.14109697933227344,0.8807924781732707,0.1761341974837972,462,0,355,2161
0.0210463147851541,1.0,0.14149443561208266,0.880456682337139,0.17620137299771166,462,0,356,2160
0.0210568688332069,1.0,0.14189189189189189,0.8801208865010074,0.17626859977107975,462,0,357,2159
0.0211006069724104,1.0,0.1422893481717011,0.8797850906648758,0.1763358778625954,462,0,358,2158
0.0211208998088614,1.0,0.14268680445151033,0.8794492948287441,0.1764032073310424,462,0,359,2157
0.0211380040542433,1.0,0.14308426073131955,0.8791134989926125,0.17647058823529413,462,0,360,2156
0.0211503052759372,1.0,0.14348171701112877,0.8787777031564808,0.1765380206343141,462,0,361,2155
0.0211666444191949,1.0,0.143879173290938,0.8784419073203492,0.17660550458715596,462,0,362,2154
0.021214063630326,1.0,0.14427662957074722,0.8781061114842176,0.17667304015296367,462,0,363,2153
0.0212236009939692,1.0,0.14467408585055644,0.8777703156480859,0.17674062739097168,462,0,364,2152
0.0212706796735337,1.0,0.14507154213036566,0.8774345198119543,0.17680826636050517,462,0,365,2151
0.0212785216302972,1.0,0.14546899841017488,0.8770987239758227,0.1768759571209801,462,0,366,2150
0.021291027440607,1.0,0.1458664546899841,0.876762928139691,0.1769436997319035,462,0,367,2149
0.0213039559998963,1.0,0.14626391096979333,0.8764271323035594,0.17701149425287357,462,0,368,2148
0.0213061822551458,1.0,0.14666136724960255,0.8760913364674278,0.17707934074357992,462,0,369,2147
0.0213338676681418,1.0,0.14705882352941177,0.8757555406312961,0.17714723926380369,462,0,370,2146
0.0213375594049813,1.0,0.147456279809221,0.8754197447951645,0.17721518987341772,462,0,371,2145
0.0213649325616683,1.0,0.1478537360890302,0.8750839489590329,0.1772831926323868,462,0,372,2144
0.0214988261875247,1.0,0.14825119236883944,0.8747481531229013,0.17735124760076776,462,0,373,2143
0.0216755542224502,1.0,0.14864864864864866,0.8744123572867697,0.1774193548387097,462,0,374,2142
0.0216894910911858,1.0,0.14904610492845788,0.8740765614506381,0.17748751440645408,462,0,375,2141
0.0217024444664691,1.0,0.1494435612082671,0.8737407656145064,0.17755572636433511,462,0,376,2140
0.021728459758285,1.0,0.14984101748807632,0.8734049697783748,0.1776239907727797,462,0,377,2139
0.0217341584096853,1.0,0.15023847376788554,0.8730691739422431,0.1776923076923077,462,0,378,2138
0.0217509105860902,1.0,0.15063593004769477,0.8727333781061115,0.17776067718353214,462,0,379,2137
0.0217674902794964,1.0,0.151033386327504,0.8723975822699799,0.17782909930715934,462,0,380,2136
0.0217929163274654,1.0,0.15143084260731318,0.8720617864338482,0.1778975741239892,462,0,381,2135
0.0218134821897725,1.0,0.1518282988871224,0.8717259905977166,0.17796610169491525,462,0,382,2134
0.0218366100438501,1.0,0.15222575516693163,0.871390194761585,0.17803468208092485,462,0,383,2133
0.0218622912583758,1.0,0.15262321144674085,0.8710543989254533,0.17810331534309945,462,0,384,2132
0.0218684077641787,1.0,0.15302066772655007,0.8707186030893217,0.17817200154261473,462,0,385,2131
0.0218839966271592,1.0,0.1534181240063593,0.8703828072531901,0.17824074074074073,462,0,386,2130
0.0219471536642973,1.0,0.1538155802861685,0.8700470114170584,0.17830953299884214,462,0,387,2129
0.0219590972258847,1.0,0.15421303656597773,0.8697112155809268,0.1783783783783784,462,0,388,2128
0.0219725818043945,1.0,0.15461049284578696,0.8693754197447952,0.17844727694090382,462,0,389,2127
0.0219885152177641,1.0,0.15500794912559618,0.8690396239086635,0.178516228748068,462,0,390,2126
0.0220338404686848,1.0,0.1554054054054054,0.8687038280725319,0.17858523386161576,462,0,391,2125
0.0220380189398492,1.0,0.15580286168521462,0.8683680322364002,0.17865429234338748,462,0,392,2124
0.0220422608424529,1.0,0.15620031796502384,0.8680322364002686,0.17872340425531916,462,0,393,2123
0.0220449695337844,1.0,0.15659777424483307,0.867696440564137,0.17879256965944273,462,0,394,2122
0.0220804122646761,1.0,0.1569952305246423,0.8673606447280053,0.17886178861788618,462,0,395,2121
0.022087141602488,1.0,0.1573926868044515,0.8670248488918737,0.17893106119287375,462,0,396,2120
0.02209750016076,1.0,0.15779014308426073,0.8666890530557421,0.17900038744672608,462,0,397,2119
0.0221011146698964,1.0,0.15818759936406995,0.8663532572196104,0.17906976744186046,462,0,398,2118
0.0221063909099281,1.0,0.15858505564387917,0.8660174613834788,0.179139201240791,462,0,399,2117
0.0221893734392248,1.0,0.1589825119236884,0.8656816655473473,0.1792086889061288,462,0,400,2116
0.0222911125067456,1.0,0.15937996820349762,0.8653458697112156,0.17927823050058206,462,0,401,2115
0.0223208268383808,1.0,0.15977742448330684,0.865010073875084,0.1793478260869565,462,0,402,2114
0.0223247841942842,1.0,0.16017488076311606,0.8646742780389524,0.17941747572815533,462,0,403,2113
0.0223647195022196,1.0,0.16057233704292528,0.8643384822028207,0.1794871794871795,462,0,404,2112
0.0223652649542256,1.0,0.1609697933227345,0.8640026863666891,0.17955693742712786,462,0,405,2111
0.02236550545752,1.0,0.16136724960254373,0.8636668905305575,0.1796267496111975,462,0,406,2110
0.0223857253588699,1.0,0.16176470588235295,0.8633310946944258,0.17969661610268378,462,0,407,2109
0.022386107004977,1.0,0.16216216216216217,0.8629952988582942,0.17976653696498054,462,0,408,2108
0.0223907678956149,1.0,0.1625596184419714,0.8626595030221625,0.17983651226158037,462,0,409,2107
0.0224117587535337,1.0,0.16295707472178061,0.8623237071860309,0.17990654205607476,462,0,410,2106
0.0224119274182963,1.0,0.16335453100158984,0.8619879113498993,0.17997662641215426,462,0,411,2105
0.0224213550939596,1.0,0.16375198728139906,0.8616521155137676,0.18004676539360873,462,0,412,2104
0.0224362369702216,1.0,0.16414944356120828,0.861316319677636,0.18011695906432748,462,0,413,2103
0.0224941511558789,1.0,0.16454689984101747,0.8609805238415044,0.18018720748829953,462,0,414,2102
0.0225211013040821,1.0,0.1649443561208267,0.8606447280053727,0.18025751072961374,462,0,415,2101
0.0225332524942061,1.0,0.16534181240063592,0.8603089321692411,0.18032786885245902,462,0,416,2100
0.0226424283599331,1.0,0.16573926868044514,0.8599731363331095,0.18039828192112456,462,0,417,2099
0.0227040925418338,1.0,0.16613672496025436,0.8596373404969778,0.18046875,462,0,418,2098
0.0227084846208116,1.0,0.16653418124006358,0.8593015446608462,0.18053927315357562,462,0,419,2097
0.0227151828027231,1.0,0.1669316375198728,0.8589657488247145,0.18060985144644254,462,0,420,2096
0.0227387131066095,1.0,0.16732909379968203,0.8586299529885829,0.18068048494329292,462,0,421,2095
0.0227744404530846,1.0,0.16772655007949125,0.8582941571524513,0.1807511737089202,462,0,422,2094
0.0228340226888197,1.0,0.16812400635930047,0.8579583613163196,0.18082191780821918,462,0,423,2093
0.0228563112162776,1.0,0.1685214626391097,0.857622565480188,0.18089271730618636,462,0,424,2092
0.0228621054701592,1.0,0.16891891891891891,0.8572867696440564,0.1809635722679201,462,0,425,2091
0.0228713130367638,1.0,0.16931637519872814,0.8569509738079247,0.1810344827586207,462,0,426,2090
0.0230262731916989,1.0,0.16971383147853736,0.8566151779717931,0.18110544884359076,462,0,427,2089
0.0230404901422579,1.0,0.17011128775834658,0.8562793821356616,0.1811764705882353,462,0,428,2088
0.0231344040057302,1.0,0.1705087440381558,0.8559435862995299,0.18124754805806198,462,0,429,2087
0.0231573654975783,1.0,0.17090620031796502,0.8556077904633983,0.1813186813186813,462,0,430,2086
0.0231744568170999,1.0,0.17130365659777425,0.8552719946272667,0.18138987043580684,462,0,431,2085
0.023214294538462,1.0,0.17170111287758347,0.854936198791135,0.1814611154752553,462,0,432,2084
0.0232649810623683,1.0,0.1720985691573927,0.8546004029550034,0.18153241650294696,462,0,433,2083
0.0233177388355409,1.0,0.1724960254372019,0.8542646071188718,0.18160377358490565,462,0,434,2082
0.023355233461566,1.0,0.17289348171701113,0.8539288112827401,0.18167518678725914,462,0,435,2081
0.0233563721036666,1.0,0.17329093799682035,0.8535930154466085,0.18174665617623917,462,0,436,2080
0.0233772480237675,1.0,0.17368839427662958,0.8532572196104768,0.18181818181818182,462,0,437,2079
0.0234225147630325,1.0,0.1740858505564388,0.8529214237743452,0.18188976377952756,462,0,438,2078
0.0235180318775638,1.0,0.17448330683624802,0.8525856279382136,0.18196140212682158,462,0,439,2077
0.0235188428537753,1.0,0.17488076311605724,0.8522498321020819,0.18203309692671396,462,0,440,2076
0.0235352397381429,1.0,0.17527821939586646,0.8519140362659503,0.1821048482459598,462,0,441,2075
0.0235629379677996,1.0,0.17567567567567569,0.8515782404298187,0.18217665615141956,462,0,442,2074
0.0236033843009682,1.0,0.1760731319554849,0.851242444593687,0.18224852071005918,462,0,443,2073
0.023679788542834,1.0,0.17647058823529413,0.8509066487575554,0.18232044198895028,462,0,444,2072
0.0236961287967492,1.0,0.17686804451510335,0.8505708529214238,0.18239242005527043,462,0,445,2071
0.0237858447825176,1.0,0.17726550079491257,0.8502350570852921,0.18246445497630331,462,0,446,2070
0.0238577111988779,1.0,0.17766295707472177,0.8498992612491605,0.18253654681943896,462,0,447,2069
0.0238728433985026,1.0,0.178060413354531,0.8495634654130289,0.1826086956521739,462,0,448,2068
0.0239855895227626,1.0,0.1784578696343402,0.8492276695768972,0.1826809015421115,462,0,449,2067
0.0239877109774921,1.0,0.17885532591414943,0.8488918737407656,0.18275316455696203,462,0,450,2066
0.0240501467211698,1.0,0.17925278219395865,0.8485560779046339,0.18282548476454294,462,0,451,2065
0.0240793901521104,1.0,0.17965023847376788,0.8482202820685023,0.1828978622327791,462,0,452,2064
0.0240839610171358,1.0,0.1800476947535771,0.8478844862323707,0.18297029702970297,462,0,453,2063
0.0240888435457704,1.0,0.18044515103338632,0.847548690396239,0.18304278922345482,462,0,454,2062
0.0241079836752783,1.0,0.18084260731319554,0.8472128945601075,0.18311533888228299,462,0,455,2061
0.0241696500318783,1.0,0.18124006359300476,0.8468770987239759,0.183187946074544,462,0,456,2060
0.0243353978211838,1.0,0.18163751987281399,0.8465413028878442,0.1832606108687029,462,0,457,2059
0.0243381938172555,1.0,0.1820349761526232,0.8462055070517126,0.18333333333333332,462,0,458,2058
0.0244157367847477,1.0,0.18243243243243243,0.845869711215581,0.18340611353711792,462,0,459,2057
0.0244179077988145,1.0,0.18282988871224165,0.8455339153794493,0.1834789515488483,462,0,460,2056
0.0244278915328787,1.0,0.18322734499205087,0.8451981195433177,0.1835518474374255,462,0,461,2055
0.0244565171307805,1.0,0.1836248012718601,0.8448623237071861,0.1836248012718601,462,0,462,2054
0.0244771403487697,1.0,0.18402225755166932,0.8445265278710544,0.18369781312127237,462,0,463,2053
0.0245240577453803,1.0,0.18441971383147854,0.8441907320349228,0.18377088305489261,462,0,464,2052
0.0246777193079113,1.0,0.18481717011128776,0.8438549361987912,0.18384401114206128,462,0,465,2051
0.0247239996406345,1.0,0.18521462639109698,0.8435191403626595,0.1839171974522293,462,0,466,2050
0.0247361773799228,1.0,0.1856120826709062,0.8431833445265279,0.18399044205495818,462,0,467,2049
0.0247905439489227,1.0,0.18600953895071543,0.8428475486903962,0.18406374501992032,462,0,468,2048
0.0248125999906201,1.0,0.18640699523052465,0.8425117528542646,0.18413710641689918,462,0,469,2047
0.0248426259572741,1.0,0.18680445151033387,0.842175957018133,0.18421052631578946,462,0,470,2046
0.0249314953837096,1.0,0.1872019077901431,0.8418401611820013,0.18428400478659754,462,0,471,2045
0.0249558249702644,1.0,0.1875993640699523,0.8415043653458697,0.18435754189944134,462,0,472,2044
0.0249634334046653,1.0,0.18799682034976153,0.8411685695097381,0.1844311377245509,462,0,473,2043
0.0249936674267777,1.0,0.18839427662957076,0.8408327736736064,0.18450479233226838,462,0,474,2042
0.025,1.0,0.18879173290937998,0.8404969778374748,0.18457850579304835,462,0,475,2041
0.0250270153619998,1.0,0.18879173290937998,0.8404969778374748,0.18457850579304835,462,0,475,2041
0.0250443486246683,1.0,0.1891891891891892,0.8401611820013432,0.18465227817745802,462,0,476,2040
0.0250869706353516,1.0,0.18958664546899842,0.8398253861652115,0.18472610955617752,462,0,477,2039
0.0250929321624981,1.0,0.18998410174880764,0.8394895903290799,0.1848,462,0,478,2038
0.0251406200622376,1.0,0.19038155802861687,0.8391537944929482,0.18487394957983194,462,0,479,2037
0.0251795650135985,1.0,0.1907790143084261,0.8388179986568166,0.18494795836669337,462,0,480,2036
0.025259572514368,1.0,0.19117647058823528,0.838482202820685,0.18502202643171806,462,0,481,2035
0.0253922876038875,1.0,0.1915739268680445,0.8381464069845533,0.18509615384615385,462,0,482,2034
0.0254140794967174,1.0,0.19197138314785372,0.8378106111484218,0.18517034068136273,462,0,483,2033
0.0254330883628519,1.0,0.19236883942766295,0.8374748153122902,0.18524458700882118,462,0,484,2032
0.0254558483791448,1.0,0.19276629570747217,0.8371390194761585,0.18531889290012032,462,0,485,2031
0.0255084326521727,1.0,0.1931637519872814,0.8368032236400269,0.1853932584269663,462,0,486,2030
0.0255271728390673,1.0,0.1935612082670906,0.8364674278038953,0.18546768366118024,462,0,487,2029
0.0255608321481663,1.0,0.19395866454689983,0.8361316319677636,0.1855421686746988,462,0,488,2028
0.0256214621800663,1.0,0.19435612082670906,0.835795836131632,0.18561671353957412,462,0,489,2027
0.0256558649646566,1.0,0.19475357710651828,0.8354600402955004,0.18569131832797428,462,0,490,2026
0.0256634899691359,1.0,0.1951510333863275,0.8351242444593687,0.18576598311218334,462,0,491,2025
0.0256768174247759,1.0,0.19554848966613672,0.8347884486232371,0.18584070796460178,462,0,492,2024
0.0257022055127309,1.0,0.19594594594594594,0.8344526527871055,0.18591549295774648,462,0,493,2023
0.0257496272677607,1.0,0.19634340222575516,0.8341168569509738,0.1859903381642512,462,0,494,2022
0.0257535698897349,1.0,0.1967408585055644,0.8337810611148422,0.1860652436568667,462,0,495,2021
0.0258095380935478,1.0,0.1971383147853736,0.8334452652787105,0.1861402095084609,462,0,496,2020
0.0258760893603049,1.0,0.19753577106518283,0.8331094694425789,0.18621523579201935,462,0,497,2019
0.0258923212797615,1.0,0.19793322734499205,0.8327736736064473,0.18629032258064515,462,0,498,2018
0.0259115069982519,1.0,0.19833068362480127,0.8324378777703156,0.1863654699475595,462,0,499,2017
0.0259157526613166,1.0,0.1987281399046105,0.832102081934184,0.1864406779661017,462,0,500,2016
0.0260390997975764,1.0,0.19912559618441972,0.8317662860980524,0.1865159467097295,462,0,501,2015
0.0260457907802823,1.0,0.19952305246422894,0.8314304902619207,0.18659127625201938,462,0,502,2014
0.0260966911266583,1.0,0.19992050874403816,0.8310946944257891,0.18666666666666668,462,0,503,2013
0.0261583844089446,1.0,0.20031796502384738,0.8307588985896575,0.18674211802748586,462,0,504,2012
0.0261940777011701,1.0,0.2007154213036566,0.8304231027535258,0.18681763040841085,462,0,505,2011
0.0262252309859935,1.0,0.20111287758346583,0.8300873069173942,0.18689320388349515,462,0,506,2010
0.0262254668058417,1.0,0.20151033386327505,0.8297515110812625,0.18696883852691218,462,0,507,2009
0.0263639833068222,1.0,0.20190779014308427,0.8294157152451309,0.18704453441295546,462,0,508,2008
0.0263869035665633,1.0,0.2023052464228935,0.8290799194089993,0.18712029161603888,462,0,509,2007
0.0264408191321869,1.0,0.20270270270270271,0.8287441235728676,0.18719611021069693,462,0,510,2006
0.0264665738558668,1.0,0.20310015898251194,0.8284083277367361,0.18727199027158492,462,0,511,2005
0.0264953626700919,1.0,0.20349761526232116,0.8280725319006045,0.1873479318734793,462,0,512,2004
0.0265020444971025,1.0,0.20389507154213038,0.8277367360644728,0.1874239350912779,462,0,513,2003
0.0265224702350711,1.0,0.20429252782193957,0.8274009402283412,0.1875,462,0,514,2002
0.0265648209491192,1.0,0.2046899841017488,0.8270651443922096,0.18757612667478685,462,0,515,2001
0.0266022898552758,1.0,0.20508744038155802,0.8267293485560779,0.1876523151909017,462,0,516,2000
0.0266450348368159,1.0,0.20548489666136724,0.8263935527199463,0.1877285656237302,462,0,517,1999
0.0266520424412983,1.0,0.20588235294117646,0.8260577568838147,0.1878048780487805,462,0,518,1998
0.0266566399993878,1.0,0.20627980922098568,0.825721961047683,0.1878812525416836,462,0,519,1997
0.0266631264233203,1.0,0.2066772655007949,0.8253861652115514,0.18795768917819367,462,0,520,1996
0.0267156532213725,1.0,0.20707472178060413,0.8250503693754198,0.18803418803418803,462,0,521,1995
0.0267327551183482,1.0,0.20747217806041335,0.8247145735392881,0.18811074918566775,462,0,522,1994
0.0268192368557016,1.0,0.20786963434022257,0.8243787777031565,0.18818737270875763,462,0,523,1993
0.0268364214797672,1.0,0.2082670906200318,0.8240429818670248,0.1882640586797066,462,0,524,1992
0.0269000300377831,1.0,0.208664546899841,0.8237071860308932,0.18834080717488788,462,0,525,1991
0.0269745616195245,1.0,0.20906200317965024,0.8233713901947616,0.18841761827079934,462,0,526,1990
0.0270022683946405,1.0,0.20945945945945946,0.8230355943586299,0.18849449204406366,462,0,527,1989
0.0270577305462288,1.0,0.20985691573926868,0.8226997985224983,0.18857142857142858,462,0,528,1988
0.0270684355410521,1.0,0.2102543720190779,0.8223640026863667,0.18864842792976724,462,0,529,1987
0.0271066659438944,1.0,0.21065182829888712,0.822028206850235,0.18872549019607843,462,0,530,1986
0.0271615718770347,1.0,0.21104928457869634,0.8216924110141034,0.18880261544748672,462,0,531,1985
0.0272417970474952,1.0,0.21144674085850557,0.8213566151779718,0.18887980376124286,462,0,532,1984
0.027313649169514,1.0,0.2118441971383148,0.8210208193418401,0.18895705521472392,462,0,533,1983
0.0273829534664976,1.0,0.212241653418124,0.8206850235057085,0.1890343698854337,462,0,534,1982
0.0273915413746057,1.0,0.21263910969793323,0.8203492276695769,0.18911174785100288,462,0,535,1981
0.027418644305514,1.0,0.21303656597774245,0.8200134318334452,0.1891891891891892,462,0,536,1980
0.0274708720482201,1.0,0.21343402225755168,0.8196776359973136,0.18926669397787793,462,0,537,1979
0.027496476543029,1.0,0.2138314785373609,0.8193418401611821,0.18934426229508197,462,0,538,1978
0.0274983692959129,1.0,0.21422893481717012,0.8190060443250504,0.18942189421894218,462,0,539,1977
0.0275557640766006,1.0,0.21462639109697934,0.8186702484889188,0.18949958982772763,462,0,540,1976
0.0275712861232805,1.0,0.21502384737678856,0.8183344526527871,0.18957734919983588,462,0,541,1975
0.0276962319523859,1.0,0.21542130365659778,0.8179986568166555,0.1896551724137931,462,0,542,1974
0.0276964553367973,1.0,0.215818759936407,0.8176628609805239,0.18973305954825462,462,0,543,1973
0.0277173323204178,1.0,0.21621621621621623,0.8173270651443922,0.18981101068200493,462,0,544,1972
0.0278211799072085,1.0,0.21661367249602545,0.8169912693082606,0.18988902589395806,462,0,545,1971
0.0278264316374705,1.0,0.21701112877583467,0.816655473472129,0.18996710526315788,462,0,546,1970
0.027867647884897,1.0,0.21740858505564387,0.8163196776359973,0.19004524886877827,462,0,547,1969
0.0278768233030067,1.0,0.2178060413354531,0.8159838817998657,0.19012345679012346,462,0,548,1968
0.0278776163117944,1.0,0.2182034976152623,0.8156480859637341,0.19020172910662825,462,0,549,1967
0.0279054534107184,1.0,0.21860095389507153,0.8153122901276024,0.1902800658978583,462,0,550,1966
0.027912868322259,1.0,0.21899841017488075,0.8149764942914708,0.1903584672435105,462,0,551,1965
0.028019435393472,1.0,0.21939586645468998,0.8146406984553392,0.190436933223413,462,0,552,1964
0.0280454911746858,1.0,0.2197933227344992,0.8143049026192075,0.19051546391752577,462,0,553,1963
0.0280471910130462,1.0,0.22019077901430842,0.8139691067830759,0.1905940594059406,462,0,554,1962
0.0280513769869136,1.0,0.22058823529411764,0.8136333109469442,0.19067271976888156,462,0,555,1961
0.028099201067635,1.0,0.22098569157392686,0.8132975151108126,0.1907514450867052,462,0,556,1960
0.0281053822665555,1.0,0.22138314785373608,0.812961719274681,0.19083023543990088,462,0,557,1959
0.0281089970530074,1.0,0.2217806041335453,0.8126259234385493,0.19090909090909092,462,0,558,1958
0.0281562662480533,1.0,0.22217806041335453,0.8122901276024177,0.190988011575031,462,0,559,1957
0.0281869461030811,1.0,0.22257551669316375,0.8119543317662861,0.19106699751861042,462,0,560,1956
0.0282469582480731,1.0,0.22297297297297297,0.8116185359301544,0.1911460488208523,462,0,561,1955
0.0283075857174381,1.0,0.2233704292527822,0.8112827400940228,0.1912251655629139,462,0,562,1954
0.0283325476800633,1.0,0.22376788553259142,0.8109469442578912,0.19130434782608696,462,0,563,1953
0.0283448204776528,1.0,0.22416534181240064,0.8106111484217595,0.19138359569179786,462,0,564,1952
0.0283960921474696,1.0,0.22456279809220986,0.8102753525856279,0.19146290924160797,462,0,565,1951
0.0284058984423159,1.0,0.22496025437201908,0.8099395567494964,0.19154228855721392,462,0,566,1950
0.0284352224180617,1.0,0.2253577106518283,0.8096037609133647,0.19162173372044794,462,0,567,1949
0.0284615952217792,1.0,0.22575516693163752,0.8092679650772331,0.19170124481327802,462,0,568,1948
0.0284774827012352,1.0,0.22615262321144675,0.8089321692411015,0.1917808219178082,462,0,569,1947
0.0285286366251885,1.0,0.22655007949125597,0.8085963734049698,0.19186046511627908,462,0,570,1946
0.0285591993068424,1.0,0.2269475357710652,0.8082605775688382,0.1919401744910677,462,0,571,1945
0.0285683461997283,1.0,0.2273449920508744,0.8079247817327065,0.19201995012468828,462,0,572,1944
0.0285718400621714,1.0,0.22774244833068363,0.8075889858965749,0.1920997920997921,462,0,573,1943
0.028615725652198,1.0,0.22813990461049286,0.8072531900604433,0.19217970049916805,462,0,574,1942
0.028627773556416,1.0,0.22853736089030208,0.8069173942243116,0.19225967540574282,462,0,575,1941
0.0286594945865312,1.0,0.2289348171701113,0.80658159838818,0.19233971690258117,462,0,576,1940
0.0286804576018425,1.0,0.22933227344992052,0.8062458025520484,0.1924198250728863,462,0,577,1939
0.0286951939160156,1.0,0.22972972972972974,0.8059100067159167,0.1925,462,0,578,1938
0.0287705129306244,1.0,0.23012718600953896,0.8055742108797851,0.19258024176740307,462,0,579,1937
0.0287719409191053,1.0,0.23052464228934816,0.8052384150436535,0.1926605504587156,462,0,580,1936
0.0288403892608595,1.0,0.23092209856915738,0.8049026192075218,0.1927409261576971,462,0,581,1935
0.028862378584435,1.0,0.2313195548489666,0.8045668233713902,0.19282136894824708,462,0,582,1934
0.028862500053954,1.0,0.23171701112877582,0.8042310275352585,0.19290187891440502,462,0,583,1933
0.0288960413282304,1.0,0.23211446740858505,0.8038952316991269,0.19298245614035087,462,0,584,1932
0.0289585801920507,1.0,0.23251192368839427,0.8035594358629953,0.19306310071040536,462,0,585,1931
0.0289866066082854,1.0,0.2329093799682035,0.8032236400268636,0.1931438127090301,462,0,586,1930
0.0289915952278241,1.0,0.2333068362480127,0.802887844190732,0.1932245922208281,462,0,587,1929
0.0290269678474236,1.0,0.23370429252782193,0.8025520483546004,0.19330543933054392,462,0,588,1928
0.0290343122431688,1.0,0.23410174880763115,0.8022162525184687,0.19338635412306404,462,0,589,1927
0.0290505856454904,1.0,0.23449920508744038,0.8018804566823371,0.1934673366834171,462,0,590,1926
0.0290843005049797,1.0,0.2348966613672496,0.8015446608462055,0.1935483870967742,462,0,591,1925
0.0291618422899536,1.0,0.23529411764705882,0.8012088650100738,0.19362950544844929,462,0,592,1924
0.0291624419728165,1.0,0.23569157392686804,0.8008730691739423,0.19371069182389938,462,0,593,1923
0.0291901049431224,1.0,0.23608903020667726,0.8005372733378107,0.19379194630872484,462,0,594,1922
0.0293100157378133,1.0,0.23648648648648649,0.800201477501679,0.19387326898866974,462,0,595,1921
0.0293140152689609,1.0,0.2368839427662957,0.7998656816655474,0.19395465994962216,462,0,596,1920
0.029390876918783,1.0,0.23728139904610493,0.7995298858294158,0.19403611927761444,462,0,597,1919
0.0294015629791703,1.0,0.23767885532591415,0.7991940899932841,0.19411764705882353,462,0,598,1918
0.0294236548039641,1.0,0.23807631160572337,0.7988582941571525,0.19419924337957126,462,0,599,1917
0.0295152757903883,1.0,0.2384737678855326,0.7985224983210208,0.19428090832632464,462,0,600,1916
0.0295274200592045,1.0,0.23887122416534182,0.7981867024848892,0.19436264198569625,462,0,601,1915
0.0295313837802325,1.0,0.23926868044515104,0.7978509066487576,0.19444444444444445,462,0,602,1914
0.0296308265211174,1.0,0.23966613672496026,0.7975151108126259,0.19452631578947369,462,0,603,1913
0.029655495531313,1.0,0.24006359300476948,0.7971793149764943,0.1946082561078349,462,0,604,1912
0.0296644615273052,1.0,0.2404610492845787,0.7968435191403627,0.19469026548672566,462,0,605,1911
0.029710173909258,1.0,0.24085850556438793,0.796507723304231,0.19477234401349072,462,0,606,1910
0.029720024237618,1.0,0.24125596184419715,0.7961719274680994,0.1948544917756221,462,0,607,1909
0.0297631537231477,1.0,0.24165341812400637,0.7958361316319678,0.1949367088607595,462,0,608,1908
0.0297664917955458,1.0,0.2420508744038156,0.7955003357958361,0.1950189953566906,462,0,609,1907
0.0298157961717777,1.0,0.2424483306836248,0.7951645399597045,0.19510135135135134,462,0,610,1906
0.0298452991336207,1.0,0.24284578696343403,0.7948287441235729,0.19518377693282637,462,0,611,1905
0.0298491942026441,1.0,0.24324324324324326,0.7944929482874412,0.1952662721893491,462,0,612,1904
0.029849197850376,1.0,0.24364069952305245,0.7941571524513096,0.19534883720930232,462,0,613,1903
0.0298675649569636,1.0,0.24403815580286167,0.7938213566151779,0.19543147208121828,462,0,614,1902
0.0299602828664704,1.0,0.2444356120826709,0.7934855607790463,0.1955141768937791,462,0,615,1901
0.029962450863989,1.0,0.24483306836248012,0.7931497649429147,0.1955969517358171,462,0,616,1900
0.03,1.0,0.24523052464228934,0.792813969106783,0.19567979669631513,462,0,617,1899
0.0300064698747874,1.0,0.24523052464228934,0.792813969106783,0.19567979669631513,462,0,617,1899
0.0300266996027494,1.0,0.24562798092209856,0.7924781732706514,0.19576271186440677,462,0,618,1898
0.0300374161817169,1.0,0.24602543720190778,0.7921423774345198,0.19584569732937684,462,0,619,1897
0.0300719955739433,1.0,0.246422893481717,0.7918065815983881,0.19592875318066158,462,0,620,1896
0.0300722186437747,1.0,0.24682034976152623,0.7914707857622566,0.19601187950784896,462,0,621,1895
0.0300756562356302,1.0,0.24721780604133545,0.791134989926125,0.1960950764006791,462,0,622,1894
0.0301362930744331,1.0,0.24761526232114467,0.7907991940899933,0.1961783439490446,462,0,623,1893
0.0301494065165683,1.0,0.2480127186009539,0.7904633982538617,0.19626168224299065,462,0,624,1892
0.030149902907139,1.0,0.2484101748807631,0.7901276024177301,0.1963450913727157,462,0,625,1891
0.0301624216976301,1.0,0.24880763116057233,0.7897918065815984,0.19642857142857142,462,0,626,1890
0.0302766297529793,1.0,0.24920508744038156,0.7894560107454668,0.19651212250106337,462,0,627,1889
0.0303535126105323,1.0,0.24960254372019078,0.7891202149093351,0.19659574468085106,462,0,628,1888
0.030381959309111,1.0,0.25,0.7887844190732035,0.1966794380587484,462,0,629,1887
0.0304237414612508,1.0,0.2503974562798092,0.7884486232370719,0.196763202725724,462,0,630,1886
0.0304766814486294,1.0,0.25079491255961844,0.7881128274009402,0.19684703877290158,462,0,631,1885
0.0305253753517037,1.0,0.25119236883942764,0.7877770315648086,0.1969309462915601,462,0,632,1884
0.0305430997416241,1.0,0.2515898251192369,0.787441235728677,0.19701492537313434,462,0,633,1883
0.0305816561442733,1.0,0.2519872813990461,0.7871054398925453,0.197098976109215,462,0,634,1882
0.0305981262772489,1.0,0.25238473767885533,0.7867696440564137,0.19718309859154928,462,0,635,1881
0.0306104649061534,1.0,0.2527821939586645,0.7864338482202821,0.19726729291204098,462,0,636,1880
0.0306634684199428,1.0,0.2531796502384738,0.7860980523841504,0.19735155916275096,462,0,637,1879
0.0308007215669159,1.0,0.25357710651828297,0.7857622565480188,0.19743589743589743,462,0,638,1878
0.0309360331324588,1.0,0.2539745627980922,0.7854264607118872,0.19752030782385635,462,0,639,1877
0.0309876457676644,1.0,0.2543720190779014,0.7850906648757555,0.19760479041916168,462,0,640,1876
0.0311456611423634,1.0,0.25476947535771066,0.7847548690396239,0.19768934531450577,462,0,641,1875
0.0311589504147115,1.0,0.25516693163751986,0.7844190732034922,0.19777397260273974,462,0,642,1874
0.0311634509482123,1.0,0.2555643879173291,0.7840832773673606,0.19785867237687366,462,0,643,1873
0.0311921295444164,1.0,0.2559618441971383,0.783747481531229,0.19794344473007713,462,0,644,1872
0.0313693078432101,1.0,0.25635930047694755,0.7834116856950973,0.19802828975567938,462,0,645,1871
0.0314832690789639,1.0,0.25675675675675674,0.7830758898589657,0.19811320754716982,462,0,646,1870
0.0315377044179154,1.0,0.257154213036566,0.7827400940228341,0.1981981981981982,462,0,647,1869
0.0315455836108383,1.0,0.2575516693163752,0.7824042981867025,0.1982832618025751,462,0,648,1868
0.0315600069141986,1.0,0.25794912559618444,0.7820685023505709,0.19836839845427223,462,0,649,1867
0.0315934877891713,1.0,0.25834658187599363,0.7817327065144393,0.19845360824742267,462,0,650,1866
0.0316119141214596,1.0,0.2587440381558029,0.7813969106783076,0.19853889127632143,462,0,651,1865
0.031624485172781,1.0,0.2591414944356121,0.781061114842176,0.19862424763542563,462,0,652,1864
0.0316255475507161,1.0,0.2595389507154213,0.7807253190060444,0.19870967741935483,462,0,653,1863
0.031697944966775,1.0,0.2599364069952305,0.7803895231699127,0.19879518072289157,462,0,654,1862
0.031708563700786,1.0,0.26033386327503977,0.7800537273337811,0.19888075764098148,462,0,655,1861
0.0317642221749109,1.0,0.26073131955484896,0.7797179314976495,0.19896640826873385,462,0,656,1860
0.031777428744981,1.0,0.2611287758346582,0.7793821356615178,0.1990521327014218,462,0,657,1859
0.0317847876525378,1.0,0.2615262321144674,0.7790463398253862,0.19913793103448277,462,0,658,1858
0.0318023334777444,1.0,0.26192368839427665,0.7787105439892545,0.19922380336351875,462,0,659,1857
0.0319941947145062,1.0,0.26232114467408585,0.7783747481531229,0.1993097497842968,462,0,660,1856
0.0320579312271188,1.0,0.2627186009538951,0.7780389523169913,0.19939577039274925,462,0,661,1855
0.0320625194309844,1.0,0.2631160572337043,0.7777031564808596,0.19948186528497408,462,0,662,1854
0.0320643104968765,1.0,0.2635135135135135,0.777367360644728,0.19956803455723543,462,0,663,1853
0.0321648685205701,1.0,0.26391096979332274,0.7770315648085964,0.1996542783059637,462,0,664,1852
0.032208624523983,1.0,0.26430842607313193,0.7766957689724647,0.19974059662775617,462,0,665,1851
0.0322443992254735,1.0,0.2647058823529412,0.7763599731363331,0.19982698961937717,462,0,666,1850
0.0322728439400925,1.0,0.2651033386327504,0.7760241773002015,0.19991345737775854,462,0,667,1849
0.0323045221199521,1.0,0.2655007949125596,0.7756883814640698,0.2,462,0,668,1848
0.0323217036922658,1.0,0.2658982511923688,0.7753525856279382,0.20008661758336943,462,0,669,1847
0.0323485370528441,1.0,0.26629570747217807,0.7750167897918065,0.2001733102253033,462,0,670,1846
0.0323882959067185,1.0,0.26669316375198726,0.7746809939556749,0.20026007802340703,462,0,671,1845
0.0323983816582313,1.0,0.2670906200317965,0.7743451981195433,0.20034692107545535,462,0,672,1844
0.0324518794545182,1.0,0.2674880763116057,0.7740094022834116,0.2004338394793926,462,0,673,1843
0.032526483212012,1.0,0.26788553259141495,0.77367360644728,0.20052083333333334,462,0,674,1842
0.0325607064493732,1.0,0.26828298887122415,0.7733378106111484,0.2006079027355623,462,0,675,1841
0.0327612254831808,1.0,0.2686804451510334,0.7730020147750168,0.20069504778453517,462,0,676,1840
0.0328304807280064,1.0,0.2690779014308426,0.7726662189388852,0.20078226857887874,462,0,677,1839
0.0328611900002152,1.0,0.26947535771065184,0.7723304231027536,0.2008695652173913,462,0,678,1838
0.0328954855593333,1.0,0.26987281399046104,0.7719946272666219,0.20095693779904306,462,0,679,1837
0.0330227140825341,1.0,0.2702702702702703,0.7716588314304903,0.2010443864229765,462,0,680,1836
0.0330354038881003,1.0,0.2706677265500795,0.7713230355943587,0.20113191118850673,462,0,681,1835
0.033116867794956,1.0,0.27106518282988873,0.770987239758227,0.20121951219512196,462,0,682,1834
0.0331430321228064,1.0,0.2714626391096979,0.7706514439220954,0.20130718954248367,462,0,683,1833
0.0332077808119304,1.0,0.2718600953895072,0.7703156480859638,0.2013949433304272,462,0,684,1832
0.0332130195177355,1.0,0.27225755166931637,0.7699798522498321,0.20148277365896206,462,0,685,1831
0.0332793000590659,1.0,0.2726550079491256,0.7696440564137005,0.20157068062827224,462,0,686,1830
0.0333516331909107,1.0,0.2730524642289348,0.7693082605775688,0.2016586643387167,462,0,687,1829
0.0333923345465732,1.0,0.27344992050874406,0.7689724647414372,0.2017467248908297,462,0,688,1828
0.0335103224679574,1.0,0.27384737678855325,0.7686366689053056,0.2018348623853211,462,0,689,1827
0.0335325430200795,1.0,0.2742448330683625,0.7683008730691739,0.20192307692307693,462,0,690,1826
0.033536465338363,1.0,0.2746422893481717,0.7679650772330423,0.20201136860515959,462,0,691,1825
0.0335860313385714,1.0,0.27503974562798095,0.7676292813969107,0.2020997375328084,462,0,692,1824
0.033613044665544,1.0,0.27543720190779014,0.767293485560779,0.20218818380743983,462,0,693,1823
0.033628676305554,1.0,0.2758346581875994,0.7669576897246474,0.202276707530648,462,0,694,1822
0.0337401851970115,1.0,0.2762321144674086,0.7666218938885158,0.202365308804205,462,0,695,1821
0.0337823223026705,1.0,0.2766295707472178,0.7662860980523841,0.20245398773006135,462,0,696,1820
0.0337979572700386,1.0,0.27702702702702703,0.7659503022162525,0.20254274441034634,462,0,697,1819
0.033852823962548,1.0,0.2774244833068362,0.7656145063801209,0.2026315789473684,462,0,698,1818
0.0339401768377931,1.0,0.27782193958664547,0.7652787105439892,0.20272049144361562,462,0,699,1817
0.0339573810415753,1.0,0.27821939586645467,0.7649429147078576,0.20280948200175591,462,0,700,1816
0.0339649397043057,1.0,0.2786168521462639,0.7646071188717259,0.2028985507246377,462,0,701,1815
0.034009249170493,1.0,0.2790143084260731,0.7642713230355943,0.20298769771529,462,0,702,1814
0.0340131445984005,1.0,0.27941176470588236,0.7639355271994627,0.20307692307692307,462,0,703,1813
0.0340368146670548,1.0,0.27980922098569155,0.7635997313633311,0.20316622691292877,462,0,704,1812
0.0340592455401422,1.0,0.2802066772655008,0.7632639355271995,0.20325560932688078,462,0,705,1811
0.034152565497915,1.0,0.28060413354531,0.7629281396910679,0.20334507042253522,462,0,706,1810
0.0341697912356703,1.0,0.28100158982511925,0.7625923438549362,0.20343461030383092,462,0,707,1809
0.0342285227459474,1.0,0.28139904610492844,0.7622565480188046,0.20352422907488987,462,0,708,1808
0.0342378106678707,1.0,0.2817965023847377,0.761920752182673,0.20361392684001764,462,0,709,1807
0.0342435813513467,1.0,0.2821939586645469,0.7615849563465413,0.2037037037037037,462,0,710,1806
0.0342834820229987,1.0,0.28259141494435613,0.7612491605104097,0.20379355977062197,462,0,711,1805
0.0343012033868268,1.0,0.28298887122416533,0.7609133646742781,0.20388349514563106,462,0,712,1804
0.0344288905472354,1.0,0.2833863275039746,0.7605775688381464,0.20397350993377483,462,0,713,1803
0.0344657821538454,1.0,0.28378378378378377,0.7602417730020148,0.2040636042402827,462,0,714,1802
0.0345119990932892,1.0,0.284181240063593,0.7599059771658832,0.20415377817057004,462,0,715,1801
0.0346205078161118,1.0,0.2845786963434022,0.7595701813297515,0.20424403183023873,462,0,716,1800
0.0346264070773684,1.0,0.28497615262321147,0.7592343854936199,0.2043343653250774,462,0,717,1799
0.0346572827621209,1.0,0.28537360890302066,0.7588985896574882,0.20442477876106194,462,0,718,1798
0.0346980119822495,1.0,0.2857710651828299,0.7585627938213566,0.20451527224435592,462,0,719,1797
0.0347713335144488,1.0,0.2861685214626391,0.758226997985225,0.2046058458813109,462,0,720,1796
0.0348223755740975,1.0,0.28656597774244835,0.7578912021490933,0.204696499778467,462,0,721,1795
0.034842778373704,1.0,0.28696343402225755,0.7575554063129617,0.2047872340425532,462,0,722,1794
0.0348603029273975,1.0,0.2873608903020668,0.7572196104768301,0.2048780487804878,462,0,723,1793
0.0348633459985079,1.0,0.287758346581876,0.7568838146406984,0.20496894409937888,462,0,724,1792
0.0349226203956459,1.0,0.28815580286168524,0.7565480188045668,0.20505992010652463,462,0,725,1791
0.0349466899708411,1.0,0.28855325914149443,0.7562122229684352,0.20515097690941386,462,0,726,1790
0.0349468840235027,1.0,0.2889507154213037,0.7558764271323035,0.20524211461572633,462,0,727,1789
0.0349511480514973,1.0,0.2893481717011129,0.7555406312961719,0.20533333333333334,462,0,728,1788
0.0349541134987895,1.0,0.28974562798092207,0.7552048354600402,0.2054246331702979,462,0,729,1787
0.0349964094480495,1.0,0.2901430842607313,0.7548690396239086,0.20551601423487545,462,0,730,1786
0.035,1.0,0.2905405405405405,0.7545332437877771,0.205607476635514,462,0,731,1785
0.035052873083806,1.0,0.2905405405405405,0.7545332437877771,0.205607476635514,462,0,731,1785
0.0351084446305343,1.0,0.29093799682034976,0.7541974479516454,0.20569902048085487,462,0,732,1784
0.0352041693886183,1.0,0.29133545310015896,0.7538616521155138,0.20579064587973275,462,0,733,1783
0.0353110524327736,1.0,0.2917329093799682,0.7535258562793822,0.20588235294117646,462,0,734,1782
0.0353177694241714,1.0,0.2921303656597774,0.7531900604432505,0.2059741417744093,462,0,735,1781
0.0353589752155148,1.0,0.29252782193958665,0.7528542646071189,0.20606601248884923,462,0,736,1780
0.0353886693661997,1.0,0.29292527821939585,0.7525184687709873,0.20615796519410978,462,0,737,1779
0.0353943177634244,1.0,0.2933227344992051,0.7521826729348556,0.20625,462,0,738,1778
0.0354780110503191,1.0,0.2937201907790143,0.751846877098724,0.20634211701652524,462,0,739,1777
0.0354962114957336,1.0,0.29411764705882354,0.7515110812625924,0.2064343163538874,462,0,740,1776
0.0356001623359438,1.0,0.29451510333863273,0.7511752854264607,0.20652659812248547,462,0,741,1775
0.0356348321618266,1.0,0.294912559618442,0.7508394895903291,0.20661896243291591,462,0,742,1774
0.0356433836419024,1.0,0.2953100158982512,0.7505036937541975,0.20671140939597316,462,0,743,1773
0.0357693290250715,1.0,0.2957074721780604,0.7501678979180658,0.20680393912264997,462,0,744,1772
0.0358098384181889,1.0,0.2961049284578696,0.7498321020819342,0.20689655172413793,462,0,745,1771
0.0360478409639115,1.0,0.29650238473767887,0.7494963062458025,0.20698924731182797,462,0,746,1770
0.0360655797822477,1.0,0.29689984101748806,0.7491605104096709,0.20708202599731063,462,0,747,1769
0.036074227274263,1.0,0.2972972972972973,0.7488247145735393,0.20717488789237667,462,0,748,1768
0.0360876102473924,1.0,0.2976947535771065,0.7484889187374076,0.2072678331090175,462,0,749,1767
0.0361275955421112,1.0,0.29809220985691576,0.748153122901276,0.2073608617594255,462,0,750,1766
0.0362678488380955,1.0,0.29848966613672495,0.7478173270651444,0.2074539739559946,462,0,751,1765
0.0362742372037413,1.0,0.2988871224165342,0.7474815312290127,0.20754716981132076,462,0,752,1764
0.0365232680197472,1.0,0.2992845786963434,0.7471457353928811,0.20764044943820226,462,0,753,1763
0.0367567728712543,1.0,0.29968203497615264,0.7468099395567495,0.2077338129496403,462,0,754,1762
0.0367699456024804,1.0,0.30007949125596184,0.7464741437206178,0.2078272604588394,462,0,755,1761
0.0368220881580267,1.0,0.3004769475357711,0.7461383478844862,0.2079207920792079,462,0,756,1760
0.0368692234684207,1.0,0.3008744038155803,0.7458025520483546,0.2080144079243584,462,0,757,1759
0.0368725136695222,1.0,0.30127186009538953,0.7454667562122229,0.20810810810810812,462,0,758,1758
0.0369670582792856,1.0,0.3016693163751987,0.7451309603760914,0.2082018927444795,462,0,759,1757
0.0369967175074318,1.0,0.302066772655008,0.7447951645399598,0.20829576194770064,462,0,760,1756
0.0370299365553531,1.0,0.30246422893481717,0.7444593687038281,0.2083897158322057,462,0,761,1755
0.0370328543402808,1.0,0.30286168521462636,0.7441235728676965,0.20848375451263537,462,0,762,1754
0.0370484901498598,1.0,0.3032591414944356,0.7437877770315648,0.20857787810383746,462,0,763,1753
0.0371839831316783,1.0,0.3036565977742448,0.7434519811954332,0.2086720867208672,462,0,764,1752
0.0372124130064954,1.0,0.30405405405405406,0.7431161853593016,0.2087663804789878,462,0,765,1751
0.0372358483355295,1.0,0.30445151033386325,0.7427803895231699,0.2088607594936709,462,0,766,1750
0.037238686553386,1.0,0.3048489666136725,0.7424445936870383,0.208955223880597,462,0,767,1749
0.0372778004422815,1.0,0.3052464228934817,0.7421087978509067,0.20904977375565612,462,0,768,1748
0.0372877086959535,1.0,0.30564387917329094,0.741773002014775,0.20914440923494795,462,0,769,1747
0.0373170783686196,1.0,0.30604133545310014,0.7414372061786434,0.20923913043478262,462,0,770,1746
0.0373966679278981,1.0,0.3064387917329094,0.7411014103425118,0.20933393747168103,462,0,771,1745
0.0374254742285756,1.0,0.3068362480127186,0.7407656145063801,0.20942883046237534,462,0,772,1744
0.0374608093225766,1.0,0.30723370429252783,0.7404298186702485,0.20952380952380953,462,0,773,1743
0.0374693985247039,1.0,0.307631160572337,0.7400940228341168,0.20961887477313976,462,0,774,1742
0.0374796389995142,1.0,0.3080286168521463,0.7397582269979852,0.20971402632773492,462,0,775,1741
0.0374833798784539,1.0,0.30842607313195547,0.7394224311618536,0.2098092643051771,462,0,776,1740
0.0375060777464005,1.0,0.3088235294117647,0.7390866353257219,0.20990458882326216,462,0,777,1739
0.0375207597155447,1.0,0.3092209856915739,0.7387508394895903,0.21,462,0,778,1738
0.0375496693612997,1.0,0.30961844197138316,0.7384150436534587,0.2100954979536153,462,0,779,1737
0.0375642258423943,1.0,0.31001589825119236,0.738079247817327,0.21019108280254778,462,0,780,1736
0.0375718042328334,1.0,0.3104133545310016,0.7377434519811954,0.21028675466545288,462,0,781,1735
0.0376530113888812,1.0,0.3108108108108108,0.7374076561450638,0.2103825136612022,462,0,782,1734
0.037848072135047,1.0,0.31120826709062005,0.7370718603089321,0.21047835990888383,462,0,783,1733
0.037966933618587,1.0,0.31160572337042924,0.7367360644728005,0.2105742935278031,462,0,784,1732
0.0380359556401098,1.0,0.3120031796502385,0.7364002686366689,0.2106703146374829,462,0,785,1731
0.0381404285552069,1.0,0.3124006359300477,0.7360644728005373,0.21076642335766424,462,0,786,1730
0.0381838217859182,1.0,0.31279809220985694,0.7357286769644057,0.2108626198083067,462,0,787,1729
0.0382478046653784,1.0,0.31319554848966613,0.7353928811282741,0.21095890410958903,462,0,788,1728
0.0382806389632244,1.0,0.3135930047694754,0.7350570852921424,0.21105527638190955,462,0,789,1727
0.0383832695951441,1.0,0.3139904610492846,0.7347212894560108,0.21115173674588666,462,0,790,1726
0.0384191122114154,1.0,0.3143879173290938,0.7343854936198791,0.2112482853223594,462,0,791,1725
0.038474775192484,1.0,0.314785373608903,0.7340496977837475,0.21134492223238793,462,0,792,1724
0.038478401697051,1.0,0.31518282988871227,0.7337139019476159,0.211441647597254,462,0,793,1723
0.0386376852409809,1.0,0.31558028616852146,0.7333781061114842,0.21153846153846154,462,0,794,1722
0.0386445921364177,1.0,0.31597774244833066,0.7330423102753526,0.21163536417773707,462,0,795,1721
0.0386719327597964,1.0,0.3163751987281399,0.732706514439221,0.21173235563703025,462,0,796,1720
0.038757053038723,1.0,0.3167726550079491,0.7323707186030893,0.21182943603851445,462,0,797,1719
0.0387766659117432,1.0,0.31717011128775835,0.7320349227669577,0.21192660550458717,462,0,798,1718
0.0388171451104831,1.0,0.31756756756756754,0.7316991269308261,0.21202386415787058,462,0,799,1717
0.0388196764729729,1.0,0.3179650238473768,0.7313633310946944,0.21212121212121213,462,0,800,1716
0.0388426322983352,1.0,0.318362480127186,0.7310275352585628,0.21221864951768488,462,0,801,1715
0.0389483428801312,1.0,0.31875993640699524,0.7306917394224312,0.21231617647058823,462,0,802,1714
0.0389559866051233,1.0,0.31915739268680443,0.7303559435862995,0.21241379310344827,462,0,803,1713
0.0390106596551628,1.0,0.3195548489666137,0.7300201477501679,0.2125114995400184,462,0,804,1712
0.0390195629634724,1.0,0.3199523052464229,0.7296843519140362,0.2126092959042798,462,0,805,1711
0.0390428102175013,1.0,0.3203497615262321,0.7293485560779046,0.212707182320442,462,0,806,1710
0.0390607810607724,1.0,0.3207472178060413,0.729012760241773,0.21280515891294335,462,0,807,1709
0.0391059941459299,1.0,0.32114467408585057,0.7286769644056413,0.2129032258064516,462,0,808,1708
0.0391200435341374,1.0,0.32154213036565976,0.7283411685695097,0.21300138312586445,462,0,809,1707
0.0391333878051021,1.0,0.321939586645469,0.7280053727333781,0.21309963099630996,462,0,810,1706
0.0391367029813076,1.0,0.3223370429252782,0.7276695768972464,0.2131979695431472,462,0,811,1705
0.0391375809822083,1.0,0.32273449920508746,0.7273337810611148,0.21329639889196675,462,0,812,1704
0.0391571892228879,1.0,0.32313195548489665,0.7269979852249832,0.2133949191685912,462,0,813,1703
0.0391893748605285,1.0,0.3235294117647059,0.7266621893888516,0.2134935304990758,462,0,814,1702
0.0392455870366441,1.0,0.3239268680445151,0.72632639355272,0.21359223300970873,462,0,815,1701
0.0392780259244139,1.0,0.32432432432432434,0.7259905977165884,0.21369102682701202,462,0,816,1700
0.0392817597689799,1.0,0.32472178060413354,0.7256548018804567,0.21378991207774178,462,0,817,1699
0.0392970292296632,1.0,0.3251192368839428,0.7253190060443251,0.21388888888888888,462,0,818,1698
0.0393334140934689,1.0,0.325516693163752,0.7249832102081935,0.21398795738767948,462,0,819,1697
0.0393370851762344,1.0,0.32591414944356123,0.7246474143720618,0.21408711770157554,462,0,820,1696
0.0393757384881625,1.0,0.3263116057233704,0.7243116185359302,0.2141863699582754,462,0,821,1695
0.039456578228482,1.0,0.3267090620031797,0.7239758226997985,0.21428571428571427,462,0,822,1694
0.0396738103659089,1.0,0.32710651828298887,0.7236400268636669,0.21438515081206497,462,0,823,1693
0.0397432046913793,1.0,0.3275039745627981,0.7233042310275353,0.21448467966573817,462,0,824,1692
0.0397507493662355,1.0,0.3279014308426073,0.7229684351914036,0.2145843009753832,462,0,825,1691
0.0398581931082351,1.0,0.32829888712241656,0.722632639355272,0.21468401486988847,462,0,826,1690
0.0399085798004957,1.0,0.32869634340222575,0.7222968435191404,0.21478382147838215,462,0,827,1689
0.0399273140181515,1.0,0.32909379968203495,0.7219610476830087,0.21488372093023256,462,0,828,1688
0.04,1.0,0.3294912559618442,0.7216252518468771,0.21498371335504887,462,0,829,1687
0.0401541773694076,1.0,0.3294912559618442,0.7216252518468771,0.21498371335504887,462,0,829,1687
0.040189007503753,1.0,0.3298887122416534,0.7212894560107455,0.21508379888268156,462,0,830,1686
0.0401951994839191,1.0,0.33028616852146264,0.7209536601746138,0.2151839776432231,462,0,831,1685
0.0402518787623483,1.0,0.33068362480127184,0.7206178643384822,0.21528424976700838,462,0,832,1684
0.0402543540132673,1.0,0.3310810810810811,0.7202820685023505,0.2153846153846154,462,0,833,1683
0.0402844865128908,1.0,0.3314785373608903,0.7199462726662189,0.21548507462686567,462,0,834,1682
0.040297362733091,1.0,0.33187599364069953,0.7196104768300873,0.215585627624825,462,0,835,1681
0.0403162876639565,1.0,0.3322734499205087,0.7192746809939556,0.21568627450980393,462,0,836,1680
0.0403397226947677,1.0,0.332670906200318,0.718938885157824,0.21578701541335824,462,0,837,1679
0.0403429297869601,1.0,0.33306836248012717,0.7186030893216924,0.21588785046728973,462,0,838,1678
0.0403560209746374,1.0,0.3334658187599364,0.7182672934855607,0.21598877980364656,462,0,839,1677
0.0403608996365575,1.0,0.3338632750397456,0.7179314976494291,0.21608980355472404,462,0,840,1676
0.0403747178920846,1.0,0.33426073131955486,0.7175957018132975,0.21619092185306504,462,0,841,1675
0.0403780443496561,1.0,0.33465818759936405,0.7172599059771659,0.21629213483146068,462,0,842,1674
0.040418833134998,1.0,0.3350556438791733,0.7169241101410343,0.21639344262295082,462,0,843,1673
0.0404210037111768,1.0,0.3354531001589825,0.7165883143049027,0.21649484536082475,462,0,844,1672
0.0404260392235721,1.0,0.33585055643879175,0.716252518468771,0.21659634317862167,462,0,845,1671
0.0404779286188388,1.0,0.33624801271860094,0.7159167226326394,0.21669793621013134,462,0,846,1670
0.0404891958537316,1.0,0.3366454689984102,0.7155809267965078,0.21679962458939464,462,0,847,1669
0.0405068086971148,1.0,0.3370429252782194,0.7152451309603761,0.21690140845070421,462,0,848,1668
0.0405131866476719,1.0,0.33744038155802863,0.7149093351242445,0.217003287928605,462,0,849,1667
0.0405697605123947,1.0,0.33783783783783783,0.7145735392881128,0.21710526315789475,462,0,850,1666
0.0405888958636707,1.0,0.3382352941176471,0.7142377434519812,0.21720733427362482,462,0,851,1665
0.0405996127256711,1.0,0.3386327503974563,0.7139019476158496,0.21730950141110067,462,0,852,1664
0.0406015763674843,1.0,0.3390302066772655,0.7135661517797179,0.21741176470588236,462,0,853,1663
0.0406493115255199,1.0,0.3394276629570747,0.7132303559435863,0.2175141242937853,462,0,854,1662
0.0406517888882165,1.0,0.33982511923688397,0.7128945601074547,0.21761658031088082,462,0,855,1661
0.0406615298345435,1.0,0.34022257551669316,0.712558764271323,0.2177191328934967,462,0,856,1660
0.04067080334164,1.0,0.3406200317965024,0.7122229684351914,0.21782178217821782,462,0,857,1659
0.0406811242039387,1.0,0.3410174880763116,0.7118871725990598,0.2179245283018868,462,0,858,1658
0.0406943151703529,1.0,0.34141494435612085,0.7115513767629281,0.21802737140160453,462,0,859,1657
0.0407014255418403,1.0,0.34181240063593005,0.7112155809267965,0.21813031161473087,462,0,860,1656
0.0407937872896575,1.0,0.34220985691573924,0.7108797850906649,0.21823334907888522,462,0,861,1655
0.0408277190433121,1.0,0.3426073131955485,0.7105439892545332,0.21833648393194707,462,0,862,1654
0.0408996669389307,1.0,0.3430047694753577,0.7102081934184016,0.21843971631205675,462,0,863,1653
0.0409614991562131,1.0,0.34340222575516693,0.7098723975822699,0.2185430463576159,462,0,864,1652
0.0409617151410511,1.0,0.34379968203497613,0.7095366017461383,0.21864647420728822,462,0,865,1651
0.0410073542042192,1.0,0.3441971383147854,0.7092008059100067,0.21875,462,0,866,1650
0.0411523111790108,1.0,0.34459459459459457,0.708865010073875,0.21885362387494078,462,0,867,1649
0.041164433008957,1.0,0.3449920508744038,0.7085292142377434,0.218957345971564,462,0,868,1648
0.0411658931002328,1.0,0.345389507154213,0.7081934184016119,0.21906116642958748,462,0,869,1647
0.0412145979875331,1.0,0.34578696343402227,0.7078576225654802,0.21916508538899432,462,0,870,1646
0.0412253013740588,1.0,0.34618441971383146,0.7075218267293486,0.21926910299003322,462,0,871,1645
0.0412643914328999,1.0,0.3465818759936407,0.707186030893217,0.21937321937321938,462,0,872,1644
0.0412776261915342,1.0,0.3469793322734499,0.7068502350570853,0.21947743467933492,462,0,873,1643
0.0413533115112777,1.0,0.34737678855325915,0.7065144392209537,0.21958174904942965,462,0,874,1642
0.0414466205824293,1.0,0.34777424483306835,0.7061786433848221,0.21968616262482168,462,0,875,1641
0.041452127445021,1.0,0.3481717011128776,0.7058428475486904,0.219790675547098,462,0,876,1640
0.0414961942969493,1.0,0.3485691573926868,0.7055070517125588,0.2198952879581152,462,0,877,1639
0.0415480352711632,1.0,0.34896661367249604,0.7051712558764271,0.22,462,0,878,1638
0.0415627233568433,1.0,0.34936406995230523,0.7048354600402955,0.22010481181515007,462,0,879,1637
0.0416757590568274,1.0,0.3497615262321145,0.7044996642041639,0.2202097235462345,462,0,880,1636
0.0417555085732409,1.0,0.3501589825119237,0.7041638683680322,0.22031473533619456,462,0,881,1635
0.0417566281164848,1.0,0.3505564387917329,0.7038280725319006,0.22041984732824427,462,0,882,1634
0.0417574387390381,1.0,0.3509538950715421,0.703492276695769,0.22052505966587113,462,0,883,1633
0.041814622900758,1.0,0.35135135135135137,0.7031564808596373,0.22063037249283668,462,0,884,1632
0.0418870063203061,1.0,0.35174880763116056,0.7028206850235057,0.22073578595317725,462,0,885,1631
0.041897829002842,1.0,0.3521462639109698,0.7024848891873741,0.2208413001912046,462,0,886,1630
0.0419096388845631,1.0,0.352543720190779,0.7021490933512424,0.22094691535150646,462,0,887,1629
0.0419779456708273,1.0,0.35294117647058826,0.7018132975151108,0.22105263157894736,462,0,888,1628
0.0419840994686004,1.0,0.35333863275039745,0.7014775016789792,0.2211584490186692,462,0,889,1627
0.0420401332398427,1.0,0.3537360890302067,0.7011417058428475,0.22126436781609196,462,0,890,1626
0.0420564992041144,1.0,0.3541335453100159,0.7008059100067159,0.22137038811691423,462,0,891,1625
0.0420808252801857,1.0,0.35453100158982515,0.7004701141705842,0.2214765100671141,462,0,892,1624
0.0420841029079758,1.0,0.35492845786963434,0.7001343183344526,0.22158273381294963,462,0,893,1623
0.0420854541385675,1.0,0.35532591414944353,0.699798522498321,0.22168905950095968,462,0,894,1622
0.0421465006245422,1.0,0.3557233704292528,0.6994627266621893,0.22179548727796447,462,0,895,1621
0.0422265069017043,1.0,0.356120826709062,0.6991269308260577,0.2219020172910663,462,0,896,1620
0.0424117223476883,1.0,0.3565182829888712,0.6987911349899262,0.22200864968765016,462,0,897,1619
0.0424655987987951,1.0,0.3569157392686804,0.6984553391537945,0.2221153846153846,462,0,898,1618
0.0425228016293946,1.0,0.35731319554848967,0.6981195433176629,0.2222222222222222,462,0,899,1617
0.0426267666406246,1.0,0.35771065182829886,0.6977837474815313,0.22232916265640038,462,0,900,1616
0.0426797717634402,1.0,0.3581081081081081,0.6974479516453996,0.222436206066442,462,0,901,1615
0.0427066936799775,1.0,0.3585055643879173,0.697112155809268,0.22254335260115607,462,0,902,1614
0.0427128662149023,1.0,0.35890302066772656,0.6967763599731364,0.22265060240963855,462,0,903,1613
0.0427192736450894,1.0,0.35930047694753575,0.6964405641370047,0.2227579556412729,462,0,904,1612
0.0427411236471951,1.0,0.359697933227345,0.6961047683008731,0.22286541244573083,462,0,905,1611
0.0427468309226034,1.0,0.3600953895071542,0.6957689724647415,0.22297297297297297,462,0,906,1610
0.0427859579888782,1.0,0.36049284578696345,0.6954331766286098,0.22308063737324965,462,0,907,1609
0.0428124725234911,1.0,0.36089030206677264,0.6950973807924782,0.22318840579710145,462,0,908,1608
0.0428251187777891,1.0,0.3612877583465819,0.6947615849563465,0.22329627839536006,462,0,909,1607
0.0429445976622884,1.0,0.3616852146263911,0.6944257891202149,0.22340425531914893,462,0,910,1606
0.042945815726202,1.0,0.36208267090620033,0.6940899932840833,0.22351233671988388,462,0,911,1605
0.0430128229019578,1.0,0.3624801271860095,0.6937541974479516,0.22362052274927396,462,0,912,1604
0.0430135315470174,1.0,0.3628775834658188,0.69341840161182,0.22372881355932203,462,0,913,1603
0.0430161519525466,1.0,0.36327503974562797,0.6930826057756884,0.2238372093023256,462,0,914,1602
0.0430220080891172,1.0,0.3636724960254372,0.6927468099395567,0.22394571013087736,462,0,915,1601
0.0430914819223457,1.0,0.3640699523052464,0.6924110141034251,0.22405431619786614,462,0,916,1600
0.0431937858512997,1.0,0.36446740858505566,0.6920752182672935,0.22416302765647744,462,0,917,1599
0.0432109242542922,1.0,0.36486486486486486,0.6917394224311618,0.22427184466019418,462,0,918,1598
0.0432198193825241,1.0,0.3652623211446741,0.6914036265950302,0.22438076736279747,462,0,919,1597
0.0432660748711704,1.0,0.3656597774244833,0.6910678307588985,0.22448979591836735,462,0,920,1596
0.0432771412033679,1.0,0.36605723370429255,0.6907320349227669,0.22459893048128343,462,0,921,1595
0.0432992718027141,1.0,0.36645468998410174,0.6903962390866353,0.2247081712062257,462,0,922,1594
0.0433571565661727,1.0,0.366852146263911,0.6900604432505036,0.22481751824817517,462,0,923,1593
0.0434961127319736,1.0,0.3672496025437202,0.6897246474143721,0.2249269717624148,462,0,924,1592
0.0435795940751803,1.0,0.36764705882352944,0.6893888515782405,0.22503653190452996,462,0,925,1591
0.0436196354290757,1.0,0.36804451510333863,0.6890530557421088,0.22514619883040934,462,0,926,1590
0.04377927739588,1.0,0.3684419713831478,0.6887172599059772,0.22525597269624573,462,0,927,1589
0.0438381170634735,1.0,0.3688394276629571,0.6883814640698456,0.2253658536585366,462,0,928,1588
0.0438623862187327,1.0,0.36923688394276627,0.6880456682337139,0.22547584187408493,462,0,929,1587
0.0438959966056143,1.0,0.3696343402225755,0.6877098723975823,0.2255859375,462,0,930,1586
0.0439025082794108,1.0,0.3700317965023847,0.6873740765614507,0.2256961406936981,462,0,931,1585
0.0439756689005314,1.0,0.37042925278219396,0.687038280725319,0.22580645161290322,462,0,932,1584
0.0441299838559718,1.0,0.37082670906200316,0.6867024848891874,0.22591687041564792,462,0,933,1583
0.0441303398982067,1.0,0.3712241653418124,0.6863666890530558,0.22602739726027396,462,0,934,1582
0.0441402184529068,1.0,0.3716216216216216,0.6860308932169241,0.2261380323054332,462,0,935,1581
0.0441471764476277,1.0,0.37201907790143085,0.6856950973807925,0.22624877571008814,462,0,936,1580
0.0441567083027981,1.0,0.37241653418124004,0.6853593015446608,0.22635962763351297,462,0,937,1579
0.0441720368830328,1.0,0.3728139904610493,0.6850235057085292,0.22647058823529412,462,0,938,1578
0.0441928739716716,1.0,0.3732114467408585,0.6846877098723976,0.22658165767533103,462,0,939,1577
0.0442501975955103,1.0,0.37360890302066774,0.6843519140362659,0.2266928361138371,462,0,940,1576
0.0442525783781113,1.0,0.37400635930047693,0.6840161182001343,0.2268041237113402,462,0,941,1575
0.0442615653216637,1.0,0.3744038155802862,0.6836803223640027,0.2269155206286837,462,0,942,1574
0.0442799484613431,1.0,0.3748012718600954,0.683344526527871,0.22702702702702704,462,0,943,1573
0.0442800470660842,1.0,0.3751987281399046,0.6830087306917394,0.22713864306784662,462,0,944,1572
0.044327564161022,1.0,0.3755961844197138,0.6826729348556078,0.22725036891293654,462,0,945,1571
0.0443364138433349,1.0,0.37599364069952307,0.6823371390194761,0.22736220472440946,462,0,946,1570
0.0443779511704021,1.0,0.37639109697933226,0.6820013431833445,0.2274741506646972,462,0,947,1569
0.0443823214049444,1.0,0.3767885532591415,0.6816655473472129,0.22758620689655173,462,0,948,1568
0.0444406131858634,1.0,0.3771860095389507,0.6813297515110812,0.22769837358304584,462,0,949,1567
0.0444678622121222,1.0,0.37758346581875996,0.6809939556749496,0.22781065088757396,462,0,950,1566
0.044512595608672,1.0,0.37798092209856915,0.6806581598388179,0.227923038973853,462,0,951,1565
0.0445590603182886,1.0,0.3783783783783784,0.6803223640026864,0.228035538005923,462,0,952,1564
0.044593379501478,1.0,0.3787758346581876,0.6799865681665548,0.22814814814814816,462,0,953,1563
0.0446262997938418,1.0,0.37917329093799684,0.6796507723304231,0.22826086956521738,462,0,954,1562
0.0446295301817949,1.0,0.37957074721780604,0.6793149764942915,0.22837370242214533,462,0,955,1561
0.0446895264133244,1.0,0.3799682034976153,0.6789791806581599,0.228486646884273,462,0,956,1560
0.0447086254734394,1.0,0.3803656597774245,0.6786433848220282,0.22859970311726868,462,0,957,1559
0.0447362417410185,1.0,0.38076311605723373,0.6783075889858966,0.22871287128712872,462,0,958,1558
0.0447617956979181,1.0,0.3811605723370429,0.677971793149765,0.2288261515601783,462,0,959,1557
0.0447850475374474,1.0,0.3815580286168522,0.6776359973136333,0.22893954410307235,462,0,960,1556
0.0448016188063165,1.0,0.38195548489666137,0.6773002014775017,0.22905304908279622,462,0,961,1555
0.0448071161517862,1.0,0.38235294117647056,0.6769644056413701,0.22916666666666666,462,0,962,1554
0.0449628269215687,1.0,0.3827503974562798,0.6766286098052384,0.2292803970223325,462,0,963,1553
0.045,1.0,0.383147853736089,0.6762928139691068,0.22939424031777558,462,0,964,1552
0.0450180060100672,1.0,0.383147853736089,0.6762928139691068,0.22939424031777558,462,0,964,1552
0.0452152004475389,1.0,0.38354531001589826,0.6759570181329752,0.22950819672131148,462,0,965,1551
0.0452704974697709,1.0,0.38394276629570745,0.6756212222968435,0.22962226640159045,462,0,966,1550
0.0453596400394531,1.0,0.3843402225755167,0.6752854264607119,0.2297364495275982,462,0,967,1549
0.0453871361197861,1.0,0.3847376788553259,0.6749496306245802,0.2298507462686567,462,0,968,1548
0.0454332654829902,1.0,0.38513513513513514,0.6746138347884486,0.22996515679442509,462,0,969,1547
0.0455366065754558,1.0,0.38553259141494434,0.674278038952317,0.2300796812749004,462,0,970,1546
0.0455694178429868,1.0,0.3859300476947536,0.6739422431161853,0.23019431988041852,462,0,971,1545
0.0456087943394924,1.0,0.3863275039745628,0.6736064472800537,0.23030907278165502,462,0,972,1544
0.0456226116562892,1.0,0.38672496025437203,0.6732706514439221,0.23042394014962594,462,0,973,1543
0.0456976913771236,1.0,0.3871224165341812,0.6729348556077904,0.23053892215568864,462,0,974,1542
0.0457167316403008,1.0,0.3875198728139905,0.6725990597716588,0.2306540189715427,462,0,975,1541
0.045790601383025,1.0,0.38791732909379967,0.6722632639355272,0.23076923076923078,462,0,976,1540
0.0458968864057389,1.0,0.3883147853736089,0.6719274680993955,0.23088455772113944,462,0,977,1539
0.0459113521603535,1.0,0.3887122416534181,0.6715916722632639,0.231,462,0,978,1538
0.0459602710643267,1.0,0.38910969793322736,0.6712558764271324,0.23111555777888945,462,0,979,1537
0.0459919239433332,1.0,0.38950715421303655,0.6709200805910007,0.23123123123123124,462,0,980,1536
0.0460520771581323,1.0,0.3899046104928458,0.6705842847548691,0.2313470205307962,462,0,981,1535
0.0461807097518464,1.0,0.390302066772655,0.6702484889187375,0.23146292585170342,462,0,982,1534
0.0462657992743439,1.0,0.39069952305246425,0.6699126930826058,0.23157894736842105,462,0,983,1533
0.046272588784534,1.0,0.39109697933227344,0.6695768972464742,0.2316950852557673,462,0,984,1532
0.0462863327100796,1.0,0.3914944356120827,0.6692411014103425,0.23181133968891118,462,0,985,1531
0.0462889185966541,1.0,0.3918918918918919,0.6689053055742109,0.2319277108433735,462,0,986,1530
0.0463342054397376,1.0,0.39228934817170114,0.6685695097380793,0.23204419889502761,462,0,987,1529
0.0463794127240125,1.0,0.39268680445151033,0.6682337139019476,0.2321608040201005,462,0,988,1528
0.0464095856168104,1.0,0.3930842607313196,0.667897918065816,0.23227752639517346,462,0,989,1527
0.0464965610222874,1.0,0.3934817170111288,0.6675621222296844,0.2323943661971831,462,0,990,1526
0.0464980731107703,1.0,0.393879173290938,0.6672263263935527,0.23251132360342225,462,0,991,1525
0.0465173434370386,1.0,0.3942766295707472,0.6668905305574211,0.2326283987915408,462,0,992,1524
0.0465320547249165,1.0,0.39467408585055647,0.6665547347212895,0.2327455919395466,462,0,993,1523
0.0466020718869653,1.0,0.39507154213036566,0.6662189388851578,0.23286290322580644,462,0,994,1522
0.0466812753034954,1.0,0.39546899841017485,0.6658831430490262,0.2329803328290469,462,0,995,1521
0.0467203209620611,1.0,0.3958664546899841,0.6655473472128945,0.2330978809283552,462,0,996,1520
0.0467266586662359,1.0,0.3962639109697933,0.6652115513767629,0.2332155477031802,462,0,997,1519
0.0467422089886119,1.0,0.39666136724960255,0.6648757555406313,0.23333333333333334,462,0,998,1518
0.0467435041630099,1.0,0.39705882352941174,0.6645399597044996,0.2334512379989894,462,0,999,1517
0.0467671993905725,1.0,0.397456279809221,0.664204163868368,0.23356926188068755,462,0,1000,1516
0.0468064013010633,1.0,0.3978537360890302,0.6638683680322364,0.2336874051593323,462,0,1001,1515
0.0468263931055231,1.0,0.39825119236883944,0.6635325721961047,0.23380566801619435,462,0,1002,1514
0.046882662892317,1.0,0.39864864864864863,0.6631967763599731,0.23392405063291138,462,0,1003,1513
0.0469964367462338,1.0,0.3990461049284579,0.6628609805238415,0.23404255319148937,462,0,1004,1512
0.0470630179895662,1.0,0.3994435612082671,0.6625251846877098,0.2341611758743031,462,0,1005,1511
0.0471746339359064,1.0,0.3998410174880763,0.6621893888515782,0.23427991886409735,462,0,1006,1510
0.0471827985240873,1.0,0.4002384737678855,0.6618535930154467,0.2343987823439878,462,0,1007,1509
0.0472188084805931,1.0,0.40063593004769477,0.661517797179315,0.23451776649746192,462,0,1008,1508
0.0472657677441713,1.0,0.40103338632750396,0.6611820013431834,0.2346368715083799,462,0,1009,1507
0.0474156401207174,1.0,0.4014308426073132,0.6608462055070518,0.2347560975609756,462,0,1010,1506
0.0474348084177358,1.0,0.4018282988871224,0.6605104096709201,0.23487544483985764,462,0,1011,1505
0.0474371436555493,1.0,0.40222575516693165,0.6601746138347885,0.23499491353001017,462,0,1012,1504
0.0475294333689229,1.0,0.40262321144674085,0.6598388179986568,0.23511450381679388,462,0,1013,1503
0.0476840826496234,1.0,0.4030206677265501,0.6595030221625252,0.23523421588594703,462,0,1014,1502
0.0477857858493264,1.0,0.4034181240063593,0.6591672263263936,0.23535404992358636,462,0,1015,1501
0.0477961921340525,1.0,0.40381558028616854,0.6588314304902619,0.23547400611620795,462,0,1016,1500
0.0478280880894979,1.0,0.40421303656597773,0.6584956346541303,0.23559408465068843,462,0,1017,1499
0.0478366304358652,1.0,0.404610492845787,0.6581598388179987,0.2357142857142857,462,0,1018,1498
0.0479726364125646,1.0,0.4050079491255962,0.657824042981867,0.23583460949464014,462,0,1019,1497
0.0480492804886242,1.0,0.40540540540540543,0.6574882471457354,0.23595505617977527,462,0,1020,1496
0.0481449501248028,1.0,0.4058028616852146,0.6571524513096038,0.23607562595809914,462,0,1021,1495
0.0481583466168902,1.0,0.40620031796502387,0.6568166554734721,0.2361963190184049,462,0,1022,1494
0.0482680465166151,1.0,0.40659777424483307,0.6564808596373405,0.23631713554987213,462,0,1023,1493
0.0482903750532308,1.0,0.4069952305246423,0.6561450638012088,0.23643807574206754,462,0,1024,1492
0.0483247018434763,1.0,0.4073926868044515,0.6558092679650772,0.23655913978494625,462,0,1025,1491
0.0483463348321445,1.0,0.40779014308426076,0.6554734721289456,0.23668032786885246,462,0,1026,1490
0.0483593049528169,1.0,0.40818759936406995,0.6551376762928139,0.23680164018452077,462,0,1027,1489
0.0483699454622465,1.0,0.40858505564387915,0.6548018804566823,0.23692307692307693,462,0,1028,1488
0.0483826201568744,1.0,0.4089825119236884,0.6544660846205507,0.237044638276039,462,0,1029,1487
0.048388226665103,1.0,0.4093799682034976,0.654130288784419,0.23716632443531827,462,0,1030,1486
0.0484265131935165,1.0,0.40977742448330684,0.6537944929482874,0.23728813559322035,462,0,1031,1485
0.0484844451573555,1.0,0.41017488076311603,0.6534586971121558,0.23741007194244604,462,0,1032,1484
0.0485521138577501,1.0,0.4105723370429253,0.6531229012760241,0.23753213367609255,462,0,1033,1483
0.0486055200563165,1.0,0.4109697933227345,0.6527871054398925,0.23765432098765432,462,0,1034,1482
0.0486084112199006,1.0,0.4113672496025437,0.652451309603761,0.2377766340710242,462,0,1035,1481
0.04862881332765,1.0,0.4117647058823529,0.6521155137676293,0.23789907312049433,462,0,1036,1480
0.0486537661206914,1.0,0.41216216216216217,0.6517797179314977,0.23802163833075735,462,0,1037,1479
0.0486784415153208,1.0,0.41255961844197137,0.6514439220953661,0.2381443298969072,462,0,1038,1478
0.048760999780975,1.0,0.4129570747217806,0.6511081262592344,0.23826714801444043,462,0,1039,1477
0.0489426922045461,1.0,0.4133545310015898,0.6507723304231028,0.23839009287925697,462,0,1040,1476
0.0489556715491125,1.0,0.41375198728139906,0.6504365345869711,0.23851316468766134,462,0,1041,1475
0.0490109858419163,1.0,0.41414944356120825,0.6501007387508395,0.23863636363636365,462,0,1042,1474
0.0492330315564416,1.0,0.4145468998410175,0.6497649429147079,0.23875968992248062,462,0,1043,1473
0.0492439133225746,1.0,0.4149443561208267,0.6494291470785762,0.23888314374353672,462,0,1044,1472
0.0492448371355477,1.0,0.41534181240063595,0.6490933512424446,0.23900672529746508,462,0,1045,1471
0.0492535500724318,1.0,0.41573926868044514,0.648757555406313,0.2391304347826087,462,0,1046,1470
0.0492661375098059,1.0,0.4161367249602544,0.6484217595701813,0.2392542723977214,462,0,1047,1469
0.0492751661885197,1.0,0.4165341812400636,0.6480859637340497,0.23937823834196892,462,0,1048,1468
0.0493324626649365,1.0,0.41693163751987283,0.6477501678979181,0.23950233281493002,462,0,1049,1467
0.0493559030466395,1.0,0.417329093799682,0.6474143720617864,0.23962655601659752,462,0,1050,1466
0.0493712449147317,1.0,0.4177265500794913,0.6470785762256548,0.23975090814737934,462,0,1051,1465
0.0493830180649363,1.0,0.41812400635930047,0.6467427803895232,0.2398753894080997,462,0,1052,1464
0.049604037421527,1.0,0.4185214626391097,0.6464069845533915,0.24,462,0,1053,1463
0.0496048343417736,1.0,0.4189189189189189,0.6460711887172599,0.24012474012474014,462,0,1054,1462
0.0497797356354978,1.0,0.41931637519872816,0.6457353928811282,0.24024960998439937,462,0,1055,1461
0.0497990445271992,1.0,0.41971383147853736,0.6453995970449966,0.24037460978147762,462,0,1056,1460
0.0498149144411685,1.0,0.4201112877583466,0.645063801208865,0.2404997397188964,462,0,1057,1459
0.0498300717226365,1.0,0.4205087440381558,0.6447280053727333,0.240625,462,0,1058,1458
0.0498547472819155,1.0,0.42090620031796505,0.6443922095366017,0.24075039082855654,462,0,1059,1457
0.0498601053434249,1.0,0.42130365659777425,0.6440564137004701,0.24087591240875914,462,0,1060,1456
0.0498717752540099,1.0,0.42170111287758344,0.6437206178643384,0.24100156494522693,462,0,1061,1455
0.049913125762423,1.0,0.4220985691573927,0.6433848220282069,0.24112734864300625,462,0,1062,1454
0.049918553392348,1.0,0.4224960254372019,0.6430490261920753,0.2412532637075718,462,0,1063,1453
0.0499991313720067,1.0,0.42289348171701113,0.6427132303559436,0.2413793103448276,462,0,1064,1452
0.05,1.0,0.4232909379968203,0.642377434519812,0.2415054887611082,462,0,1065,1451
0.0500476018834053,1.0,0.4232909379968203,0.642377434519812,0.2415054887611082,462,0,1065,1451
0.0501018221742824,1.0,0.4236883942766296,0.6420416386836804,0.24163179916317992,462,0,1066,1450
0.0501618865609722,1.0,0.42408585055643877,0.6417058428475487,0.24175824175824176,462,0,1067,1449
0.0502870893236136,1.0,0.424483306836248,0.6413700470114171,0.2418848167539267,462,0,1068,1448
0.0503148247823187,1.0,0.4248807631160572,0.6410342511752855,0.24201152435830278,462,0,1069,1447
0.0503423719220189,1.0,0.42527821939586646,0.6406984553391538,0.24213836477987422,462,0,1070,1446
0.0503588160056912,1.0,0.42567567567567566,0.6403626595030222,0.2422653382275826,462,0,1071,1445
0.0503717359914064,1.0,0.4260731319554849,0.6400268636668905,0.24239244491080797,462,0,1072,1444
0.0503865897816719,1.0,0.4264705882352941,0.6396910678307589,0.24251968503937008,462,0,1073,1443
0.0504866926941196,1.0,0.42686804451510335,0.6393552719946273,0.2426470588235294,462,0,1074,1442
0.0505461783881211,1.0,0.42726550079491254,0.6390194761584956,0.24277456647398843,462,0,1075,1441
0.0506138140631314,1.0,0.4276629570747218,0.638683680322364,0.24290220820189273,462,0,1076,1440
0.0506784005675805,1.0,0.428060413354531,0.6383478844862324,0.2430299842188322,462,0,1077,1439
0.0506955070806247,1.0,0.42845786963434024,0.6380120886501007,0.2431578947368421,462,0,1078,1438
0.0506963855818338,1.0,0.42885532591414943,0.6376762928139691,0.24328593996840442,462,0,1079,1437
0.0508168481030556,1.0,0.4292527821939587,0.6373404969778375,0.2434141201264489,462,0,1080,1436
0.050877952943663,1.0,0.4296502384737679,0.6370047011417058,0.24354243542435425,462,0,1081,1435
0.0508842247899665,1.0,0.4300476947535771,0.6366689053055742,0.24367088607594936,462,0,1082,1434
0.0509144971092041,1.0,0.4304451510333863,0.6363331094694425,0.24379947229551452,462,0,1083,1433
0.051100365686027,1.0,0.43084260731319557,0.6359973136333109,0.24392819429778248,462,0,1084,1432
0.0511302504038428,1.0,0.43124006359300476,0.6356615177971793,0.24405705229793978,462,0,1085,1431
0.0511428651037063,1.0,0.431637519872814,0.6353257219610476,0.2441860465116279,462,0,1086,1430
0.0512213805276475,1.0,0.4320349761526232,0.634989926124916,0.24431517715494447,462,0,1087,1429
0.0512779489015527,1.0,0.43243243243243246,0.6346541302887844,0.24444444444444444,462,0,1088,1428
0.0512846475270603,1.0,0.43282988871224165,0.6343183344526527,0.24457384859714135,462,0,1089,1427
0.0512913385345831,1.0,0.4332273449920509,0.6339825386165212,0.24470338983050846,462,0,1090,1426
0.0513142757835291,1.0,0.4336248012718601,0.6336467427803896,0.24483306836248012,462,0,1091,1425
0.0513335967707468,1.0,0.43402225755166934,0.6333109469442579,0.2449628844114528,462,0,1092,1424
0.0513535953367137,1.0,0.43441971383147854,0.6329751511081263,0.24509283819628647,462,0,1093,1423
0.0513999772431742,1.0,0.43481717011128773,0.6326393552719947,0.24522292993630573,462,0,1094,1422
0.0514055299210437,1.0,0.435214626391097,0.632303559435863,0.24535315985130113,462,0,1095,1421
0.0515961009350796,1.0,0.4356120826709062,0.6319677635997314,0.2454835281615303,462,0,1096,1420
0.0518292935464613,1.0,0.4360095389507154,0.6316319677635998,0.24561403508771928,462,0,1097,1419
0.051858174817347,1.0,0.4364069952305246,0.6312961719274681,0.24574468085106382,462,0,1098,1418
0.0519983788189854,1.0,0.43680445151033387,0.6309603760913365,0.24587546567323043,462,0,1099,1417
0.052046535206628,1.0,0.43720190779014306,0.6306245802552048,0.24600638977635783,462,0,1100,1416
0.0520978353010061,1.0,0.4375993640699523,0.6302887844190732,0.24613745338305806,462,0,1101,1415
0.0521087217604736,1.0,0.4379968203497615,0.6299529885829416,0.2462686567164179,462,0,1102,1414
0.0521124328010719,1.0,0.43839427662957076,0.6296171927468099,0.2464,462,0,1103,1413
0.0521465516021353,1.0,0.43879173290937995,0.6292813969106783,0.24653148345784417,462,0,1104,1412
0.0522097379355514,1.0,0.4391891891891892,0.6289456010745467,0.24666310731446878,462,0,1105,1411
0.0522324237294046,1.0,0.4395866454689984,0.628609805238415,0.2467948717948718,462,0,1106,1410
0.0524090058041836,1.0,0.43998410174880764,0.6282740094022834,0.24692677712453234,462,0,1107,1409
0.0526163882745907,1.0,0.44038155802861684,0.6279382135661518,0.24705882352941178,462,0,1108,1408
0.0526213901975699,1.0,0.4407790143084261,0.6276024177300201,0.24719101123595505,462,0,1109,1407
0.052637282902611,1.0,0.4411764705882353,0.6272666218938885,0.24732334047109208,462,0,1110,1406
0.0527333502962786,1.0,0.44157392686804453,0.6269308260577569,0.24745581146223888,462,0,1111,1405
0.0527399843763132,1.0,0.4419713831478537,0.6265950302216252,0.24758842443729903,462,0,1112,1404
0.0527733960692744,1.0,0.442368839427663,0.6262592343854936,0.2477211796246649,462,0,1113,1403
0.0528021503494003,1.0,0.44276629570747217,0.6259234385493619,0.2478540772532189,462,0,1114,1402
0.0528040233369972,1.0,0.4431637519872814,0.6255876427132303,0.24798711755233493,462,0,1115,1401
0.0528202939970983,1.0,0.4435612082670906,0.6252518468770987,0.24812030075187969,462,0,1116,1400
0.052940159122341,1.0,0.44395866454689986,0.6249160510409671,0.24825362708221385,462,0,1117,1399
0.0529495535813293,1.0,0.44435612082670906,0.6245802552048355,0.24838709677419354,462,0,1118,1398
0.053022532276304,1.0,0.4447535771065183,0.6242444593687039,0.2485207100591716,462,0,1119,1397
0.0530289348219593,1.0,0.4451510333863275,0.6239086635325722,0.24865446716899892,462,0,1120,1396
0.0532276822507816,1.0,0.44554848966613675,0.6235728676964406,0.24878836833602586,462,0,1121,1395
0.0532944405526396,1.0,0.44594594594594594,0.623237071860309,0.24892241379310345,462,0,1122,1394
0.0533254982720188,1.0,0.4463434022257552,0.6229012760241773,0.2490566037735849,462,0,1123,1393
0.0533538245003411,1.0,0.4467408585055644,0.6225654801880457,0.24919093851132687,462,0,1124,1392
0.0533958130533958,1.0,0.44713831478537364,0.6222296843519141,0.24932541824069077,462,0,1125,1391
0.0534243756351434,1.0,0.44753577106518283,0.6218938885157824,0.24946004319654427,462,0,1126,1390
0.0534331267283843,1.0,0.447933227344992,0.6215580926796508,0.24959481361426256,462,0,1127,1389
0.0534479207837019,1.0,0.4483306836248013,0.6212222968435192,0.24972972972972973,462,0,1128,1388
0.0534810202205227,1.0,0.44872813990461047,0.6208865010073875,0.24986479177934018,462,0,1129,1387
0.0535039099671414,1.0,0.4491255961844197,0.6205507051712559,0.25,462,0,1130,1386
0.0535768276433135,1.0,0.4495230524642289,0.6202149093351242,0.25013535462912834,462,0,1131,1385
0.0535870017472786,1.0,0.44992050874403816,0.6198791134989926,0.2502708559046587,462,0,1132,1384
0.0537610266141542,1.0,0.45031796502384736,0.619543317662861,0.25040650406504067,462,0,1133,1383
0.0538028063710419,1.0,0.4507154213036566,0.6192075218267293,0.25054229934924077,462,0,1134,1382
0.0538293697077106,1.0,0.4511128775834658,0.6188717259905977,0.25067824199674443,462,0,1135,1381
0.0540660688839757,1.0,0.45151033386327505,0.6185359301544661,0.250814332247557,462,0,1136,1380
0.0541783680325021,1.0,0.45190779014308424,0.6182001343183344,0.2509505703422053,462,0,1137,1379
0.0541976114643978,1.0,0.4523052464228935,0.6178643384822028,0.2510869565217391,462,0,1138,1378
0.05424907320163,1.0,0.4527027027027027,0.6175285426460712,0.25122349102773245,462,0,1139,1377
0.0543245824041139,1.0,0.45310015898251194,0.6171927468099395,0.2513601741022851,462,0,1140,1376
0.054349038069422,1.0,0.45349761526232113,0.6168569509738079,0.25149700598802394,462,0,1141,1375
0.0543652980971881,1.0,0.4538950715421304,0.6165211551376762,0.25163398692810457,462,0,1142,1374
0.0544895816447908,1.0,0.4542925278219396,0.6161853593015446,0.25177111716621253,462,0,1143,1373
0.0546397380211593,1.0,0.4546899841017488,0.615849563465413,0.25190839694656486,462,0,1144,1372
0.05470714362111,1.0,0.455087440381558,0.6155137676292814,0.2520458265139116,462,0,1145,1371
0.0547508733896408,1.0,0.45548489666136727,0.6151779717931498,0.2521834061135371,462,0,1146,1370
0.0548805631341433,1.0,0.45588235294117646,0.6148421759570182,0.2523211359912616,462,0,1147,1369
0.0549338722265758,1.0,0.4562798092209857,0.6145063801208865,0.25245901639344265,462,0,1148,1368
0.0549727166852536,1.0,0.4566772655007949,0.6141705842847549,0.2525970475669765,462,0,1149,1367
0.055,1.0,0.45707472178060415,0.6138347884486233,0.2527352297592998,462,0,1150,1366
0.0550383135907275,1.0,0.45707472178060415,0.6138347884486233,0.2527352297592998,462,0,1150,1366
0.0550833217573322,1.0,0.45747217806041335,0.6134989926124916,0.25287356321839083,462,0,1151,1365
0.055138451524721,1.0,0.4578696343402226,0.61316319677636,0.25301204819277107,462,0,1152,1364
0.0552841436850808,1.0,0.4582670906200318,0.6128274009402284,0.25315068493150683,462,0,1153,1363
0.055385940753552,1.0,0.45866454689984104,0.6124916051040967,0.2532894736842105,462,0,1154,1362
0.0554149942015378,1.0,0.45906200317965024,0.6121558092679651,0.2534284147010422,462,0,1155,1361
0.0554565267616716,1.0,0.4594594594594595,0.6118200134318335,0.2535675082327113,462,0,1156,1360
0.0554920760934794,1.0,0.4598569157392687,0.6114842175957018,0.25370675453047775,462,0,1157,1359
0.0555732404555095,1.0,0.46025437201907793,0.6111484217595702,0.25384615384615383,462,0,1158,1358
0.0556268944445348,1.0,0.4606518282988871,0.6108126259234385,0.25398570643210555,462,0,1159,1357
0.0557537821832702,1.0,0.4610492845786963,0.6104768300873069,0.25412541254125415,462,0,1160,1356
0.0557689640566538,1.0,0.46144674085850557,0.6101410342511753,0.2542652724270776,462,0,1161,1355
0.0558682637126414,1.0,0.46184419713831476,0.6098052384150436,0.2544052863436123,462,0,1162,1354
0.0558907994742985,1.0,0.462241653418124,0.609469442578912,0.2545454545454545,462,0,1163,1353
0.055981103321411,1.0,0.4626391096979332,0.6091336467427804,0.25468577728776187,462,0,1164,1352
0.0559880532565383,1.0,0.46303656597774245,0.6087978509066487,0.2548262548262548,462,0,1165,1351
0.0561157402058973,1.0,0.46343402225755165,0.6084620550705171,0.25496688741721857,462,0,1166,1350
0.0561244783453678,1.0,0.4638314785373609,0.6081262592343855,0.25510767531750417,462,0,1167,1349
0.0561389254724232,1.0,0.4642289348171701,0.6077904633982538,0.25524861878453037,462,0,1168,1348
0.0561764160943823,1.0,0.46462639109697934,0.6074546675621222,0.25538971807628524,462,0,1169,1347
0.0562513809108546,1.0,0.46502384737678853,0.6071188717259905,0.2555309734513274,462,0,1170,1346
0.0563226786852077,1.0,0.4654213036565978,0.6067830758898589,0.25567238516878804,462,0,1171,1345
0.0563395569614133,1.0,0.465818759936407,0.6064472800537274,0.2558139534883721,462,0,1172,1344
0.0563456991974822,1.0,0.46621621621621623,0.6061114842175958,0.2559556786703601,462,0,1173,1343
0.0563556188933387,1.0,0.4666136724960254,0.6057756883814641,0.25609756097560976,462,0,1174,1342
0.0565314663843804,1.0,0.46701112877583467,0.6054398925453325,0.2562396006655574,462,0,1175,1341
0.0566388940418876,1.0,0.46740858505564387,0.6051040967092008,0.2563817980022198,462,0,1176,1340
0.0567814197324889,1.0,0.4678060413354531,0.6047683008730692,0.25652415324819544,462,0,1177,1339
0.0567909546591382,1.0,0.4682034976152623,0.6044325050369376,0.25666666666666665,462,0,1178,1338
0.0568486791017053,1.0,0.46860095389507156,0.6040967092008059,0.25680933852140075,462,0,1179,1337
0.0568927145293651,1.0,0.46899841017488075,0.6037609133646743,0.25695216907675195,462,0,1180,1336
0.0569487820708469,1.0,0.46939586645469,0.6034251175285427,0.2570951585976628,462,0,1181,1335
0.0569832000104569,1.0,0.4697933227344992,0.603089321692411,0.2572383073496659,462,0,1182,1334
0.0569911047158656,1.0,0.47019077901430845,0.6027535258562794,0.2573816155988858,462,0,1183,1333
0.0570036439800823,1.0,0.47058823529411764,0.6024177300201478,0.25752508361204013,462,0,1184,1332
0.0570186971210219,1.0,0.4709856915739269,0.6020819341840161,0.25766871165644173,462,0,1185,1331
0.0571372731231314,1.0,0.4713831478537361,0.6017461383478845,0.2578125,462,0,1186,1330
0.0571547668251986,1.0,0.47178060413354533,0.6014103425117528,0.25795644891122277,462,0,1187,1329
0.0572319544225974,1.0,0.47217806041335453,0.6010745466756212,0.2581005586592179,462,0,1188,1328
0.0572535495068447,1.0,0.4725755166931638,0.6007387508394896,0.2582448295136948,462,0,1189,1327
0.0573550289551272,1.0,0.47297297297297297,0.6004029550033579,0.25838926174496646,462,0,1190,1326
0.057386907856304,1.0,0.4733704292527822,0.6000671591672263,0.25853385562395076,462,0,1191,1325
0.0574014819777657,1.0,0.4737678855325914,0.5997313633310947,0.25867861142217247,462,0,1192,1324
0.0574191228988821,1.0,0.4741653418124006,0.599395567494963,0.25882352941176473,462,0,1193,1323
0.0574615663908979,1.0,0.47456279809220986,0.5990597716588314,0.2589686098654709,462,0,1194,1322
0.0574967242894211,1.0,0.47496025437201905,0.5987239758226998,0.2591138530566461,462,0,1195,1321
0.0575243696335926,1.0,0.4753577106518283,0.5983881799865681,0.25925925925925924,462,0,1196,1320
0.0575372171189825,1.0,0.4757551669316375,0.5980523841504365,0.25940482874789444,462,0,1197,1319
0.0575476244800704,1.0,0.47615262321144675,0.5977165883143049,0.2595505617977528,462,0,1198,1318
0.0575909000167692,1.0,0.47655007949125594,0.5973807924781732,0.2596964586846543,462,0,1199,1317
0.0575938170524978,1.0,0.4769475357710652,0.5970449966420417,0.25984251968503935,462,0,1200,1316
0.0576847111726906,1.0,0.4773449920508744,0.5967092008059101,0.25998874507597075,462,0,1201,1315
0.0578733333028262,1.0,0.47774244833068363,0.5963734049697784,0.26013513513513514,462,0,1202,1314
0.057877315341233,1.0,0.4781399046104928,0.5960376091336468,0.26028169014084507,462,0,1203,1313
0.0578882853098651,1.0,0.4785373608903021,0.5957018132975151,0.26042841037204056,462,0,1204,1312
0.0581233661916613,1.0,0.47893481717011127,0.5953660174613835,0.26057529610829105,462,0,1205,1311
0.0581630756475847,1.0,0.4793322734499205,0.5950302216252519,0.26072234762979685,462,0,1206,1310
0.0582073537999723,1.0,0.4797297297297297,0.5946944257891202,0.2608695652173913,462,0,1207,1309
0.0582130854947756,1.0,0.48012718600953896,0.5943586299529886,0.26101694915254237,462,0,1208,1308
0.0582206953972966,1.0,0.48052464228934816,0.594022834116857,0.26116449971735445,462,0,1209,1307
0.0582260208339997,1.0,0.4809220985691574,0.5936870382807253,0.26131221719457015,462,0,1210,1306
0.0583415904528765,1.0,0.4813195548489666,0.5933512424445937,0.2614601018675722,462,0,1211,1305
0.0584383095103879,1.0,0.48171701112877585,0.5930154466084621,0.26160815402038506,462,0,1212,1304
0.0584494738992401,1.0,0.48211446740858505,0.5926796507723304,0.26175637393767703,462,0,1213,1303
0.0584605625461138,1.0,0.4825119236883943,0.5923438549361988,0.2619047619047619,462,0,1214,1302
0.0585257782412653,1.0,0.4829093799682035,0.5920080591000672,0.2620533182076007,462,0,1215,1301
0.0585592900102235,1.0,0.48330683624801274,0.5916722632639355,0.26220204313280365,462,0,1216,1300
0.0585983851823202,1.0,0.48370429252782193,0.5913364674278039,0.262350936967632,462,0,1217,1299
0.0586052980643737,1.0,0.4841017488076312,0.5910006715916722,0.2625,462,0,1218,1298
0.0586399925479122,1.0,0.4844992050874404,0.5906648757555406,0.2626492325184764,462,0,1219,1297
0.058652037539499,1.0,0.4848966613672496,0.590329079919409,0.2627986348122867,462,0,1220,1296
0.0586930235196006,1.0,0.4852941176470588,0.5899932840832773,0.26294820717131473,462,0,1221,1295
0.0587042235906091,1.0,0.48569157392686807,0.5896574882471457,0.2630979498861048,462,0,1222,1294
0.0587841989299938,1.0,0.48608903020667726,0.5893216924110141,0.26324786324786326,462,0,1223,1293
0.0587878185967135,1.0,0.4864864864864865,0.5889858965748824,0.2633979475484607,462,0,1224,1292
0.0589174900123658,1.0,0.4868839427662957,0.5886501007387508,0.26354820308043353,462,0,1225,1291
0.059048305395995,1.0,0.4872813990461049,0.5883143049026192,0.2636986301369863,462,0,1226,1290
0.0590946180316835,1.0,0.48767885532591415,0.5879785090664875,0.26384922901199315,462,0,1227,1289
0.0592165650217097,0.9978354978354979,0.48767885532591415,0.587642713230356,0.2634285714285714,461,1,1227,1289
0.0592243843177152,0.9978354978354979,0.48807631160572335,0.5873069173942244,0.26357918810749,461,1,1228,1288
0.0592334054055725,0.9978354978354979,0.4884737678855326,0.5869711215580927,0.2637299771167048,461,1,1229,1287
0.0592741363819515,0.9978354978354979,0.4888712241653418,0.5866353257219611,0.2638809387521465,461,1,1230,1286
0.0593189367014355,0.9978354978354979,0.48926868044515104,0.5862995298858295,0.26403207331042383,461,1,1231,1285
0.0594139006145077,0.9978354978354979,0.48966613672496023,0.5859637340496978,0.2641833810888252,461,1,1232,1284
0.0594819022354002,0.9978354978354979,0.4900635930047695,0.5856279382135662,0.2643348623853211,461,1,1233,1283
0.0595900597523389,0.9978354978354979,0.4904610492845787,0.5852921423774345,0.26448651749856567,461,1,1234,1282
0.0595943393699901,0.9978354978354979,0.4908585055643879,0.5849563465413029,0.264638346727899,461,1,1235,1281
0.0597179675241368,0.9978354978354979,0.4912559618441971,0.5846205507051713,0.26479035037334864,461,1,1236,1280
0.0599279538870602,0.9978354978354979,0.49165341812400637,0.5842847548690396,0.2649425287356322,461,1,1237,1279
0.0599429500654604,0.9978354978354979,0.49205087440381556,0.583948959032908,0.2650948821161587,461,1,1238,1278
0.06,0.9978354978354979,0.4924483306836248,0.5836131631967764,0.26524741081703107,461,1,1239,1277
0.0600614522030018,0.9978354978354979,0.4924483306836248,0.5836131631967764,0.26524741081703107,461,1,1239,1277
0.0603134030156701,0.9978354978354979,0.492845786963434,0.5832773673606447,0.2654001151410478,461,1,1240,1276
0.0604051245289563,0.9978354978354979,0.49324324324324326,0.5829415715245131,0.26555299539170507,461,1,1241,1275
0.0604687791780185,0.9978354978354979,0.49364069952305245,0.5826057756883815,0.26570605187319885,461,1,1242,1274
0.0605855543021085,0.9978354978354979,0.4940381558028617,0.5822699798522498,0.26585928489042676,461,1,1243,1273
0.0605928784424585,0.9978354978354979,0.4944356120826709,0.5819341840161182,0.2660126947489902,461,1,1244,1272
0.0606168613640576,0.9978354978354979,0.49483306836248014,0.5815983881799865,0.2661662817551963,461,1,1245,1271
0.0606334550297936,0.9978354978354979,0.49523052464228934,0.5812625923438549,0.2663200462160601,461,1,1246,1270
0.0606560958561435,0.9978354978354979,0.4956279809220986,0.5809267965077233,0.26647398843930636,461,1,1247,1269
0.0607246359084464,0.9978354978354979,0.4960254372019078,0.5805910006715916,0.2666281087333719,461,1,1248,1268
0.0607504318656561,0.9978354978354979,0.49642289348171703,0.58025520483546,0.2667824074074074,461,1,1249,1267
0.0607791273716713,0.9978354978354979,0.4968203497615262,0.5799194089993284,0.2669368847712797,461,1,1250,1266
0.0607974396997263,0.9978354978354979,0.4972178060413355,0.5795836131631967,0.2670915411355736,461,1,1251,1265
0.0608141052871506,0.9978354978354979,0.49761526232114467,0.5792478173270651,0.2672463768115942,461,1,1252,1264
0.0608783619307938,0.9978354978354979,0.4980127186009539,0.5789120214909335,0.26740139211136893,461,1,1253,1263
0.0608850882291647,0.9978354978354979,0.4984101748807631,0.5785762256548019,0.2675565873476494,461,1,1254,1262
0.0609540056916265,0.9978354978354979,0.49880763116057236,0.5782404298186703,0.2677119628339141,461,1,1255,1261
0.0609712855773059,0.9978354978354979,0.49920508744038156,0.5779046339825387,0.26786751888436955,461,1,1256,1260
0.0609829011943608,0.9978354978354979,0.4996025437201908,0.577568838146407,0.2680232558139535,461,1,1257,1259
0.0610018628352461,0.9978354978354979,0.5,0.5772330423102754,0.26817917393833623,461,1,1258,1258
0.0610522854026637,0.9978354978354979,0.5003974562798092,0.5768972464741438,0.26833527357392317,461,1,1259,1257
0.0610851449252285,0.9978354978354979,0.5007949125596184,0.5765614506380121,0.2684915550378567,461,1,1260,1256
0.0611634300168932,0.9978354978354979,0.5011923688394276,0.5762256548018805,0.2686480186480186,461,1,1261,1255
0.0611914124486018,0.9978354978354979,0.5015898251192369,0.5758898589657488,0.26880466472303205,461,1,1262,1254
0.0612726579620427,0.9978354978354979,0.5019872813990461,0.5755540631296172,0.26896149358226373,461,1,1263,1253
0.0613310810825604,0.9978354978354979,0.5023847376788553,0.5752182672934856,0.26911850554582606,461,1,1264,1252
0.0613576324400765,0.9978354978354979,0.5027821939586645,0.5748824714573539,0.2692757009345794,461,1,1265,1251
0.0613681556778043,0.9978354978354979,0.5031796502384738,0.5745466756212223,0.26943308007013445,461,1,1266,1250
0.0613799382640678,0.9978354978354979,0.503577106518283,0.5742108797850907,0.2695906432748538,461,1,1267,1249
0.061546666687889,0.9978354978354979,0.5039745627980922,0.573875083948959,0.26974839087185487,461,1,1268,1248
0.0615604092275035,0.9978354978354979,0.5043720190779014,0.5735392881128274,0.26990632318501173,461,1,1269,1247
0.0616453436143912,0.9978354978354979,0.5047694753577107,0.5732034922766958,0.27006444053895723,461,1,1270,1246
0.0617913746107146,0.9978354978354979,0.5051669316375199,0.5728676964405641,0.2702227432590856,461,1,1271,1245
0.0618257942609975,0.9978354978354979,0.505564387917329,0.5725319006044325,0.27038123167155426,461,1,1272,1244
0.0618451475538767,0.9978354978354979,0.5059618441971383,0.5721961047683009,0.2705399061032864,461,1,1273,1243
0.0618830027432504,0.9978354978354979,0.5063593004769475,0.5718603089321692,0.270698766881973,461,1,1274,1242
0.0619652768202756,0.9978354978354979,0.5067567567567568,0.5715245130960376,0.2708578143360752,461,1,1275,1241
0.0619702366009417,0.9978354978354979,0.5071542130365659,0.5711887172599059,0.2710170487948266,461,1,1276,1240
0.0619881789933988,0.9978354978354979,0.5075516693163752,0.5708529214237743,0.2711764705882353,461,1,1277,1239
0.0620343134200107,0.9978354978354979,0.5079491255961844,0.5705171255876427,0.27133608004708654,461,1,1278,1238
0.0620623216907214,0.9978354978354979,0.5083465818759937,0.570181329751511,0.2714958775029446,461,1,1279,1237
0.0620678901677059,0.9978354978354979,0.5087440381558028,0.5698455339153794,0.27165586328815555,461,1,1280,1236
0.0622356827075277,0.9978354978354979,0.5091414944356121,0.5695097380792478,0.27181603773584906,461,1,1281,1235
0.0622733700397162,0.9978354978354979,0.5095389507154213,0.5691739422431162,0.271976401179941,461,1,1282,1234
0.0623736349422128,0.9978354978354979,0.5099364069952306,0.5688381464069846,0.27213695395513576,461,1,1283,1233
0.0624047222268522,0.9978354978354979,0.5103338632750397,0.568502350570853,0.2722976963969285,461,1,1284,1232
0.0624113840931917,0.9978354978354979,0.510731319554849,0.5681665547347213,0.27245862884160754,461,1,1285,1231
0.0624181844272034,0.9978354978354979,0.5111287758346582,0.5678307588985897,0.2726197516262567,461,1,1286,1230
0.0624288685867858,0.9978354978354979,0.5115262321144675,0.5674949630624581,0.2727810650887574,461,1,1287,1229
0.0625323747318463,0.9978354978354979,0.5119236883942766,0.5671591672263264,0.2729425695677916,461,1,1288,1228
0.0625325117129954,0.9978354978354979,0.5123211446740858,0.5668233713901948,0.2731042654028436,461,1,1289,1227
0.0625731562038929,0.9978354978354979,0.5127186009538951,0.5664875755540631,0.2732661529342027,461,1,1290,1226
0.0627118491725636,0.9978354978354979,0.5131160572337043,0.5661517797179315,0.2734282325029656,461,1,1291,1225
0.0627207002522952,0.9978354978354979,0.5135135135135135,0.5658159838817999,0.27359050445103855,461,1,1292,1224
0.0628439941697988,0.9978354978354979,0.5139109697933227,0.5654801880456682,0.27375296912114017,461,1,1293,1223
0.0629667056514429,0.9956709956709957,0.5139109697933227,0.5651443922095366,0.27332144979203804,460,2,1293,1223
0.0631203255245724,0.9956709956709957,0.514308426073132,0.564808596373405,0.2734839476813318,460,2,1294,1222
0.0631412015256856,0.9956709956709957,0.5147058823529411,0.5644728005372733,0.27364663890541346,460,2,1295,1221
0.0631845321948576,0.9956709956709957,0.5151033386327504,0.5641370047011417,0.27380952380952384,460,2,1296,1220
0.0632854345286717,0.9935064935064936,0.5151033386327504,0.5638012088650101,0.2733770101250744,459,3,1296,1220
0.0632921312253638,0.9935064935064936,0.5155007949125596,0.5634654130288784,0.2735399284862932,459,3,1297,1219
0.0634308798178728,0.9935064935064936,0.5158982511923689,0.5631296171927468,0.2737030411449016,459,3,1298,1218
0.063459591525895,0.9935064935064936,0.516295707472178,0.5627938213566152,0.27386634844868735,459,3,1299,1217
0.0635114965670089,0.9935064935064936,0.5166931637519873,0.5624580255204835,0.2740298507462687,459,3,1300,1216
0.0635142358127028,0.9935064935064936,0.5170906200317965,0.5621222296843519,0.27419354838709675,459,3,1301,1215
0.063596111062009,0.9935064935064936,0.5174880763116058,0.5617864338482202,0.2743574417214585,459,3,1302,1214
0.063624023731263,0.9935064935064936,0.5178855325914149,0.5614506380120886,0.27452153110047844,459,3,1303,1213
0.0636650826817884,0.9935064935064936,0.5182829888712241,0.561114842175957,0.2746858168761221,459,3,1304,1212
0.0637365016005497,0.9935064935064936,0.5186804451510334,0.5607790463398253,0.2748502994011976,459,3,1305,1211
0.0637654724615525,0.9935064935064936,0.5190779014308426,0.5604432505036937,0.2750149790293589,459,3,1306,1210
0.0637978865949471,0.9935064935064936,0.5194753577106518,0.5601074546675622,0.2751798561151079,459,3,1307,1209
0.064074427529144,0.9935064935064936,0.519872813990461,0.5597716588314305,0.27534493101379726,459,3,1308,1208
0.0642074287377065,0.9935064935064936,0.5202702702702703,0.5594358629952989,0.2755102040816326,459,3,1309,1207
0.0642243045238611,0.9935064935064936,0.5206677265500795,0.5591000671591673,0.2756756756756757,459,3,1310,1206
0.0642837591032078,0.9935064935064936,0.5210651828298887,0.5587642713230356,0.27584134615384615,459,3,1311,1205
0.0643173204676675,0.9935064935064936,0.5214626391096979,0.558428475486904,0.2760072158749248,459,3,1312,1204
0.0644000416569298,0.9935064935064936,0.5218600953895072,0.5580926796507724,0.27617328519855594,459,3,1313,1203
0.064423858039556,0.9935064935064936,0.5222575516693164,0.5577568838146407,0.2763395544852498,459,3,1314,1202
0.0644949564904242,0.9935064935064936,0.5226550079491256,0.5574210879785091,0.2765060240963855,459,3,1315,1201
0.0644976680138249,0.9935064935064936,0.5230524642289348,0.5570852921423775,0.2766726943942134,459,3,1316,1200
0.0645649946609294,0.9935064935064936,0.5234499205087441,0.5567494963062458,0.27683956574185764,459,3,1317,1199
0.0645823119600196,0.9935064935064936,0.5238473767885533,0.5564137004701142,0.27700663850331925,459,3,1318,1198
0.0645870267884013,0.9935064935064936,0.5242448330683624,0.5560779046339825,0.27717391304347827,459,3,1319,1197
0.0645984956638988,0.9935064935064936,0.5246422893481717,0.5557421087978509,0.2773413897280967,459,3,1320,1196
0.0647867549167935,0.9935064935064936,0.525039745627981,0.5554063129617193,0.27750906892382105,459,3,1321,1195
0.0648090749952281,0.9935064935064936,0.5254372019077902,0.5550705171255876,0.2776769509981851,459,3,1322,1194
0.0648358871740656,0.9935064935064936,0.5258346581875993,0.554734721289456,0.2778450363196126,459,3,1323,1193
0.0649137866578138,0.9935064935064936,0.5262321144674086,0.5543989254533244,0.27801332525741973,459,3,1324,1192
0.0649689194499498,0.9935064935064936,0.5266295707472178,0.5540631296171927,0.2781818181818182,459,3,1325,1191
0.0649788779176367,0.9935064935064936,0.527027027027027,0.5537273337810611,0.27835051546391754,459,3,1326,1190
0.065,0.9935064935064936,0.5274244833068362,0.5533915379449295,0.27851941747572817,459,3,1327,1189
0.0650754363310748,0.9935064935064936,0.5274244833068362,0.5533915379449295,0.27851941747572817,459,3,1327,1189
0.0650997438592682,0.9935064935064936,0.5278219395866455,0.5530557421087978,0.2786885245901639,459,3,1328,1188
0.0654588148978963,0.9935064935064936,0.5282193958664547,0.5527199462726662,0.27885783718104495,459,3,1329,1187
0.0655376814607688,0.9935064935064936,0.5286168521462639,0.5523841504365345,0.2790273556231003,459,3,1330,1186
0.0657461538854833,0.9935064935064936,0.5290143084260731,0.5520483546004029,0.2791970802919708,459,3,1331,1185
0.06576235908591,0.9935064935064936,0.5294117647058824,0.5517125587642713,0.2793670115642118,459,3,1332,1184
0.0658002987887976,0.9935064935064936,0.5298092209856916,0.5513767629281396,0.279537149817296,459,3,1333,1183
0.0658034725508477,0.9935064935064936,0.5302066772655007,0.551040967092008,0.2797074954296161,459,3,1334,1182
0.0660279521328737,0.9935064935064936,0.53060413354531,0.5507051712558765,0.27987804878048783,459,3,1335,1181
0.0661947073761564,0.9935064935064936,0.5310015898251192,0.5503693754197448,0.28004881025015255,459,3,1336,1180
0.0662879505546586,0.9935064935064936,0.5313990461049285,0.5500335795836132,0.2802197802197802,459,3,1337,1179
0.0662894093351495,0.9935064935064936,0.5317965023847376,0.5496977837474816,0.2803909590714722,459,3,1338,1178
0.0663278523757075,0.9935064935064936,0.5321939586645469,0.5493619879113499,0.28056234718826406,459,3,1339,1177
0.0664248361780364,0.9935064935064936,0.5325914149443561,0.5490261920752183,0.28073394495412846,459,3,1340,1176
0.0664331621193602,0.9935064935064936,0.5329888712241654,0.5486903962390867,0.28090575275397794,459,3,1341,1175
0.0665187457430413,0.9935064935064936,0.5333863275039745,0.548354600402955,0.2810777709736681,459,3,1342,1174
0.0665494362339148,0.9935064935064936,0.5337837837837838,0.5480188045668234,0.28125,459,3,1343,1173
0.0666577112183713,0.9935064935064936,0.534181240063593,0.5476830087306918,0.2814224402207235,459,3,1344,1172
0.0666863253120566,0.9935064935064936,0.5345786963434023,0.5473472128945601,0.28159509202453986,459,3,1345,1171
0.0668335695192402,0.9935064935064936,0.5349761526232114,0.5470114170584285,0.281767955801105,459,3,1346,1170
0.0669452313282005,0.9935064935064936,0.5353736089030207,0.5466756212222968,0.2819410319410319,459,3,1347,1169
0.0670349150910889,0.9935064935064936,0.5357710651828299,0.5463398253861652,0.28211432083589427,459,3,1348,1168
0.0670716311409122,0.9935064935064936,0.5361685214626392,0.5460040295500336,0.2822878228782288,459,3,1349,1167
0.0670769202130706,0.9935064935064936,0.5365659777424483,0.5456682337139019,0.2824615384615385,459,3,1350,1166
0.0671781270968191,0.9935064935064936,0.5369634340222575,0.5453324378777703,0.28263546798029554,459,3,1351,1165
0.0671891666019693,0.9935064935064936,0.5373608903020668,0.5449966420416387,0.2828096118299446,459,3,1352,1164
0.0672175907396797,0.9935064935064936,0.537758346581876,0.544660846205507,0.28298397040690504,459,3,1353,1163
0.0672209366746431,0.9935064935064936,0.5381558028616852,0.5443250503693754,0.28315854410857494,459,3,1354,1162
0.0672235915535411,0.9935064935064936,0.5385532591414944,0.5439892545332438,0.2833333333333333,459,3,1355,1161
0.0672498108844307,0.9935064935064936,0.5389507154213037,0.5436534586971121,0.2835083384805435,459,3,1356,1160
0.0673283789425973,0.9935064935064936,0.5393481717011129,0.5433176628609805,0.2836835599505562,459,3,1357,1159
0.06740663834188,0.9935064935064936,0.5397456279809221,0.5429818670248489,0.28385899814471244,459,3,1358,1158
0.067412143305623,0.9935064935064936,0.5401430842607313,0.5426460711887172,0.2840346534653465,459,3,1359,1157
0.0674750940615538,0.9935064935064936,0.5405405405405406,0.5423102753525856,0.28421052631578947,459,3,1360,1156
0.0675142426021128,0.9935064935064936,0.5409379968203497,0.5419744795164539,0.2843866171003718,459,3,1361,1155
0.0675829869320031,0.9935064935064936,0.541335453100159,0.5416386836803224,0.2845629262244265,459,3,1362,1154
0.0676389436166968,0.9935064935064936,0.5417329093799682,0.5413028878441908,0.2847394540942928,459,3,1363,1153
0.0676398379423093,0.9935064935064936,0.5421303656597775,0.5409670920080591,0.2849162011173184,459,3,1364,1152
0.0676741998646516,0.9935064935064936,0.5425278219395866,0.5406312961719275,0.2850931677018634,459,3,1365,1151
0.0678845088955802,0.9935064935064936,0.5429252782193958,0.5402955003357959,0.2852703542573027,459,3,1366,1150
0.0679018285341763,0.9935064935064936,0.5433227344992051,0.5399597044996642,0.28544776119402987,459,3,1367,1149
0.0679092522476603,0.9935064935064936,0.5437201907790143,0.5396239086635326,0.28562538892345984,459,3,1368,1148
0.0680112201823822,0.9935064935064936,0.5441176470588235,0.539288112827401,0.28580323785803236,459,3,1369,1147
0.0680774869669803,0.9935064935064936,0.5445151033386327,0.5389523169912693,0.28598130841121494,459,3,1370,1146
0.0681086407190522,0.9935064935064936,0.544912559618442,0.5386165211551377,0.28615960099750626,459,3,1371,1145
0.0681118245706515,0.9935064935064936,0.5453100158982512,0.5382807253190061,0.2863381160324392,459,3,1372,1144
0.0682624000935639,0.9935064935064936,0.5457074721780604,0.5379449294828744,0.28651685393258425,459,3,1373,1143
0.0682958002186813,0.9935064935064936,0.5461049284578696,0.5376091336467428,0.28669581511555275,459,3,1374,1142
0.0684022325423682,0.9935064935064936,0.5465023847376789,0.5372733378106112,0.286875,459,3,1375,1141
0.0684392025661448,0.9935064935064936,0.5468998410174881,0.5369375419744795,0.2870544090056285,459,3,1376,1140
0.0686973539467116,0.9935064935064936,0.5472972972972973,0.5366017461383479,0.2872340425531915,459,3,1377,1139
0.0687827543771355,0.9935064935064936,0.5476947535771065,0.5362659503022162,0.28741390106449594,459,3,1378,1138
0.0689501729275355,0.9935064935064936,0.5480922098569158,0.5359301544660846,0.287593984962406,459,3,1379,1137
0.0689846937444727,0.9935064935064936,0.548489666136725,0.535594358629953,0.2877742946708464,459,3,1380,1136
0.0690860496432301,0.9935064935064936,0.5488871224165341,0.5352585627938213,0.28795483061480553,459,3,1381,1135
0.0691666807335329,0.9935064935064936,0.5492845786963434,0.5349227669576897,0.288135593220339,459,3,1382,1134
0.0691833525695715,0.9935064935064936,0.5496820349761526,0.5345869711215581,0.28831658291457285,459,3,1383,1133
0.0692458287490892,0.9935064935064936,0.5500794912559619,0.5342511752854264,0.2884978001257071,459,3,1384,1132
0.069278547002924,0.9935064935064936,0.550476947535771,0.5339153794492948,0.28867924528301886,459,3,1385,1131
0.0692789332078367,0.9935064935064936,0.5508744038155803,0.5335795836131632,0.28886091881686593,459,3,1386,1130
0.0694768437159113,0.9935064935064936,0.5512718600953895,0.5332437877770315,0.2890428211586902,459,3,1387,1129
0.0696053222853924,0.9935064935064936,0.5516693163751988,0.5329079919408999,0.2892249527410208,459,3,1388,1128
0.0696056865499759,0.9935064935064936,0.5520667726550079,0.5325721961047682,0.28940731399747793,459,3,1389,1127
0.0696129390635633,0.9935064935064936,0.5524642289348172,0.5322364002686367,0.289589905362776,459,3,1390,1126
0.0696419902292471,0.9935064935064936,0.5528616852146264,0.5319006044325051,0.2897727272727273,459,3,1391,1125
0.0697325261282856,0.9935064935064936,0.5532591414944356,0.5315648085963735,0.2899557801642451,459,3,1392,1124
0.0697850359352102,0.9935064935064936,0.5536565977742448,0.5312290127602418,0.29013906447534765,459,3,1393,1123
0.0699142190590355,0.9935064935064936,0.5540540540540541,0.5308932169241102,0.2903225806451613,459,3,1394,1122
0.0699532884165231,0.9935064935064936,0.5544515103338633,0.5305574210879785,0.29050632911392404,459,3,1395,1121
0.07,0.9935064935064936,0.5548489666136724,0.5302216252518469,0.29069031032298925,459,3,1396,1120
0.0701067689185909,0.9935064935064936,0.5548489666136724,0.5302216252518469,0.29069031032298925,459,3,1396,1120
0.070140739558483,0.9935064935064936,0.5552464228934817,0.5298858294157153,0.2908745247148289,459,3,1397,1119
0.0701972039626916,0.9935064935064936,0.5556438791732909,0.5295500335795836,0.29105897273303744,459,3,1398,1118
0.0702914569869017,0.9935064935064936,0.5560413354531002,0.529214237743452,0.29124365482233505,459,3,1399,1117
0.0704580067589317,0.9935064935064936,0.5564387917329093,0.5288784419073204,0.2914285714285714,459,3,1400,1116
0.0705067280920854,0.9935064935064936,0.5568362480127186,0.5285426460711887,0.29161372299872934,459,3,1401,1115
0.0705417257378096,0.9935064935064936,0.5572337042925278,0.5282068502350571,0.2917991099809282,459,3,1402,1114
0.0706774478850576,0.9935064935064936,0.5576311605723371,0.5278710543989255,0.2919847328244275,459,3,1403,1113
0.0707011769558565,0.9935064935064936,0.5580286168521462,0.5275352585627938,0.2921705919796308,459,3,1404,1112
0.0707753464001908,0.9935064935064936,0.5584260731319555,0.5271994627266622,0.29235668789808916,459,3,1405,1111
0.0708912731584227,0.9935064935064936,0.5588235294117647,0.5268636668905305,0.2925430210325048,459,3,1406,1110
0.0708920681385533,0.9935064935064936,0.559220985691574,0.5265278710543989,0.2927295918367347,459,3,1407,1109
0.0709365679171481,0.9935064935064936,0.5596184419713831,0.5261920752182673,0.2929164007657945,459,3,1408,1108
0.0709767722118353,0.9935064935064936,0.5600158982511924,0.5258562793821356,0.29310344827586204,459,3,1409,1107
0.070982498713906,0.9935064935064936,0.5604133545310016,0.525520483546004,0.29329073482428114,459,3,1410,1106
0.0710700094238437,0.9935064935064936,0.5608108108108109,0.5251846877098724,0.29347826086956524,459,3,1411,1105
0.0710954350197021,0.9935064935064936,0.56120826709062,0.5248488918737407,0.29366602687140114,459,3,1412,1104
0.0711355971821352,0.9935064935064936,0.5616057233704292,0.5245130960376091,0.293854033290653,459,3,1413,1103
0.0712967052673054,0.9935064935064936,0.5620031796502385,0.5241773002014775,0.29404228058936577,459,3,1414,1102
0.0713201535096816,0.9935064935064936,0.5624006359300477,0.5238415043653458,0.29423076923076924,459,3,1415,1101
0.0713603403920042,0.9935064935064936,0.5627980922098569,0.5235057085292142,0.2944194996792816,459,3,1416,1100
0.0714850591623312,0.9935064935064936,0.5631955484896661,0.5231699126930826,0.29460847240051347,459,3,1417,1099
0.0716168561989367,0.9935064935064936,0.5635930047694754,0.522834116856951,0.2947976878612717,459,3,1418,1098
0.0717046437579971,0.9935064935064936,0.5639904610492846,0.5224983210208194,0.294987146529563,459,3,1419,1097
0.072026342079528,0.9935064935064936,0.5643879173290938,0.5221625251846878,0.29517684887459805,459,3,1420,1096
0.0720456542224618,0.9935064935064936,0.564785373608903,0.5218267293485561,0.2953667953667954,459,3,1421,1095
0.0722523630321985,0.9935064935064936,0.5651828298887123,0.5214909335124245,0.29555698647778494,459,3,1422,1094
0.0723597309348491,0.9935064935064936,0.5655802861685215,0.5211551376762928,0.2957474226804124,459,3,1423,1093
0.072438110808303,0.9935064935064936,0.5659777424483307,0.5208193418401612,0.29593810444874274,459,3,1424,1092
0.0727210342137792,0.9935064935064936,0.5663751987281399,0.5204835460040296,0.29612903225806453,459,3,1425,1091
0.0727392001281784,0.9935064935064936,0.5667726550079492,0.5201477501678979,0.2963202065848935,459,3,1426,1090
0.0727612196404475,0.9935064935064936,0.5671701112877583,0.5198119543317663,0.29651162790697677,459,3,1427,1089
0.0728037469156474,0.9935064935064936,0.5675675675675675,0.5194761584956347,0.2967032967032967,459,3,1428,1088
0.0728117009383145,0.9935064935064936,0.5679650238473768,0.519140362659503,0.29689521345407505,459,3,1429,1087
0.0728298668718089,0.9935064935064936,0.568362480127186,0.5188045668233714,0.2970873786407767,459,3,1430,1086
0.0728608897960294,0.9935064935064936,0.5687599364069952,0.5184687709872398,0.297279792746114,459,3,1431,1085
0.0729933506092204,0.9935064935064936,0.5691573926868044,0.5181329751511081,0.29747245625405055,459,3,1432,1084
0.0731484760199929,0.9935064935064936,0.5695548489666137,0.5177971793149765,0.29766536964980544,459,3,1433,1083
0.073202546715661,0.9935064935064936,0.5699523052464229,0.5174613834788448,0.29785853341985724,459,3,1434,1082
0.0732605590578718,0.9935064935064936,0.5703497615262321,0.5171255876427132,0.29805194805194807,459,3,1435,1081
0.0734603185559238,0.9935064935064936,0.5707472178060413,0.5167897918065816,0.2982456140350877,459,3,1436,1080
0.0735015839110412,0.9935064935064936,0.5711446740858506,0.5164539959704499,0.29843953185955785,459,3,1437,1079
0.0735557436367552,0.9935064935064936,0.5715421303656598,0.5161182001343183,0.2986337020169161,459,3,1438,1078
0.0735631702040477,0.9935064935064936,0.571939586645469,0.5157824042981867,0.298828125,459,3,1439,1077
0.0738530261543905,0.9935064935064936,0.5723370429252782,0.515446608462055,0.2990228013029316,459,3,1440,1076
0.0739240253043324,0.9935064935064936,0.5727344992050875,0.5151108126259234,0.29921773142112124,459,3,1441,1075
0.0740456586692247,0.9935064935064936,0.5731319554848967,0.5147750167897918,0.299412915851272,459,3,1442,1074
0.0740832857962386,0.9935064935064936,0.5735294117647058,0.5144392209536601,0.29960835509138384,459,3,1443,1073
0.0743592441598329,0.9935064935064936,0.5739268680445151,0.5141034251175285,0.2998040496407577,459,3,1444,1072
0.0746963442395462,0.9935064935064936,0.5743243243243243,0.513767629281397,0.3,459,3,1445,1071
0.0747325300928175,0.9935064935064936,0.5747217806041336,0.5134318334452653,0.3001962066710268,459,3,1446,1070
0.0748416678006232,0.9935064935064936,0.5751192368839427,0.5130960376091337,0.30039267015706805,459,3,1447,1069
0.0748434327097662,0.9935064935064936,0.575516693163752,0.5127602417730021,0.3005893909626719,459,3,1448,1068
0.0748889776775131,0.9935064935064936,0.5759141494435612,0.5124244459368704,0.300786369593709,459,3,1449,1067
0.0749327972358615,0.9935064935064936,0.5763116057233705,0.5120886501007388,0.30098360655737705,459,3,1450,1066
0.075,0.9935064935064936,0.5767090620031796,0.5117528542646071,0.30118110236220474,459,3,1451,1065
0.0750079972852863,0.9935064935064936,0.5767090620031796,0.5117528542646071,0.30118110236220474,459,3,1451,1065
0.0750396678499206,0.9935064935064936,0.5771065182829889,0.5114170584284755,0.3013788575180565,459,3,1452,1064
0.075070213322085,0.9935064935064936,0.5775039745627981,0.5110812625923439,0.3015768725361367,459,3,1453,1063
0.0750890423696911,0.9935064935064936,0.5779014308426074,0.5107454667562122,0.30177514792899407,459,3,1454,1062
0.075097737965215,0.9935064935064936,0.5782988871224165,0.5104096709200806,0.30197368421052634,459,3,1455,1061
0.0751157524439444,0.9935064935064936,0.5786963434022258,0.510073875083949,0.3021724818959842,459,3,1456,1060
0.0751297676305619,0.9935064935064936,0.579093799682035,0.5097380792478173,0.30237154150197626,459,3,1457,1059
0.0751593879294142,0.9935064935064936,0.5794912559618441,0.5094022834116857,0.3025708635464733,459,3,1458,1058
0.0752018621707047,0.9935064935064936,0.5798887122416534,0.5090664875755541,0.3027704485488127,459,3,1459,1057
0.0753592565529061,0.9935064935064936,0.5802861685214626,0.5087306917394224,0.30297029702970296,459,3,1460,1056
0.075465273654226,0.9935064935064936,0.5806836248012719,0.5083948959032908,0.30317040951122853,459,3,1461,1055
0.0755149637502969,0.9935064935064936,0.581081081081081,0.5080591000671592,0.30337078651685395,459,3,1462,1054
0.0756482192317007,0.9935064935064936,0.5814785373608903,0.5077233042310275,0.30357142857142855,459,3,1463,1053
0.0757087039156678,0.9935064935064936,0.5818759936406995,0.5073875083948959,0.30377233620119126,459,3,1464,1052
0.0761977956035911,0.9935064935064936,0.5822734499205088,0.5070517125587642,0.3039735099337748,459,3,1465,1051
0.076279752120478,0.9935064935064936,0.5826709062003179,0.5067159167226326,0.30417495029821073,459,3,1466,1050
0.076411029756317,0.9935064935064936,0.5830683624801272,0.506380120886501,0.30437665782493367,459,3,1467,1049
0.076552580181207,0.9935064935064936,0.5834658187599364,0.5060443250503693,0.3045786330457863,459,3,1468,1048
0.0767174958600502,0.9935064935064936,0.5838632750397457,0.5057085292142377,0.3047808764940239,459,3,1469,1047
0.0768801565902387,0.9935064935064936,0.5842607313195548,0.5053727333781061,0.30498338870431896,459,3,1470,1046
0.0769062318886813,0.9935064935064936,0.584658187599364,0.5050369375419744,0.30518617021276595,459,3,1471,1045
0.0770296896562011,0.9935064935064936,0.5850556438791733,0.5047011417058428,0.30538922155688625,459,3,1472,1044
0.0770979812346414,0.9935064935064936,0.5854531001589826,0.5043653458697113,0.3055925432756325,459,3,1473,1043
0.0771613893192525,0.9935064935064936,0.5858505564387917,0.5040295500335796,0.30579613590939375,459,3,1474,1042
0.0772097405770396,0.9935064935064936,0.5862480127186009,0.503693754197448,0.306,459,3,1475,1041
0.0772327231619021,0.9935064935064936,0.5866454689984102,0.5033579583613164,0.30620413609072716,459,3,1476,1040
0.0772399216930998,0.9935064935064936,0.5870429252782194,0.5030221625251847,0.30640854472630175,459,3,1477,1039
0.0772644012873926,0.9935064935064936,0.5874403815580286,0.5026863666890531,0.3066132264529058,459,3,1478,1038
0.0773457908300809,0.9935064935064936,0.5878378378378378,0.5023505708529215,0.3068181818181818,459,3,1479,1037
0.0773544499205805,0.9935064935064936,0.5882352941176471,0.5020147750167898,0.30702341137123745,459,3,1480,1036
0.0775375218470292,0.9935064935064936,0.5886327503974563,0.5016789791806582,0.3072289156626506,459,3,1481,1035
0.0775565187809492,0.9935064935064936,0.5890302066772655,0.5013431833445265,0.3074346952444742,459,3,1482,1034
0.0776479664272897,0.9935064935064936,0.5894276629570747,0.5010073875083949,0.30764075067024127,459,3,1483,1033
0.07773043551512,0.9935064935064936,0.589825119236884,0.5006715916722633,0.30784708249496984,459,3,1484,1032
0.0778588406763019,0.9935064935064936,0.5902225755166932,0.5003357958361316,0.3080536912751678,459,3,1485,1031
0.0778668351085783,0.9935064935064936,0.5906200317965024,0.5,0.3082605775688381,459,3,1486,1030
0.0778911703358606,0.9935064935064936,0.5910174880763116,0.49966420416386836,0.3084677419354839,459,3,1487,1029
0.0780249342682277,0.9935064935064936,0.5914149443561209,0.49932840832773673,0.30867518493611296,459,3,1488,1028
0.078089768093232,0.9935064935064936,0.5918124006359301,0.4989926124916051,0.3088829071332436,459,3,1489,1027
0.0782561274086102,0.9935064935064936,0.5922098569157392,0.49865681665547346,0.3090909090909091,459,3,1490,1026
0.0782832413267706,0.9935064935064936,0.5926073131955485,0.4983210208193418,0.30929919137466305,459,3,1491,1025
0.0784435680377524,0.9935064935064936,0.5930047694753577,0.4979852249832102,0.30950775455158464,459,3,1492,1024
0.0784634074671023,0.9935064935064936,0.5934022257551669,0.4976494291470786,0.3097165991902834,459,3,1493,1023
0.0784928429766019,0.9935064935064936,0.5937996820349761,0.49731363331094697,0.3099257258609048,459,3,1494,1022
0.078563256844625,0.9935064935064936,0.5941971383147854,0.49697783747481533,0.31013513513513513,459,3,1495,1021
0.0785915556791096,0.9935064935064936,0.5945945945945946,0.4966420416386837,0.3103448275862069,459,3,1496,1020
0.0787483026874783,0.9935064935064936,0.5949920508744038,0.49630624580255206,0.31055480378890393,459,3,1497,1019
0.0790451138402553,0.9935064935064936,0.595389507154213,0.4959704499664204,0.3107650643195667,459,3,1498,1018
0.0791183061214013,0.9935064935064936,0.5957869634340223,0.4956346541302888,0.31097560975609756,459,3,1499,1017
0.0792344021250867,0.9935064935064936,0.5961844197138315,0.49529885829415715,0.3111864406779661,459,3,1500,1016
0.0793439531372607,0.9935064935064936,0.5965818759936407,0.4949630624580255,0.3113975576662144,459,3,1501,1015
0.0794334894445809,0.9935064935064936,0.5969793322734499,0.4946272666218939,0.31160896130346233,459,3,1502,1014
0.079498764960332,0.9935064935064936,0.5973767885532592,0.49429147078576224,0.311820652173913,459,3,1503,1013
0.0795598860287769,0.9935064935064936,0.5977742448330684,0.4939556749496306,0.31203263086335825,459,3,1504,1012
0.0796777669672352,0.9935064935064936,0.5981717011128775,0.49361987911349897,0.3122448979591837,459,3,1505,1011
0.0797785192694378,0.9935064935064936,0.5985691573926868,0.49328408327736734,0.3124574540503744,459,3,1506,1010
0.0798487141809621,0.9913419913419913,0.5985691573926868,0.49294828744123576,0.3119891008174387,458,4,1506,1010
0.08,0.9913419913419913,0.598966613672496,0.4926124916051041,0.3122017723244717,458,4,1507,1009
0.0801003105145467,0.9913419913419913,0.598966613672496,0.4926124916051041,0.3122017723244717,458,4,1507,1009
0.0802113354597502,0.9913419913419913,0.5993640699523053,0.4922766957689725,0.31241473396998637,458,4,1508,1008
0.0802935416257111,0.9913419913419913,0.5997615262321144,0.49194089993284085,0.3126279863481229,458,4,1509,1007
0.0803091493953093,0.9913419913419913,0.6001589825119237,0.4916051040967092,0.3128415300546448,458,4,1510,1006
0.0805556888809975,0.9913419913419913,0.6005564387917329,0.4912693082605776,0.31305536568694464,458,4,1511,1005
0.0805730538718573,0.9913419913419913,0.6009538950715422,0.49093351242444594,0.31326949384404923,458,4,1512,1004
0.0805960900613933,0.9913419913419913,0.6013513513513513,0.4905977165883143,0.3134839151266256,458,4,1513,1003
0.0806627719869116,0.9913419913419913,0.6017488076311606,0.49026192075218267,0.3136986301369863,458,4,1514,1002
0.080683883029869,0.9913419913419913,0.6021462639109698,0.48992612491605103,0.3139136394790953,458,4,1515,1001
0.0807188772547307,0.9913419913419913,0.6025437201907791,0.4895903290799194,0.31412894375857336,458,4,1516,1000
0.0808223656184053,0.9913419913419913,0.6029411764705882,0.48925453324378776,0.3143445435827042,458,4,1517,999
0.0808450656001409,0.9913419913419913,0.6033386327503975,0.4889187374076561,0.31456043956043955,458,4,1518,998
0.0812743235264639,0.9913419913419913,0.6037360890302067,0.4885829415715245,0.3147766323024055,458,4,1519,997
0.0813736350418889,0.9913419913419913,0.604133545310016,0.4882471457353929,0.3149931224209078,458,4,1520,996
0.0814368877622717,0.9913419913419913,0.6045310015898251,0.48791134989926127,0.3152099105299381,458,4,1521,995
0.081526305022249,0.9913419913419913,0.6049284578696343,0.48757555406312963,0.3154269972451791,458,4,1522,994
0.0815519640706239,0.9913419913419913,0.6053259141494436,0.487239758226998,0.315644383184011,458,4,1523,993
0.0817362238424025,0.9913419913419913,0.6057233704292527,0.48690396239086636,0.3158620689655172,458,4,1524,992
0.0820652200580653,0.9913419913419913,0.606120826709062,0.4865681665547347,0.31608005521049,458,4,1525,991
0.0824147267524199,0.9913419913419913,0.6065182829888712,0.4862323707186031,0.31629834254143646,458,4,1526,990
0.0825869503236808,0.9913419913419913,0.6069157392686805,0.48589657488247145,0.31651693158258465,458,4,1527,989
0.0826608158197414,0.9913419913419913,0.6073131955484896,0.4855607790463398,0.31673582295988933,458,4,1528,988
0.0827024618016909,0.9913419913419913,0.6077106518282989,0.4852249832102082,0.3169550173010381,458,4,1529,987
0.082752442941197,0.9913419913419913,0.6081081081081081,0.48488918737407655,0.3171745152354571,458,4,1530,986
0.0827710410683942,0.9913419913419913,0.6085055643879174,0.4845533915379449,0.3173943173943174,458,4,1531,985
0.0828762853696528,0.9913419913419913,0.6089030206677265,0.4842175957018133,0.31761442441054094,458,4,1532,984
0.0828906359866698,0.9913419913419913,0.6093004769475358,0.48388179986568164,0.3178348369188064,458,4,1533,983
0.0829292883524161,0.9913419913419913,0.609697933227345,0.48354600402955006,0.31805555555555554,458,4,1534,982
0.083009799774228,0.9913419913419913,0.6100953895071543,0.4832102081934184,0.3182765809589993,458,4,1535,981
0.0832298106464595,0.9913419913419913,0.6104928457869634,0.4828744123572868,0.3184979137691238,458,4,1536,980
0.0832948157306609,0.9913419913419913,0.6108903020667726,0.48253861652115515,0.3187195546276966,458,4,1537,979
0.0834080468762691,0.9913419913419913,0.6112877583465819,0.4822028206850235,0.318941504178273,458,4,1538,978
0.0837051465279884,0.9913419913419913,0.6116852146263911,0.4818670248488919,0.3191637630662021,458,4,1539,977
0.0838788259536002,0.9913419913419913,0.6120826709062003,0.48153122901276024,0.3193863319386332,458,4,1540,976
0.0841652552673322,0.9913419913419913,0.6124801271860095,0.4811954331766286,0.319609211444522,458,4,1541,975
0.0841704140105296,0.9913419913419913,0.6128775834658188,0.48085963734049697,0.3198324022346369,458,4,1542,974
0.0842414612677261,0.9913419913419913,0.613275039745628,0.48052384150436533,0.32005590496156533,458,4,1543,973
0.0845471546041988,0.9913419913419913,0.6136724960254372,0.4801880456682337,0.3202797202797203,458,4,1544,972
0.0845937126836091,0.9913419913419913,0.6140699523052464,0.47985224983210206,0.3205038488453464,458,4,1545,971
0.084720091353707,0.9913419913419913,0.6144674085850557,0.4795164539959704,0.32072829131652664,458,4,1546,970
0.0847686236591699,0.9913419913419913,0.6148648648648649,0.4791806581598388,0.3209530483531885,458,4,1547,969
0.084827049740344,0.9913419913419913,0.615262321144674,0.4788448623237072,0.3211781206171108,458,4,1548,968
0.0848681918483349,0.9913419913419913,0.6156597774244833,0.4785090664875756,0.3214035087719298,458,4,1549,967
0.085,0.9913419913419913,0.6160572337042926,0.47817327065144394,0.32162921348314605,458,4,1550,966
0.0850528527945847,0.9913419913419913,0.6160572337042926,0.47817327065144394,0.32162921348314605,458,4,1550,966
0.0851209340110979,0.9913419913419913,0.6164546899841018,0.4778374748153123,0.3218552354181307,458,4,1551,965
0.0852576279413473,0.9913419913419913,0.6168521462639109,0.47750167897918067,0.32208157524613223,458,4,1552,964
0.0854059868788,0.9913419913419913,0.6172496025437202,0.47716588314304903,0.3223082336382829,458,4,1553,963
0.0854113828674034,0.9913419913419913,0.6176470588235294,0.4768300873069174,0.32253521126760565,458,4,1554,962
0.0855644909758475,0.9913419913419913,0.6180445151033387,0.47649429147078576,0.3227625088090204,458,4,1555,961
0.085777771392158,0.9913419913419913,0.6184419713831478,0.4761584956346541,0.3229901269393512,458,4,1556,960
0.08597466183317,0.9913419913419913,0.6188394276629571,0.4758226997985225,0.3232180663373324,458,4,1557,959
0.0860416003005554,0.9913419913419913,0.6192368839427663,0.47548690396239085,0.3234463276836158,458,4,1558,958
0.0860423545593141,0.9913419913419913,0.6196343402225755,0.4751511081262592,0.3236749116607774,458,4,1559,957
0.0861894346408323,0.9913419913419913,0.6200317965023847,0.4748153122901276,0.32390381895332393,458,4,1560,956
0.0862482057018111,0.9913419913419913,0.620429252782194,0.474479516453996,0.32413305024769995,458,4,1561,955
0.0862848097052376,0.9913419913419913,0.6208267090620032,0.47414372061786436,0.3243626062322946,458,4,1562,954
0.0862942630355432,0.9913419913419913,0.6212241653418124,0.4738079247817327,0.32459248759744863,458,4,1563,953
0.0863389575139644,0.9913419913419913,0.6216216216216216,0.4734721289456011,0.324822695035461,458,4,1564,952
0.0864251555535048,0.9913419913419913,0.6220190779014309,0.47313633310946945,0.32505322924059615,458,4,1565,951
0.0865021490611681,0.9913419913419913,0.6224165341812401,0.4728005372733378,0.3252840909090909,458,4,1566,950
0.0865400312173537,0.9913419913419913,0.6228139904610492,0.4724647414372062,0.32551528073916136,458,4,1567,949
0.0866740214147358,0.9913419913419913,0.6232114467408585,0.47212894560107455,0.32574679943101,458,4,1568,948
0.0868004757175594,0.9913419913419913,0.6236089030206677,0.4717931497649429,0.32597864768683277,458,4,1569,947
0.0871252754439507,0.9913419913419913,0.624006359300477,0.4714573539288113,0.3262108262108262,458,4,1570,946
0.0871897849964872,0.9913419913419913,0.6244038155802861,0.47112155809267964,0.3264433357091946,458,4,1571,945
0.0872808048945298,0.9913419913419913,0.6248012718600954,0.470785762256548,0.32667617689015693,458,4,1572,944
0.0876919790713285,0.9913419913419913,0.6251987281399046,0.47044996642041637,0.3269093504639543,458,4,1573,943
0.0877135589784027,0.9913419913419913,0.6255961844197139,0.47011417058428473,0.3271428571428571,458,4,1574,942
0.087814000215072,0.9913419913419913,0.625993640699523,0.46977837474815315,0.3273766976411723,458,4,1575,941
0.0881557915989187,0.9913419913419913,0.6263910969793323,0.4694425789120215,0.32761087267525035,458,4,1576,940
0.0883201721014125,0.9913419913419913,0.6267885532591415,0.4691067830758899,0.3278453829634932,458,4,1577,939
0.0886815737076048,0.9913419913419913,0.6271860095389508,0.46877098723975824,0.32808022922636104,458,4,1578,938
0.0887034236464869,0.9913419913419913,0.6275834658187599,0.4684351914036266,0.32831541218637994,458,4,1579,937
0.0887261889899621,0.9913419913419913,0.6279809220985691,0.46809939556749497,0.3285509325681492,458,4,1580,936
0.0888008214910436,0.9913419913419913,0.6283783783783784,0.46776359973136333,0.3287867910983489,458,4,1581,935
0.0889336833664422,0.9913419913419913,0.6287758346581876,0.4674278038952317,0.3290229885057471,458,4,1582,934
0.088947971316691,0.9913419913419913,0.6291732909379968,0.46709200805910006,0.32925952552120774,458,4,1583,933
0.0890285582028801,0.9913419913419913,0.629570747217806,0.4667562122229684,0.3294964028776978,458,4,1584,932
0.0891238489741381,0.9913419913419913,0.6299682034976153,0.4664204163868368,0.32973362131029516,458,4,1585,931
0.0891537708760908,0.9913419913419913,0.6303656597774245,0.46608462055070515,0.329971181556196,458,4,1586,930
0.0892186491100155,0.9913419913419913,0.6307631160572337,0.4657488247145735,0.3302090843547224,458,4,1587,929
0.0896735203404875,0.9913419913419913,0.6311605723370429,0.4654130288784419,0.33044733044733043,458,4,1588,928
0.0896830867397164,0.9913419913419913,0.6315580286168522,0.4650772330423103,0.3306859205776173,458,4,1589,927
0.0899288838352374,0.9913419913419913,0.6319554848966613,0.46474143720617866,0.3309248554913295,458,4,1590,926
0.09,0.9913419913419913,0.6323529411764706,0.46440564137004703,0.33116413593637023,458,4,1591,925
0.0900154227545566,0.9913419913419913,0.6323529411764706,0.46440564137004703,0.33116413593637023,458,4,1591,925
0.0902444964385671,0.9913419913419913,0.6327503974562798,0.4640698455339154,0.3314037626628075,458,4,1592,924
0.0903292192435308,0.9913419913419913,0.6331478537360891,0.46373404969778376,0.331643736422882,458,4,1593,923
0.0903566880108647,0.9913419913419913,0.6335453100158982,0.4633982538616521,0.3318840579710145,458,4,1594,922
0.0904750366356655,0.9913419913419913,0.6339427662957074,0.4630624580255205,0.3321247280638144,458,4,1595,921
0.0906504570889434,0.9913419913419913,0.6343402225755167,0.46272666218938885,0.33236574746008707,458,4,1596,920
0.0906675351898378,0.9913419913419913,0.634737678855326,0.4623908663532572,0.33260711692084244,458,4,1597,919
0.0907374349448777,0.9913419913419913,0.6351351351351351,0.4620550705171256,0.3328488372093023,458,4,1598,918
0.0909234880369648,0.9913419913419913,0.6355325914149443,0.46171927468099394,0.3330909090909091,458,4,1599,917
0.0909797440142944,0.9913419913419913,0.6359300476947536,0.4613834788448623,0.3333333333333333,458,4,1600,916
0.0911021894563605,0.9913419913419913,0.6363275039745628,0.46104768300873067,0.33357611070648213,458,4,1601,915
0.0912413398400781,0.9913419913419913,0.636724960254372,0.46071188717259903,0.3338192419825073,458,4,1602,914
0.0912677653504472,0.9913419913419913,0.6371224165341812,0.46037609133646745,0.33406272793581326,458,4,1603,913
0.0912700212713394,0.9913419913419913,0.6375198728139905,0.4600402955003358,0.3343065693430657,458,4,1604,912
0.0913352387250567,0.9913419913419913,0.6379173290937997,0.4597044996642042,0.3345507669831994,458,4,1605,911
0.0913869420612449,0.9913419913419913,0.6383147853736089,0.45936870382807254,0.3347953216374269,458,4,1606,910
0.0914811986321872,0.9913419913419913,0.6387122416534181,0.4590329079919409,0.33504023408924655,458,4,1607,909
0.0916827131859183,0.9913419913419913,0.6391096979332274,0.4586971121558093,0.33528550512445093,458,4,1608,908
0.091761384001875,0.9913419913419913,0.6395071542130366,0.45836131631967764,0.3355311355311355,458,4,1609,907
0.0917729646442016,0.9913419913419913,0.6399046104928457,0.458025520483546,0.3357771260997067,458,4,1610,906
0.0917746399378367,0.9913419913419913,0.640302066772655,0.45768972464741436,0.3360234776228907,458,4,1611,905
0.091805235626024,0.9913419913419913,0.6406995230524642,0.45735392881128273,0.33627019089574156,458,4,1612,904
0.0925543538547066,0.9913419913419913,0.6410969793322735,0.4570181329751511,0.33651726671565024,458,4,1613,903
0.0925587614591694,0.9913419913419913,0.6414944356120826,0.45668233713901946,0.33676470588235297,458,4,1614,902
0.0925855210593922,0.9913419913419913,0.6418918918918919,0.4563465413028878,0.3370125091979397,458,4,1615,901
0.0927346638710468,0.9913419913419913,0.6422893481717011,0.45601074546675624,0.33726067746686306,458,4,1616,900
0.0928098064690457,0.9913419913419913,0.6426868044515104,0.4556749496306246,0.3375092114959469,458,4,1617,899
0.0929928022581531,0.9913419913419913,0.6430842607313195,0.45533915379449297,0.33775811209439527,458,4,1618,898
0.0931869279412948,0.9913419913419913,0.6434817170111288,0.45500335795836133,0.3380073800738007,458,4,1619,897
0.0932158231534453,0.9913419913419913,0.643879173290938,0.4546675621222297,0.33825701624815363,458,4,1620,896
0.0935094657289369,0.9913419913419913,0.6442766295707473,0.45433176628609806,0.3385070214338507,458,4,1621,895
0.093596722846496,0.9913419913419913,0.6446740858505564,0.4539959704499664,0.33875739644970415,458,4,1622,894
0.0936970693274136,0.9913419913419913,0.6450715421303657,0.4536601746138348,0.3390081421169504,458,4,1623,893
0.0938546613974951,0.9913419913419913,0.6454689984101749,0.45332437877770315,0.33925925925925926,458,4,1624,892
0.0941213956434315,0.9913419913419913,0.645866454689984,0.4529885829415715,0.3395107487027428,458,4,1625,891
0.0941332941363085,0.9913419913419913,0.6462639109697933,0.4526527871054399,0.3397626112759644,458,4,1626,890
0.0942590890755239,0.9891774891774892,0.6462639109697933,0.45231699126930824,0.3392724573125464,457,5,1626,890
0.0943099089367986,0.9891774891774892,0.6466613672496025,0.4519811954331766,0.3395245170876672,457,5,1627,889
0.0943703536892028,0.9891774891774892,0.6470588235294118,0.45164539959704497,0.3397769516728624,457,5,1628,888
0.0945262856855574,0.987012987012987,0.6470588235294118,0.4513096037609134,0.3392857142857143,456,6,1628,888
0.0945503207114946,0.987012987012987,0.6474562798092209,0.45097380792478176,0.33953834698436336,456,6,1629,887
0.0946693651847368,0.987012987012987,0.6478537360890302,0.4506380120886501,0.33979135618479883,456,6,1630,886
0.095,0.987012987012987,0.6482511923688394,0.4503022162525185,0.3400447427293065,456,6,1631,885
0.0952062503886555,0.987012987012987,0.6482511923688394,0.4503022162525185,0.3400447427293065,456,6,1631,885
0.0953644383656127,0.987012987012987,0.6486486486486487,0.44996642041638685,0.3402985074626866,456,6,1632,884
0.0954697602932505,0.987012987012987,0.6490461049284578,0.4496306245802552,0.34055265123226286,456,6,1633,883
0.0957774372323774,0.987012987012987,0.6494435612082671,0.4492948287441236,0.34080717488789236,456,6,1634,882
0.0958322594824542,0.987012987012987,0.6498410174880763,0.44895903290799194,0.3410620792819746,456,6,1635,881
0.095834953916699,0.987012987012987,0.6502384737678856,0.4486232370718603,0.3413173652694611,456,6,1636,880
0.095982881113194,0.987012987012987,0.6506359300476947,0.44828744123572867,0.3415730337078652,456,6,1637,879
0.0965374550583815,0.987012987012987,0.651033386327504,0.44795164539959703,0.34182908545727136,456,6,1638,878
0.0967578225627358,0.987012987012987,0.6514308426073132,0.4476158495634654,0.3420855213803451,456,6,1639,877
0.0969496176541217,0.987012987012987,0.6518282988871225,0.44728005372733376,0.34234234234234234,456,6,1640,876
0.097233301304975,0.9848484848484849,0.6518282988871225,0.4469442578912021,0.3418482344102179,455,7,1640,876
0.0973725316652839,0.9848484848484849,0.6522257551669316,0.44660846205507054,0.34210526315789475,455,7,1641,875
0.0975464592563782,0.9848484848484849,0.6526232114467408,0.4462726662189389,0.34236267870579384,455,7,1642,874
0.0976521757060504,0.9848484848484849,0.6530206677265501,0.44593687038280727,0.34262048192771083,455,7,1643,873
0.0976866879890592,0.9848484848484849,0.6534181240063593,0.44560107454667564,0.34287867370007535,455,7,1644,872
0.0978648878042702,0.9848484848484849,0.6538155802861685,0.445265278710544,0.3431372549019608,455,7,1645,871
0.0978806201822361,0.9848484848484849,0.6542130365659777,0.44492948287441236,0.3433962264150943,455,7,1646,870
0.0983447513608561,0.9848484848484849,0.654610492845787,0.4445936870382807,0.34365558912386707,455,7,1647,869
0.0983739615556884,0.9848484848484849,0.6550079491255962,0.4442578912021491,0.3439153439153439,455,7,1648,868
0.0983833884137094,0.9848484848484849,0.6554054054054054,0.44392209536601746,0.3441754916792738,455,7,1649,867
0.0984021308211984,0.9848484848484849,0.6558028616852146,0.4435862995298858,0.3444360333080999,455,7,1650,866
0.0984139950141196,0.9848484848484849,0.6562003179650239,0.4432505036937542,0.3446969696969697,455,7,1651,865
0.0986602968862353,0.9848484848484849,0.6565977742448331,0.44291470785762255,0.34495830174374525,455,7,1652,864
0.0988254968843658,0.9848484848484849,0.6569952305246423,0.4425789120214909,0.34522003034901366,455,7,1653,863
0.0988734699844819,0.9848484848484849,0.6573926868044515,0.4422431161853593,0.3454821564160972,455,7,1654,862
0.0989317955829087,0.9848484848484849,0.6577901430842608,0.4419073203492277,0.34574468085106386,455,7,1655,861
0.098978888487352,0.9848484848484849,0.6581875993640699,0.44157152451309606,0.34600760456273766,455,7,1656,860
0.0989792414217502,0.9848484848484849,0.6585850556438791,0.4412357286769644,0.3462709284627093,455,7,1657,859
0.09941226321159,0.9848484848484849,0.6589825119236884,0.4408999328408328,0.3465346534653465,455,7,1658,858
0.0994740913178415,0.9848484848484849,0.6593799682034976,0.44056413700470115,0.3467987804878049,455,7,1659,857
0.0997129690086109,0.9848484848484849,0.6597774244833068,0.4402283411685695,0.34706331045003813,455,7,1660,856
0.1,0.9848484848484849,0.660174880763116,0.4398925453324379,0.3473282442748092,455,7,1661,855
0.1000371835180367,0.9848484848484849,0.660174880763116,0.4398925453324379,0.3473282442748092,455,7,1661,855
0.1000529930333524,0.9848484848484849,0.6605723370429253,0.43955674949630624,0.34759358288770054,455,7,1662,854
0.1001029952759625,0.9848484848484849,0.6609697933227345,0.4392209536601746,0.34785932721712537,455,7,1663,853
0.1001050971991592,0.9848484848484849,0.6613672496025437,0.43888515782404297,0.3481254781943382,455,7,1664,852
0.1001308903039921,0.9848484848484849,0.6617647058823529,0.43854936198791133,0.34839203675344566,455,7,1665,851
0.1001924386050034,0.9848484848484849,0.6621621621621622,0.4382135661517797,0.3486590038314176,455,7,1666,850
0.1001988106978687,0.9848484848484849,0.6625596184419714,0.43787777031564806,0.34892638036809814,455,7,1667,849
0.1005727039051543,0.9848484848484849,0.6629570747217806,0.4375419744795164,0.34919416730621644,455,7,1668,848
0.1006840930029293,0.9848484848484849,0.6633545310015898,0.43720617864338485,0.34946236559139787,455,7,1669,847
0.1009125547369823,0.9848484848484849,0.6637519872813991,0.4368703828072532,0.34973097617217525,455,7,1670,846
0.101008479460605,0.9848484848484849,0.6641494435612083,0.4365345869711216,0.35,455,7,1671,845
0.1010807955541779,0.9848484848484849,0.6645468998410174,0.43619879113498994,0.35026943802925325,455,7,1672,844
0.101271906286273,0.9848484848484849,0.6649443561208267,0.4358629952988583,0.3505392912172573,455,7,1673,843
0.1014166691142433,0.9848484848484849,0.665341812400636,0.43552719946272667,0.3508095605242868,455,7,1674,842
0.1014591697596723,0.9848484848484849,0.6657392686804452,0.43519140362659503,0.35108024691358025,455,7,1675,841
0.1015875664769331,0.9848484848484849,0.6661367249602543,0.4348556077904634,0.35135135135135137,455,7,1676,840
0.1021400255283868,0.9848484848484849,0.6665341812400636,0.43451981195433176,0.3516228748068006,455,7,1677,839
0.102468053564698,0.9848484848484849,0.6669316375198728,0.4341840161182001,0.3518948182521268,455,7,1678,838
0.102615200245001,0.9848484848484849,0.6673290937996821,0.4338482202820685,0.3521671826625387,455,7,1679,837
0.1026743631561616,0.9848484848484849,0.6677265500794912,0.43351242444593685,0.35243996901626645,455,7,1680,836
0.1028611610939157,0.9848484848484849,0.6681240063593005,0.4331766286098052,0.35271317829457366,455,7,1681,835
0.1029015436886633,0.9848484848484849,0.6685214626391097,0.43284083277367363,0.3529868114817688,455,7,1682,834
0.1032271610258592,0.9848484848484849,0.668918918918919,0.432505036937542,0.3532608695652174,455,7,1683,833
0.103313331614036,0.9848484848484849,0.6693163751987281,0.43216924110141036,0.35353535353535354,455,7,1684,832
0.1036354924246127,0.9848484848484849,0.6697138314785374,0.4318334452652787,0.3538102643856921,455,7,1685,831
0.1037515739234356,0.9848484848484849,0.6701112877583466,0.4314976494291471,0.3540856031128405,455,7,1686,830
0.1038335927738009,0.9848484848484849,0.6705087440381559,0.43116185359301545,0.3543613707165109,455,7,1687,829
0.1040041060158624,0.9848484848484849,0.670906200317965,0.4308260577568838,0.35463756819953235,455,7,1688,828
0.1042618106872145,0.9848484848484849,0.6713036565977742,0.4304902619207522,0.3549141965678627,455,7,1689,827
0.1046411453095407,0.9848484848484849,0.6717011128775835,0.43015446608462055,0.3551912568306011,455,7,1690,826
0.1047074714586869,0.9848484848484849,0.6720985691573926,0.4298186702484889,0.35546875,455,7,1691,825
0.1047298980033806,0.9848484848484849,0.6724960254372019,0.4294828744123573,0.3557466770914777,455,7,1692,824
0.1049634562261974,0.9848484848484849,0.6728934817170111,0.42914707857622564,0.35602503912363065,455,7,1693,823
0.105,0.9848484848484849,0.6732909379968204,0.428811282740094,0.35630383711824587,455,7,1694,822
0.1051223304896941,0.9848484848484849,0.6732909379968204,0.428811282740094,0.35630383711824587,455,7,1694,822
0.1053282288003014,0.9848484848484849,0.6736883942766295,0.42847548690396237,0.3565830721003135,455,7,1695,821
0.1053552494497501,0.9848484848484849,0.6740858505564388,0.4281396910678308,0.3568627450980392,455,7,1696,820
0.1055046128715583,0.9848484848484849,0.674483306836248,0.42780389523169915,0.35714285714285715,455,7,1697,819
0.1059050487004479,0.9848484848484849,0.6748807631160573,0.4274680993955675,0.35742340926944227,455,7,1698,818
0.1059715347140755,0.9848484848484849,0.6752782193958664,0.4271323035594359,0.3577044025157233,455,7,1699,817
0.1060314310693682,0.9848484848484849,0.6756756756756757,0.42679650772330424,0.35798583792289534,455,7,1700,816
0.1062222965307766,0.9848484848484849,0.6760731319554849,0.4264607118871726,0.35826771653543305,455,7,1701,815
0.1062793335507396,0.9848484848484849,0.6764705882352942,0.42612491605104097,0.35855003940110325,455,7,1702,814
0.1064705199725311,0.9848484848484849,0.6768680445151033,0.42578912021490933,0.3588328075709779,455,7,1703,813
0.1065059707462106,0.9848484848484849,0.6772655007949125,0.4254533243787777,0.35911602209944754,455,7,1704,812
0.1067789589979621,0.9848484848484849,0.6776629570747218,0.42511752854264606,0.3593996840442338,455,7,1705,811
0.1070454575328273,0.9848484848484849,0.678060413354531,0.4247817327065144,0.35968379446640314,455,7,1706,810
0.1070643595013627,0.9848484848484849,0.6784578696343402,0.4244459368703828,0.3599683544303797,455,7,1707,809
0.10717780578584,0.9848484848484849,0.6788553259141494,0.42411014103425115,0.3602533650039588,455,7,1708,808
0.1074056740023548,0.9848484848484849,0.6792527821939587,0.4237743451981195,0.36053882725832015,455,7,1709,807
0.1075921972939503,0.9848484848484849,0.6796502384737679,0.42343854936198794,0.36082474226804123,455,7,1710,806
0.1079659280117135,0.9848484848484849,0.6800476947535771,0.4231027535258563,0.3611111111111111,455,7,1711,805
0.1082504582555875,0.9848484848484849,0.6804451510333863,0.42276695768972467,0.3613979348689436,455,7,1712,804
0.1086469947829828,0.9848484848484849,0.6808426073131956,0.42243116185359303,0.3616852146263911,455,7,1713,803
0.1088184276838529,0.9848484848484849,0.6812400635930048,0.4220953660174614,0.3619729514717582,455,7,1714,802
0.1091393028237801,0.9848484848484849,0.681637519872814,0.42175957018132976,0.3622611464968153,455,7,1715,801
0.1092210961441355,0.9826839826839827,0.681637519872814,0.4214237743451981,0.36175298804780875,454,8,1715,801
0.1093091243806031,0.9826839826839827,0.6820349761526232,0.4210879785090665,0.3620414673046252,454,8,1716,800
0.109317654306177,0.9826839826839827,0.6824324324324325,0.42075218267293485,0.36233040702314445,454,8,1717,799
0.1093226029800134,0.9826839826839827,0.6828298887122417,0.4204163868368032,0.36261980830670926,454,8,1718,798
0.1096120278440462,0.9826839826839827,0.6832273449920508,0.4200805910006716,0.36290967226219023,454,8,1719,797
0.1096641745037688,0.9826839826839827,0.6836248012718601,0.41974479516453994,0.3632,454,8,1720,796
0.1097027482830847,0.9826839826839827,0.6840222575516693,0.4194089993284083,0.3634907926341073,454,8,1721,795
0.109779607285256,0.9826839826839827,0.6844197138314785,0.41907320349227667,0.36378205128205127,454,8,1722,794
0.1097980499466267,0.9826839826839827,0.6848171701112877,0.4187374076561451,0.3640737770649559,454,8,1723,793
0.1098628562880827,0.9826839826839827,0.685214626391097,0.41840161182001345,0.36436597110754415,454,8,1724,792
0.109916043109916,0.9826839826839827,0.6856120826709062,0.4180658159838818,0.3646586345381526,454,8,1725,791
0.11,0.9826839826839827,0.6860095389507154,0.4177300201477502,0.364951768488746,454,8,1726,790
0.1100380498480891,0.9826839826839827,0.6860095389507154,0.4177300201477502,0.364951768488746,454,8,1726,790
0.1102883670768524,0.9805194805194806,0.6860095389507154,0.41739422431161854,0.36444086886564764,453,9,1726,790
0.1103228883132483,0.9805194805194806,0.6864069952305246,0.4170584284754869,0.3647342995169082,453,9,1727,789
0.1104756248895244,0.9805194805194806,0.6868044515103339,0.4167226326393553,0.36502820306204675,453,9,1728,788
0.1104969000972421,0.9805194805194806,0.6872019077901431,0.41638683680322364,0.36532258064516127,453,9,1729,787
0.1105813819501205,0.9805194805194806,0.6875993640699523,0.416051040967092,0.36561743341404357,453,9,1730,786
0.1105820753163385,0.9805194805194806,0.6879968203497615,0.41571524513096036,0.36591276252019383,453,9,1731,785
0.1106301662845983,0.9805194805194806,0.6883942766295708,0.41537944929482873,0.36620856911883587,453,9,1732,784
0.110835094398685,0.9805194805194806,0.68879173290938,0.4150436534586971,0.36650485436893204,453,9,1733,783
0.1110742195570312,0.9805194805194806,0.6891891891891891,0.41470785762256546,0.3668016194331984,453,9,1734,782
0.1111357323119334,0.9805194805194806,0.6895866454689984,0.4143720617864338,0.36709886547811993,453,9,1735,781
0.1111895795754896,0.9783549783549783,0.6895866454689984,0.41403626595030224,0.36658556366585565,452,10,1735,781
0.1114023582600262,0.9783549783549783,0.6899841017488076,0.4137004701141706,0.36688311688311687,452,10,1736,780
0.1115233370587519,0.9783549783549783,0.6903815580286169,0.41336467427803897,0.36718115353371245,452,10,1737,779
0.1117098791914041,0.9783549783549783,0.690779014308426,0.41302887844190733,0.367479674796748,452,10,1738,778
0.1117492921003123,0.9783549783549783,0.6911764705882353,0.4126930826057757,0.3677786818551668,452,10,1739,777
0.1118807766366497,0.9783549783549783,0.6915739268680445,0.41235728676964406,0.36807817589576547,452,10,1740,776
0.1128555357498788,0.9783549783549783,0.6919713831478538,0.4120214909335124,0.36837815810920943,452,10,1741,775
0.1129264430180293,0.9783549783549783,0.6923688394276629,0.4116856950973808,0.36867862969004894,452,10,1742,774
0.1131773595168966,0.9783549783549783,0.6927662957074722,0.41134989926124915,0.3689795918367347,452,10,1743,773
0.1134466989689514,0.9783549783549783,0.6931637519872814,0.4110141034251175,0.369281045751634,452,10,1744,772
0.1137042384020838,0.9783549783549783,0.6935612082670907,0.4106783075889859,0.3695829926410466,452,10,1745,771
0.1138142938651671,0.9783549783549783,0.6939586645468998,0.41034251175285424,0.3698854337152209,452,10,1746,770
0.1141352741771729,0.9783549783549783,0.6943561208267091,0.4100067159167226,0.3701883701883702,452,10,1747,769
0.1141896184174631,0.9783549783549783,0.6947535771065183,0.40967092008059103,0.3704918032786885,452,10,1748,768
0.114251067197659,0.9783549783549783,0.6951510333863276,0.4093351242444594,0.37079573420836753,452,10,1749,767
0.1142516943453434,0.9783549783549783,0.6955484896661367,0.40899932840832776,0.37110016420361247,452,10,1750,766
0.114279203865625,0.9783549783549783,0.6959459459459459,0.4086635325721961,0.37140509449465897,452,10,1751,765
0.114820628547295,0.9783549783549783,0.6963434022257552,0.4083277367360645,0.3717105263157895,452,10,1752,764
0.1148917796744695,0.9783549783549783,0.6967408585055644,0.40799194089993285,0.3720164609053498,452,10,1753,763
0.1149326564771797,0.9783549783549783,0.6971383147853736,0.4076561450638012,0.3723228995057661,452,10,1754,762
0.115,0.9783549783549783,0.6975357710651828,0.4073203492276696,0.3726298433635614,452,10,1755,761
0.1155612470374706,0.9783549783549783,0.6975357710651828,0.4073203492276696,0.3726298433635614,452,10,1755,761
0.1156603806804528,0.9783549783549783,0.6979332273449921,0.40698455339153794,0.37293729372937295,452,10,1756,760
0.1158147070271248,0.9783549783549783,0.6983306836248012,0.4066487575554063,0.37324525185796864,452,10,1757,759
0.1158270439752478,0.9783549783549783,0.6987281399046105,0.40631296171927467,0.37355371900826445,452,10,1758,758
0.1158762774334018,0.9783549783549783,0.6991255961844197,0.40597716588314303,0.3738626964433416,452,10,1759,757
0.1159209135699978,0.9783549783549783,0.699523052464229,0.4056413700470114,0.3741721854304636,452,10,1760,756
0.1160530830156977,0.9783549783549783,0.6999205087440381,0.40530557421087976,0.3744821872410936,452,10,1761,755
0.1162893838396983,0.9783549783549783,0.7003179650238474,0.4049697783747482,0.3747927031509121,452,10,1762,754
0.1163742519007012,0.9783549783549783,0.7007154213036566,0.40463398253861654,0.375103734439834,452,10,1763,753
0.116388236922822,0.9761904761904762,0.7007154213036566,0.4042981867024849,0.3745847176079734,451,11,1763,753
0.1164474740960545,0.9761904761904762,0.7011128775834659,0.40396239086635327,0.37489609310058186,451,11,1764,752
0.1164633561124387,0.9761904761904762,0.701510333863275,0.40362659503022164,0.3752079866888519,451,11,1765,751
0.1166493773997925,0.9761904761904762,0.7019077901430842,0.40329079919409,0.3755203996669442,451,11,1766,750
0.1167119626524537,0.9761904761904762,0.7023052464228935,0.40295500335795836,0.37583333333333335,451,11,1767,749
0.1169330582338661,0.9761904761904762,0.7027027027027027,0.4026192075218267,0.3761467889908257,451,11,1768,748
0.1171472026512657,0.9761904761904762,0.7031001589825119,0.4022834116856951,0.3764607679465776,451,11,1769,747
0.1175853005902362,0.9761904761904762,0.7034976152623211,0.40194761584956346,0.3767752715121136,451,11,1770,746
0.1176570010120462,0.9761904761904762,0.7038950715421304,0.4016118200134318,0.3770903010033445,451,11,1771,745
0.1177017701599297,0.9761904761904762,0.7042925278219396,0.4012760241773002,0.37740585774058577,451,11,1772,744
0.1179949633658136,0.9761904761904762,0.7046899841017488,0.40094022834116855,0.3777219430485762,451,11,1773,743
0.1185607555858671,0.9761904761904762,0.705087440381558,0.4006044325050369,0.37803855825649624,451,11,1774,742
0.1187663086312844,0.9761904761904762,0.7054848966613673,0.40026863666890533,0.3783557046979866,451,11,1775,741
0.1188865770540665,0.9761904761904762,0.7058823529411765,0.3999328408327737,0.3786733837111671,451,11,1776,740
0.1189151477183033,0.9761904761904762,0.7062798092209857,0.39959704499664206,0.37899159663865545,451,11,1777,739
0.1190456703646963,0.9761904761904762,0.7066772655007949,0.3992612491605104,0.3793103448275862,451,11,1778,738
0.1191456848438876,0.9761904761904762,0.7070747217806042,0.3989254533243788,0.37962962962962965,451,11,1779,737
0.1191923920667571,0.9761904761904762,0.7074721780604134,0.39858965748824715,0.37994945240101097,451,11,1780,736
0.1193569061229452,0.9761904761904762,0.7078696343402225,0.3982538616521155,0.3802698145025295,451,11,1781,735
0.1195868788305127,0.9761904761904762,0.7082670906200318,0.3979180658159839,0.38059071729957805,451,11,1782,734
0.119601491833883,0.9761904761904762,0.708664546899841,0.39758226997985224,0.38091216216216217,451,11,1783,733
0.1198369013175502,0.9761904761904762,0.7090620031796503,0.3972464741437206,0.3812341504649197,451,11,1784,732
0.1199243243346529,0.9761904761904762,0.7094594594594594,0.39691067830758897,0.38155668358714045,451,11,1785,731
0.119935464246418,0.9761904761904762,0.7098569157392687,0.39657488247145734,0.38187976291278575,451,11,1786,730
0.12,0.9761904761904762,0.7102543720190779,0.3962390866353257,0.3822033898305085,451,11,1787,729
0.1200366348790475,0.9761904761904762,0.7102543720190779,0.3962390866353257,0.3822033898305085,451,11,1787,729
0.1204707256673892,0.9761904761904762,0.7106518282988871,0.39590329079919406,0.3825275657336726,451,11,1788,728
0.1205425917134107,0.9761904761904762,0.7110492845786963,0.3955674949630625,0.3828522920203735,451,11,1789,727
0.1208104446166826,0.9761904761904762,0.7114467408585056,0.39523169912693085,0.38317757009345793,451,11,1790,726
0.1208505225067471,0.9761904761904762,0.7118441971383148,0.3948959032907992,0.3835034013605442,451,11,1791,725
0.1210364987245272,0.9761904761904762,0.712241653418124,0.3945601074546676,0.38382978723404254,451,11,1792,724
0.121187207676241,0.9761904761904762,0.7126391096979332,0.39422431161853594,0.3841567291311755,451,11,1793,723
0.1215169065184236,0.974025974025974,0.7126391096979332,0.3938885157824043,0.3836317135549872,450,12,1793,723
0.1215733984989294,0.974025974025974,0.7130365659777425,0.39355271994627267,0.3839590443686007,450,12,1794,722
0.1217042541229272,0.974025974025974,0.7134340222575517,0.39321692411014103,0.3842869342442357,450,12,1795,721
0.1224784565011506,0.974025974025974,0.7138314785373608,0.3928811282740094,0.38461538461538464,450,12,1796,720
0.1227437540678726,0.974025974025974,0.7142289348171701,0.39254533243787776,0.3849443969204448,450,12,1797,719
0.1227957091582964,0.974025974025974,0.7146263910969793,0.3922095366017461,0.3852739726027397,450,12,1798,718
0.1231090862881809,0.974025974025974,0.7150238473767886,0.3918737407656145,0.3856041131105398,450,12,1799,717
0.1234607983580687,0.9718614718614719,0.7150238473767886,0.39153794492948285,0.3850771869639794,449,13,1799,717
0.1236777111086015,0.9718614718614719,0.7154213036565977,0.39120214909335127,0.38540772532188844,449,13,1800,716
0.1238438369234351,0.9718614718614719,0.715818759936407,0.39086635325721963,0.3857388316151203,449,13,1801,715
0.1239782130337057,0.9718614718614719,0.7162162162162162,0.390530557421088,0.3860705073086844,449,13,1802,714
0.1239861688545061,0.9718614718614719,0.7166136724960255,0.39019476158495636,0.3864027538726334,449,13,1803,713
0.1240381554162511,0.9718614718614719,0.7170111287758346,0.3898589657488247,0.3867355727820844,449,13,1804,712
0.1240450968491875,0.9718614718614719,0.7174085850556439,0.3895231699126931,0.3870689655172414,449,13,1805,711
0.1245144711517479,0.9718614718614719,0.7178060413354531,0.38918737407656145,0.38740293356341676,449,13,1806,710
0.1247083369883334,0.9718614718614719,0.7182034976152624,0.3888515782404298,0.38773747841105355,449,13,1807,709
0.1249106907974278,0.9718614718614719,0.7186009538950715,0.3885157824042982,0.38807260155574763,449,13,1808,708
0.125,0.9718614718614719,0.7189984101748808,0.38817998656816655,0.3884083044982699,449,13,1809,707
0.1250095124849729,0.9718614718614719,0.7189984101748808,0.38817998656816655,0.3884083044982699,449,13,1809,707
0.1257330752141279,0.9718614718614719,0.71939586645469,0.3878441907320349,0.3887445887445887,449,13,1810,706
0.1258114697166195,0.9718614718614719,0.7197933227344993,0.3875083948959033,0.38908145580589254,449,13,1811,705
0.1259558578439242,0.9718614718614719,0.7201907790143084,0.38717259905977164,0.38941890719861233,449,13,1812,704
0.1263004841331244,0.9718614718614719,0.7205882352941176,0.38683680322364,0.3897569444444444,449,13,1813,703
0.1263431244206751,0.9718614718614719,0.7209856915739269,0.3865010073875084,0.39009556907037357,449,13,1814,702
0.1263673173210419,0.9718614718614719,0.7213831478537361,0.3861652115513768,0.39043478260869563,449,13,1815,701
0.1263738317219701,0.9718614718614719,0.7217806041335453,0.38582941571524515,0.3907745865970409,449,13,1816,700
0.1264665309434161,0.9718614718614719,0.7221780604133545,0.3854936198791135,0.3911149825783972,449,13,1817,699
0.1265053813795161,0.9718614718614719,0.7225755166931638,0.3851578240429819,0.39145597210113336,449,13,1818,698
0.1265668560069534,0.9718614718614719,0.722972972972973,0.38482202820685024,0.39179755671902267,449,13,1819,697
0.1266345516940814,0.9718614718614719,0.7233704292527822,0.3844862323707186,0.3921397379912664,449,13,1820,696
0.1267022931338045,0.9718614718614719,0.7237678855325914,0.38415043653458697,0.3924825174825175,449,13,1821,695
0.126836257807904,0.9696969696969697,0.7237678855325914,0.38381464069845533,0.39195100612423445,448,14,1821,695
0.1270524678017163,0.9696969696969697,0.7241653418124007,0.3834788448623237,0.3922942206654991,448,14,1822,694
0.12726201815295,0.9696969696969697,0.7245627980922098,0.38314304902619206,0.39263803680981596,448,14,1823,693
0.1273554002263804,0.9696969696969697,0.724960254372019,0.3828072531900604,0.3929824561403509,448,14,1824,692
0.1282437474614227,0.9696969696969697,0.7253577106518283,0.3824714573539288,0.3933274802458297,448,14,1825,691
0.1287351485729143,0.9696969696969697,0.7257551669316376,0.38213566151779715,0.3936731107205624,448,14,1826,690
0.128810959401372,0.9696969696969697,0.7261526232114467,0.3817998656816656,0.3940193491644679,448,14,1827,689
0.1296935330068605,0.9696969696969697,0.7265500794912559,0.38146406984553394,0.39436619718309857,448,14,1828,688
0.129868825572125,0.9696969696969697,0.7269475357710652,0.3811282740094023,0.3947136563876652,448,14,1829,687
0.1299496647946543,0.9696969696969697,0.7273449920508744,0.38079247817327067,0.3950617283950617,448,14,1830,686
0.13,0.9675324675324676,0.7273449920508744,0.38045668233713903,0.39452780229479256,447,15,1830,686
0.1303296476023697,0.9675324675324676,0.7273449920508744,0.38045668233713903,0.39452780229479256,447,15,1830,686
0.1306515580049858,0.9675324675324676,0.7277424483306836,0.3801208865010074,0.3948763250883392,447,15,1831,685
0.1308788324212835,0.9675324675324676,0.7281399046104928,0.37978509066487576,0.3952254641909814,447,15,1832,684
0.1313204692928339,0.9675324675324676,0.7285373608903021,0.3794492948287441,0.39557522123893807,447,15,1833,683
0.1323940627119557,0.9675324675324676,0.7289348171701113,0.3791134989926125,0.395925597874225,447,15,1834,682
0.1324814227222585,0.9675324675324676,0.7293322734499205,0.37877770315648085,0.3962765957446808,447,15,1835,681
0.1325856906246722,0.9675324675324676,0.7297297297297297,0.3784419073203492,0.3966282165039929,447,15,1836,680
0.1326214084801932,0.9675324675324676,0.730127186009539,0.3781061114842176,0.3969804618117229,447,15,1837,679
0.1326415436023011,0.9675324675324676,0.7305246422893482,0.37777031564808594,0.3973333333333333,447,15,1838,678
0.1326564917449069,0.9675324675324676,0.7309220985691574,0.3774345198119543,0.39768683274021355,447,15,1839,677
0.1327945115511771,0.9675324675324676,0.7313195548489666,0.3770987239758227,0.39804096170970615,447,15,1840,676
0.1328629300005885,0.9675324675324676,0.7317170111287759,0.3767629281396911,0.3983957219251337,447,15,1841,675
0.1329772184097163,0.9675324675324676,0.7321144674085851,0.37642713230355945,0.39875111507582517,447,15,1842,674
0.1330518188775493,0.9675324675324676,0.7325119236883942,0.3760913364674278,0.3991071428571429,447,15,1843,673
0.1338480505496788,0.9675324675324676,0.7329093799682035,0.3757555406312962,0.39946380697050937,447,15,1844,672
0.1341942849089279,0.9675324675324676,0.7333068362480127,0.37541974479516454,0.3998211091234347,447,15,1845,671
0.134358334345323,0.9675324675324676,0.733704292527822,0.3750839489590329,0.40017905102954343,447,15,1846,670
0.1344642848284642,0.9675324675324676,0.7341017488076311,0.3747481531229013,0.40053763440860213,447,15,1847,669
0.1346622287159954,0.9675324675324676,0.7344992050874404,0.37441235728676964,0.4008968609865471,447,15,1848,668
0.135,0.9675324675324676,0.7348966613672496,0.374076561450638,0.4012567324955117,447,15,1849,667
0.135065618491011,0.9675324675324676,0.7348966613672496,0.374076561450638,0.4012567324955117,447,15,1849,667
0.1355140893448618,0.9675324675324676,0.7352941176470589,0.37374076561450637,0.40161725067385445,447,15,1850,666
0.1358518911153663,0.9675324675324676,0.735691573926868,0.37340496977837473,0.40197841726618705,447,15,1851,665
0.1359299012349757,0.9675324675324676,0.7360890302066773,0.3730691739422431,0.40234023402340235,447,15,1852,664
0.1360657343196713,0.9675324675324676,0.7364864864864865,0.37273337810611146,0.4027027027027027,447,15,1853,663
0.1361628116790788,0.9675324675324676,0.7368839427662957,0.3723975822699799,0.4030658250676285,447,15,1854,662
0.1367080223329772,0.9675324675324676,0.7372813990461049,0.37206178643384824,0.40342960288808666,447,15,1855,661
0.1368812827190768,0.9675324675324676,0.7376788553259142,0.3717259905977166,0.4037940379403794,447,15,1856,660
0.1369264478180627,0.9675324675324676,0.7380763116057234,0.37139019476158497,0.40415913200723325,447,15,1857,659
0.1370934526154631,0.9675324675324676,0.7384737678855325,0.37105439892545333,0.40452488687782806,447,15,1858,658
0.1373913635721754,0.9675324675324676,0.7388712241653418,0.3707186030893217,0.4048913043478261,447,15,1859,657
0.1374062168794841,0.9675324675324676,0.739268680445151,0.37038280725319006,0.40525838621940163,447,15,1860,656
0.1380191855848176,0.9675324675324676,0.7396661367249603,0.3700470114170584,0.4056261343012704,447,15,1861,655
0.1382115088864995,0.9675324675324676,0.7400635930047694,0.3697112155809268,0.40599455040871935,447,15,1862,654
0.1383457463246274,0.9675324675324676,0.7404610492845787,0.36937541974479515,0.40636363636363637,447,15,1863,653
0.1384011766332202,0.9675324675324676,0.7408585055643879,0.3690396239086635,0.4067333939945405,447,15,1864,652
0.139081109191696,0.9675324675324676,0.7412559618441972,0.3687038280725319,0.40710382513661203,447,15,1865,651
0.1391196963374218,0.9675324675324676,0.7416534181240063,0.36836803223640024,0.4074749316317229,447,15,1866,650
0.1393892693290203,0.9675324675324676,0.7420508744038156,0.36803223640026866,0.40784671532846717,447,15,1867,649
0.1396299340442975,0.9675324675324676,0.7424483306836248,0.36769644056413703,0.40821917808219177,447,15,1868,648
0.1396961868381771,0.9653679653679653,0.7424483306836248,0.3673606447280054,0.4076782449725777,446,16,1868,648
0.14,0.9653679653679653,0.7428457869634341,0.36702484889187376,0.4080512351326624,446,16,1869,647
0.1402027424662135,0.9653679653679653,0.7428457869634341,0.36702484889187376,0.4080512351326624,446,16,1869,647
0.1403277887519751,0.9632034632034632,0.7428457869634341,0.3666890530557421,0.4075091575091575,445,17,1869,647
0.1406054497655741,0.9632034632034632,0.7432432432432432,0.3663532572196105,0.4078826764436297,445,17,1870,646
0.1406089593584671,0.9632034632034632,0.7436406995230525,0.36601746138347885,0.40825688073394495,445,17,1871,645
0.1408505448930157,0.9632034632034632,0.7440381558028617,0.3656816655473472,0.4086317722681359,445,17,1872,644
0.1413307791553165,0.9632034632034632,0.744435612082671,0.3653458697112156,0.40900735294117646,445,17,1873,643
0.1418041640522991,0.9632034632034632,0.7448330683624801,0.36501007387508394,0.4093836246550138,445,17,1874,642
0.1418195939603969,0.9632034632034632,0.7452305246422893,0.3646742780389523,0.4097605893186004,445,17,1875,641
0.1418677203542886,0.9632034632034632,0.7456279809220986,0.36433848220282067,0.41013824884792627,445,17,1876,640
0.1422074019305517,0.9632034632034632,0.7460254372019078,0.36400268636668903,0.41051660516605165,445,17,1877,639
0.1426612531947893,0.9632034632034632,0.746422893481717,0.3636668905305574,0.41089566020313945,445,17,1878,638
0.1432226342455302,0.9632034632034632,0.7468203497615262,0.3633310946944258,0.411275415896488,445,17,1879,637
0.1434072743499443,0.9632034632034632,0.7472178060413355,0.3629952988582942,0.4116558741905643,445,17,1880,636
0.1436011583966819,0.9632034632034632,0.7476152623211447,0.36265950302216254,0.41203703703703703,445,17,1881,635
0.1436016408062537,0.9632034632034632,0.7480127186009539,0.3623237071860309,0.41241890639481,445,17,1882,634
0.1436089692356014,0.9632034632034632,0.7484101748807631,0.36198791134989927,0.41280148423005564,445,17,1883,633
0.1438731948899329,0.9632034632034632,0.7488076311605724,0.36165211551376764,0.41318477251624885,445,17,1884,632
0.1439348932060354,0.9632034632034632,0.7492050874403816,0.361316319677636,0.41356877323420077,445,17,1885,631
0.1439690304902689,0.9632034632034632,0.7496025437201908,0.36098052384150436,0.413953488372093,445,17,1886,630
0.1440314998205857,0.9632034632034632,0.75,0.36064472800537273,0.4143389199255121,445,17,1887,629
0.1440835537944771,0.9632034632034632,0.7503974562798092,0.3603089321692411,0.4147250698974837,445,17,1888,628
0.1442847321535305,0.9632034632034632,0.7507949125596184,0.35997313633310946,0.41511194029850745,445,17,1889,627
0.1448616903068262,0.9632034632034632,0.7511923688394276,0.3596373404969778,0.415499533146592,445,17,1890,626
0.1449302775774824,0.9632034632034632,0.7515898251192369,0.3593015446608462,0.4158878504672897,445,17,1891,625
0.1449379573731703,0.9632034632034632,0.7519872813990461,0.35896574882471455,0.41627689429373244,445,17,1892,624
0.145,0.9632034632034632,0.7523847376788553,0.35862995298858297,0.4166666666666667,445,17,1893,623
0.1450096639590265,0.9632034632034632,0.7523847376788553,0.35862995298858297,0.4166666666666667,445,17,1893,623
0.145761932261686,0.9632034632034632,0.7527821939586645,0.35829415715245133,0.41705716963448924,445,17,1894,622
0.1463633200280898,0.9632034632034632,0.7531796502384738,0.3579583613163197,0.4174484052532833,445,17,1895,621
0.1470103066292949,0.9632034632034632,0.753577106518283,0.35762256548018806,0.41784037558685444,445,17,1896,620
0.1470551410646241,0.9632034632034632,0.7539745627980922,0.3572867696440564,0.4182330827067669,445,17,1897,619
0.1471577784013458,0.9632034632034632,0.7543720190779014,0.3569509738079248,0.41862652869238004,445,17,1898,618
0.1472486187946404,0.9632034632034632,0.7547694753577107,0.35661517797179315,0.4190207156308851,445,17,1899,617
0.147361428481978,0.9632034632034632,0.7551669316375199,0.3562793821356615,0.4194156456173421,445,17,1900,616
0.1475609770287804,0.9632034632034632,0.755564387917329,0.3559435862995299,0.419811320754717,445,17,1901,615
0.1483063412864211,0.9632034632034632,0.7559618441971383,0.35560779046339824,0.4202077431539188,445,17,1902,614
0.1485157441702968,0.9632034632034632,0.7563593004769475,0.3552719946272666,0.42060491493383745,445,17,1903,613
0.1485534584239245,0.9632034632034632,0.7567567567567568,0.35493619879113497,0.4210028382213813,445,17,1904,612
0.1491939681725844,0.9632034632034632,0.7571542130365659,0.35460040295500334,0.42140151515151514,445,17,1905,611
0.1492072389713872,0.9632034632034632,0.7575516693163752,0.3542646071188717,0.4218009478672986,445,17,1906,610
0.1492848242315235,0.9632034632034632,0.7579491255961844,0.3539288112827401,0.4222011385199241,445,17,1907,609
0.1492898986789055,0.9632034632034632,0.7583465818759937,0.3535930154466085,0.4226020892687559,445,17,1908,608
0.1495733971965872,0.9632034632034632,0.7587440381558028,0.35325721961047685,0.4230038022813688,445,17,1909,607
0.149727288455429,0.9632034632034632,0.7591414944356121,0.3529214237743452,0.4234062797335871,445,17,1910,606
0.1497979528258997,0.9632034632034632,0.7595389507154213,0.3525856279382136,0.4238095238095238,445,17,1911,605
0.15,0.9632034632034632,0.7599364069952306,0.35224983210208194,0.4242135367016206,445,17,1912,604
0.1501780223678281,0.9632034632034632,0.7599364069952306,0.35224983210208194,0.4242135367016206,445,17,1912,604
0.1507370862801718,0.9632034632034632,0.7603338632750397,0.3519140362659503,0.42461832061068705,445,17,1913,603
0.1511566835487908,0.9632034632034632,0.760731319554849,0.35157824042981867,0.4250238777459408,445,17,1914,602
0.1511762214107593,0.9632034632034632,0.7611287758346582,0.35124244459368703,0.4254302103250478,445,17,1915,601
0.1512241606575135,0.9632034632034632,0.7615262321144675,0.3509066487575554,0.4258373205741627,445,17,1916,600
0.1512611567747923,0.9632034632034632,0.7619236883942766,0.35057085292142376,0.42624521072796934,445,17,1917,599
0.1515835698190028,0.9632034632034632,0.7623211446740858,0.3502350570852921,0.42665388302972196,445,17,1918,598
0.151643824080602,0.9632034632034632,0.7627186009538951,0.3498992612491605,0.42706333973128596,445,17,1919,597
0.152124143052353,0.9632034632034632,0.7631160572337043,0.34956346541302885,0.4274735830931796,445,17,1920,596
0.1521739088782608,0.9632034632034632,0.7635135135135135,0.34922766957689727,0.42788461538461536,445,17,1921,595
0.1522807901960446,0.9632034632034632,0.7639109697933227,0.34889187374076563,0.42829643888354185,445,17,1922,594
0.152335241533462,0.9632034632034632,0.764308426073132,0.348556077904634,0.42870905587668595,445,17,1923,593
0.1528874479007896,0.9632034632034632,0.7647058823529411,0.34822028206850236,0.42912246865959497,445,17,1924,592
0.1529359598974234,0.9632034632034632,0.7651033386327504,0.3478844862323707,0.4295366795366795,445,17,1925,591
0.1535561533423475,0.9632034632034632,0.7655007949125596,0.3475486903962391,0.42995169082125606,445,17,1926,590
0.1536344610598025,0.9632034632034632,0.7658982511923689,0.34721289456010745,0.43036750483558994,445,17,1927,589
0.1538084879850598,0.9632034632034632,0.766295707472178,0.3468770987239758,0.430784123910939,445,17,1928,588
0.1538600612760802,0.9632034632034632,0.7666931637519873,0.3465413028878442,0.4312015503875969,445,17,1929,587
0.1544023196467868,0.9632034632034632,0.7670906200317965,0.34620550705171255,0.43161978661493694,445,17,1930,586
0.1544077118308815,0.961038961038961,0.7670906200317965,0.3458697112155809,0.43106796116504853,444,18,1930,586
0.1547571177685587,0.961038961038961,0.7674880763116058,0.3455339153794493,0.4314868804664723,444,18,1931,585
0.15489948816902,0.961038961038961,0.7678855325914149,0.34519811954331764,0.43190661478599224,444,18,1932,584
0.155,0.961038961038961,0.7682829888712241,0.34486232370718606,0.4323271665043817,444,18,1933,583
0.1551877331676738,0.961038961038961,0.7682829888712241,0.34486232370718606,0.4323271665043817,444,18,1933,583
0.1554666406164153,0.961038961038961,0.7686804451510334,0.3445265278710544,0.4327485380116959,444,18,1934,582
0.1557895311191555,0.961038961038961,0.7690779014308426,0.3441907320349228,0.43317073170731707,444,18,1935,581
0.1559484155434076,0.961038961038961,0.7694753577106518,0.34385493619879115,0.43359375,444,18,1936,580
0.1560702235121107,0.961038961038961,0.769872813990461,0.3435191403626595,0.4340175953079179,444,18,1937,579
0.1560920787867493,0.9588744588744589,0.769872813990461,0.3431833445265279,0.4334637964774951,443,19,1937,579
0.1562957882986813,0.9588744588744589,0.7702702702702703,0.34284754869039624,0.4338883447600392,443,19,1938,578
0.1566240040720995,0.9588744588744589,0.7706677265500795,0.3425117528542646,0.4343137254901961,443,19,1939,577
0.1566983266541986,0.9588744588744589,0.7710651828298887,0.34217595701813297,0.43473994111874387,443,19,1940,576
0.1567970706717309,0.9588744588744589,0.7714626391096979,0.34184016118200133,0.4351669941060904,443,19,1941,575
0.1568680788480528,0.9588744588744589,0.7718600953895072,0.3415043653458697,0.43559488692232057,443,19,1942,574
0.1571606022785746,0.9588744588744589,0.7722575516693164,0.34116856950973806,0.4360236220472441,443,19,1943,573
0.1573365214837958,0.9588744588744589,0.7726550079491256,0.3408327736736064,0.43645320197044335,443,19,1944,572
0.1574094570333259,0.9588744588744589,0.7730524642289348,0.3404969778374748,0.4368836291913215,443,19,1945,571
0.1575164163456984,0.9588744588744589,0.7734499205087441,0.3401611820013432,0.43731490621915103,443,19,1946,570
0.1577179264624153,0.9588744588744589,0.7738473767885533,0.3398253861652116,0.43774703557312256,443,19,1947,569
0.1583801649396165,0.9588744588744589,0.7742448330683624,0.33948959032907994,0.4381800197823937,443,19,1948,568
0.1585410208364017,0.9588744588744589,0.7746422893481717,0.3391537944929483,0.4386138613861386,443,19,1949,567
0.1587609580948684,0.9588744588744589,0.775039745627981,0.33881799865681667,0.4390485629335976,443,19,1950,566
0.1591205906675229,0.9567099567099567,0.775039745627981,0.33848220282068503,0.4384920634920635,442,20,1950,566
0.1591566710870607,0.9567099567099567,0.7754372019077902,0.3381464069845534,0.43892750744786496,442,20,1951,565
0.1593567283004386,0.9567099567099567,0.7758346581875993,0.33781061114842176,0.4393638170974155,442,20,1952,564
0.1598321416803357,0.9567099567099567,0.7762321144674086,0.3374748153122901,0.43980099502487563,442,20,1953,563
0.1598901970596157,0.9567099567099567,0.7766295707472178,0.3371390194761585,0.4402390438247012,442,20,1954,562
0.16,0.9567099567099567,0.777027027027027,0.33680322364002685,0.4406779661016949,442,20,1955,561
0.1600557703135727,0.9567099567099567,0.777027027027027,0.33680322364002685,0.4406779661016949,442,20,1955,561
0.1600959312649977,0.9567099567099567,0.7774244833068362,0.3364674278038952,0.4411177644710579,442,20,1956,560
0.1603436995133912,0.9567099567099567,0.7778219395866455,0.3361316319677636,0.44155844155844154,442,20,1957,559
0.1607895544738973,0.9567099567099567,0.7782193958664547,0.33579583613163194,0.442,442,20,1958,558
0.1607932262383226,0.9567099567099567,0.7786168521462639,0.33546004029550036,0.44244244244244246,442,20,1959,557
0.1609581228431794,0.9545454545454546,0.7786168521462639,0.3351242444593687,0.44188376753507014,441,21,1959,557
0.1611237190546991,0.9545454545454546,0.7790143084260731,0.3347884486232371,0.44232698094282846,441,21,1960,556
0.161526469129533,0.9545454545454546,0.7794117647058824,0.33445265278710545,0.4427710843373494,441,21,1961,555
0.1617801689858662,0.9545454545454546,0.7798092209856916,0.3341168569509738,0.44321608040201005,441,21,1962,554
0.1618118577041954,0.9545454545454546,0.7802066772655007,0.3337810611148422,0.44366197183098594,441,21,1963,553
0.1622599626295571,0.9545454545454546,0.78060413354531,0.33344526527871055,0.44410876132930516,441,21,1964,552
0.162603260188676,0.9545454545454546,0.7810015898251192,0.3331094694425789,0.44455645161290325,441,21,1965,551
0.1629680838495706,0.9545454545454546,0.7813990461049285,0.3327736736064473,0.4450050454086781,441,21,1966,550
0.1632030776154055,0.9545454545454546,0.7817965023847376,0.33243787777031564,0.44545454545454544,441,21,1967,549
0.1633164785648209,0.9523809523809523,0.7817965023847376,0.332102081934184,0.4448938321536906,440,22,1967,549
0.1635198848829397,0.9523809523809523,0.7821939586645469,0.33176628609805237,0.44534412955465585,440,22,1968,548
0.1637645682229673,0.9523809523809523,0.7825914149443561,0.33143049026192073,0.4457953394123607,440,22,1969,547
0.1638482887076337,0.9523809523809523,0.7829888712241654,0.3310946944257891,0.4462474645030426,440,22,1970,546
0.1640183511850276,0.9523809523809523,0.7833863275039745,0.3307588985896575,0.4467005076142132,440,22,1971,545
0.1643254847460591,0.9523809523809523,0.7837837837837838,0.3304231027535259,0.44715447154471544,440,22,1972,544
0.1645995133846528,0.9523809523809523,0.784181240063593,0.33008730691739424,0.4476093591047813,440,22,1973,543
0.165,0.9523809523809523,0.7845786963434023,0.3297515110812626,0.4480651731160896,440,22,1974,542
0.1652107296521073,0.9523809523809523,0.7845786963434023,0.3297515110812626,0.4480651731160896,440,22,1974,542
0.1652493910085036,0.9523809523809523,0.7849761526232114,0.32941571524513097,0.44852191641182465,440,22,1975,541
0.1654217115904387,0.9523809523809523,0.7853736089030207,0.32907991940899933,0.4489795918367347,440,22,1976,540
0.1656301502726997,0.9523809523809523,0.7857710651828299,0.3287441235728677,0.449438202247191,440,22,1977,539
0.1662418525720533,0.9523809523809523,0.7861685214626392,0.32840832773673606,0.4498977505112474,440,22,1978,538
0.1665308508985169,0.9523809523809523,0.7865659777424483,0.3280725319006044,0.4503582395087001,440,22,1979,537
0.1669034061005397,0.9502164502164502,0.7865659777424483,0.3277367360644728,0.44979508196721313,439,23,1979,537
0.1678096415590316,0.9502164502164502,0.7869634340222575,0.32740094022834115,0.4502564102564103,439,23,1980,536
0.1681276566164086,0.9502164502164502,0.7873608903020668,0.3270651443922095,0.45071868583162217,439,23,1981,535
0.168799836451196,0.9502164502164502,0.787758346581876,0.3267293485560779,0.4511819116135663,439,23,1982,534
0.1691175774250021,0.9502164502164502,0.7881558028616852,0.32639355271994624,0.45164609053497945,439,23,1983,533
0.1698617795477848,0.9502164502164502,0.7885532591414944,0.32605775688381466,0.45211122554067973,439,23,1984,532
0.17,0.9502164502164502,0.7889507154213037,0.32572196104768303,0.45257731958762887,439,23,1985,531
0.1700933035925191,0.9502164502164502,0.7889507154213037,0.32572196104768303,0.45257731958762887,439,23,1985,531
0.1705171104680984,0.9502164502164502,0.7893481717011129,0.3253861652115514,0.45304437564499483,439,23,1986,530
0.1710872576366066,0.9502164502164502,0.7897456279809221,0.32505036937541976,0.4535123966942149,439,23,1987,529
0.1713382820409342,0.9502164502164502,0.7901430842607313,0.3247145735392881,0.45398138572905894,439,23,1988,528
0.1715250094212948,0.9502164502164502,0.7905405405405406,0.3243787777031565,0.45445134575569357,439,23,1989,527
0.1716133122601229,0.9502164502164502,0.7909379968203497,0.32404298186702485,0.45492227979274613,439,23,1990,526
0.1717693565027426,0.9502164502164502,0.791335453100159,0.3237071860308932,0.4553941908713693,439,23,1991,525
0.1717884796195459,0.9502164502164502,0.7917329093799682,0.3233713901947616,0.45586708203530635,439,23,1992,524
0.1718030273674819,0.9502164502164502,0.7921303656597775,0.32303559435862994,0.45634095634095634,439,23,1993,523
0.171873892761876,0.9502164502164502,0.7925278219395866,0.3226997985224983,0.45681581685744016,439,23,1994,522
0.172107110208913,0.9502164502164502,0.7929252782193958,0.32236400268636667,0.45729166666666665,439,23,1995,521
0.1722905333394878,0.9502164502164502,0.7933227344992051,0.32202820685023503,0.45776850886339937,439,23,1996,520
0.1727066898030572,0.9502164502164502,0.7937201907790143,0.32169241101410345,0.4582463465553236,439,23,1997,519
0.1730404562150757,0.9502164502164502,0.7941176470588235,0.3213566151779718,0.4587251828631139,439,23,1998,518
0.173409318596543,0.9502164502164502,0.7945151033386327,0.3210208193418402,0.4592050209205021,439,23,1999,517
0.1734741258000929,0.9502164502164502,0.794912559618442,0.32068502350570854,0.45968586387434557,439,23,2000,516
0.1743976336426879,0.9502164502164502,0.7953100158982512,0.3203492276695769,0.46016771488469604,439,23,2001,515
0.17500000000000002,0.9502164502164502,0.7957074721780604,0.32001343183344527,0.46065057712486884,439,23,2002,514
0.1752001470329547,0.9502164502164502,0.7957074721780604,0.32001343183344527,0.46065057712486884,439,23,2002,514
0.1763933986526832,0.9502164502164502,0.7961049284578696,0.31967763599731364,0.46113445378151263,439,23,2003,513
0.1764520007994311,0.9502164502164502,0.7965023847376789,0.319341840161182,0.4616193480546793,439,23,2004,512
0.1768435225246582,0.9502164502164502,0.7968998410174881,0.31900604432505036,0.46210526315789474,439,23,2005,511
0.1776103056516689,0.9502164502164502,0.7972972972972973,0.31867024848891873,0.46259220231822973,439,23,2006,510
0.1778419937177645,0.9502164502164502,0.7976947535771065,0.3183344526527871,0.4630801687763713,439,23,2007,509
0.1781375560542519,0.9502164502164502,0.7980922098569158,0.31799865681665546,0.4635691657866948,439,23,2008,508
0.1785045911309331,0.9502164502164502,0.798489666136725,0.3176628609805238,0.46405919661733613,439,23,2009,507
0.1790331743611866,0.9502164502164502,0.7988871224165341,0.3173270651443922,0.46455026455026455,439,23,2010,506
0.1792696866222824,0.9502164502164502,0.7992845786963434,0.3169912693082606,0.4650423728813559,439,23,2011,505
0.1795840622170122,0.9502164502164502,0.7996820349761526,0.31665547347212897,0.46553552492046657,439,23,2012,504
0.17971664701566,0.9502164502164502,0.8000794912559619,0.31631967763599733,0.46602972399150744,439,23,2013,503
0.1797995947951263,0.9502164502164502,0.800476947535771,0.3159838817998657,0.4665249734325186,439,23,2014,502
0.18,0.9502164502164502,0.8008744038155803,0.31564808596373406,0.46702127659574466,439,23,2015,501
0.1803647934109438,0.9502164502164502,0.8008744038155803,0.31564808596373406,0.46702127659574466,439,23,2015,501
0.1804486991892935,0.9502164502164502,0.8012718600953895,0.3153122901276024,0.46751863684771033,439,23,2016,500
0.1805500239639696,0.9502164502164502,0.8016693163751988,0.3149764942914708,0.4680170575692964,439,23,2017,499
0.181855105161121,0.948051948051948,0.8016693163751988,0.31464069845533915,0.46744930629669157,438,24,2017,499
0.1821291829526269,0.948051948051948,0.8020667726550079,0.3143049026192075,0.46794871794871795,438,24,2018,498
0.1830791611425549,0.948051948051948,0.8024642289348172,0.3139691067830759,0.46844919786096256,438,24,2019,497
0.18333584,0.9458874458874459,0.8024642289348172,0.31363331094694424,0.4678800856531049,437,25,2019,497
0.1837581431050382,0.9458874458874459,0.8028616852146264,0.3132975151108126,0.4683815648445874,437,25,2020,496
0.1841710484152289,0.9458874458874459,0.8032591414944356,0.31296171927468097,0.4688841201716738,437,25,2021,495
0.1842057103736273,0.9458874458874459,0.8036565977742448,0.31262592343854934,0.46938775510204084,437,25,2022,494
0.1844317635865487,0.9458874458874459,0.8040540540540541,0.31229012760241776,0.4698924731182796,437,25,2023,493
0.1845312463739374,0.9458874458874459,0.8044515103338633,0.3119543317662861,0.4703982777179763,437,25,2024,492
0.1845655716825688,0.9458874458874459,0.8048489666136724,0.3116185359301545,0.4709051724137931,437,25,2025,491
0.1848000233153602,0.9458874458874459,0.8052464228934817,0.31128274009402285,0.4714131607335491,437,25,2026,490
0.1849059750233865,0.9458874458874459,0.8056438791732909,0.3109469442578912,0.4719222462203024,437,25,2027,489
0.185,0.9458874458874459,0.8060413354531002,0.3106111484217596,0.47243243243243244,437,25,2028,488
0.1872331976025215,0.9458874458874459,0.8060413354531002,0.3106111484217596,0.47243243243243244,437,25,2028,488
0.1872561710455135,0.9458874458874459,0.8064387917329093,0.31027535258562794,0.47294372294372294,437,25,2029,487
0.1881064008224353,0.9458874458874459,0.8068362480127186,0.3099395567494963,0.4734561213434453,437,25,2030,486
0.1881985981801715,0.9437229437229437,0.8068362480127186,0.30960376091336467,0.47288503253796094,436,26,2030,486
0.1882718185388893,0.9437229437229437,0.8072337042925278,0.30926796507723303,0.4733984799131379,436,26,2031,485
0.1883666783983805,0.9437229437229437,0.8076311605723371,0.3089321692411014,0.47391304347826085,436,26,2032,484
0.1885602555889513,0.9437229437229437,0.8080286168521462,0.30859637340496976,0.47442872687704024,436,26,2033,483
0.1886861335586131,0.9437229437229437,0.8084260731319555,0.3082605775688381,0.4749455337690632,436,26,2034,482
0.1891247127579302,0.9437229437229437,0.8088235294117647,0.3079247817327065,0.47546346782988,436,26,2035,481
0.1894110514457219,0.9437229437229437,0.809220985691574,0.3075889858965749,0.4759825327510917,436,26,2036,480
0.1897449776676723,0.9415584415584416,0.809220985691574,0.30725319006044327,0.47540983606557374,435,27,2036,480
0.1898650951648565,0.9415584415584416,0.8096184419713831,0.30691739422431163,0.4759299781181619,435,27,2037,479
0.19,0.9415584415584416,0.8100158982511924,0.30658159838818,0.4764512595837897,435,27,2038,478
0.1900918040133587,0.9415584415584416,0.8100158982511924,0.30658159838818,0.4764512595837897,435,27,2038,478
0.1902700950847094,0.9415584415584416,0.8104133545310016,0.30624580255204836,0.4769736842105263,435,27,2039,477
0.1903969973065472,0.9415584415584416,0.8108108108108109,0.3059100067159167,0.4774972557628979,435,27,2040,476
0.1904055241697131,0.9415584415584416,0.81120826709062,0.3055742108797851,0.47802197802197804,435,27,2041,475
0.1909682383706086,0.9415584415584416,0.8116057233704292,0.30523841504365345,0.47854785478547857,435,27,2042,474
0.1915008553956964,0.9415584415584416,0.8120031796502385,0.3049026192075218,0.4790748898678414,435,27,2043,473
0.1916504462345231,0.9415584415584416,0.8124006359300477,0.3045668233713902,0.4796030871003308,435,27,2044,472
0.1922564823137561,0.9415584415584416,0.8127980922098569,0.30423102753525855,0.48013245033112584,435,27,2045,471
0.192320638123139,0.9415584415584416,0.8131955484896661,0.3038952316991269,0.48066298342541436,435,27,2046,470
0.19302354701627,0.9415584415584416,0.8135930047694754,0.3035594358629953,0.4811946902654867,435,27,2047,469
0.1933818599232358,0.9415584415584416,0.8139904610492846,0.3032236400268637,0.48172757475083056,435,27,2048,468
0.1936214420824853,0.9415584415584416,0.8143879173290938,0.30288784419073206,0.48226164079822614,435,27,2049,467
0.1941891446419213,0.9415584415584416,0.814785373608903,0.3025520483546004,0.4827968923418424,435,27,2050,466
0.1944607364784881,0.9415584415584416,0.8151828298887123,0.3022162525184688,0.48333333333333334,435,27,2051,465
0.1945507209020059,0.9415584415584416,0.8155802861685215,0.30188045668233715,0.4838709677419355,435,27,2052,464
0.194583216993584,0.9415584415584416,0.8159777424483307,0.3015446608462055,0.4844097995545657,435,27,2053,463
0.195,0.9415584415584416,0.8163751987281399,0.3012088650100739,0.48494983277591974,435,27,2054,462
0.1960457351031444,0.9415584415584416,0.8163751987281399,0.3012088650100739,0.48494983277591974,435,27,2054,462
0.1960557097178651,0.9415584415584416,0.8167726550079492,0.30087306917394224,0.48549107142857145,435,27,2055,461
0.1960995154032553,0.9393939393939394,0.8167726550079492,0.3005372733378106,0.4849162011173184,434,28,2055,461
0.1965456699801054,0.9393939393939394,0.8171701112877583,0.30020147750167897,0.4854586129753915,434,28,2056,460
0.1967808354615759,0.9393939393939394,0.8175675675675675,0.29986568166554733,0.48600223964165734,434,28,2057,459
0.197484199937105,0.9372294372294372,0.8175675675675675,0.2995298858294157,0.4854260089686099,433,29,2057,459
0.1979009276131988,0.9372294372294372,0.8179650238473768,0.29919408999328406,0.48597081930415265,433,29,2058,458
0.1981836385567305,0.9372294372294372,0.818362480127186,0.2988582941571524,0.48651685393258426,433,29,2059,457
0.1982430353585944,0.9372294372294372,0.8187599364069952,0.29852249832102085,0.4870641169853768,433,29,2060,456
0.1997340629576597,0.9372294372294372,0.8191573926868044,0.2981867024848892,0.48761261261261263,433,29,2061,455
0.1999549060326782,0.935064935064935,0.8191573926868044,0.2978509066487576,0.48703494926719276,432,30,2061,455
0.2,0.935064935064935,0.8195548489666137,0.29751511081262594,0.48758465011286684,432,30,2062,454
0.2003055035978614,0.935064935064935,0.8195548489666137,0.29751511081262594,0.48758465011286684,432,30,2062,454
0.2004645976523099,0.935064935064935,0.8199523052464229,0.2971793149764943,0.488135593220339,432,30,2063,453
0.2015234778631568,0.935064935064935,0.8203497615262321,0.29684351914036267,0.48868778280542985,432,30,2064,452
0.2018457094011363,0.935064935064935,0.8207472178060413,0.29650772330423103,0.48924122310305773,432,30,2065,451
0.2033283650273522,0.935064935064935,0.8211446740858506,0.2961719274680994,0.4897959183673469,432,30,2066,450
0.2035271616632027,0.935064935064935,0.8215421303656598,0.29583613163196776,0.49035187287173665,432,30,2067,449
0.2040753333957395,0.935064935064935,0.821939586645469,0.2955003357958361,0.4909090909090909,432,30,2068,448
0.2045806173413802,0.935064935064935,0.8223370429252782,0.2951645399597045,0.49146757679180886,432,30,2069,447
0.204775326576687,0.935064935064935,0.8227344992050875,0.29482874412357285,0.4920273348519362,432,30,2070,446
0.2048643892778302,0.935064935064935,0.8231319554848967,0.2944929482874412,0.4925883694412771,432,30,2071,445
0.20500000000000002,0.935064935064935,0.8235294117647058,0.2941571524513096,0.4931506849315068,432,30,2072,444
0.2054386729577215,0.935064935064935,0.8235294117647058,0.2941571524513096,0.4931506849315068,432,30,2072,444
0.2058213791634132,0.935064935064935,0.8239268680445151,0.293821356615178,0.4937142857142857,432,30,2073,443
0.2059773156431327,0.935064935064935,0.8243243243243243,0.29348556077904636,0.494279176201373,432,30,2074,442
0.2060869343982623,0.935064935064935,0.8247217806041336,0.2931497649429147,0.4948453608247423,432,30,2075,441
0.2068051357847991,0.935064935064935,0.8251192368839427,0.2928139691067831,0.4954128440366973,432,30,2076,440
0.2075637147771334,0.935064935064935,0.825516693163752,0.29247817327065145,0.49598163030998854,432,30,2077,439
0.2078496126511876,0.935064935064935,0.8259141494435612,0.2921423774345198,0.496551724137931,432,30,2078,438
0.2082839381460876,0.935064935064935,0.8263116057233705,0.2918065815983882,0.49712313003452246,432,30,2079,437
0.2083746713100612,0.935064935064935,0.8267090620031796,0.29147078576225655,0.4976958525345622,432,30,2080,436
0.2085977310923228,0.935064935064935,0.8271065182829889,0.2911349899261249,0.4982698961937716,432,30,2081,435
0.208623166475378,0.935064935064935,0.8275039745627981,0.2907991940899933,0.49884526558891457,432,30,2082,434
0.2089794267835208,0.935064935064935,0.8279014308426074,0.29046339825386164,0.49942196531791905,432,30,2083,433
0.2092772327337646,0.935064935064935,0.8282988871224165,0.29012760241773,0.5,432,30,2084,432
0.2094000662136797,0.935064935064935,0.8286963434022258,0.28979180658159837,0.5005793742757821,432,30,2085,431
0.21,0.935064935064935,0.829093799682035,0.28945601074546673,0.5011600928074246,432,30,2086,430
0.2105436810529163,0.935064935064935,0.829093799682035,0.28945601074546673,0.5011600928074246,432,30,2086,430
0.2107571888377648,0.9329004329004329,0.829093799682035,0.28912021490933515,0.5005807200929152,431,31,2086,430
0.2109328206250748,0.9329004329004329,0.8294912559618441,0.2887844190732035,0.5011627906976744,431,31,2087,429
0.2111512124828077,0.9307359307359307,0.8294912559618441,0.2884486232370719,0.5005820721769499,430,32,2087,429
0.2112839854761087,0.9307359307359307,0.8298887122416534,0.28811282740094024,0.5011655011655012,430,32,2088,428
0.2116758893606845,0.9307359307359307,0.8302861685214626,0.2877770315648086,0.5017502917152858,430,32,2089,427
0.2116811134307801,0.9307359307359307,0.8306836248012719,0.28744123572867697,0.5023364485981309,430,32,2090,426
0.211829016000258,0.9307359307359307,0.831081081081081,0.28710543989254533,0.5029239766081871,430,32,2091,425
0.2121906381955084,0.9307359307359307,0.8314785373608903,0.2867696440564137,0.5035128805620609,430,32,2092,424
0.212432154673085,0.9285714285714286,0.8314785373608903,0.28643384822028206,0.5029308323563892,429,33,2092,424
0.212769257934418,0.9264069264069265,0.8314785373608903,0.2860980523841504,0.5023474178403756,428,34,2092,424
0.213400406604491,0.9264069264069265,0.8318759936406995,0.2857622565480188,0.5029377203290247,428,34,2093,423
0.2138831278080688,0.9264069264069265,0.8322734499205088,0.28542646071188715,0.5035294117647059,428,34,2094,422
0.213982279808035,0.9264069264069265,0.8326709062003179,0.2850906648757555,0.5041224970553593,428,34,2095,421
0.21409086807591,0.9264069264069265,0.8330683624801272,0.2847548690396239,0.5047169811320755,428,34,2096,420
0.2143529019418359,0.9264069264069265,0.8334658187599364,0.2844190732034923,0.5053128689492326,428,34,2097,419
0.2147181823679545,0.9264069264069265,0.8338632750397457,0.28408327736736066,0.5059101654846335,428,34,2098,418
0.215,0.9264069264069265,0.8342607313195548,0.28374748153122903,0.506508875739645,428,34,2099,417
0.2150199857063964,0.9264069264069265,0.8342607313195548,0.28374748153122903,0.506508875739645,428,34,2099,417
0.2152625936889929,0.9242424242424242,0.8342607313195548,0.2834116856950974,0.5059241706161137,427,35,2099,417
0.2154552150467622,0.9242424242424242,0.834658187599364,0.28307588985896576,0.5065243179122183,427,35,2100,416
0.2157949699944565,0.9242424242424242,0.8350556438791733,0.2827400940228341,0.5071258907363421,427,35,2101,415
0.216819051858133,0.9242424242424242,0.8354531001589826,0.2824042981867025,0.5077288941736029,427,35,2102,414
0.2175716435991704,0.9242424242424242,0.8358505564387917,0.28206850235057085,0.5083333333333333,427,35,2103,413
0.217987181104582,0.9242424242424242,0.8362480127186009,0.2817327065144392,0.5089392133492253,427,35,2104,412
0.2186558774044917,0.9242424242424242,0.8366454689984102,0.2813969106783076,0.5095465393794749,427,35,2105,411
0.2187747933129661,0.9242424242424242,0.8370429252782194,0.28106111484217594,0.5101553166069295,427,35,2106,410
0.2193577837985353,0.9242424242424242,0.8374403815580286,0.2807253190060443,0.5107655502392344,427,35,2107,409
0.2199649017379981,0.9242424242424242,0.8378378378378378,0.28038952316991267,0.511377245508982,427,35,2108,408
0.22,0.9242424242424242,0.8382352941176471,0.2800537273337811,0.511990407673861,427,35,2109,407
0.2203838710313703,0.9242424242424242,0.8382352941176471,0.2800537273337811,0.511990407673861,427,35,2109,407
0.2204363784140073,0.9242424242424242,0.8386327503974563,0.27971793149764945,0.5126050420168067,427,35,2110,406
0.2205294701446553,0.9242424242424242,0.8390302066772655,0.2793821356615178,0.5132211538461539,427,35,2111,405
0.2208181069879617,0.9242424242424242,0.8394276629570747,0.2790463398253862,0.5138387484957883,427,35,2112,404
0.2211833723925202,0.9242424242424242,0.839825119236884,0.27871054398925454,0.5144578313253012,427,35,2113,403
0.2215201673050734,0.9242424242424242,0.8402225755166932,0.2783747481531229,0.5150784077201448,427,35,2114,402
0.22304864850112,0.9242424242424242,0.8406200317965024,0.2780389523169913,0.5157004830917874,427,35,2115,401
0.2233845414397513,0.9242424242424242,0.8410174880763116,0.27770315648085964,0.5163240628778718,427,35,2116,400
0.2235052566316655,0.9242424242424242,0.8414149443561209,0.277367360644728,0.5169491525423728,427,35,2117,399
0.2237933771955126,0.9242424242424242,0.8418124006359301,0.27703156480859636,0.5175757575757576,427,35,2118,398
0.2247484716414479,0.9242424242424242,0.8422098569157392,0.27669576897246473,0.5182038834951457,427,35,2119,397
0.2249359482393171,0.9242424242424242,0.8426073131955485,0.2763599731363331,0.5188335358444714,427,35,2120,396
0.225,0.9242424242424242,0.8430047694753577,0.27602417730020146,0.5194647201946472,427,35,2121,395
0.2252983503241049,0.9242424242424242,0.8430047694753577,0.27602417730020146,0.5194647201946472,427,35,2121,395
0.226026534651189,0.922077922077922,0.8430047694753577,0.2756883814640698,0.5188794153471377,426,36,2121,395
0.2260744735481077,0.922077922077922,0.8434022257551669,0.27535258562793824,0.5195121951219512,426,36,2122,394
0.2268631199681589,0.922077922077922,0.8437996820349761,0.2750167897918066,0.5201465201465202,426,36,2123,393
0.227189987990694,0.922077922077922,0.8441971383147854,0.27468099395567497,0.5207823960880196,426,36,2124,392
0.23,0.922077922077922,0.8445945945945946,0.27434519811954333,0.5214198286413708,426,36,2125,391
0.2303507289214029,0.922077922077922,0.8445945945945946,0.27434519811954333,0.5214198286413708,426,36,2125,391
0.2312961590748153,0.922077922077922,0.8449920508744038,0.2740094022834117,0.5220588235294118,426,36,2126,390
0.2317833824336491,0.922077922077922,0.845389507154213,0.27367360644728006,0.5226993865030675,426,36,2127,389
0.2319499863527001,0.922077922077922,0.8457869634340223,0.2733378106111484,0.5233415233415234,426,36,2128,388
0.2320099276849626,0.922077922077922,0.8461844197138315,0.2730020147750168,0.5239852398523985,426,36,2129,387
0.2323402954951474,0.922077922077922,0.8465818759936407,0.27266621893888515,0.5246305418719212,426,36,2130,386
0.233151117859016,0.9199134199134199,0.8465818759936407,0.2723304231027535,0.5240443896424167,425,37,2130,386
0.2333976211650595,0.9199134199134199,0.8469793322734499,0.2719946272666219,0.5246913580246914,425,37,2131,385
0.2345025903950592,0.9199134199134199,0.8473767885532592,0.27165883143049024,0.5253399258343634,425,37,2132,384
0.2346984538365442,0.9199134199134199,0.8477742448330684,0.2713230355943586,0.525990099009901,425,37,2133,383
0.23500000000000001,0.9199134199134199,0.8481717011128775,0.27098723975822697,0.5266418835192069,425,37,2134,382
0.2358147256460578,0.9199134199134199,0.8481717011128775,0.27098723975822697,0.5266418835192069,425,37,2134,382
0.2360371060432208,0.9199134199134199,0.8485691573926868,0.2706514439220954,0.5272952853598015,425,37,2135,381
0.2365793690369556,0.9199134199134199,0.848966613672496,0.27031564808596376,0.5279503105590062,425,37,2136,380
0.2369909459746607,0.9199134199134199,0.8493640699523053,0.2699798522498321,0.5286069651741293,425,37,2137,379
0.2372802466946328,0.9199134199134199,0.8497615262321144,0.2696440564137005,0.5292652552926526,425,37,2138,378
0.2380584608956867,0.9199134199134199,0.8501589825119237,0.26930826057756885,0.529925187032419,425,37,2139,377
0.2390140504372965,0.9199134199134199,0.8505564387917329,0.2689724647414372,0.5305867665418227,425,37,2140,376
0.24,0.9199134199134199,0.8509538950715422,0.2686366689053056,0.53125,425,37,2141,375
0.2408394824240498,0.9199134199134199,0.8509538950715422,0.2686366689053056,0.53125,425,37,2141,375
0.2409263457425512,0.9199134199134199,0.8513513513513513,0.26830087306917394,0.5319148936170213,425,37,2142,374
0.2411182545188123,0.9199134199134199,0.8517488076311606,0.2679650772330423,0.5325814536340853,425,37,2143,373
0.2417074717736531,0.9199134199134199,0.8521462639109698,0.26762928139691067,0.533249686323714,425,37,2144,372
0.2417807841919166,0.9199134199134199,0.8525437201907791,0.26729348556077903,0.5339195979899497,425,37,2145,371
0.2420348629886986,0.9199134199134199,0.8529411764705882,0.2669576897246474,0.5345911949685535,425,37,2146,370
0.2420625656817847,0.9199134199134199,0.8533386327503975,0.26662189388851576,0.535264483627204,425,37,2147,369
0.2426865849018502,0.9199134199134199,0.8537360890302067,0.2662860980523841,0.5359394703656999,425,37,2148,368
0.245,0.9199134199134199,0.854133545310016,0.26595030221625254,0.5366161616161617,425,37,2149,367
0.2453527355851287,0.9199134199134199,0.854133545310016,0.26595030221625254,0.5366161616161617,425,37,2149,367
0.2453882145310159,0.9199134199134199,0.8545310015898251,0.2656145063801209,0.5372945638432364,425,37,2150,366
0.2457146972502905,0.9199134199134199,0.8549284578696343,0.26527871054398927,0.5379746835443038,425,37,2151,365
0.2458245917551349,0.9199134199134199,0.8553259141494436,0.26494291470785764,0.5386565272496832,425,37,2152,364
0.2459993345871979,0.9199134199134199,0.8557233704292527,0.264607118871726,0.5393401015228426,425,37,2153,363
0.2472666692157266,0.9199134199134199,0.856120826709062,0.26427132303559436,0.5400254129606099,425,37,2154,362
0.2473978951625297,0.9199134199134199,0.8565182829888712,0.2639355271994627,0.5407124681933843,425,37,2155,361
0.2480694741362938,0.9177489177489178,0.8565182829888712,0.2635997313633311,0.5401273885350318,424,38,2155,361
0.2482333303379931,0.9177489177489178,0.8569157392686805,0.26326393552719946,0.5408163265306123,424,38,2156,360
0.2488515887787103,0.9177489177489178,0.8573131955484896,0.2629281396910678,0.541507024265645,424,38,2157,359
0.2493315419463903,0.9177489177489178,0.8577106518282989,0.2625923438549362,0.5421994884910486,424,38,2158,358
0.2497866032514938,0.9177489177489178,0.8581081081081081,0.26225654801880455,0.5428937259923176,424,38,2159,357
0.25,0.9177489177489178,0.8585055643879174,0.2619207521826729,0.5435897435897435,424,38,2160,356
0.2504004764019223,0.9177489177489178,0.8585055643879174,0.2619207521826729,0.5435897435897435,424,38,2160,356
0.251039377183908,0.9177489177489178,0.8589030206677265,0.2615849563465413,0.5442875481386393,424,38,2161,355
0.2517774483868187,0.9155844155844156,0.8589030206677265,0.2612491605104097,0.5437017994858612,423,39,2161,355
0.2521317779356974,0.9134199134199135,0.8589030206677265,0.26091336467427806,0.5431145431145431,422,40,2161,355
0.2529852451513462,0.9134199134199135,0.8593004769475358,0.2605775688381464,0.5438144329896907,422,40,2162,354
0.2531265799305255,0.9134199134199135,0.859697933227345,0.2602417730020148,0.5445161290322581,422,40,2163,353
0.2548806458757077,0.9134199134199135,0.8600953895071543,0.25990597716588315,0.5452196382428941,422,40,2164,352
0.255,0.9134199134199135,0.8604928457869634,0.2595701813297515,0.5459249676584734,422,40,2165,351
0.2550433937123857,0.9134199134199135,0.8604928457869634,0.2595701813297515,0.5459249676584734,422,40,2165,351
0.2555321591891462,0.9134199134199135,0.8608903020667726,0.2592343854936199,0.5466321243523317,422,40,2166,350
0.2566349600672509,0.9134199134199135,0.8612877583465819,0.25889858965748824,0.5473411154345007,422,40,2167,349
0.2566770167154348,0.9134199134199135,0.8616852146263911,0.2585627938213566,0.548051948051948,422,40,2168,348
0.2580720235745419,0.9134199134199135,0.8620826709062003,0.25822699798522497,0.5487646293888166,422,40,2169,347
0.2584677933582645,0.9134199134199135,0.8624801271860095,0.25789120214909333,0.5494791666666666,422,40,2170,346
0.2596258678539048,0.9134199134199135,0.8628775834658188,0.2575554063129617,0.5501955671447197,422,40,2171,345
0.26,0.9134199134199135,0.863275039745628,0.25721961047683006,0.5509138381201044,422,40,2172,344
0.260700875626458,0.9134199134199135,0.863275039745628,0.25721961047683006,0.5509138381201044,422,40,2172,344
0.2617583889660618,0.9134199134199135,0.8636724960254372,0.2568838146406985,0.5516339869281046,422,40,2173,343
0.2621051388547383,0.9134199134199135,0.8640699523052464,0.25654801880456685,0.5523560209424084,422,40,2174,342
0.2629665765823566,0.9134199134199135,0.8644674085850557,0.2562122229684352,0.5530799475753604,422,40,2175,341
0.2632410764834785,0.9134199134199135,0.8648648648648649,0.2558764271323036,0.5538057742782152,422,40,2176,340
0.2634609851784624,0.9134199134199135,0.865262321144674,0.25554063129617194,0.5545335085413929,422,40,2177,339
0.2635306537853278,0.9134199134199135,0.8656597774244833,0.2552048354600403,0.5552631578947368,422,40,2178,338
0.2638045592760626,0.9134199134199135,0.8660572337042926,0.25486903962390867,0.5559947299077734,422,40,2179,337
0.2642166505886267,0.9134199134199135,0.8664546899841018,0.25453324378777703,0.5567282321899736,422,40,2180,336
0.264637146514754,0.9134199134199135,0.8668521462639109,0.2541974479516454,0.5574636723910171,422,40,2181,335
0.264765322261936,0.9134199134199135,0.8672496025437202,0.25386165211551376,0.5582010582010583,422,40,2182,334
0.265,0.9112554112554112,0.8672496025437202,0.2535258562793821,0.5576158940397351,421,41,2182,334
0.2650765474748879,0.9112554112554112,0.8672496025437202,0.2535258562793821,0.5576158940397351,421,41,2182,334
0.2655873032702729,0.9112554112554112,0.8676470588235294,0.2531900604432505,0.5583554376657824,421,41,2183,333
0.2668964878717227,0.9112554112554112,0.8680445151033387,0.25285426460711885,0.5590969455511288,421,41,2184,332
0.2675326379241619,0.9090909090909091,0.8680445151033387,0.2525184687709872,0.5585106382978723,420,42,2184,332
0.2678624198569825,0.9090909090909091,0.8684419713831478,0.25218267293485563,0.559254327563249,420,42,2185,331
0.2681619365478686,0.9090909090909091,0.8688394276629571,0.251846877098724,0.56,420,42,2186,330
0.2685525199829857,0.9090909090909091,0.8692368839427663,0.25151108126259236,0.5607476635514018,420,42,2187,329
0.2690076193098753,0.9069264069264069,0.8692368839427663,0.2511752854264607,0.5601604278074866,419,43,2187,329
0.2693029860836187,0.9069264069264069,0.8696343402225755,0.2508394895903291,0.5609103078982597,419,43,2188,328
0.2693276140955329,0.9069264069264069,0.8700317965023847,0.25050369375419745,0.561662198391421,419,43,2189,327
0.2693700267956552,0.9047619047619048,0.8700317965023847,0.2501678979180658,0.5610738255033557,418,44,2189,327
0.27,0.9047619047619048,0.870429252782194,0.24983210208193418,0.5618279569892473,418,44,2190,326
0.270206740829399,0.9047619047619048,0.870429252782194,0.24983210208193418,0.5618279569892473,418,44,2190,326
0.2713244489489921,0.9047619047619048,0.8708267090620032,0.24949630624580255,0.5625841184387618,418,44,2191,325
0.2714736640644624,0.9025974025974026,0.8708267090620032,0.2491605104096709,0.5619946091644205,417,45,2191,325
0.2719361353752013,0.9004329004329005,0.8708267090620032,0.2488247145735393,0.5614035087719298,416,46,2191,325
0.2724379106341165,0.9004329004329005,0.8712241653418124,0.24848891873740767,0.5621621621621622,416,46,2192,324
0.2736333599223799,0.9004329004329005,0.8716216216216216,0.24815312290127603,0.5629228687415426,416,46,2193,323
0.2738241476217181,0.9004329004329005,0.8720190779014309,0.2478173270651444,0.5636856368563685,416,46,2194,322
0.2744998995332996,0.9004329004329005,0.8724165341812401,0.24748153122901276,0.5644504748982361,416,46,2195,321
0.2745057079017682,0.9004329004329005,0.8728139904610492,0.24714573539288112,0.5652173913043478,416,46,2196,320
0.2747001058983424,0.9004329004329005,0.8732114467408585,0.24680993955674949,0.5659863945578232,416,46,2197,319
0.275,0.9004329004329005,0.8736089030206677,0.24647414372061788,0.5667574931880109,416,46,2198,318
0.2755021525795982,0.9004329004329005,0.8736089030206677,0.24647414372061788,0.5667574931880109,416,46,2198,318
0.278134651333428,0.9004329004329005,0.874006359300477,0.24613834788448624,0.567530695770805,416,46,2199,317
0.2798290299920698,0.9004329004329005,0.8744038155802861,0.2458025520483546,0.5683060109289617,416,46,2200,316
0.2798300571944252,0.9004329004329005,0.8748012718600954,0.24546675621222297,0.5690834473324213,416,46,2201,315
0.28,0.9004329004329005,0.8751987281399046,0.24513096037609133,0.5698630136986301,416,46,2202,314
0.2803404555165287,0.9004329004329005,0.8751987281399046,0.24513096037609133,0.5698630136986301,416,46,2202,314
0.2811312075788963,0.9004329004329005,0.8755961844197139,0.2447951645399597,0.5706447187928669,416,46,2203,313
0.2814522351974113,0.9004329004329005,0.875993640699523,0.24445936870382806,0.5714285714285714,416,46,2204,312
0.2824988690309606,0.9004329004329005,0.8763910969793323,0.24412357286769645,0.5722145804676754,416,46,2205,311
0.2825891321557079,0.9004329004329005,0.8767885532591415,0.24378777703156482,0.5730027548209367,416,46,2206,310
0.2827763021352183,0.9004329004329005,0.8771860095389508,0.24345198119543318,0.5737931034482758,416,46,2207,309
0.282892531513224,0.9004329004329005,0.8775834658187599,0.24311618535930155,0.574585635359116,416,46,2208,308
0.2831105542503035,0.9004329004329005,0.8779809220985691,0.2427803895231699,0.5753803596127247,416,46,2209,307
0.2834641274771748,0.9004329004329005,0.8783783783783784,0.24244459368703827,0.5761772853185596,416,46,2210,306
0.283641010418205,0.9004329004329005,0.8787758346581876,0.24210879785090664,0.5769764216366158,416,46,2211,305
0.2847078601486943,0.9004329004329005,0.8791732909379968,0.24177300201477503,0.5777777777777777,416,46,2212,304
0.28500000000000003,0.9004329004329005,0.879570747217806,0.2414372061786434,0.5785813630041725,416,46,2213,303
0.2852898738523046,0.9004329004329005,0.879570747217806,0.2414372061786434,0.5785813630041725,416,46,2213,303
0.2855882437138823,0.9004329004329005,0.8799682034976153,0.24110141034251176,0.5793871866295265,416,46,2214,302
0.285835445575233,0.9004329004329005,0.8803656597774245,0.24076561450638012,0.5801952580195258,416,46,2215,301
0.2859685125740726,0.9004329004329005,0.8807631160572337,0.24042981867024849,0.5810055865921788,416,46,2216,300
0.2861985384296368,0.8982683982683982,0.8807631160572337,0.24009402283411685,0.5804195804195804,415,47,2216,300
0.2881674156278505,0.8982683982683982,0.8811605723370429,0.2397582269979852,0.5812324929971989,415,47,2217,299
0.2898027913517075,0.8982683982683982,0.8815580286168522,0.2394224311618536,0.5820476858345021,415,47,2218,298
0.29,0.8982683982683982,0.8819554848966613,0.23908663532572197,0.5828651685393258,415,47,2219,297
0.2900454556953,0.8982683982683982,0.8819554848966613,0.23908663532572197,0.5828651685393258,415,47,2219,297
0.2907294062556235,0.8982683982683982,0.8823529411764706,0.23875083948959033,0.5836849507735584,415,47,2220,296
0.2914368929809592,0.8982683982683982,0.8827503974562798,0.2384150436534587,0.5845070422535211,415,47,2221,295
0.2919727317459071,0.8982683982683982,0.8831478537360891,0.23807924781732706,0.5853314527503526,415,47,2222,294
0.2920359001239037,0.8982683982683982,0.8835453100158982,0.23774345198119542,0.5861581920903954,415,47,2223,293
0.2936746114644543,0.8982683982683982,0.8839427662957074,0.2374076561450638,0.5869872701555869,415,47,2224,292
0.2940231376181235,0.8982683982683982,0.8843402225755167,0.23707186030893218,0.5878186968838527,415,47,2225,291
0.2948707812307911,0.8982683982683982,0.884737678855326,0.23673606447280054,0.5886524822695035,415,47,2226,290
0.294902728790674,0.8982683982683982,0.8851351351351351,0.2364002686366689,0.5894886363636364,415,47,2227,289
0.295,0.8982683982683982,0.8855325914149443,0.23606447280053727,0.5903271692745377,415,47,2228,288
0.2957957531270265,0.8982683982683982,0.8855325914149443,0.23606447280053727,0.5903271692745377,415,47,2228,288
0.2959071059829087,0.8982683982683982,0.8859300476947536,0.23572867696440564,0.5911680911680912,415,47,2229,287
0.2964547802921757,0.8982683982683982,0.8863275039745628,0.235392881128274,0.5920114122681883,415,47,2230,286
0.2969823341063052,0.8982683982683982,0.886724960254372,0.23505708529214236,0.5928571428571429,415,47,2231,285
0.2972181645812589,0.8982683982683982,0.8871224165341812,0.23472128945601076,0.5937052932761088,415,47,2232,284
0.3,0.8982683982683982,0.8875198728139905,0.23438549361987912,0.5945558739255015,415,47,2233,283
0.3005222125855354,0.8982683982683982,0.8875198728139905,0.23438549361987912,0.5945558739255015,415,47,2233,283
0.3013619596838296,0.8961038961038961,0.8875198728139905,0.23404969778374748,0.593974175035868,414,48,2233,283
0.3032891638752674,0.8961038961038961,0.8879173290937997,0.23371390194761585,0.5948275862068966,414,48,2234,282
0.3037489183657195,0.8961038961038961,0.8883147853736089,0.2333781061114842,0.5956834532374101,414,48,2235,281
0.3046446440792392,0.8939393939393939,0.8883147853736089,0.23304231027535258,0.5951008645533141,413,49,2235,281
0.305,0.8939393939393939,0.8887122416534181,0.23270651443922094,0.5959595959595959,413,49,2236,280
0.3055878246364428,0.8939393939393939,0.8887122416534181,0.23270651443922094,0.5959595959595959,413,49,2236,280
0.3057043068912689,0.8939393939393939,0.8891096979332274,0.23237071860308933,0.596820809248555,413,49,2237,279
0.3062496523387611,0.8939393939393939,0.8895071542130366,0.2320349227669577,0.597684515195369,413,49,2238,278
0.306383605930202,0.8939393939393939,0.8899046104928457,0.23169912693082606,0.5985507246376811,413,49,2239,277
0.3065987811110551,0.8917748917748918,0.8899046104928457,0.23136333109469442,0.5979680696661829,412,50,2239,277
0.3067577486654503,0.8917748917748918,0.890302066772655,0.2310275352585628,0.5988372093023255,412,50,2240,276
0.3081170182970514,0.8917748917748918,0.8906995230524642,0.23069173942243115,0.5997088791848617,412,50,2241,275
0.3086401221432907,0.8917748917748918,0.8910969793322735,0.23035594358629952,0.6005830903790087,412,50,2242,274
0.3087849344656476,0.8896103896103896,0.8910969793322735,0.2300201477501679,0.6,411,51,2242,274
0.31,0.8896103896103896,0.8914944356120826,0.22968435191403627,0.6008771929824561,411,51,2243,273
0.312041908855079,0.8896103896103896,0.8914944356120826,0.22968435191403627,0.6008771929824561,411,51,2243,273
0.3125355757492885,0.8896103896103896,0.8918918918918919,0.22934855607790464,0.6017569546120058,411,51,2244,272
0.3126080344255618,0.8896103896103896,0.8922893481717011,0.229012760241773,0.6026392961876833,411,51,2245,271
0.3144927957739135,0.8896103896103896,0.8926868044515104,0.22867696440564136,0.6035242290748899,411,51,2246,270
0.315,0.8896103896103896,0.8930842607313195,0.22834116856950973,0.6044117647058823,411,51,2247,269
0.3152513645573979,0.8896103896103896,0.8930842607313195,0.22834116856950973,0.6044117647058823,411,51,2247,269
0.315488242850841,0.8896103896103896,0.8934817170111288,0.22800537273337812,0.605301914580265,411,51,2248,268
0.3162239935552767,0.8896103896103896,0.893879173290938,0.22766957689724648,0.6061946902654868,411,51,2249,267
0.3164331852797415,0.8874458874458875,0.893879173290938,0.22733378106111485,0.6056129985228951,410,52,2249,267
0.3168045277542707,0.8874458874458875,0.8942766295707473,0.2269979852249832,0.606508875739645,410,52,2250,266
0.317486632851262,0.8874458874458875,0.8946740858505564,0.22666218938885158,0.6074074074074074,410,52,2251,265
0.3182276272704917,0.8852813852813853,0.8946740858505564,0.22632639355271994,0.6068249258160238,409,53,2251,265
0.3187399346008554,0.8831168831168831,0.8946740858505564,0.2259905977165883,0.6062407132243685,408,54,2251,265
0.3187487404800644,0.8831168831168831,0.8950715421303657,0.2256548018804567,0.6071428571428571,408,54,2252,264
0.3190319937350943,0.8831168831168831,0.8954689984101749,0.22531900604432506,0.6080476900149031,408,54,2253,263
0.32,0.8809523809523809,0.8954689984101749,0.22498321020819342,0.6074626865671642,407,55,2253,263
0.320759857117124,0.8809523809523809,0.8954689984101749,0.22498321020819342,0.6074626865671642,407,55,2253,263
0.3207692968877857,0.8809523809523809,0.895866454689984,0.2246474143720618,0.6083707025411061,407,55,2254,262
0.3215316163569368,0.8809523809523809,0.8962639109697933,0.22431161853593015,0.6092814371257484,407,55,2255,261
0.3234213460163718,0.8787878787878788,0.8962639109697933,0.22397582269979852,0.6086956521739131,406,56,2255,261
0.3239612402432006,0.8787878787878788,0.8966613672496025,0.22364002686366688,0.6096096096096096,406,56,2256,260
0.325,0.8766233766233766,0.8966613672496025,0.22330423102753527,0.6090225563909775,405,57,2256,260
0.325221752601774,0.8766233766233766,0.8966613672496025,0.22330423102753527,0.6090225563909775,405,57,2256,260
0.3254067968095119,0.8766233766233766,0.8970588235294118,0.22296843519140364,0.6099397590361446,405,57,2257,259
0.3254155243724511,0.8744588744588745,0.8970588235294118,0.222632639355272,0.6093514328808446,404,58,2257,259
0.3257101084015956,0.8744588744588745,0.8974562798092209,0.22229684351914036,0.6102719033232629,404,58,2258,258
0.326032654679024,0.8744588744588745,0.8978537360890302,0.22196104768300873,0.6111951588502269,404,58,2259,257
0.3263262214696677,0.8744588744588745,0.8982511923688394,0.2216252518468771,0.6121212121212121,404,58,2260,256
0.3264990598974859,0.8744588744588745,0.8986486486486487,0.22128945601074546,0.6130500758725341,404,58,2261,255
0.3282737732872635,0.8744588744588745,0.8990461049284578,0.22095366017461385,0.6139817629179332,404,58,2262,254
0.3291141515974685,0.8744588744588745,0.8994435612082671,0.2206178643384822,0.6149162861491628,404,58,2263,253
0.33,0.8722943722943723,0.8994435612082671,0.22028206850235058,0.614329268292683,403,59,2263,253
0.3309233267739719,0.8722943722943723,0.8994435612082671,0.22028206850235058,0.614329268292683,403,59,2263,253
0.331286665952108,0.8701298701298701,0.8994435612082671,0.21994627266621894,0.6137404580152672,402,60,2263,253
0.3318569354858598,0.8701298701298701,0.8998410174880763,0.2196104768300873,0.6146788990825688,402,60,2264,252
0.333442363736975,0.8701298701298701,0.9002384737678856,0.21927468099395567,0.6156202143950995,402,60,2265,251
0.3339000006371999,0.8701298701298701,0.9006359300476947,0.21893888515782403,0.6165644171779141,402,60,2266,250
0.335,0.8701298701298701,0.901033386327504,0.21860308932169242,0.6175115207373272,402,60,2267,249
0.3355414637527649,0.8701298701298701,0.901033386327504,0.21860308932169242,0.6175115207373272,402,60,2267,249
0.3372709315525063,0.8679653679653679,0.901033386327504,0.2182672934855608,0.6169230769230769,401,61,2267,249
0.3373993985788733,0.8679653679653679,0.9014308426073132,0.21793149764942915,0.6178736517719569,401,61,2268,248
0.3379750400906297,0.8679653679653679,0.9018282988871225,0.21759570181329752,0.6188271604938271,401,61,2269,247
0.3381321926014772,0.8679653679653679,0.9022257551669316,0.21725990597716588,0.6197836166924265,401,61,2270,246
0.3384600432000388,0.8679653679653679,0.9026232114467408,0.21692411014103424,0.6207430340557275,401,61,2271,245
0.3384729274707784,0.8679653679653679,0.9030206677265501,0.2165883143049026,0.6217054263565891,401,61,2272,244
0.34,0.8679653679653679,0.9034181240063593,0.216252518468771,0.6226708074534162,401,61,2273,243
0.3402135060044121,0.8679653679653679,0.9034181240063593,0.216252518468771,0.6226708074534162,401,61,2273,243
0.3409273646912892,0.8679653679653679,0.9038155802861685,0.21591672263263936,0.6236391912908242,401,61,2274,242
0.3419376766322493,0.8658008658008658,0.9038155802861685,0.21558092679650773,0.6230529595015576,400,62,2274,242
0.3425263450096006,0.8658008658008658,0.9042130365659777,0.2152451309603761,0.62402496099844,400,62,2275,241
0.3429042762324757,0.8658008658008658,0.904610492845787,0.21490933512424445,0.625,400,62,2276,240
0.3435968458962923,0.8636363636363636,0.904610492845787,0.21457353928811282,0.6244131455399061,399,63,2276,240
0.34500000000000003,0.8614718614718615,0.904610492845787,0.21423774345198118,0.6238244514106583,398,64,2276,240
0.3459807072870739,0.8614718614718615,0.904610492845787,0.21423774345198118,0.6238244514106583,398,64,2276,240
0.3472481220941232,0.8614718614718615,0.9050079491255962,0.21390194761584957,0.6248037676609105,398,64,2277,239
0.3481582219303684,0.8614718614718615,0.9054054054054054,0.21356615177971794,0.6257861635220126,398,64,2278,238
0.3487509874790008,0.8614718614718615,0.9058028616852146,0.2132303559435863,0.6267716535433071,398,64,2279,237
0.3497221348406144,0.8614718614718615,0.9062003179650239,0.21289456010745467,0.6277602523659306,398,64,2280,236
0.35000000000000003,0.8614718614718615,0.9065977742448331,0.21255876427132303,0.6287519747235387,398,64,2281,235
0.3538290251192874,0.8614718614718615,0.9065977742448331,0.21255876427132303,0.6287519747235387,398,64,2281,235
0.3546418433947971,0.8593073593073594,0.9065977742448331,0.2122229684351914,0.6281645569620253,397,65,2281,235
0.3549329534209005,0.8593073593073594,0.9069952305246423,0.21188717259905976,0.6291600633914421,397,65,2282,234
0.355,0.8593073593073594,0.9073926868044515,0.21155137676292815,0.6301587301587301,397,65,2283,233
0.3559972637280328,0.8593073593073594,0.9073926868044515,0.21155137676292815,0.6301587301587301,397,65,2283,233
0.3573133405966585,0.8593073593073594,0.9077901430842608,0.21121558092679651,0.6311605723370429,397,65,2284,232
0.3579841854272252,0.8593073593073594,0.9081875993640699,0.21087978509066488,0.6321656050955414,397,65,2285,231
0.36,0.8593073593073594,0.9085850556438791,0.21054398925453324,0.6331738437001595,397,65,2286,230
0.3602803723774766,0.8593073593073594,0.9085850556438791,0.21054398925453324,0.6331738437001595,397,65,2286,230
0.3606443851210117,0.8593073593073594,0.9089825119236884,0.2102081934184016,0.634185303514377,397,65,2287,229
0.3606479608095296,0.8593073593073594,0.9093799682034976,0.20987239758226997,0.6352,397,65,2288,228
0.3610939594834053,0.8593073593073594,0.9097774244833068,0.20953660174613833,0.6362179487179487,397,65,2289,227
0.361757170679585,0.8593073593073594,0.910174880763116,0.20920080591000673,0.637239165329053,397,65,2290,226
0.3625074370024836,0.8571428571428571,0.910174880763116,0.2088650100738751,0.6366559485530546,396,66,2290,226
0.3647983256121949,0.8571428571428571,0.9105723370429253,0.20852921423774345,0.6376811594202898,396,66,2291,225
0.365,0.8571428571428571,0.9109697933227345,0.20819341840161182,0.6387096774193548,396,66,2292,224
0.3660424760573281,0.8571428571428571,0.9109697933227345,0.20819341840161182,0.6387096774193548,396,66,2292,224
0.366866400607106,0.8571428571428571,0.9113672496025437,0.20785762256548018,0.6397415185783522,396,66,2293,223
0.3670688599489287,0.854978354978355,0.9113672496025437,0.20752182672934855,0.63915857605178,395,67,2293,223
0.367072019948894,0.854978354978355,0.9117647058823529,0.2071860308932169,0.640194489465154,395,67,2294,222
0.3681294745989791,0.8528138528138528,0.9117647058823529,0.2068502350570853,0.6396103896103896,394,68,2294,222
0.3684078521263184,0.8528138528138528,0.9121621621621622,0.20651443922095367,0.640650406504065,394,68,2295,221
0.3690904637305497,0.8528138528138528,0.9125596184419714,0.20617864338482203,0.6416938110749185,394,68,2296,220
0.37,0.8506493506493507,0.9125596184419714,0.2058428475486904,0.6411092985318108,393,69,2296,220
0.3701876277873218,0.8506493506493507,0.9125596184419714,0.2058428475486904,0.6411092985318108,393,69,2296,220
0.3701994021634416,0.8506493506493507,0.9129570747217806,0.20550705171255876,0.6421568627450981,393,69,2297,219
0.3711560660369019,0.8484848484848485,0.9129570747217806,0.20517125587642712,0.6415711947626841,392,70,2297,219
0.371471664572075,0.8463203463203464,0.9129570747217806,0.20483546004029551,0.6409836065573771,391,71,2297,219
0.3735149724424202,0.8463203463203464,0.9133545310015898,0.20449966420416388,0.6420361247947455,391,71,2298,218
0.3741715131026308,0.8463203463203464,0.9137519872813991,0.20416386836803224,0.6430921052631579,391,71,2299,217
0.374998648499988,0.8441558441558441,0.9137519872813991,0.2038280725319006,0.642504118616145,390,72,2299,217
0.375,0.8441558441558441,0.9141494435612083,0.20349227669576897,0.6435643564356436,390,72,2300,216
0.3762329411507769,0.8441558441558441,0.9141494435612083,0.20349227669576897,0.6435643564356436,390,72,2300,216
0.3782596051808963,0.8441558441558441,0.9145468998410174,0.20315648085963733,0.6446280991735537,390,72,2301,215
0.3782651228087722,0.8441558441558441,0.9149443561208267,0.2028206850235057,0.6456953642384106,390,72,2302,214
0.3785663890741808,0.8441558441558441,0.915341812400636,0.2024848891873741,0.6467661691542289,390,72,2303,213
0.379044999379045,0.841991341991342,0.915341812400636,0.20214909335124245,0.6461794019933554,389,73,2303,213
0.38,0.8398268398268398,0.915341812400636,0.20181329751511082,0.6455906821963394,388,74,2303,213
0.382024664292148,0.8398268398268398,0.915341812400636,0.20181329751511082,0.6455906821963394,388,74,2303,213
0.3830169354298101,0.8398268398268398,0.9157392686804452,0.20147750167897918,0.6466666666666666,388,74,2304,212
0.3842195731145794,0.8398268398268398,0.9161367249602543,0.20114170584284755,0.6477462437395659,388,74,2305,211
0.3843384801303318,0.8398268398268398,0.9165341812400636,0.2008059100067159,0.6488294314381271,388,74,2306,210
0.385,0.8398268398268398,0.9169316375198728,0.20047011417058427,0.6499162479061976,388,74,2307,209
0.3874636440114252,0.8398268398268398,0.9169316375198728,0.20047011417058427,0.6499162479061976,388,74,2307,209
0.3879072707315287,0.8398268398268398,0.9173290937996821,0.20013431833445267,0.6510067114093959,388,74,2308,208
0.3879632586079569,0.8398268398268398,0.9177265500794912,0.19979852249832103,0.6521008403361345,388,74,2309,207
0.3889417043550063,0.8398268398268398,0.9181240063593005,0.1994627266621894,0.6531986531986532,388,74,2310,206
0.39,0.8376623376623377,0.9181240063593005,0.19912693082605776,0.6526138279932546,387,75,2310,206
0.3902619334148289,0.8376623376623377,0.9181240063593005,0.19912693082605776,0.6526138279932546,387,75,2310,206
0.3906141220560368,0.8376623376623377,0.9185214626391097,0.19879113498992612,0.6537162162162162,387,75,2311,205
0.3911185429721664,0.8376623376623377,0.918918918918919,0.19845533915379449,0.6548223350253807,387,75,2312,204
0.3930387488636682,0.8376623376623377,0.9193163751987281,0.19811954331766285,0.6559322033898305,387,75,2313,203
0.3934680783965787,0.8354978354978355,0.9193163751987281,0.19778374748153124,0.6553480475382003,386,76,2313,203
0.3941528358512158,0.8333333333333334,0.9193163751987281,0.1974479516453996,0.6547619047619048,385,77,2313,203
0.394600094165522,0.8333333333333334,0.9197138314785374,0.19711215580926797,0.65587734241908,385,77,2314,202
0.395,0.8333333333333334,0.9201112877583466,0.19677635997313633,0.6569965870307167,385,77,2315,201
0.3956835851539571,0.8333333333333334,0.9201112877583466,0.19677635997313633,0.6569965870307167,385,77,2315,201
0.3961186344842475,0.8333333333333334,0.9205087440381559,0.1964405641370047,0.6581196581196581,385,77,2316,200
0.3966118416175395,0.8333333333333334,0.920906200317965,0.19610476830087306,0.6592465753424658,385,77,2317,199
0.39696288990108,0.8333333333333334,0.9213036565977742,0.19576897246474143,0.660377358490566,385,77,2318,198
0.397084508652828,0.8333333333333334,0.9217011128775835,0.19543317662860982,0.6615120274914089,385,77,2319,197
0.3973151087409323,0.8333333333333334,0.9220985691573926,0.19509738079247818,0.6626506024096386,385,77,2320,196
0.3989262201141462,0.8333333333333334,0.9224960254372019,0.19476158495634655,0.6637931034482759,385,77,2321,195
0.4,0.8333333333333334,0.9228934817170111,0.1944257891202149,0.6649395509499136,385,77,2322,194
0.4018537277236669,0.8333333333333334,0.9228934817170111,0.1944257891202149,0.6649395509499136,385,77,2322,194
0.402182966456424,0.8333333333333334,0.9232909379968204,0.19408999328408327,0.6660899653979239,385,77,2323,193
0.4035133260912427,0.8333333333333334,0.9236883942766295,0.19375419744795164,0.6672443674176777,385,77,2324,192
0.4039802114159209,0.8311688311688312,0.9236883942766295,0.19341840161182,0.6666666666666666,384,78,2324,192
0.4047044746371533,0.829004329004329,0.9236883942766295,0.1930826057756884,0.6660869565217391,383,79,2324,192
0.405,0.8268398268398268,0.9236883942766295,0.19274680993955676,0.6655052264808362,382,80,2324,192
0.4078665041316805,0.8268398268398268,0.9236883942766295,0.19274680993955676,0.6655052264808362,382,80,2324,192
0.4095581548779077,0.8246753246753247,0.9236883942766295,0.19241101410342512,0.6649214659685864,381,81,2324,192
0.41000000000000003,0.8246753246753247,0.9240858505564388,0.19207521826729348,0.666083916083916,381,81,2325,191
0.4114346082286921,0.8246753246753247,0.9240858505564388,0.19207521826729348,0.666083916083916,381,81,2325,191
0.411729349296239,0.8246753246753247,0.924483306836248,0.19173942243116185,0.6672504378283712,381,81,2326,190
0.4132030465926598,0.8246753246753247,0.9248807631160573,0.1914036265950302,0.6684210526315789,381,81,2327,189
0.4137746426624677,0.8225108225108225,0.9248807631160573,0.19106783075889858,0.6678383128295254,380,82,2327,189
0.4139606131162363,0.8225108225108225,0.9252782193958664,0.19073203492276697,0.6690140845070423,380,82,2328,188
0.4145237127355662,0.8225108225108225,0.9256756756756757,0.19039623908663533,0.6701940035273368,380,82,2329,187
0.41500000000000004,0.8225108225108225,0.9260731319554849,0.1900604432505037,0.6713780918727915,380,82,2330,186
0.4152826023966782,0.8225108225108225,0.9260731319554849,0.1900604432505037,0.6713780918727915,380,82,2330,186
0.4173404612467223,0.8203463203463204,0.9260731319554849,0.18972464741437206,0.6707964601769911,379,83,2330,186
0.417418152719506,0.8203463203463204,0.9264705882352942,0.18938885157824042,0.6719858156028369,379,83,2331,185
0.4184491044171113,0.8203463203463204,0.9268680445151033,0.1890530557421088,0.6731793960923623,379,83,2332,184
0.4185262649283356,0.8181818181818182,0.9268680445151033,0.18871725990597715,0.6725978647686833,378,84,2332,184
0.4187064347251743,0.816017316017316,0.9268680445151033,0.18838146406984554,0.6720142602495544,377,85,2332,184
0.4191304594810437,0.8138528138528138,0.9268680445151033,0.1880456682337139,0.6714285714285714,376,86,2332,184
0.4191775688257345,0.8116883116883117,0.9268680445151033,0.18770987239758227,0.6708407871198568,375,87,2332,184
0.42,0.8116883116883117,0.9272655007949125,0.18737407656145064,0.6720430107526881,375,87,2333,183
0.4203407759974008,0.8116883116883117,0.9272655007949125,0.18737407656145064,0.6720430107526881,375,87,2333,183
0.4215201871739382,0.8116883116883117,0.9276629570747218,0.187038280725319,0.6732495511669659,375,87,2334,182
0.4235155827271722,0.8095238095238095,0.9276629570747218,0.18670248488918736,0.6726618705035972,374,88,2334,182
0.425,0.8095238095238095,0.928060413354531,0.18636668905305573,0.6738738738738739,374,88,2335,181
0.425075783920485,0.8095238095238095,0.928060413354531,0.18636668905305573,0.6738738738738739,374,88,2335,181
0.4255674213591456,0.8095238095238095,0.9284578696343402,0.18603089321692412,0.6750902527075813,374,88,2336,180
0.4260072225201444,0.8095238095238095,0.9288553259141494,0.18569509738079248,0.6763110307414105,374,88,2337,179
0.4272472809608957,0.8073593073593074,0.9288553259141494,0.18535930154466085,0.6757246376811594,373,89,2337,179
0.4273866981958729,0.8073593073593074,0.9292527821939587,0.1850235057085292,0.676950998185118,373,89,2338,178
0.4274392283039094,0.8073593073593074,0.9296502384737679,0.18468770987239758,0.6781818181818182,373,89,2339,177
0.4281991385326024,0.8073593073593074,0.9300476947535771,0.18435191403626594,0.6794171220400729,373,89,2340,176
0.43,0.8051948051948052,0.9300476947535771,0.18401611820013433,0.6788321167883211,372,90,2340,176
0.4319047009510501,0.8051948051948052,0.9300476947535771,0.18401611820013433,0.6788321167883211,372,90,2340,176
0.4336741899938928,0.803030303030303,0.9300476947535771,0.1836803223640027,0.6782449725776966,371,91,2340,176
0.435,0.803030303030303,0.9304451510333863,0.18334452652787106,0.6794871794871795,371,91,2341,175
0.4352138715613132,0.803030303030303,0.9304451510333863,0.18334452652787106,0.6794871794871795,371,91,2341,175
0.4355491344792486,0.8008658008658008,0.9304451510333863,0.18300873069173942,0.6788990825688074,370,92,2341,175
0.4363606563054033,0.8008658008658008,0.9308426073131956,0.1826729348556078,0.6801470588235294,370,92,2342,174
0.4367287980308741,0.7987012987012987,0.9308426073131956,0.18233713901947615,0.6795580110497238,369,93,2342,174
0.4374151085259847,0.7965367965367965,0.9308426073131956,0.18200134318334452,0.6789667896678967,368,94,2342,174
0.4386888910209554,0.7965367965367965,0.9312400635930048,0.1816655473472129,0.6802218114602587,368,94,2343,173
0.4394873758878975,0.7943722943722944,0.9312400635930048,0.18132975151108127,0.6796296296296296,367,95,2343,173
0.4396343414278028,0.7943722943722944,0.931637519872814,0.18099395567494964,0.6808905380333952,367,95,2344,172
0.44,0.7922077922077922,0.931637519872814,0.180658159838818,0.6802973977695167,366,96,2344,172
0.4404235959788202,0.7922077922077922,0.931637519872814,0.180658159838818,0.6802973977695167,366,96,2344,172
0.440581934124502,0.7922077922077922,0.9320349761526232,0.18032236400268636,0.6815642458100558,366,96,2345,171
0.4406385555684747,0.79004329004329,0.9320349761526232,0.17998656816655473,0.6809701492537313,365,97,2345,171
0.4409922731925335,0.79004329004329,0.9324324324324325,0.1796507723304231,0.6822429906542056,365,97,2346,170
0.441470502775879,0.79004329004329,0.9328298887122417,0.17931497649429148,0.6835205992509363,365,97,2347,169
0.4422138415778615,0.79004329004329,0.9332273449920508,0.17897918065815985,0.6848030018761726,365,97,2348,168
0.4434787240765063,0.79004329004329,0.9336248012718601,0.1786433848220282,0.6860902255639098,365,97,2349,167
0.443836286941361,0.79004329004329,0.9340222575516693,0.17830758898589658,0.687382297551789,365,97,2350,166
0.4443102093089633,0.7878787878787878,0.9340222575516693,0.17797179314976494,0.6867924528301886,364,98,2350,166
0.445,0.7878787878787878,0.9344197138314785,0.1776359973136333,0.6880907372400756,364,98,2351,165
0.4458961453149078,0.7878787878787878,0.9344197138314785,0.1776359973136333,0.6880907372400756,364,98,2351,165
0.4459355233297548,0.7878787878787878,0.9348171701112877,0.17730020147750167,0.6893939393939394,364,98,2352,164
0.4459837063867055,0.7878787878787878,0.935214626391097,0.17696440564137006,0.6907020872865275,364,98,2353,163
0.4464724249306431,0.7878787878787878,0.9356120826709062,0.17662860980523842,0.6920152091254753,364,98,2354,162
0.4481816561023736,0.7878787878787878,0.9360095389507154,0.1762928139691068,0.6933333333333334,364,98,2355,161
0.448433123237605,0.7878787878787878,0.9364069952305246,0.17595701813297515,0.6946564885496184,364,98,2356,160
0.4488763652020232,0.7878787878787878,0.9368044515103339,0.17562122229684352,0.6959847036328872,364,98,2357,159
0.4496251187350515,0.7857142857142857,0.9368044515103339,0.17528542646071188,0.6954022988505747,363,99,2357,159
0.4497471233758527,0.7857142857142857,0.9372019077901431,0.17494963062458024,0.6967370441458733,363,99,2358,158
0.45,0.7857142857142857,0.9375993640699523,0.17461383478844864,0.698076923076923,363,99,2359,157
0.4516360518428645,0.7857142857142857,0.9375993640699523,0.17461383478844864,0.698076923076923,363,99,2359,157
0.4520517013534797,0.7857142857142857,0.9379968203497615,0.174278038952317,0.6994219653179191,363,99,2360,156
0.4524219409622818,0.7857142857142857,0.9383942766295708,0.17394224311618536,0.7007722007722008,363,99,2361,155
0.4524638654703811,0.7857142857142857,0.93879173290938,0.17360644728005373,0.7021276595744681,363,99,2362,154
0.4531851280598543,0.7857142857142857,0.9391891891891891,0.1732706514439221,0.7034883720930233,363,99,2363,153
0.4546644398147312,0.7857142857142857,0.9395866454689984,0.17293485560779046,0.7048543689320388,363,99,2364,152
0.455,0.7857142857142857,0.9399841017488076,0.17259905977165882,0.7062256809338522,363,99,2365,151
0.4552656546536811,0.7857142857142857,0.9399841017488076,0.17259905977165882,0.7062256809338522,363,99,2365,151
0.4568406397144997,0.7857142857142857,0.9403815580286169,0.1722632639355272,0.7076023391812866,363,99,2366,150
0.4569322707865498,0.7857142857142857,0.940779014308426,0.17192746809939558,0.708984375,363,99,2367,149
0.4578024223743668,0.7857142857142857,0.9411764705882353,0.17159167226326394,0.7103718199608611,363,99,2368,148
0.46,0.7857142857142857,0.9415739268680445,0.1712558764271323,0.711764705882353,363,99,2369,147
0.461146719874651,0.7857142857142857,0.9415739268680445,0.1712558764271323,0.711764705882353,363,99,2369,147
0.4627299014143273,0.7857142857142857,0.9419713831478538,0.17092008059100067,0.7131630648330058,363,99,2370,146
0.4634874618539499,0.7835497835497836,0.9419713831478538,0.17058428475486903,0.7125984251968503,362,100,2370,146
0.465,0.7813852813852814,0.9419713831478538,0.1702484889187374,0.7120315581854043,361,101,2370,146
0.4652865413516183,0.7813852813852814,0.9419713831478538,0.1702484889187374,0.7120315581854043,361,101,2370,146
0.4667242860017285,0.7813852813852814,0.9423688394276629,0.1699126930826058,0.7134387351778656,361,101,2371,145
0.4680868683786837,0.7813852813852814,0.9427662957074722,0.16957689724647415,0.7148514851485148,361,101,2372,144
0.4687835388499464,0.7813852813852814,0.9431637519872814,0.16924110141034251,0.7162698412698413,361,101,2373,143
0.47000000000000003,0.7813852813852814,0.9435612082670907,0.16890530557421088,0.7176938369781312,361,101,2374,142
0.470108040630396,0.7813852813852814,0.9435612082670907,0.16890530557421088,0.7176938369781312,361,101,2374,142
0.4740302839894793,0.7813852813852814,0.9439586645468998,0.16856950973807924,0.7191235059760956,361,101,2375,141
0.47500000000000003,0.7813852813852814,0.9443561208267091,0.1682337139019476,0.720558882235529,361,101,2376,140
0.4756716975058814,0.7813852813852814,0.9443561208267091,0.1682337139019476,0.720558882235529,361,101,2376,140
0.4758530584971104,0.7813852813852814,0.9447535771065183,0.16789791806581597,0.722,361,101,2377,139
0.4762219247422722,0.7813852813852814,0.9451510333863276,0.16756212222968436,0.7234468937875751,361,101,2378,138
0.4762487661339861,0.7792207792207793,0.9451510333863276,0.16722632639355273,0.7228915662650602,360,102,2378,138
0.4778713646724962,0.7770562770562771,0.9451510333863276,0.1668905305574211,0.7223340040241448,359,103,2378,138
0.4783283857913314,0.7770562770562771,0.9455484896661367,0.16655473472128945,0.7237903225806451,359,103,2379,137
0.4790451607951174,0.7748917748917749,0.9455484896661367,0.16621893888515782,0.7232323232323232,358,104,2379,137
0.4796154820835294,0.7748917748917749,0.9459459459459459,0.16588314304902618,0.7246963562753036,358,104,2380,136
0.4797230472838773,0.7748917748917749,0.9463434022257552,0.16554734721289455,0.7261663286004056,358,104,2381,135
0.48,0.7748917748917749,0.9467408585055644,0.16521155137676294,0.7276422764227642,358,104,2382,134
0.4814005417361015,0.7748917748917749,0.9467408585055644,0.16521155137676294,0.7276422764227642,358,104,2382,134
0.4816891150788331,0.7727272727272727,0.9467408585055644,0.1648757555406313,0.7270875763747454,357,105,2382,134
0.4818737738567809,0.7727272727272727,0.9471383147853736,0.16453995970449967,0.7285714285714285,357,105,2383,133
0.4820309378859182,0.7727272727272727,0.9475357710651828,0.16420416386836803,0.7300613496932515,357,105,2384,132
0.4836801742611172,0.7705627705627706,0.9475357710651828,0.1638683680322364,0.7295081967213115,356,106,2384,132
0.485,0.7683982683982684,0.9475357710651828,0.16353257219610476,0.728952772073922,355,107,2384,132
0.485304928023218,0.7683982683982684,0.9475357710651828,0.16353257219610476,0.728952772073922,355,107,2384,132
0.4862091965965355,0.7662337662337663,0.9475357710651828,0.16319677635997312,0.7283950617283951,354,108,2384,132
0.4866952254334761,0.7662337662337663,0.9479332273449921,0.16286098052384151,0.7298969072164948,354,108,2385,131
0.4873289793949316,0.7662337662337663,0.9483306836248012,0.16252518468770988,0.731404958677686,354,108,2386,130
0.4883944501762121,0.7662337662337663,0.9487281399046105,0.16218938885157824,0.7329192546583851,354,108,2387,129
0.49,0.7662337662337663,0.9491255961844197,0.1618535930154466,0.7344398340248963,354,108,2388,128
0.4903789621959165,0.7662337662337663,0.9491255961844197,0.1618535930154466,0.7344398340248963,354,108,2388,128
0.4930473443418341,0.7640692640692641,0.9491255961844197,0.16151779717931497,0.7338877338877339,353,109,2388,128
0.4931821241363575,0.7640692640692641,0.949523052464229,0.16118200134318333,0.7354166666666667,353,109,2389,127
0.4935696620363561,0.7619047619047619,0.949523052464229,0.16084620550705173,0.7348643006263048,352,110,2389,127
0.4941525687005757,0.7619047619047619,0.9499205087440381,0.1605104096709201,0.7364016736401674,352,110,2390,126
0.495,0.7619047619047619,0.9503179650238474,0.16017461383478845,0.7379454926624738,352,110,2391,125
0.4966319295228396,0.7619047619047619,0.9503179650238474,0.16017461383478845,0.7379454926624738,352,110,2391,125
0.496811918,0.7619047619047619,0.9507154213036566,0.15983881799865682,0.7394957983193278,352,110,2392,124
0.4972944981794382,0.7619047619047619,0.9511128775834659,0.15950302216252518,0.7410526315789474,352,110,2393,123
0.4989651624637806,0.7619047619047619,0.951510333863275,0.15916722632639355,0.7426160337552743,352,110,2394,122
0.5,0.7597402597402597,0.951510333863275,0.1588314304902619,0.7420718816067653,351,111,2394,122
0.5001686143917716,0.7597402597402597,0.951510333863275,0.1588314304902619,0.7420718816067653,351,111,2394,122
0.5014374987273125,0.7597402597402597,0.9519077901430842,0.1584956346541303,0.7436440677966102,351,111,2395,121
0.5045560760619625,0.7597402597402597,0.9523052464228935,0.15815983881799867,0.7452229299363057,351,111,2396,120
0.5045880195229213,0.7597402597402597,0.9527027027027027,0.15782404298186703,0.7468085106382979,351,111,2397,119
0.505,0.7597402597402597,0.9531001589825119,0.1574882471457354,0.7484008528784648,351,111,2398,118
0.5082839734420123,0.7597402597402597,0.9531001589825119,0.1574882471457354,0.7484008528784648,351,111,2398,118
0.51,0.7575757575757576,0.9531001589825119,0.15715245130960376,0.7478632478632479,350,112,2398,118
0.5107421261480449,0.7575757575757576,0.9531001589825119,0.15715245130960376,0.7478632478632479,350,112,2398,118
0.5108431296732469,0.7575757575757576,0.9534976152623211,0.15681665547347212,0.7494646680942184,350,112,2399,117
0.5131035826863396,0.7575757575757576,0.9538950715421304,0.15648085963734049,0.7510729613733905,350,112,2400,116
0.5138463282209171,0.7554112554112554,0.9538950715421304,0.15614506380120888,0.7505376344086021,349,113,2400,116
0.5148583704692464,0.7554112554112554,0.9542925278219396,0.15580926796507724,0.7521551724137931,349,113,2401,115
0.515,0.7554112554112554,0.9546899841017488,0.1554734721289456,0.7537796976241901,349,113,2402,114
0.5168508654291718,0.7554112554112554,0.9546899841017488,0.1554734721289456,0.7537796976241901,349,113,2402,114
0.517112797858623,0.7554112554112554,0.955087440381558,0.15513767629281397,0.7554112554112554,349,113,2403,113
0.5190860570868793,0.7532467532467533,0.955087440381558,0.15480188045668233,0.754880694143167,348,114,2403,113
0.52,0.7532467532467533,0.9554848966613673,0.1544660846205507,0.7565217391304347,348,114,2404,112
0.5205663474383009,0.7532467532467533,0.9554848966613673,0.1544660846205507,0.7565217391304347,348,114,2404,112
0.5207064527242387,0.7510822510822511,0.9554848966613673,0.15413028878441906,0.7559912854030502,347,115,2404,112
0.5216319252850483,0.7510822510822511,0.9558823529411765,0.15379449294828745,0.75764192139738,347,115,2405,111
0.5234506928472391,0.7510822510822511,0.9562798092209857,0.15345869711215582,0.7592997811816192,347,115,2406,110
0.524331785991226,0.7489177489177489,0.9562798092209857,0.15312290127602418,0.7587719298245614,346,116,2406,110
0.5246262799143351,0.7467532467532467,0.9562798092209857,0.15278710543989255,0.7582417582417582,345,117,2406,110
0.525,0.7467532467532467,0.9566772655007949,0.1524513096037609,0.7599118942731278,345,117,2407,109
0.5257702722061621,0.7467532467532467,0.9566772655007949,0.1524513096037609,0.7599118942731278,345,117,2407,109
0.5271240331934575,0.7467532467532467,0.9570747217806042,0.15211551376762927,0.7615894039735099,345,117,2408,108
0.5271762121119745,0.7445887445887446,0.9570747217806042,0.15177971793149764,0.7610619469026548,344,118,2408,108
0.5293656235298362,0.7445887445887446,0.9574721780604134,0.15144392209536603,0.7627494456762749,344,118,2409,107
0.53,0.7424242424242424,0.9574721780604134,0.1511081262592344,0.7622222222222222,343,119,2409,107
0.5311821096675143,0.7424242424242424,0.9574721780604134,0.1511081262592344,0.7622222222222222,343,119,2409,107
0.5312621581060968,0.7402597402597403,0.9574721780604134,0.15077233042310276,0.7616926503340757,342,120,2409,107
0.531644390025241,0.7380952380952381,0.9574721780604134,0.15043653458697112,0.7611607142857143,341,121,2409,107
0.5321395301806231,0.7380952380952381,0.9578696343402225,0.15010073875083949,0.7628635346756152,341,121,2410,106
0.53273944840303,0.7359307359307359,0.9578696343402225,0.14976494291470785,0.7623318385650224,340,122,2410,106
0.535,0.7359307359307359,0.9582670906200318,0.1494291470785762,0.7640449438202247,340,122,2411,105
0.5361504979057139,0.7359307359307359,0.9582670906200318,0.1494291470785762,0.7640449438202247,340,122,2411,105
0.5377684846888424,0.7337662337662337,0.9582670906200318,0.1490933512424446,0.7635135135135135,339,123,2411,105
0.5379160513379161,0.7316017316017316,0.9582670906200318,0.14875755540631297,0.7629796839729119,338,124,2411,105
0.5394220639601855,0.7316017316017316,0.958664546899841,0.14842175957018133,0.7647058823529411,338,124,2412,104
0.5397855971698626,0.7316017316017316,0.9590620031796503,0.1480859637340497,0.7664399092970522,338,124,2413,103
0.54,0.7294372294372294,0.9590620031796503,0.14775016789791806,0.7659090909090909,337,125,2413,103
0.5401176081651747,0.7294372294372294,0.9590620031796503,0.14775016789791806,0.7659090909090909,337,125,2413,103
0.541009099180751,0.7294372294372294,0.9594594594594594,0.14741437206178643,0.7676537585421412,337,125,2414,102
0.5419828116092057,0.7294372294372294,0.9598569157392687,0.1470785762256548,0.769406392694064,337,125,2415,101
0.5434326273406638,0.7294372294372294,0.9602543720190779,0.14674278038952318,0.7711670480549199,337,125,2416,100
0.5438819357156959,0.7272727272727273,0.9602543720190779,0.14640698455339154,0.7706422018348624,336,126,2416,100
0.545,0.7251082251082251,0.9602543720190779,0.1460711887172599,0.7701149425287356,335,127,2416,100
0.5471695767924439,0.7251082251082251,0.9602543720190779,0.1460711887172599,0.7701149425287356,335,127,2416,100
0.5482434028438393,0.7251082251082251,0.9606518282988871,0.14573539288112827,0.771889400921659,335,127,2417,99
0.55,0.7251082251082251,0.9610492845786963,0.14539959704499664,0.7736720554272517,335,127,2418,98
0.5506590195920917,0.7251082251082251,0.9610492845786963,0.14539959704499664,0.7736720554272517,335,127,2418,98
0.5511608576698178,0.7251082251082251,0.9614467408585056,0.145063801208865,0.7754629629629629,335,127,2419,97
0.555,0.7229437229437229,0.9614467408585056,0.14472800537273336,0.7749419953596288,334,128,2419,97
0.5556586348912804,0.7229437229437229,0.9614467408585056,0.14472800537273336,0.7749419953596288,334,128,2419,97
0.5589369981384484,0.7229437229437229,0.9618441971383148,0.14439220953660176,0.7767441860465116,334,128,2420,96
0.56,0.7207792207792207,0.9618441971383148,0.14405641370047012,0.7762237762237763,333,129,2420,96
0.5604676803079285,0.7207792207792207,0.9618441971383148,0.14405641370047012,0.7762237762237763,333,129,2420,96
0.5618609106515338,0.7186147186147186,0.9618441971383148,0.14372061786433848,0.7757009345794392,332,130,2420,96
0.5619168753006786,0.7164502164502164,0.9618441971383148,0.14338482202820685,0.775175644028103,331,131,2420,96
0.5622220757124444,0.7164502164502164,0.962241653418124,0.1430490261920752,0.7769953051643192,331,131,2421,95
0.562869846011835,0.7142857142857143,0.962241653418124,0.14271323035594358,0.7764705882352941,330,132,2421,95
0.5637637129435443,0.7121212121212122,0.962241653418124,0.14237743451981194,0.7759433962264151,329,133,2421,95
0.5650000000000001,0.7121212121212122,0.9626391096979332,0.14204163868368033,0.7777777777777778,329,133,2422,94
0.5665340363557028,0.7121212121212122,0.9626391096979332,0.14204163868368033,0.7777777777777778,329,133,2422,94
0.5665539258996618,0.70995670995671,0.9626391096979332,0.1417058428475487,0.7772511848341233,328,134,2422,94
0.5671395945321004,0.70995670995671,0.9630365659777425,0.14137004701141706,0.7790973871733967,328,134,2423,93
0.5691187751447051,0.7077922077922078,0.9630365659777425,0.14103425117528542,0.7785714285714286,327,135,2423,93
0.5695970826245425,0.7077922077922078,0.9634340222575517,0.1406984553391538,0.7804295942720764,327,135,2424,92
0.5700000000000001,0.7077922077922078,0.9638314785373608,0.14036265950302215,0.7822966507177034,327,135,2425,91
0.5705257659587465,0.7077922077922078,0.9638314785373608,0.14036265950302215,0.7822966507177034,327,135,2425,91
0.5710972612689376,0.7077922077922078,0.9642289348171701,0.14002686366689054,0.7841726618705036,327,135,2426,90
0.5743165934689637,0.7077922077922078,0.9646263910969793,0.1396910678307589,0.7860576923076923,327,135,2427,89
0.5748038604157634,0.7077922077922078,0.9650238473767886,0.13935527199462727,0.7879518072289157,327,135,2428,88
0.5750000000000001,0.7077922077922078,0.9654213036565977,0.13901947615849564,0.7898550724637681,327,135,2429,87
0.5759825976544104,0.7077922077922078,0.9654213036565977,0.13901947615849564,0.7898550724637681,327,135,2429,87
0.5772283239774115,0.7056277056277056,0.9654213036565977,0.138683680322364,0.7893462469733656,326,136,2429,87
0.5773424461939013,0.7056277056277056,0.965818759936407,0.13834788448623236,0.7912621359223301,326,136,2430,86
0.58,0.7034632034632035,0.965818759936407,0.13801208865010073,0.7907542579075426,325,137,2430,86
0.5818231501455241,0.7034632034632035,0.965818759936407,0.13801208865010073,0.7907542579075426,325,137,2430,86
0.58226249473933,0.7034632034632035,0.9662162162162162,0.13767629281396912,0.7926829268292683,325,137,2431,85
0.5830324961397113,0.7034632034632035,0.9666136724960255,0.13734049697783748,0.7946210268948656,325,137,2432,84
0.5840405469168081,0.7034632034632035,0.9670111287758346,0.13700470114170585,0.7965686274509803,325,137,2433,83
0.584420530935073,0.7034632034632035,0.9674085850556439,0.1366689053055742,0.7985257985257985,325,137,2434,82
0.585,0.7012987012987013,0.9674085850556439,0.13633310946944258,0.7980295566502463,324,138,2434,82
0.585391312448974,0.7012987012987013,0.9674085850556439,0.13633310946944258,0.7980295566502463,324,138,2434,82
0.5867970056674825,0.6991341991341992,0.9674085850556439,0.13599731363331094,0.7975308641975308,323,139,2434,82
0.5889598255619526,0.696969696969697,0.9674085850556439,0.1356615177971793,0.7970297029702971,322,140,2434,82
0.5895370118732408,0.696969696969697,0.9678060413354531,0.1353257219610477,0.7990074441687345,322,140,2435,81
0.59,0.6948051948051948,0.9678060413354531,0.13498992612491606,0.7985074626865671,321,141,2435,81
0.5927954025246684,0.6948051948051948,0.9678060413354531,0.13498992612491606,0.7985074626865671,321,141,2435,81
0.595,0.6948051948051948,0.9682034976152624,0.13465413028878442,0.800498753117207,321,141,2436,80
0.5970922227603269,0.6948051948051948,0.9682034976152624,0.13465413028878442,0.800498753117207,321,141,2436,80
0.5971845505148909,0.6926406926406926,0.9682034976152624,0.1343183344526528,0.8,320,142,2436,80
0.5977701990713536,0.6926406926406926,0.9686009538950715,0.13398253861652115,0.8020050125313283,320,142,2437,79
0.5984908300065545,0.6926406926406926,0.9689984101748808,0.13364674278038952,0.8040201005025126,320,142,2438,78
0.6,0.6926406926406926,0.96939586645469,0.13331094694425788,0.8060453400503779,320,142,2439,77
0.6002007261071935,0.6926406926406926,0.96939586645469,0.13331094694425788,0.8060453400503779,320,142,2439,77
0.6006411320064113,0.6926406926406926,0.9697933227344993,0.13297515110812627,0.8080808080808081,320,142,2440,76
0.6022650478270455,0.6926406926406926,0.9701907790143084,0.13263935527199464,0.810126582278481,320,142,2441,75
0.6035699484856788,0.6904761904761905,0.9701907790143084,0.132303559435863,0.8096446700507615,319,143,2441,75
0.6047234009197023,0.6883116883116883,0.9701907790143084,0.13196776359973136,0.8091603053435115,318,144,2441,75
0.605,0.6861471861471862,0.9701907790143084,0.13163196776359973,0.8086734693877551,317,145,2441,75
0.6077138393471228,0.6861471861471862,0.9701907790143084,0.13163196776359973,0.8086734693877551,317,145,2441,75
0.6080358230494589,0.6861471861471862,0.9705882352941176,0.1312961719274681,0.8107416879795396,317,145,2442,74
0.6081165365108429,0.6861471861471862,0.9709856915739269,0.13096037609133646,0.8128205128205128,317,145,2443,73
0.61,0.6861471861471862,0.9713831478537361,0.13062458025520485,0.8149100257069408,317,145,2444,72
0.6106845216611012,0.6861471861471862,0.9713831478537361,0.13062458025520485,0.8149100257069408,317,145,2444,72
0.615,0.683982683982684,0.9713831478537361,0.1302887844190732,0.8144329896907216,316,146,2444,72
0.6161328818573185,0.683982683982684,0.9713831478537361,0.1302887844190732,0.8144329896907216,316,146,2444,72
0.6164662019722853,0.683982683982684,0.9717806041335453,0.12995298858294158,0.8165374677002584,316,146,2445,71
0.6199405012161904,0.6818181818181818,0.9717806041335453,0.12961719274680994,0.8160621761658031,315,147,2445,71
0.62,0.6818181818181818,0.9721780604133545,0.1292813969106783,0.8181818181818182,315,147,2446,70
0.6244220145087854,0.6818181818181818,0.9721780604133545,0.1292813969106783,0.8181818181818182,315,147,2446,70
0.6247924077540687,0.6818181818181818,0.9725755166931638,0.12894560107454667,0.8203125,315,147,2447,69
0.625,0.6796536796536796,0.9725755166931638,0.12860980523841503,0.8198433420365535,314,148,2447,69
0.6253868132507736,0.6796536796536796,0.9725755166931638,0.12860980523841503,0.8198433420365535,314,148,2447,69
0.6263193019873348,0.6774891774891775,0.9725755166931638,0.12827400940228342,0.819371727748691,313,149,2447,69
0.6277226973885158,0.6753246753246753,0.9725755166931638,0.1279382135661518,0.8188976377952756,312,150,2447,69
0.6280531726964442,0.6731601731601732,0.9725755166931638,0.12760241773002015,0.8184210526315789,311,151,2447,69
0.6283043662936176,0.670995670995671,0.9725755166931638,0.12726662189388852,0.8179419525065963,310,152,2447,69
0.6290961948073467,0.6688311688311688,0.9725755166931638,0.12693082605775688,0.8174603174603174,309,153,2447,69
0.6294420173969452,0.6666666666666666,0.9725755166931638,0.12659503022162524,0.8169761273209549,308,154,2447,69
0.63,0.6666666666666666,0.972972972972973,0.1262592343854936,0.8191489361702128,308,154,2448,68
0.6305915003774862,0.6666666666666666,0.972972972972973,0.1262592343854936,0.8191489361702128,308,154,2448,68
0.6337977915917111,0.6645021645021645,0.972972972972973,0.125923438549362,0.8186666666666667,307,155,2448,68
0.635,0.6623376623376623,0.972972972972973,0.12558764271323036,0.8181818181818182,306,156,2448,68
0.6368296306092267,0.6623376623376623,0.972972972972973,0.12558764271323036,0.8181818181818182,306,156,2448,68
0.64,0.6623376623376623,0.9733704292527822,0.12525184687709873,0.8203753351206434,306,156,2449,67
0.6404127437247125,0.6623376623376623,0.9733704292527822,0.12525184687709873,0.8203753351206434,306,156,2449,67
0.645,0.6623376623376623,0.9737678855325914,0.12491605104096709,0.8225806451612904,306,156,2450,66
0.6466167659037545,0.6623376623376623,0.9737678855325914,0.12491605104096709,0.8225806451612904,306,156,2450,66
0.649424212595431,0.6623376623376623,0.9741653418124007,0.12458025520483546,0.8247978436657682,306,156,2451,65
0.65,0.6623376623376623,0.9745627980922098,0.12424445936870383,0.827027027027027,306,156,2452,64
0.6511184693683018,0.6623376623376623,0.9745627980922098,0.12424445936870383,0.827027027027027,306,156,2452,64
0.6524998964969967,0.6601731601731602,0.9745627980922098,0.1239086635325722,0.8265582655826558,305,157,2452,64
0.6531829590576941,0.6601731601731602,0.974960254372019,0.12357286769644056,0.8288043478260869,305,157,2453,63
0.6535896768889755,0.6601731601731602,0.9753577106518283,0.12323707186030894,0.8310626702997275,305,157,2454,62
0.655,0.658008658008658,0.9753577106518283,0.1229012760241773,0.8306010928961749,304,158,2454,62
0.6565230267382349,0.658008658008658,0.9753577106518283,0.1229012760241773,0.8306010928961749,304,158,2454,62
0.656828793238428,0.6558441558441559,0.9753577106518283,0.12256548018804567,0.8301369863013699,303,159,2454,62
0.6575784112065675,0.6536796536796536,0.9753577106518283,0.12222968435191403,0.8296703296703297,302,160,2454,62
0.66,0.6515151515151515,0.9753577106518283,0.12189388851578241,0.8292011019283747,301,161,2454,62
0.6606759095982808,0.6515151515151515,0.9753577106518283,0.12189388851578241,0.8292011019283747,301,161,2454,62
0.6633876844520146,0.6515151515151515,0.9757551669316376,0.12155809267965077,0.8314917127071824,301,161,2455,61
0.6641941502211723,0.6493506493506493,0.9757551669316376,0.12122229684351914,0.8310249307479224,300,162,2455,61
0.6649542427373254,0.6471861471861472,0.9757551669316376,0.12088650100738751,0.8305555555555556,299,163,2455,61
0.665,0.6471861471861472,0.9761526232114467,0.12055070517125588,0.8328690807799443,299,163,2456,60
0.6653984226882268,0.6471861471861472,0.9761526232114467,0.12055070517125588,0.8328690807799443,299,163,2456,60
0.6662244537427966,0.645021645021645,0.9761526232114467,0.12021490933512424,0.8324022346368715,298,164,2456,60
0.6665387781382953,0.6428571428571429,0.9761526232114467,0.1198791134989926,0.8319327731092437,297,165,2456,60
0.6692581871376744,0.6406926406926406,0.9761526232114467,0.11954331766286098,0.8314606741573034,296,166,2456,60
0.6699232610942091,0.6385281385281385,0.9761526232114467,0.11920752182672935,0.8309859154929577,295,167,2456,60
0.67,0.6385281385281385,0.9765500794912559,0.11887172599059771,0.8333333333333334,295,167,2457,59
0.6700823625368703,0.6385281385281385,0.9765500794912559,0.11887172599059771,0.8333333333333334,295,167,2457,59
0.6714275406427901,0.6363636363636364,0.9765500794912559,0.11853593015446609,0.8328611898016998,294,168,2457,59
0.6720306160217632,0.6341991341991342,0.9765500794912559,0.11820013431833445,0.8323863636363636,293,169,2457,59
0.6724568778486901,0.6320346320346321,0.9765500794912559,0.11786433848220282,0.8319088319088319,292,170,2457,59
0.6731256144038755,0.6320346320346321,0.9769475357710652,0.11752854264607118,0.8342857142857143,292,170,2458,58
0.673904346856454,0.6298701298701299,0.9769475357710652,0.11719274680993956,0.833810888252149,291,171,2458,58
0.6747774622862908,0.6298701298701299,0.9773449920508744,0.11685695097380792,0.8362068965517241,291,171,2459,57
0.6749748434550351,0.6277056277056277,0.9773449920508744,0.11652115513767629,0.8357348703170029,290,172,2459,57
0.6749896311697055,0.6277056277056277,0.9777424483306836,0.11618535930154467,0.838150289017341,290,172,2460,56
0.675,0.6277056277056277,0.9781399046104928,0.11584956346541303,0.8405797101449275,290,172,2461,55
0.68,0.6277056277056277,0.9781399046104928,0.11584956346541303,0.8405797101449275,290,172,2461,55
0.6803052635192715,0.6277056277056277,0.9781399046104928,0.11584956346541303,0.8405797101449275,290,172,2461,55
0.6803309244934188,0.6255411255411255,0.9781399046104928,0.1155137676292814,0.8401162790697675,289,173,2461,55
0.6811712260984139,0.6233766233766234,0.9781399046104928,0.11517797179314976,0.8396501457725948,288,174,2461,55
0.683577186786599,0.6233766233766234,0.9785373608903021,0.11484217595701814,0.8421052631578947,288,174,2462,54
0.6846823346160836,0.6212121212121212,0.9785373608903021,0.1145063801208865,0.841642228739003,287,175,2462,54
0.685,0.6212121212121212,0.9789348171701113,0.11417058428475486,0.8441176470588235,287,175,2463,53
0.6865869748188574,0.6212121212121212,0.9789348171701113,0.11417058428475486,0.8441176470588235,287,175,2463,53
0.6900000000000001,0.6212121212121212,0.9793322734499205,0.11383478844862324,0.8466076696165191,287,175,2464,52
0.6907606112048997,0.6212121212121212,0.9793322734499205,0.11383478844862324,0.8466076696165191,287,175,2464,52
0.6916014183178505,0.6212121212121212,0.9797297297297297,0.1134989926124916,0.849112426035503,287,175,2465,51
0.6934665421888996,0.6190476190476191,0.9797297297297297,0.11316319677635997,0.8486646884272997,286,176,2465,51
0.6936366820209029,0.6190476190476191,0.980127186009539,0.11282740094022835,0.8511904761904762,286,176,2466,50
0.6950000000000001,0.6190476190476191,0.9805246422893482,0.11249160510409671,0.8537313432835821,286,176,2467,49
0.6953128663062387,0.6190476190476191,0.9805246422893482,0.11249160510409671,0.8537313432835821,286,176,2467,49
0.6972177960779017,0.6168831168831169,0.9805246422893482,0.11215580926796508,0.8532934131736527,285,177,2467,49
0.6972617093062876,0.6147186147186147,0.9805246422893482,0.11182001343183344,0.8528528528528528,284,178,2467,49
0.6974687284167123,0.6147186147186147,0.9809220985691574,0.11148421759570182,0.8554216867469879,284,178,2468,48
0.6990886037446886,0.6125541125541125,0.9809220985691574,0.11114842175957018,0.8549848942598187,283,179,2468,48
0.6998028123988167,0.6125541125541125,0.9813195548489666,0.11081262592343855,0.8575757575757575,283,179,2469,47
0.7000000000000001,0.6103896103896104,0.9813195548489666,0.11047683008730692,0.8571428571428571,282,180,2469,47
0.7018953391561187,0.6103896103896104,0.9813195548489666,0.11047683008730692,0.8571428571428571,282,180,2469,47
0.7023054676372906,0.6103896103896104,0.9817170111287759,0.11014103425117529,0.8597560975609756,282,180,2470,46
0.705,0.6082251082251082,0.9817170111287759,0.10980523841504365,0.8593272171253823,281,181,2470,46
0.7058561338837688,0.6082251082251082,0.9817170111287759,0.10980523841504365,0.8593272171253823,281,181,2470,46
0.7062017543612455,0.6060606060606061,0.9817170111287759,0.10946944257891202,0.8588957055214724,280,182,2470,46
0.7066723330106587,0.6060606060606061,0.9821144674085851,0.1091336467427804,0.8615384615384616,280,182,2471,45
0.707054036788379,0.6038961038961039,0.9821144674085851,0.10879785090664876,0.8611111111111112,279,183,2471,45
0.71,0.6017316017316018,0.9821144674085851,0.10846205507051712,0.8606811145510835,278,184,2471,45
0.7115009745126705,0.6017316017316018,0.9821144674085851,0.10846205507051712,0.8606811145510835,278,184,2471,45
0.715,0.6017316017316018,0.9825119236883942,0.1081262592343855,0.8633540372670807,278,184,2472,44
0.7150528625827824,0.6017316017316018,0.9825119236883942,0.1081262592343855,0.8633540372670807,278,184,2472,44
0.7165243613341838,0.6017316017316018,0.9829093799682035,0.10779046339825386,0.8660436137071651,278,184,2473,43
0.717337189477395,0.6017316017316018,0.9833068362480127,0.10745466756212223,0.86875,278,184,2474,42
0.7186283909627432,0.6017316017316018,0.983704292527822,0.10711887172599059,0.8714733542319749,278,184,2475,41
0.7196245660747439,0.5995670995670995,0.983704292527822,0.10678307588985897,0.8710691823899371,277,185,2475,41
0.7199240848935858,0.5995670995670995,0.9841017488076311,0.10644728005372733,0.8738170347003155,277,185,2476,40
0.72,0.5974025974025974,0.9841017488076311,0.1061114842175957,0.8734177215189873,276,186,2476,40
0.7215088866581065,0.5974025974025974,0.9841017488076311,0.1061114842175957,0.8734177215189873,276,186,2476,40
0.721872741014953,0.5952380952380952,0.9841017488076311,0.10577568838146408,0.873015873015873,275,187,2476,40
0.7246953579984081,0.5930735930735931,0.9841017488076311,0.10543989254533244,0.8726114649681529,274,188,2476,40
0.725,0.5909090909090909,0.9841017488076311,0.1051040967092008,0.8722044728434505,273,189,2476,40
0.7258437019685614,0.5909090909090909,0.9841017488076311,0.1051040967092008,0.8722044728434505,273,189,2476,40
0.7260111197715317,0.5887445887445888,0.9841017488076311,0.10476830087306917,0.8717948717948718,272,190,2476,40
0.729375425930611,0.5887445887445888,0.9844992050874404,0.10443250503693755,0.8745980707395499,272,190,2477,39
0.729889807327686,0.5865800865800865,0.9844992050874404,0.10409670920080591,0.8741935483870967,271,191,2477,39
0.73,0.5844155844155844,0.9844992050874404,0.10376091336467427,0.8737864077669902,270,192,2477,39
0.7308585232413011,0.5844155844155844,0.9844992050874404,0.10376091336467427,0.8737864077669902,270,192,2477,39
0.7314763398667407,0.5844155844155844,0.9848966613672496,0.10342511752854265,0.8766233766233766,270,192,2478,38
0.7315423529731353,0.5844155844155844,0.9852941176470589,0.10308932169241102,0.8794788273615635,270,192,2479,37
0.7338756991726914,0.5844155844155844,0.985691573926868,0.10275352585627938,0.8823529411764706,270,192,2480,36
0.7342612033648809,0.5822510822510822,0.985691573926868,0.10241773002014776,0.8819672131147541,269,193,2480,36
0.7344546364860346,0.5800865800865801,0.985691573926868,0.10208193418401612,0.881578947368421,268,194,2480,36
0.735,0.5800865800865801,0.9860890302066773,0.10174613834788448,0.8844884488448845,268,194,2481,35
0.7361841335953967,0.5800865800865801,0.9860890302066773,0.10174613834788448,0.8844884488448845,268,194,2481,35
0.7380342062141027,0.577922077922078,0.9860890302066773,0.10141034251175285,0.8841059602649006,267,195,2481,35
0.74,0.5757575757575758,0.9860890302066773,0.10107454667562123,0.8837209302325582,266,196,2481,35
0.7449235353860365,0.5757575757575758,0.9860890302066773,0.10107454667562123,0.8837209302325582,266,196,2481,35
0.745,0.5735930735930735,0.9860890302066773,0.10073875083948959,0.8833333333333333,265,197,2481,35
0.746610478730762,0.5735930735930735,0.9860890302066773,0.10073875083948959,0.8833333333333333,265,197,2481,35
0.7471682550731378,0.5714285714285714,0.9860890302066773,0.10040295500335795,0.882943143812709,264,198,2481,35
0.7491690228857072,0.5692640692640693,0.9860890302066773,0.10006715916722633,0.8825503355704698,263,199,2481,35
0.7494719908866943,0.5692640692640693,0.9864864864864865,0.0997313633310947,0.8855218855218855,263,199,2482,34
0.75,0.5670995670995671,0.9864864864864865,0.09939556749496306,0.8851351351351351,262,200,2482,34
0.751719481713068,0.5670995670995671,0.9864864864864865,0.09939556749496306,0.8851351351351351,262,200,2482,34
0.7532344408419698,0.564935064935065,0.9864864864864865,0.09905977165883142,0.8847457627118644,261,201,2482,34
0.755,0.5627705627705628,0.9864864864864865,0.0987239758226998,0.8843537414965986,260,202,2482,34
0.7566557281997192,0.5627705627705628,0.9864864864864865,0.0987239758226998,0.8843537414965986,260,202,2482,34
0.7569885591156926,0.5606060606060606,0.9864864864864865,0.09838817998656817,0.8839590443686007,259,203,2482,34
0.758649130689456,0.5584415584415584,0.9864864864864865,0.09805238415043653,0.8835616438356164,258,204,2482,34
0.7590700471285652,0.5584415584415584,0.9868839427662957,0.09771658831430491,0.8865979381443299,258,204,2483,33
0.759277440148439,0.5584415584415584,0.9872813990461049,0.09738079247817327,0.8896551724137931,258,204,2484,32
0.76,0.5562770562770563,0.9872813990461049,0.09704499664204164,0.889273356401384,257,205,2484,32
0.7609083353927,0.5562770562770563,0.9872813990461049,0.09704499664204164,0.889273356401384,257,205,2484,32
0.7612937288064687,0.5541125541125541,0.9872813990461049,0.09670920080591,0.8888888888888888,256,206,2484,32
0.7614821066382078,0.5541125541125541,0.9876788553259142,0.09637340496977838,0.89198606271777,256,206,2485,31
0.7631593323789669,0.551948051948052,0.9876788553259142,0.09603760913364674,0.8916083916083916,255,207,2485,31
0.7646054690189306,0.5497835497835498,0.9876788553259142,0.0957018132975151,0.8912280701754386,254,208,2485,31
0.765,0.5476190476190477,0.9876788553259142,0.09536601746138348,0.8908450704225352,253,209,2485,31
0.7656239275012114,0.5476190476190477,0.9876788553259142,0.09536601746138348,0.8908450704225352,253,209,2485,31
0.7664737668552547,0.5476190476190477,0.9880763116057234,0.09503022162525185,0.8939929328621908,253,209,2486,30
0.7673085923868861,0.5454545454545454,0.9880763116057234,0.09469442578912021,0.8936170212765957,252,210,2486,30
0.7675878010551315,0.5432900432900433,0.9880763116057234,0.09435862995298858,0.8932384341637011,251,211,2486,30
0.7697474468299301,0.5411255411255411,0.9880763116057234,0.09402283411685695,0.8928571428571429,250,212,2486,30
0.77,0.538961038961039,0.9880763116057234,0.09368703828072532,0.8924731182795699,249,213,2486,30
0.7700440740159996,0.538961038961039,0.9880763116057234,0.09368703828072532,0.8924731182795699,249,213,2486,30
0.7705110686397102,0.5367965367965368,0.9880763116057234,0.09335124244459368,0.8920863309352518,248,214,2486,30
0.7705862472717047,0.5367965367965368,0.9884737678855325,0.09301544660846206,0.8953068592057761,248,214,2487,29
0.7713518649201074,0.5367965367965368,0.9888712241653418,0.09267965077233042,0.8985507246376812,248,214,2488,28
0.7723864604224079,0.5346320346320347,0.9888712241653418,0.09234385493619879,0.8981818181818182,247,215,2488,28
0.775,0.5346320346320347,0.989268680445151,0.09200805910006717,0.9014598540145985,247,215,2489,27
0.7754004577989244,0.5346320346320347,0.989268680445151,0.09200805910006717,0.9014598540145985,247,215,2489,27
0.7763514501943232,0.5324675324675324,0.989268680445151,0.09167226326393553,0.9010989010989011,246,216,2489,27
0.7788304951900162,0.5303030303030303,0.989268680445151,0.0913364674278039,0.9007352941176471,245,217,2489,27
0.7788969838994714,0.5281385281385281,0.989268680445151,0.09100067159167226,0.9003690036900369,244,218,2489,27
0.7794094960029062,0.5281385281385281,0.9896661367249603,0.09066487575554064,0.9037037037037037,244,218,2490,26
0.78,0.525974025974026,0.9896661367249603,0.090329079919409,0.9033457249070632,243,219,2490,26
0.782085013066842,0.525974025974026,0.9896661367249603,0.090329079919409,0.9033457249070632,243,219,2490,26
0.7833159091224864,0.5238095238095238,0.9896661367249603,0.08999328408327736,0.9029850746268657,242,220,2490,26
0.7838865721056012,0.5216450216450217,0.9896661367249603,0.08965748824714574,0.9026217228464419,241,221,2490,26
0.7842132698421327,0.5194805194805194,0.9896661367249603,0.0893216924110141,0.9022556390977443,240,222,2490,26
0.785,0.5173160173160173,0.9896661367249603,0.08898589657488247,0.9018867924528302,239,223,2490,26
0.7852883190496993,0.5173160173160173,0.9896661367249603,0.08898589657488247,0.9018867924528302,239,223,2490,26
0.7863354101952797,0.5173160173160173,0.9900635930047694,0.08865010073875083,0.9053030303030303,239,223,2491,25
0.7876232881097041,0.5151515151515151,0.9900635930047694,0.08831430490261921,0.9049429657794676,238,224,2491,25
0.7882780573916403,0.5151515151515151,0.9904610492845787,0.08797850906648758,0.9083969465648855,238,224,2492,24
0.7892890870979901,0.512987012987013,0.9904610492845787,0.08764271323035594,0.9080459770114943,237,225,2492,24
0.79,0.5108225108225108,0.9904610492845787,0.08730691739422432,0.9076923076923077,236,226,2492,24
0.7903160551904779,0.5108225108225108,0.9904610492845787,0.08730691739422432,0.9076923076923077,236,226,2492,24
0.7905222089880468,0.5086580086580087,0.9904610492845787,0.08697112155809268,0.9073359073359073,235,227,2492,24
0.7907491961171589,0.5064935064935064,0.9904610492845787,0.08663532572196105,0.9069767441860465,234,228,2492,24
0.7915317749452548,0.5043290043290043,0.9904610492845787,0.08629952988582941,0.9066147859922179,233,229,2492,24
0.7915915366529751,0.5021645021645021,0.9904610492845787,0.08596373404969779,0.90625,232,230,2492,24
0.79178866278358,0.5,0.9904610492845787,0.08562793821356615,0.9058823529411765,231,231,2492,24
0.795,0.5,0.9908585055643879,0.08529214237743452,0.9094488188976378,231,231,2493,23
0.7957015168903646,0.5,0.9908585055643879,0.08529214237743452,0.9094488188976378,231,231,2493,23
0.7967385714341293,0.5,0.9912559618441972,0.0849563465413029,0.9130434782608695,231,231,2494,22
0.7969279007969279,0.49783549783549785,0.9912559618441972,0.08462055070517126,0.9126984126984127,230,232,2494,22
0.7991493655865689,0.49783549783549785,0.9916534181240063,0.08428475486903962,0.9163346613545816,230,232,2495,21
0.7993828719845718,0.49567099567099565,0.9916534181240063,0.08394895903290799,0.916,229,233,2495,21
0.7999379085579387,0.4935064935064935,0.9916534181240063,0.08361316319677636,0.9156626506024096,228,234,2495,21
0.7999647509592527,0.49134199134199136,0.9916534181240063,0.08327736736064473,0.9153225806451613,227,235,2495,21
0.8,0.48917748917748916,0.9916534181240063,0.08294157152451309,0.9149797570850202,226,236,2495,21
0.800699809411168,0.48917748917748916,0.9916534181240063,0.08294157152451309,0.9149797570850202,226,236,2495,21
0.8026590448026589,0.487012987012987,0.9916534181240063,0.08260577568838147,0.9146341463414634,225,237,2495,21
0.8030173877515513,0.48484848484848486,0.9916534181240063,0.08226997985224983,0.9142857142857143,224,238,2495,21
0.8033072648859889,0.48268398268398266,0.9916534181240063,0.0819341840161182,0.9139344262295082,223,239,2495,21
0.8044943677977534,0.48268398268398266,0.9920508744038156,0.08159838817998656,0.9176954732510288,223,239,2496,20
0.805,0.4805194805194805,0.9920508744038156,0.08126259234385494,0.9173553719008265,222,240,2496,20
0.8055414360618759,0.4805194805194805,0.9920508744038156,0.08126259234385494,0.9173553719008265,222,240,2496,20
0.8094474684182537,0.4805194805194805,0.9924483306836248,0.0809267965077233,0.921161825726141,222,240,2497,19
0.8099166629547134,0.47835497835497837,0.9924483306836248,0.08059100067159167,0.9208333333333333,221,241,2497,19
0.81,0.47619047619047616,0.9924483306836248,0.08025520483546005,0.9205020920502092,220,242,2497,19
0.8103809722595243,0.47619047619047616,0.9924483306836248,0.08025520483546005,0.9205020920502092,220,242,2497,19
0.8105146326889445,0.474025974025974,0.9924483306836248,0.07991940899932841,0.9201680672268907,219,243,2497,19
0.8107924894057352,0.47186147186147187,0.9924483306836248,0.07958361316319677,0.919831223628692,218,244,2497,19
0.811018526273926,0.4696969696969697,0.9924483306836248,0.07924781732706515,0.9194915254237288,217,245,2497,19
0.8134089289253142,0.4696969696969697,0.9928457869634341,0.07891202149093351,0.9234042553191489,217,245,2498,18
0.813567962806937,0.4675324675324675,0.9928457869634341,0.07857622565480188,0.9230769230769231,216,246,2498,18
0.8136802772500218,0.4653679653679654,0.9928457869634341,0.07824042981867024,0.9227467811158798,215,247,2498,18
0.8139724477212033,0.46320346320346323,0.9928457869634341,0.07790463398253862,0.9224137931034483,214,248,2498,18
0.8140215873838366,0.46320346320346323,0.9932432432432432,0.07756883814640698,0.9264069264069265,214,248,2499,17
0.8146497548023952,0.461038961038961,0.9932432432432432,0.07723304231027535,0.9260869565217391,213,249,2499,17
0.8150000000000001,0.4588744588744589,0.9932432432432432,0.07689724647414373,0.925764192139738,212,250,2499,17
0.815529347564892,0.4588744588744589,0.9932432432432432,0.07689724647414373,0.925764192139738,212,250,2499,17
0.8169145948169145,0.45670995670995673,0.9932432432432432,0.07656145063801209,0.9254385964912281,211,251,2499,17
0.817304514961597,0.45454545454545453,0.9932432432432432,0.07622565480188045,0.9251101321585903,210,252,2499,17
0.8193576578955386,0.4523809523809524,0.9932432432432432,0.07588985896574882,0.9247787610619469,209,253,2499,17
0.8200000000000001,0.45021645021645024,0.9932432432432432,0.0755540631296172,0.9244444444444444,208,254,2499,17
0.821087007002566,0.45021645021645024,0.9932432432432432,0.0755540631296172,0.9244444444444444,208,254,2499,17
0.8215987783286395,0.44805194805194803,0.9932432432432432,0.07521826729348556,0.9241071428571429,207,255,2499,17
0.8221024040916431,0.4458874458874459,0.9932432432432432,0.07488247145735392,0.9237668161434978,206,256,2499,17
0.8250000000000001,0.44372294372294374,0.9932432432432432,0.0745466756212223,0.9234234234234234,205,257,2499,17
0.8276866511525678,0.44372294372294374,0.9932432432432432,0.0745466756212223,0.9234234234234234,205,257,2499,17
0.8279260347921159,0.44155844155844154,0.9932432432432432,0.07421087978509067,0.9230769230769231,204,258,2499,17
0.8283125619066365,0.4393939393939394,0.9932432432432432,0.07387508394895903,0.9227272727272727,203,259,2499,17
0.8296977437302122,0.43722943722943725,0.9932432432432432,0.0735392881128274,0.9223744292237442,202,260,2499,17
0.8300000000000001,0.43722943722943725,0.9936406995230525,0.07320349227669577,0.926605504587156,202,260,2500,16
0.8311237610503781,0.43722943722943725,0.9936406995230525,0.07320349227669577,0.926605504587156,202,260,2500,16
0.8347278148414213,0.43506493506493504,0.9936406995230525,0.07286769644056414,0.9262672811059908,201,261,2500,16
0.835,0.4329004329004329,0.9936406995230525,0.0725319006044325,0.9259259259259259,200,262,2500,16
0.8359297293374875,0.4329004329004329,0.9936406995230525,0.0725319006044325,0.9259259259259259,200,262,2500,16
0.8361450529156483,0.43073593073593075,0.9936406995230525,0.07219610476830088,0.9255813953488372,199,263,2500,16
0.8375522768578032,0.42857142857142855,0.9936406995230525,0.07186030893216924,0.9252336448598131,198,264,2500,16
0.8378720933079163,0.4264069264069264,0.9936406995230525,0.0715245130960376,0.9248826291079812,197,265,2500,16
0.838502298974963,0.4264069264069264,0.9940381558028617,0.07118871725990597,0.9292452830188679,197,265,2501,15
0.8390141468253802,0.42424242424242425,0.9940381558028617,0.07085292142377435,0.9289099526066351,196,266,2501,15
0.8398664531959936,0.42207792207792205,0.9940381558028617,0.07051712558764271,0.9285714285714286,195,267,2501,15
0.84,0.4199134199134199,0.9940381558028617,0.07018132975151108,0.9282296650717703,194,268,2501,15
0.8405829828579822,0.4199134199134199,0.9940381558028617,0.07018132975151108,0.9282296650717703,194,268,2501,15
0.841221522391143,0.41774891774891776,0.9940381558028617,0.06984553391537945,0.9278846153846154,193,269,2501,15
0.8415926179902598,0.4155844155844156,0.9940381558028617,0.06950973807924782,0.927536231884058,192,270,2501,15
0.8421204052419478,0.4134199134199134,0.9940381558028617,0.06917394224311618,0.9271844660194175,191,271,2501,15
0.8431059429413643,0.41125541125541126,0.9940381558028617,0.06883814640698456,0.926829268292683,190,272,2501,15
0.84426522046552,0.4090909090909091,0.9940381558028617,0.06850235057085292,0.9264705882352942,189,273,2501,15
0.8445733925435538,0.4069264069264069,0.9940381558028617,0.06816655473472129,0.9261083743842364,188,274,2501,15
0.8446791844634587,0.40476190476190477,0.9940381558028617,0.06783075889858965,0.9257425742574258,187,275,2501,15
0.845,0.4025974025974026,0.9940381558028617,0.06749496306245803,0.9253731343283582,186,276,2501,15
0.8489360938676593,0.4025974025974026,0.9940381558028617,0.06749496306245803,0.9253731343283582,186,276,2501,15
0.8490628116151793,0.4025974025974026,0.994435612082671,0.0671591672263264,0.93,186,276,2502,14
0.85,0.4025974025974026,0.9948330683624801,0.06682337139019476,0.9346733668341709,186,276,2503,13
0.8515725141559696,0.4025974025974026,0.9948330683624801,0.06682337139019476,0.9346733668341709,186,276,2503,13
0.8520055459640388,0.4004329004329004,0.9948330683624801,0.06648757555406314,0.9343434343434344,185,277,2503,13
0.852222032739782,0.39826839826839827,0.9948330683624801,0.0661517797179315,0.934010152284264,184,278,2503,13
0.8546789455713788,0.39826839826839827,0.9952305246422893,0.06581598388179986,0.9387755102040817,184,278,2504,12
0.855,0.3961038961038961,0.9952305246422893,0.06548018804566823,0.9384615384615385,183,279,2504,12
0.8555072358268838,0.3961038961038961,0.9952305246422893,0.06548018804566823,0.9384615384615385,183,279,2504,12
0.8555152284088224,0.3939393939393939,0.9952305246422893,0.0651443922095366,0.9381443298969072,182,280,2504,12
0.855580379662531,0.3917748917748918,0.9952305246422893,0.06480859637340497,0.9378238341968912,181,281,2504,12
0.855609070399735,0.3917748917748918,0.9956279809220986,0.06447280053727333,0.9427083333333334,181,281,2505,11
0.8563062506967574,0.38961038961038963,0.9956279809220986,0.06413700470114171,0.9424083769633508,180,282,2505,11
0.856339596807264,0.3874458874458874,0.9956279809220986,0.06380120886501008,0.9421052631578948,179,283,2505,11
0.8573717978782049,0.3852813852813853,0.9956279809220986,0.06346541302887844,0.9417989417989417,178,284,2505,11
0.8579536617466178,0.38311688311688313,0.9956279809220986,0.0631296171927468,0.9414893617021277,177,285,2505,11
0.8579541009954726,0.38095238095238093,0.9956279809220986,0.06279382135661518,0.9411764705882353,176,286,2505,11
0.8586918357173836,0.3787878787878788,0.9956279809220986,0.062458025520483546,0.9408602150537635,175,287,2505,11
0.8592786934047476,0.37662337662337664,0.9956279809220986,0.062122229684351916,0.9405405405405406,174,288,2505,11
0.8593769574375579,0.37445887445887444,0.9956279809220986,0.06178643384822028,0.9402173913043478,173,289,2505,11
0.86,0.3722943722943723,0.9956279809220986,0.06145063801208865,0.9398907103825137,172,290,2505,11
0.8614248301722849,0.3722943722943723,0.9956279809220986,0.06145063801208865,0.9398907103825137,172,290,2505,11
0.8620903635863952,0.37012987012987014,0.9956279809220986,0.061114842175957015,0.9395604395604396,171,291,2505,11
0.8628806996830961,0.37012987012987014,0.9960254372019078,0.060779046339825386,0.9447513812154696,171,291,2506,10
0.863247365336741,0.36796536796536794,0.9960254372019078,0.06044325050369376,0.9444444444444444,170,292,2506,10
0.8646790800561908,0.3658008658008658,0.9960254372019078,0.06010745466756212,0.9441340782122905,169,293,2506,10
0.865,0.36363636363636365,0.9960254372019078,0.05977165883143049,0.9438202247191011,168,294,2506,10
0.8657339126573391,0.36363636363636365,0.9960254372019078,0.05977165883143049,0.9438202247191011,168,294,2506,10
0.8667115043217756,0.36147186147186144,0.9960254372019078,0.059435862995298856,0.943502824858757,167,295,2506,10
0.8672011496721944,0.3593073593073593,0.9960254372019078,0.05910006715916723,0.9431818181818182,166,296,2506,10
0.8683270769323781,0.35714285714285715,0.9960254372019078,0.05876427132303559,0.9428571428571428,165,297,2506,10
0.8683819663067797,0.354978354978355,0.9960254372019078,0.05842847548690396,0.9425287356321839,164,298,2506,10
0.8694992800871016,0.3528138528138528,0.9960254372019078,0.05809267965077233,0.9421965317919075,163,299,2506,10
0.8695301262609396,0.35064935064935066,0.9960254372019078,0.0577568838146407,0.9418604651162791,162,300,2506,10
0.87,0.3484848484848485,0.9960254372019078,0.05742108797850907,0.9415204678362573,161,301,2506,10
0.8708924894164098,0.3484848484848485,0.9960254372019078,0.05742108797850907,0.9415204678362573,161,301,2506,10
0.8725762480304736,0.3463203463203463,0.9960254372019078,0.05708529214237743,0.9411764705882353,160,302,2506,10
0.8749970683001196,0.34415584415584416,0.9960254372019078,0.0567494963062458,0.9408284023668639,159,303,2506,10
0.875,0.34415584415584416,0.996422893481717,0.056413700470114174,0.9464285714285714,159,303,2507,9
0.875889997111098,0.34415584415584416,0.996422893481717,0.056413700470114174,0.9464285714285714,159,303,2507,9
0.876299569752599,0.341991341991342,0.996422893481717,0.05607790463398254,0.9461077844311377,158,304,2507,9
0.8769482076803921,0.3398268398268398,0.996422893481717,0.05574210879785091,0.9457831325301205,157,305,2507,9
0.8785710641305647,0.3398268398268398,0.9968203497615262,0.05540631296171927,0.9515151515151515,157,305,2508,8
0.8791584470153425,0.33766233766233766,0.9968203497615262,0.055070517125587644,0.9512195121951219,156,306,2508,8
0.8799668511687093,0.3354978354978355,0.9968203497615262,0.05473472128945601,0.950920245398773,155,307,2508,8
0.88,0.3333333333333333,0.9968203497615262,0.05439892545332438,0.9506172839506173,154,308,2508,8
0.8821807025471221,0.3333333333333333,0.9968203497615262,0.05439892545332438,0.9506172839506173,154,308,2508,8
0.8824883966493571,0.33116883116883117,0.9968203497615262,0.05406312961719275,0.9503105590062112,153,309,2508,8
0.8835491844734771,0.329004329004329,0.9968203497615262,0.053727333781061114,0.95,152,310,2508,8
0.8836672632662541,0.329004329004329,0.9972178060413355,0.053391537944929485,0.9559748427672956,152,310,2509,7
0.8837152370809361,0.3268398268398268,0.9972178060413355,0.05305574210879785,0.9556962025316456,151,311,2509,7
0.885,0.3246753246753247,0.9972178060413355,0.05271994627266622,0.9554140127388535,150,312,2509,7
0.8865218252270408,0.3246753246753247,0.9972178060413355,0.05271994627266622,0.9554140127388535,150,312,2509,7
0.8865810863082841,0.3225108225108225,0.9972178060413355,0.052384150436534584,0.9551282051282052,149,313,2509,7
0.889822411415925,0.3203463203463203,0.9972178060413355,0.052048354600402955,0.9548387096774194,148,314,2509,7
0.89,0.3181818181818182,0.9972178060413355,0.051712558764271326,0.9545454545454546,147,315,2509,7
0.8900155028539071,0.3181818181818182,0.9972178060413355,0.051712558764271326,0.9545454545454546,147,315,2509,7
0.890510722927879,0.31601731601731603,0.9972178060413355,0.05137676292813969,0.954248366013072,146,316,2509,7
0.8906717389303778,0.31385281385281383,0.9972178060413355,0.05104096709200806,0.9539473684210527,145,317,2509,7
0.8909946946984326,0.3116883116883117,0.9972178060413355,0.050705171255876424,0.9536423841059603,144,318,2509,7
0.8913227816825607,0.30952380952380953,0.9972178060413355,0.050369375419744795,0.9533333333333334,143,319,2509,7
0.8913912380389393,0.30735930735930733,0.9972178060413355,0.050033579583613166,0.9530201342281879,142,320,2509,7
0.8914803059033336,0.3051948051948052,0.9972178060413355,0.04969778374748153,0.9527027027027027,141,321,2509,7
0.892730570265551,0.30303030303030304,0.9972178060413355,0.0493619879113499,0.9523809523809523,140,322,2509,7
0.8931528174548358,0.30303030303030304,0.9976152623211447,0.049026192075218265,0.958904109589041,140,322,2510,6
0.8934280251473555,0.3008658008658009,0.9976152623211447,0.048690396239086636,0.9586206896551724,139,323,2510,6
0.8947917044984364,0.2987012987012987,0.9976152623211447,0.048354600402955,0.9583333333333334,138,324,2510,6
0.895,0.29653679653679654,0.9976152623211447,0.04801880456682337,0.958041958041958,137,325,2510,6
0.8960854484367252,0.29653679653679654,0.9976152623211447,0.04801880456682337,0.958041958041958,137,325,2510,6
0.8970902374489163,0.2943722943722944,0.9976152623211447,0.04768300873069174,0.9577464788732394,136,326,2510,6
0.897758730219341,0.2922077922077922,0.9976152623211447,0.047347212894560106,0.9574468085106383,135,327,2510,6
0.8986482085959251,0.2922077922077922,0.9980127186009539,0.04701141705842848,0.9642857142857143,135,327,2511,5
0.8989392990726931,0.29004329004329005,0.9980127186009539,0.04667562122229684,0.9640287769784173,134,328,2511,5
0.899115453215161,0.2878787878787879,0.9980127186009539,0.04633982538616521,0.9637681159420289,133,329,2511,5
0.8992708868560628,0.2857142857142857,0.9980127186009539,0.04600402955003358,0.9635036496350365,132,330,2511,5
0.8993195233371482,0.28354978354978355,0.9980127186009539,0.04566823371390195,0.9632352941176471,131,331,2511,5
0.8996932748357607,0.2813852813852814,0.9980127186009539,0.04533243787777032,0.9629629629629629,130,332,2511,5
0.8997602063572374,0.2792207792207792,0.9980127186009539,0.04499664204163868,0.9626865671641791,129,333,2511,5
0.8999160753456563,0.27705627705627706,0.9980127186009539,0.04466084620550705,0.9624060150375939,128,334,2511,5
0.9,0.27705627705627706,0.9984101748807631,0.04432505036937542,0.9696969696969697,128,334,2512,4
0.9006730273104298,0.27705627705627706,0.9984101748807631,0.04432505036937542,0.9696969696969697,128,334,2512,4
0.900921405784143,0.27705627705627706,0.9988076311605724,0.04398925453324379,0.9770992366412213,128,334,2513,3
0.9010114022023928,0.2748917748917749,0.9988076311605724,0.04365345869711216,0.9769230769230769,127,335,2513,3
0.9021066937464144,0.2727272727272727,0.9988076311605724,0.04331766286098052,0.9767441860465116,126,336,2513,3
0.9034050456747686,0.27056277056277056,0.9988076311605724,0.042981867024848894,0.9765625,125,337,2513,3
0.9034651241740088,0.27056277056277056,0.9992050874403816,0.04264607118871726,0.984251968503937,125,337,2514,2
0.9039490484426804,0.2683982683982684,0.9992050874403816,0.04231027535258563,0.9841269841269841,124,338,2514,2
0.9039801447809336,0.2662337662337662,0.9992050874403816,0.04197447951645399,0.984,123,339,2514,2
0.9044809631922572,0.26406926406926406,0.9992050874403816,0.041638683680322364,0.9838709677419355,122,340,2514,2
0.904722374,0.2619047619047619,0.9992050874403816,0.041302887844190735,0.983739837398374,121,341,2514,2
0.9048616263686908,0.2597402597402597,0.9992050874403816,0.0409670920080591,0.9836065573770492,120,342,2514,2
0.905,0.25757575757575757,0.9992050874403816,0.04063129617192747,0.9834710743801653,119,343,2514,2
0.9051944300761908,0.25757575757575757,0.9992050874403816,0.04063129617192747,0.9834710743801653,119,343,2514,2
0.9059172989684078,0.2554112554112554,0.9992050874403816,0.040295500335795834,0.9833333333333333,118,344,2514,2
0.906001295522048,0.2532467532467532,0.9992050874403816,0.039959704499664205,0.9831932773109243,117,345,2514,2
0.9069561510836508,0.2510822510822511,0.9992050874403816,0.039623908663532575,0.9830508474576272,116,346,2514,2
0.9095648372177744,0.24891774891774893,0.9992050874403816,0.03928811282740094,0.9829059829059829,115,347,2514,2
0.91,0.24675324675324675,0.9992050874403816,0.03895231699126931,0.9827586206896551,114,348,2514,2
0.910332939482966,0.24675324675324675,0.9992050874403816,0.03895231699126931,0.9827586206896551,114,348,2514,2
0.9109039161855216,0.24458874458874458,0.9992050874403816,0.038616521155137674,0.9826086956521739,113,349,2514,2
0.9109163856690392,0.24242424242424243,0.9992050874403816,0.038280725319006045,0.9824561403508771,112,350,2514,2
0.9115753808970116,0.24025974025974026,0.9992050874403816,0.03794492948287441,0.9823008849557522,111,351,2514,2
0.9120591917925996,0.23809523809523808,0.9992050874403816,0.03760913364674278,0.9821428571428571,110,352,2514,2
0.9120942894359392,0.23593073593073594,0.9992050874403816,0.03727333781061115,0.9819819819819819,109,353,2514,2
0.9130488533487744,0.23376623376623376,0.9992050874403816,0.036937541974479515,0.9818181818181818,108,354,2514,2
0.9134356746549012,0.23160173160173161,0.9992050874403816,0.036601746138347886,0.981651376146789,107,355,2514,2
0.9135992511746058,0.22943722943722944,0.9992050874403816,0.03626595030221625,0.9814814814814815,106,356,2514,2
0.9136112219204424,0.22727272727272727,0.9992050874403816,0.03593015446608462,0.9813084112149533,105,357,2514,2
0.913833198313368,0.22510822510822512,0.9992050874403816,0.035594358629952985,0.9811320754716981,104,358,2514,2
0.9140684797627052,0.22294372294372294,0.9992050874403816,0.035258562793821356,0.9809523809523809,103,359,2514,2
0.9140791211406376,0.22077922077922077,0.9992050874403816,0.03492276695768973,0.9807692307692307,102,360,2514,2
0.9141557379517902,0.21861471861471862,0.9992050874403816,0.03458697112155809,0.9805825242718447,101,361,2514,2
0.915,0.21645021645021645,0.9992050874403816,0.03425117528542646,0.9803921568627451,100,362,2514,2
0.9150850587964008,0.21645021645021645,0.9992050874403816,0.03425117528542646,0.9803921568627451,100,362,2514,2
0.9151464566628416,0.21428571428571427,0.9992050874403816,0.033915379449294826,0.9801980198019802,99,363,2514,2
0.9155005010243148,0.21212121212121213,0.9992050874403816,0.0335795836131632,0.98,98,364,2514,2
0.9171184997934624,0.20995670995670995,0.9992050874403816,0.03324378777703157,0.9797979797979798,97,365,2514,2
0.9175702475210444,0.2077922077922078,0.9992050874403816,0.03290799194089993,0.9795918367346939,96,366,2514,2
0.9181554453831364,0.20562770562770563,0.9992050874403816,0.0325721961047683,0.979381443298969,95,367,2514,2
0.9189222019208664,0.20562770562770563,0.9996025437201908,0.03223640026863667,0.9895833333333334,95,367,2515,1
0.9190439545138628,0.20346320346320346,0.9996025437201908,0.03190060443250504,0.9894736842105263,94,368,2515,1
0.919358882025745,0.2012987012987013,0.9996025437201908,0.0315648085963734,0.9893617021276596,93,369,2515,1
0.9193916349847908,0.19913419913419914,0.9996025437201908,0.031229012760241773,0.989247311827957,92,370,2515,1
0.92,0.19696969696969696,0.9996025437201908,0.03089321692411014,0.9891304347826086,91,371,2515,1
0.9201755390931564,0.19696969696969696,0.9996025437201908,0.03089321692411014,0.9891304347826086,91,371,2515,1
0.9203323614742328,0.19480519480519481,0.9996025437201908,0.030557421087978508,0.989010989010989,90,372,2515,1
0.921136979021628,0.19264069264069264,0.9996025437201908,0.03022162525184688,0.9888888888888889,89,373,2515,1
0.9212178320680162,0.19047619047619047,0.9996025437201908,0.029885829415715246,0.9887640449438202,88,374,2515,1
0.9215819246993988,0.18831168831168832,0.9996025437201908,0.029550033579583614,0.9886363636363636,87,375,2515,1
0.9220945071381864,0.18614718614718614,0.9996025437201908,0.02921423774345198,0.9885057471264368,86,376,2515,1
0.922235604411104,0.18398268398268397,0.9996025437201908,0.02887844190732035,0.9883720930232558,85,377,2515,1
0.9233563918412632,0.18181818181818182,0.9996025437201908,0.028542646071188716,0.9882352941176471,84,378,2515,1
0.9234173798188572,0.17965367965367965,0.9996025437201908,0.028206850235057087,0.9880952380952381,83,379,2515,1
0.9235442601783886,0.1774891774891775,0.9996025437201908,0.027871054398925454,0.9879518072289156,82,380,2515,1
0.9245504942069755,0.17532467532467533,0.9996025437201908,0.027535258562793822,0.9878048780487805,81,381,2515,1
0.9247876297116102,0.17316017316017315,0.9996025437201908,0.02719946272666219,0.9876543209876543,80,382,2515,1
0.925,0.170995670995671,0.9996025437201908,0.026863666890530557,0.9875,79,383,2515,1
0.9260462240657686,0.170995670995671,0.9996025437201908,0.026863666890530557,0.9875,79,383,2515,1
0.9262660291573854,0.16883116883116883,0.9996025437201908,0.026527871054398924,0.9873417721518988,78,384,2515,1
0.927273259868756,0.16666666666666666,0.9996025437201908,0.026192075218267292,0.9871794871794872,77,385,2515,1
0.927794847218244,0.1645021645021645,0.9996025437201908,0.025856279382135663,0.987012987012987,76,386,2515,1
0.9278897991648992,0.16233766233766234,0.9996025437201908,0.02552048354600403,0.9868421052631579,75,387,2515,1
0.928002107806674,0.16017316017316016,0.9996025437201908,0.025184687709872398,0.9866666666666667,74,388,2515,1
0.9292994113655404,0.15800865800865802,0.9996025437201908,0.024848891873740765,0.9864864864864865,73,389,2515,1
0.93,0.15584415584415584,0.9996025437201908,0.024513096037609133,0.9863013698630136,72,390,2515,1
0.93013575232817,0.15584415584415584,0.9996025437201908,0.024513096037609133,0.9863013698630136,72,390,2515,1
0.9304784944915672,0.15367965367965367,0.9996025437201908,0.0241773002014775,0.9861111111111112,71,391,2515,1
0.9308895876062012,0.15151515151515152,0.9996025437201908,0.02384150436534587,0.9859154929577465,70,392,2515,1
0.9312065791437364,0.14935064935064934,0.9996025437201908,0.02350570852921424,0.9857142857142858,69,393,2515,1
0.9318226057518264,0.1471861471861472,0.9996025437201908,0.023169912693082606,0.9855072463768116,68,394,2515,1
0.9321887008780784,0.14502164502164502,0.9996025437201908,0.022834116856950974,0.9852941176470589,67,395,2515,1
0.9323260334184208,0.14285714285714285,0.9996025437201908,0.02249832102081934,0.9850746268656716,66,396,2515,1
0.933183910468082,0.1406926406926407,0.9996025437201908,0.02216252518468771,0.9848484848484849,65,397,2515,1
0.933265312957555,0.13852813852813853,0.9996025437201908,0.02182672934855608,0.9846153846153847,64,398,2515,1
0.9342425996341752,0.13636363636363635,0.9996025437201908,0.021490933512424447,0.984375,63,399,2515,1
0.9343278310133816,0.1341991341991342,0.9996025437201908,0.021155137676292814,0.9841269841269841,62,400,2515,1
0.9345580811409836,0.13203463203463203,0.9996025437201908,0.020819341840161182,0.9838709677419355,61,401,2515,1
0.935,0.12987012987012986,0.9996025437201908,0.02048354600402955,0.9836065573770492,60,402,2515,1
0.9351196871396896,0.12987012987012986,0.9996025437201908,0.02048354600402955,0.9836065573770492,60,402,2515,1
0.9354027181390934,0.1277056277056277,0.9996025437201908,0.020147750167897917,0.9833333333333333,59,403,2515,1
0.9357713886584508,0.12554112554112554,0.9996025437201908,0.019811954331766288,0.9830508474576272,58,404,2515,1
0.9362583097284248,0.12337662337662338,0.9996025437201908,0.019476158495634655,0.9827586206896551,57,405,2515,1
0.936922851524151,0.12121212121212122,0.9996025437201908,0.019140362659503023,0.9824561403508771,56,406,2515,1
0.9374185458436768,0.11904761904761904,0.9996025437201908,0.01880456682337139,0.9821428571428571,55,407,2515,1
0.9376378143777012,0.11688311688311688,0.9996025437201908,0.018468770987239758,0.9818181818181818,54,408,2515,1
0.9376519690871514,0.11471861471861472,0.9996025437201908,0.018132975151108125,0.9814814814814815,53,409,2515,1
0.9377370308407909,0.11255411255411256,0.9996025437201908,0.017797179314976493,0.9811320754716981,52,410,2515,1
0.93891804333571,0.11038961038961038,0.9996025437201908,0.017461383478844864,0.9807692307692307,51,411,2515,1
0.9397073563148334,0.10822510822510822,0.9996025437201908,0.01712558764271323,0.9803921568627451,50,412,2515,1
0.9398024768340022,0.10606060606060606,0.9996025437201908,0.0167897918065816,0.98,49,413,2515,1
0.9400000000000001,0.1038961038961039,0.9996025437201908,0.016453995970449966,0.9795918367346939,48,414,2515,1
0.9415653441001912,0.1038961038961039,0.9996025437201908,0.016453995970449966,0.9795918367346939,48,414,2515,1
0.9421506563154088,0.10173160173160173,0.9996025437201908,0.016118200134318333,0.9791666666666666,47,415,2515,1
0.9424488645232928,0.09956709956709957,0.9996025437201908,0.0157824042981867,0.9787234042553191,46,416,2515,1
0.943719424815399,0.09740259740259741,0.9996025437201908,0.01544660846205507,0.9782608695652174,45,417,2515,1
0.9447422855005616,0.09523809523809523,0.9996025437201908,0.01511081262592344,0.9777777777777777,44,418,2515,1
0.9450000000000001,0.09523809523809523,1.0,0.014775016789791807,1.0,44,418,2516,0
0.945267790314154,0.09523809523809523,1.0,0.014775016789791807,1.0,44,418,2516,0
0.9462217448106232,0.09307359307359307,1.0,0.014439220953660174,1.0,43,419,2516,0
0.9463586933468836,0.09090909090909091,1.0,0.014103425117528543,1.0,42,420,2516,0
0.9464914835974236,0.08874458874458875,1.0,0.013767629281396911,1.0,41,421,2516,0
0.9465154106668398,0.08658008658008658,1.0,0.013431833445265278,1.0,40,422,2516,0
0.946885093827724,0.08441558441558442,1.0,0.013096037609133646,1.0,39,423,2516,0
0.9470946521201724,0.08225108225108226,1.0,0.012760241773002015,1.0,38,424,2516,0
0.94796873056294,0.08008658008658008,1.0,0.012424445936870383,1.0,37,425,2516,0
0.9484567988857654,0.07792207792207792,1.0,0.01208865010073875,1.0,36,426,2516,0
0.9489235556181328,0.07575757575757576,1.0,0.01175285426460712,1.0,35,427,2516,0
0.9500000000000001,0.0735930735930736,1.0,0.011417058428475487,1.0,34,428,2516,0
0.9508590629513348,0.0735930735930736,1.0,0.011417058428475487,1.0,34,428,2516,0
0.9514324348531956,0.07142857142857142,1.0,0.011081262592343854,1.0,33,429,2516,0
0.95146112489181,0.06926406926406926,1.0,0.010745466756212223,1.0,32,430,2516,0
0.9516024141930666,0.0670995670995671,1.0,0.010409670920080591,1.0,31,431,2516,0
0.951811870430578,0.06493506493506493,1.0,0.010073875083948958,1.0,30,432,2516,0
0.9521503930089552,0.06277056277056277,1.0,0.009738079247817328,1.0,29,433,2516,0
0.9530417436880884,0.06060606060606061,1.0,0.009402283411685695,1.0,28,434,2516,0
0.9550000000000001,0.05844155844155844,1.0,0.009066487575554063,1.0,27,435,2516,0
0.9550134293153624,0.05844155844155844,1.0,0.009066487575554063,1.0,27,435,2516,0
0.9558059106569494,0.05627705627705628,1.0,0.008730691739422432,1.0,26,436,2516,0
0.9565869452155986,0.05411255411255411,1.0,0.0083948959032908,1.0,25,437,2516,0
0.956736547131366,0.05194805194805195,1.0,0.008059100067159167,1.0,24,438,2516,0
0.9567476905900656,0.049783549783549784,1.0,0.007723304231027535,1.0,23,439,2516,0
0.957937528208303,0.047619047619047616,1.0,0.007387508394895903,1.0,22,440,2516,0
0.9594354164306204,0.045454545454545456,1.0,0.007051712558764272,1.0,21,441,2516,0
0.96,0.04329004329004329,1.0,0.006715916722632639,1.0,20,442,2516,0
0.9616650107459362,0.04329004329004329,1.0,0.006715916722632639,1.0,20,442,2516,0
0.9616880456386032,0.04112554112554113,1.0,0.0063801208865010076,1.0,19,443,2516,0
0.9619673003784937,0.03896103896103896,1.0,0.006044325050369375,1.0,18,444,2516,0
0.9620992105160344,0.0367965367965368,1.0,0.005708529214237743,1.0,17,445,2516,0
0.9632721731579612,0.03463203463203463,1.0,0.005372733378106112,1.0,16,446,2516,0
0.9639698730795514,0.032467532467532464,1.0,0.005036937541974479,1.0,15,447,2516,0
0.9643462544008858,0.030303030303030304,1.0,0.0047011417058428475,1.0,14,448,2516,0
0.9646792746521052,0.02813852813852814,1.0,0.004365345869711216,1.0,13,449,2516,0
0.965,0.025974025974025976,1.0,0.004029550033579583,1.0,12,450,2516,0
0.9651195662391724,0.025974025974025976,1.0,0.004029550033579583,1.0,12,450,2516,0
0.9667050442788524,0.023809523809523808,1.0,0.0036937541974479517,1.0,11,451,2516,0
0.9670828255851084,0.021645021645021644,1.0,0.0033579583613163196,1.0,10,452,2516,0
0.9687414728901736,0.01948051948051948,1.0,0.0030221625251846875,1.0,9,453,2516,0
0.97,0.017316017316017316,1.0,0.002686366689053056,1.0,8,454,2516,0
0.97052061645581,0.017316017316017316,1.0,0.002686366689053056,1.0,8,454,2516,0
0.9705384565584292,0.015151515151515152,1.0,0.0023505708529214238,1.0,7,455,2516,0
0.9708089817675398,0.012987012987012988,1.0,0.0020147750167897917,1.0,6,456,2516,0
0.9740094228785398,0.010822510822510822,1.0,0.0016789791806581598,1.0,5,457,2516,0
0.974073241698085,0.008658008658008658,1.0,0.001343183344526528,1.0,4,458,2516,0
0.975,0.006493506493506494,1.0,0.0010073875083948958,1.0,3,459,2516,0
0.9757955204173356,0.006493506493506494,1.0,0.0010073875083948958,1.0,3,459,2516,0
0.9760320751831952,0.004329004329004329,1.0,0.000671591672263264,1.0,2,460,2516,0
0.9760545848155696,0.0021645021645021645,1.0,0.000335795836131632,1.0,1,461,2516,0
0.98,0.0,1.0,0.0,0.0,0,462,2516,0
0.985,0.0,1.0,0.0,0.0,0,462,2516,0
0.99,0.0,1.0,0.0,0.0,0,462,2516,0
0.995,0.0,1.0,0.0,0.0,0,462,2516,0
1.0,0.0,1.0,0.0,0.0,0,462,2516,0
