threshold,recall,specificity,flag_rate,precision,tp,fn,tn,fp
0.000000000000,1.000000000,0.000000000,1.000000000,0.155137676,462,0,0,2516
0.000001009039,1.000000000,0.000000000,1.000000000,0.155137676,462,0,0,2516
0.000001061032,1.000000000,0.000397456,0.999664204,0.155189788,462,0,1,2515
0.000001130640,1.000000000,0.000794913,0.999328408,0.155241935,462,0,2,2514
0.000001360443,1.000000000,0.001192369,0.998992612,0.155294118,462,0,3,2513
0.000001523824,1.000000000,0.001589825,0.998656817,0.155346335,462,0,4,2512
0.000001576068,1.000000000,0.001987281,0.998321021,0.155398587,462,0,5,2511
0.000001802661,1.000000000,0.002384738,0.997985225,0.155450875,462,0,6,2510
0.000002098326,1.000000000,0.002782194,0.997649429,0.155503198,462,0,7,2509
0.000002895690,1.000000000,0.003179650,0.997313633,0.155555556,462,0,8,2508
0.000003165297,1.000000000,0.003577107,0.996977837,0.155607949,462,0,9,2507
0.000003186049,1.000000000,0.003974563,0.996642042,0.155660377,462,0,10,2506
0.000003315349,1.000000000,0.004372019,0.996306246,0.155712841,462,0,11,2505
0.000003586808,1.000000000,0.004769475,0.995970450,0.155765341,462,0,12,2504
0.000003699720,1.000000000,0.005166932,0.995634654,0.155817875,462,0,13,2503
0.000003779997,1.000000000,0.005564388,0.995298858,0.155870445,462,0,14,2502
0.000004034590,1.000000000,0.005961844,0.994963062,0.155923051,462,0,15,2501
0.000004346990,1.000000000,0.006359300,0.994627267,0.155975692,462,0,16,2500
0.000004490507,1.000000000,0.006756757,0.994291471,0.156028369,462,0,17,2499
0.000004708021,1.000000000,0.007154213,0.993955675,0.156081081,462,0,18,2498
0.000004769568,1.000000000,0.007551669,0.993619879,0.156133829,462,0,19,2497
0.000004848042,1.000000000,0.007949126,0.993284083,0.156186613,462,0,20,2496
0.000005055676,1.000000000,0.008346582,0.992948287,0.156239432,462,0,21,2495
0.000005307784,1.000000000,0.008744038,0.992612492,0.156292287,462,0,22,2494
0.000005308907,1.000000000,0.009141494,0.992276696,0.156345178,462,0,23,2493
0.000005965547,1.000000000,0.009538951,0.991940900,0.156398104,462,0,24,2492
0.000006261534,1.000000000,0.009936407,0.991605104,0.156451067,462,0,25,2491
0.000006281079,1.000000000,0.010333863,0.991269308,0.156504065,462,0,26,2490
0.000006636132,1.000000000,0.010731320,0.990933512,0.156557099,462,0,27,2489
0.000007049963,1.000000000,0.011128776,0.990597717,0.156610169,462,0,28,2488
0.000007112510,1.000000000,0.011526232,0.990261921,0.156663276,462,0,29,2487
0.000007192487,1.000000000,0.011923688,0.989926125,0.156716418,462,0,30,2486
0.000007507142,1.000000000,0.012321145,0.989590329,0.156769596,462,0,31,2485
0.000007578860,1.000000000,0.012718601,0.989254533,0.156822811,462,0,32,2484
0.000007962763,1.000000000,0.013116057,0.988918737,0.156876061,462,0,33,2483
0.000008184060,1.000000000,0.013513514,0.988582942,0.156929348,462,0,34,2482
0.000008191767,1.000000000,0.013910970,0.988247146,0.156982671,462,0,35,2481
0.000008439371,1.000000000,0.014308426,0.987911350,0.157036030,462,0,36,2480
0.000008752579,1.000000000,0.014705882,0.987575554,0.157089425,462,0,37,2479
0.000009061866,1.000000000,0.015103339,0.987239758,0.157142857,462,0,38,2478
0.000009400515,1.000000000,0.015500795,0.986903962,0.157196325,462,0,39,2477
0.000009478727,1.000000000,0.015898251,0.986568167,0.157249830,462,0,40,2476
0.000009684304,1.000000000,0.016295707,0.986232371,0.157303371,462,0,41,2475
0.000009850655,1.000000000,0.016693164,0.985896575,0.157356948,462,0,42,2474
0.000009877080,1.000000000,0.017090620,0.985560779,0.157410562,462,0,43,2473
0.000010298132,1.000000000,0.017488076,0.985224983,0.157464213,462,0,44,2472
0.000010364519,1.000000000,0.017885533,0.984889187,0.157517900,462,0,45,2471
0.000010432947,1.000000000,0.018282989,0.984553392,0.157571623,462,0,46,2470
0.000010491674,1.000000000,0.018680445,0.984217596,0.157625384,462,0,47,2469
0.000011322297,1.000000000,0.019077901,0.983881800,0.157679181,462,0,48,2468
0.000011573343,1.000000000,0.019475358,0.983546004,0.157733015,462,0,49,2467
0.000012105837,1.000000000,0.019872814,0.983210208,0.157786885,462,0,50,2466
0.000012620805,1.000000000,0.020270270,0.982874412,0.157840793,462,0,51,2465
0.000013025736,1.000000000,0.020667727,0.982538617,0.157894737,462,0,52,2464
0.000013664171,1.000000000,0.021065183,0.982202821,0.157948718,462,0,53,2463
0.000013895238,1.000000000,0.021462639,0.981867025,0.158002736,462,0,54,2462
0.000013924914,1.000000000,0.021860095,0.981531229,0.158056791,462,0,55,2461
0.000014116773,1.000000000,0.022257552,0.981195433,0.158110883,462,0,56,2460
0.000014516195,1.000000000,0.022655008,0.980859637,0.158165012,462,0,57,2459
0.000014537240,1.000000000,0.023052464,0.980523842,0.158219178,462,0,58,2458
0.000014695865,1.000000000,0.023449921,0.980188046,0.158273381,462,0,59,2457
0.000014842982,1.000000000,0.023847377,0.979852250,0.158327622,462,0,60,2456
0.000015449565,1.000000000,0.024244833,0.979516454,0.158381899,462,0,61,2455
0.000015538370,1.000000000,0.024642289,0.979180658,0.158436214,462,0,62,2454
0.000016056372,1.000000000,0.025039746,0.978844862,0.158490566,462,0,63,2453
0.000016198623,1.000000000,0.025437202,0.978509066,0.158544955,462,0,64,2452
0.000016963908,1.000000000,0.025834658,0.978173271,0.158599382,462,0,65,2451
0.000016996117,1.000000000,0.026232114,0.977837475,0.158653846,462,0,66,2450
0.000017025528,1.000000000,0.026629571,0.977501679,0.158708348,462,0,67,2449
0.000017264701,1.000000000,0.027027027,0.977165883,0.158762887,462,0,68,2448
0.000017639964,1.000000000,0.027424483,0.976830087,0.158817463,462,0,69,2447
0.000017784045,1.000000000,0.027821940,0.976494291,0.158872077,462,0,70,2446
0.000018876246,1.000000000,0.028219396,0.976158496,0.158926729,462,0,71,2445
0.000018902583,1.000000000,0.028616852,0.975822700,0.158981418,462,0,72,2444
0.000019231531,1.000000000,0.029014308,0.975486904,0.159036145,462,0,73,2443
0.000019594212,1.000000000,0.029411765,0.975151108,0.159090909,462,0,74,2442
0.000019675197,1.000000000,0.029809221,0.974815312,0.159145711,462,0,75,2441
0.000020159086,1.000000000,0.030206677,0.974479516,0.159200551,462,0,76,2440
0.000020267595,1.000000000,0.030604134,0.974143721,0.159255429,462,0,77,2439
0.000021214748,1.000000000,0.031001590,0.973807925,0.159310345,462,0,78,2438
0.000021469485,1.000000000,0.031399046,0.973472129,0.159365298,462,0,79,2437
0.000021504770,1.000000000,0.031796502,0.973136333,0.159420290,462,0,80,2436
0.000021863085,1.000000000,0.032193959,0.972800537,0.159475319,462,0,81,2435
0.000022373517,1.000000000,0.032591415,0.972464741,0.159530387,462,0,82,2434
0.000022892309,1.000000000,0.032988871,0.972128946,0.159585492,462,0,83,2433
0.000023022552,1.000000000,0.033386328,0.971793150,0.159640636,462,0,84,2432
0.000023403434,1.000000000,0.033783784,0.971457354,0.159695817,462,0,85,2431
0.000023742661,1.000000000,0.034181240,0.971121558,0.159751037,462,0,86,2430
0.000023783563,1.000000000,0.034578696,0.970785762,0.159806295,462,0,87,2429
0.000023849409,1.000000000,0.034976153,0.970449966,0.159861592,462,0,88,2428
0.000023948252,1.000000000,0.035373609,0.970114171,0.159916926,462,0,89,2427
0.000024642495,1.000000000,0.035771065,0.969778375,0.159972299,462,0,90,2426
0.000024853418,1.000000000,0.036168521,0.969442579,0.160027710,462,0,91,2425
0.000024863682,1.000000000,0.036565978,0.969106783,0.160083160,462,0,92,2424
0.000025015732,1.000000000,0.036963434,0.968770987,0.160138648,462,0,93,2423
0.000025135274,1.000000000,0.037360890,0.968435191,0.160194175,462,0,94,2422
0.000025982741,1.000000000,0.037758347,0.968099396,0.160249740,462,0,95,2421
0.000026102100,1.000000000,0.038155803,0.967763600,0.160305344,462,0,96,2420
0.000026227635,1.000000000,0.038553259,0.967427804,0.160360986,462,0,97,2419
0.000026301146,1.000000000,0.038950715,0.967092008,0.160416667,462,0,98,2418
0.000026352463,1.000000000,0.039348172,0.966756212,0.160472386,462,0,99,2417
0.000026648857,1.000000000,0.039745628,0.966420416,0.160528145,462,0,100,2416
0.000027004844,1.000000000,0.040143084,0.966084621,0.160583942,462,0,101,2415
0.000027618584,1.000000000,0.040540541,0.965748825,0.160639777,462,0,102,2414
0.000027724749,1.000000000,0.040937997,0.965413029,0.160695652,462,0,103,2413
0.000028013614,1.000000000,0.041335453,0.965077233,0.160751566,462,0,104,2412
0.000028167542,1.000000000,0.041732909,0.964741437,0.160807518,462,0,105,2411
0.000028358503,1.000000000,0.042130366,0.964405641,0.160863510,462,0,106,2410
0.000028368102,1.000000000,0.042527822,0.964069846,0.160919540,462,0,107,2409
0.000028720697,1.000000000,0.042925278,0.963734050,0.160975610,462,0,108,2408
0.000028989876,1.000000000,0.043322734,0.963398254,0.161031718,462,0,109,2407
0.000029093346,1.000000000,0.043720191,0.963062458,0.161087866,462,0,110,2406
0.000029208520,1.000000000,0.044117647,0.962726662,0.161144053,462,0,111,2405
0.000029441724,1.000000000,0.044515103,0.962390866,0.161200279,462,0,112,2404
0.000029627363,1.000000000,0.044912560,0.962055071,0.161256545,462,0,113,2403
0.000029724066,1.000000000,0.045310016,0.961719275,0.161312849,462,0,114,2402
0.000029777519,1.000000000,0.045707472,0.961383479,0.161369193,462,0,115,2401
0.000029880492,1.000000000,0.046104928,0.961047683,0.161425577,462,0,116,2400
0.000030145988,1.000000000,0.046502385,0.960711887,0.161481999,462,0,117,2399
0.000030639280,1.000000000,0.046899841,0.960376091,0.161538462,462,0,118,2398
0.000030947856,1.000000000,0.047297297,0.960040296,0.161594963,462,0,119,2397
0.000031331827,1.000000000,0.047694754,0.959704500,0.161651505,462,0,120,2396
0.000031369200,1.000000000,0.048092210,0.959368704,0.161708085,462,0,121,2395
0.000031539155,1.000000000,0.048489666,0.959032908,0.161764706,462,0,122,2394
0.000031882202,1.000000000,0.048887122,0.958697112,0.161821366,462,0,123,2393
0.000031963390,1.000000000,0.049284579,0.958361316,0.161878066,462,0,124,2392
0.000031965345,1.000000000,0.049682035,0.958025520,0.161934805,462,0,125,2391
0.000032127195,1.000000000,0.050079491,0.957689725,0.161991585,462,0,126,2390
0.000032942564,1.000000000,0.050476948,0.957353929,0.162048404,462,0,127,2389
0.000033173426,1.000000000,0.050874404,0.957018133,0.162105263,462,0,128,2388
0.000033477307,1.000000000,0.051271860,0.956682337,0.162162162,462,0,129,2387
0.000033610795,1.000000000,0.051669316,0.956346541,0.162219101,462,0,130,2386
0.000034155930,1.000000000,0.052066773,0.956010745,0.162276080,462,0,131,2385
0.000034263820,1.000000000,0.052464229,0.955674950,0.162333099,462,0,132,2384
0.000034488836,1.000000000,0.052861685,0.955339154,0.162390158,462,0,133,2383
0.000034587716,1.000000000,0.053259141,0.955003358,0.162447257,462,0,134,2382
0.000034707922,1.000000000,0.053656598,0.954667562,0.162504397,462,0,135,2381
0.000035222747,1.000000000,0.054054054,0.954331766,0.162561576,462,0,136,2380
0.000035541776,1.000000000,0.054451510,0.953995970,0.162618796,462,0,137,2379
0.000035570430,1.000000000,0.054848967,0.953660175,0.162676056,462,0,138,2378
0.000035973200,1.000000000,0.055246423,0.953324379,0.162733357,462,0,139,2377
0.000036094676,1.000000000,0.055643879,0.952988583,0.162790698,462,0,140,2376
0.000036192978,1.000000000,0.056041335,0.952652787,0.162848079,462,0,141,2375
0.000036514910,1.000000000,0.056438792,0.952316991,0.162905501,462,0,142,2374
0.000037377453,1.000000000,0.056836248,0.951981195,0.162962963,462,0,143,2373
0.000037840648,1.000000000,0.057233704,0.951645400,0.163020466,462,0,144,2372
0.000037914804,1.000000000,0.057631161,0.951309604,0.163078009,462,0,145,2371
0.000038109030,1.000000000,0.058028617,0.950973808,0.163135593,462,0,146,2370
0.000039724150,1.000000000,0.058426073,0.950638012,0.163193218,462,0,147,2369
0.000040916268,1.000000000,0.058823529,0.950302216,0.163250883,462,0,148,2368
0.000040965580,1.000000000,0.059220986,0.949966420,0.163308590,462,0,149,2367
0.000041078320,1.000000000,0.059618442,0.949630625,0.163366337,462,0,150,2366
0.000041420946,1.000000000,0.060015898,0.949294829,0.163424125,462,0,151,2365
0.000042584354,1.000000000,0.060413355,0.948959033,0.163481953,462,0,152,2364
0.000042722530,1.000000000,0.060810811,0.948623237,0.163539823,462,0,153,2363
0.000043260500,1.000000000,0.061208267,0.948287441,0.163597734,462,0,154,2362
0.000043475684,1.000000000,0.061605723,0.947951645,0.163655685,462,0,155,2361
0.000043506330,1.000000000,0.062003180,0.947615850,0.163713678,462,0,156,2360
0.000044194883,1.000000000,0.062400636,0.947280054,0.163771712,462,0,157,2359
0.000045163568,1.000000000,0.062798092,0.946944258,0.163829787,462,0,158,2358
0.000046373110,1.000000000,0.063195548,0.946608462,0.163887904,462,0,159,2357
0.000046451314,1.000000000,0.063593005,0.946272666,0.163946061,462,0,160,2356
0.000047079990,1.000000000,0.063990461,0.945936870,0.164004260,462,0,161,2355
0.000047544210,1.000000000,0.064387917,0.945601075,0.164062500,462,0,162,2354
0.000049428300,1.000000000,0.064785374,0.945265279,0.164120782,462,0,163,2353
0.000049865095,1.000000000,0.065182830,0.944929483,0.164179104,462,0,164,2352
0.000051390776,1.000000000,0.065580286,0.944593687,0.164237469,462,0,165,2351
0.000051464736,1.000000000,0.065977742,0.944257891,0.164295875,462,0,166,2350
0.000051642260,1.000000000,0.066375199,0.943922095,0.164354322,462,0,167,2349
0.000052993397,1.000000000,0.066772655,0.943586300,0.164412811,462,0,168,2348
0.000053424952,1.000000000,0.067170111,0.943250504,0.164471342,462,0,169,2347
0.000053517706,1.000000000,0.067567568,0.942914708,0.164529915,462,0,170,2346
0.000054040760,1.000000000,0.067965024,0.942578912,0.164588529,462,0,171,2345
0.000054408570,1.000000000,0.068362480,0.942243116,0.164647185,462,0,172,2344
0.000054622500,1.000000000,0.068759936,0.941907320,0.164705882,462,0,173,2343
0.000054750166,1.000000000,0.069157393,0.941571525,0.164764622,462,0,174,2342
0.000055072203,1.000000000,0.069554849,0.941235729,0.164823403,462,0,175,2341
0.000055233355,1.000000000,0.069952305,0.940899933,0.164882227,462,0,176,2340
0.000055467186,1.000000000,0.070349762,0.940564137,0.164941092,462,0,177,2339
0.000055476175,1.000000000,0.070747218,0.940228341,0.165000000,462,0,178,2338
0.000055607960,1.000000000,0.071144674,0.939892545,0.165058950,462,0,179,2337
0.000055801100,1.000000000,0.071542130,0.939556749,0.165117941,462,0,180,2336
0.000056211597,1.000000000,0.071939587,0.939220954,0.165176975,462,0,181,2335
0.000056769913,1.000000000,0.072337043,0.938885158,0.165236052,462,0,182,2334
0.000057112170,1.000000000,0.072734499,0.938549362,0.165295170,462,0,183,2333
0.000057515190,1.000000000,0.073131955,0.938213566,0.165354331,462,0,184,2332
0.000058808564,1.000000000,0.073529412,0.937877770,0.165413534,462,0,185,2331
0.000058815975,1.000000000,0.073926868,0.937541974,0.165472779,462,0,186,2330
0.000059388196,1.000000000,0.074324324,0.937206179,0.165532067,462,0,187,2329
0.000059414650,1.000000000,0.074721781,0.936870383,0.165591398,462,0,188,2328
0.000059874680,1.000000000,0.075119237,0.936534587,0.165650771,462,0,189,2327
0.000059998427,1.000000000,0.075516693,0.936198791,0.165710187,462,0,190,2326
0.000060789098,1.000000000,0.075914149,0.935862995,0.165769645,462,0,191,2325
0.000060890750,1.000000000,0.076311606,0.935527199,0.165829146,462,0,192,2324
0.000061222980,1.000000000,0.076709062,0.935191404,0.165888689,462,0,193,2323
0.000061779196,1.000000000,0.077106518,0.934855608,0.165948276,462,0,194,2322
0.000061972496,1.000000000,0.077503975,0.934519812,0.166007905,462,0,195,2321
0.000062522944,1.000000000,0.077901431,0.934184016,0.166067577,462,0,196,2320
0.000062893100,1.000000000,0.078298887,0.933848220,0.166127292,462,0,197,2319
0.000063834740,1.000000000,0.078696343,0.933512424,0.166187050,462,0,198,2318
0.000064076990,1.000000000,0.079093800,0.933176629,0.166246851,462,0,199,2317
0.000064357584,1.000000000,0.079491256,0.932840833,0.166306695,462,0,200,2316
0.000064429430,1.000000000,0.079888712,0.932505037,0.166366583,462,0,201,2315
0.000064683310,1.000000000,0.080286169,0.932169241,0.166426513,462,0,202,2314
0.000065512790,1.000000000,0.080683625,0.931833445,0.166486486,462,0,203,2313
0.000065668910,1.000000000,0.081081081,0.931497649,0.166546503,462,0,204,2312
0.000065817370,1.000000000,0.081478537,0.931161854,0.166606563,462,0,205,2311
0.000066507535,1.000000000,0.081875994,0.930826058,0.166666667,462,0,206,2310
0.000067032444,1.000000000,0.082273450,0.930490262,0.166726813,462,0,207,2309
0.000067292610,1.000000000,0.082670906,0.930154466,0.166787004,462,0,208,2308
0.000067495625,1.000000000,0.083068362,0.929818670,0.166847237,462,0,209,2307
0.000068022890,1.000000000,0.083465819,0.929482874,0.166907514,462,0,210,2306
0.000068255180,1.000000000,0.083863275,0.929147079,0.166967835,462,0,211,2305
0.000068333080,1.000000000,0.084260731,0.928811283,0.167028200,462,0,212,2304
0.000068662026,1.000000000,0.084658188,0.928475487,0.167088608,462,0,213,2303
0.000069673700,1.000000000,0.085055644,0.928139691,0.167149059,462,0,214,2302
0.000070715160,1.000000000,0.085453100,0.927803895,0.167209555,462,0,215,2301
0.000072106835,1.000000000,0.085850556,0.927468099,0.167270094,462,0,216,2300
0.000072333140,1.000000000,0.086248013,0.927132304,0.167330677,462,0,217,2299
0.000072404630,1.000000000,0.086645469,0.926796508,0.167391304,462,0,218,2298
0.000072405250,1.000000000,0.087042925,0.926460712,0.167451975,462,0,219,2297
0.000072741530,1.000000000,0.087440382,0.926124916,0.167512690,462,0,220,2296
0.000072889154,1.000000000,0.087837838,0.925789120,0.167573449,462,0,221,2295
0.000074329630,1.000000000,0.088235294,0.925453324,0.167634253,462,0,222,2294
0.000074501430,1.000000000,0.088632750,0.925117529,0.167695100,462,0,223,2293
0.000075091295,1.000000000,0.089030207,0.924781733,0.167755991,462,0,224,2292
0.000077838660,1.000000000,0.089427663,0.924445937,0.167816927,462,0,225,2291
0.000078255290,1.000000000,0.089825119,0.924110141,0.167877907,462,0,226,2290
0.000078472900,1.000000000,0.090222576,0.923774345,0.167938931,462,0,227,2289
0.000078854420,1.000000000,0.090620032,0.923438549,0.168000000,462,0,228,2288
0.000080059210,1.000000000,0.091017488,0.923102754,0.168061113,462,0,229,2287
0.000083424100,1.000000000,0.091414944,0.922766958,0.168122271,462,0,230,2286
0.000083647930,1.000000000,0.091812401,0.922431162,0.168183473,462,0,231,2285
0.000086317630,1.000000000,0.092209857,0.922095366,0.168244720,462,0,232,2284
0.000086848595,1.000000000,0.092607313,0.921759570,0.168306011,462,0,233,2283
0.000087371680,1.000000000,0.093004769,0.921423774,0.168367347,462,0,234,2282
0.000087607450,1.000000000,0.093402226,0.921087979,0.168428728,462,0,235,2281
0.000088190995,1.000000000,0.093799682,0.920752183,0.168490153,462,0,236,2280
0.000088560450,1.000000000,0.094197138,0.920416387,0.168551623,462,0,237,2279
0.000090536440,1.000000000,0.094594595,0.920080591,0.168613139,462,0,238,2278
0.000092079375,1.000000000,0.094992051,0.919744795,0.168674699,462,0,239,2277
0.000092836020,1.000000000,0.095389507,0.919408999,0.168736304,462,0,240,2276
0.000092973510,1.000000000,0.095786963,0.919073203,0.168797954,462,0,241,2275
0.000093046680,1.000000000,0.096184420,0.918737408,0.168859649,462,0,242,2274
0.000093420530,1.000000000,0.096581876,0.918401612,0.168921389,462,0,243,2273
0.000093651550,1.000000000,0.096979332,0.918065816,0.168983175,462,0,244,2272
0.000093892530,1.000000000,0.097376789,0.917730020,0.169045005,462,0,245,2271
0.000094419390,1.000000000,0.097774245,0.917394224,0.169106881,462,0,246,2270
0.000094467934,1.000000000,0.098171701,0.917058428,0.169168803,462,0,247,2269
0.000095418550,1.000000000,0.098569157,0.916722633,0.169230769,462,0,248,2268
0.000095589494,1.000000000,0.098966614,0.916386837,0.169292781,462,0,249,2267
0.000095991960,1.000000000,0.099364070,0.916051041,0.169354839,462,0,250,2266
0.000097899800,1.000000000,0.099761526,0.915715245,0.169416942,462,0,251,2265
0.000098053110,1.000000000,0.100158983,0.915379449,0.169479090,462,0,252,2264
0.000098106230,1.000000000,0.100556439,0.915043653,0.169541284,462,0,253,2263
0.000100018030,1.000000000,0.100953895,0.914707858,0.169603524,462,0,254,2262
0.000101648250,1.000000000,0.101351351,0.914372062,0.169665810,462,0,255,2261
0.000102019680,1.000000000,0.101748808,0.914036266,0.169728141,462,0,256,2260
0.000104694610,1.000000000,0.102146264,0.913700470,0.169790518,462,0,257,2259
0.000106702624,1.000000000,0.102543720,0.913364674,0.169852941,462,0,258,2258
0.000106720330,1.000000000,0.102941176,0.913028878,0.169915410,462,0,259,2257
0.000106916916,1.000000000,0.103338633,0.912693083,0.169977925,462,0,260,2256
0.000107064030,1.000000000,0.103736089,0.912357287,0.170040486,462,0,261,2255
0.000110408110,1.000000000,0.104133545,0.912021491,0.170103093,462,0,262,2254
0.000110527150,1.000000000,0.104531002,0.911685695,0.170165746,462,0,263,2253
0.000111129960,1.000000000,0.104928458,0.911349899,0.170228445,462,0,264,2252
0.000111922454,1.000000000,0.105325914,0.911014103,0.170291191,462,0,265,2251
0.000112941820,1.000000000,0.105723370,0.910678308,0.170353982,462,0,266,2250
0.000113381110,1.000000000,0.106120827,0.910342512,0.170416820,462,0,267,2249
0.000114664400,1.000000000,0.106518283,0.910006716,0.170479705,462,0,268,2248
0.000115123900,1.000000000,0.106915739,0.909670920,0.170542636,462,0,269,2247
0.000115887180,1.000000000,0.107313196,0.909335124,0.170605613,462,0,270,2246
0.000117162310,1.000000000,0.107710652,0.908999328,0.170668637,462,0,271,2245
0.000119919016,1.000000000,0.108108108,0.908663533,0.170731707,462,0,272,2244
0.000120346194,1.000000000,0.108505564,0.908327737,0.170794824,462,0,273,2243
0.000122215830,1.000000000,0.108903021,0.907991941,0.170857988,462,0,274,2242
0.000123329520,1.000000000,0.109300477,0.907656145,0.170921199,462,0,275,2241
0.000123700290,1.000000000,0.109697933,0.907320349,0.170984456,462,0,276,2240
0.000124346250,1.000000000,0.110095390,0.906984553,0.171047760,462,0,277,2239
0.000124765270,1.000000000,0.110492846,0.906648758,0.171111111,462,0,278,2238
0.000125120190,1.000000000,0.110890302,0.906312962,0.171174509,462,0,279,2237
0.000125278490,1.000000000,0.111287758,0.905977166,0.171237954,462,0,280,2236
0.000125573310,1.000000000,0.111685215,0.905641370,0.171301446,462,0,281,2235
0.000127040490,1.000000000,0.112082671,0.905305574,0.171364985,462,0,282,2234
0.000128541850,1.000000000,0.112480127,0.904969778,0.171428571,462,0,283,2233
0.000128676630,1.000000000,0.112877583,0.904633983,0.171492205,462,0,284,2232
0.000128798540,1.000000000,0.113275040,0.904298187,0.171555886,462,0,285,2231
0.000128802220,1.000000000,0.113672496,0.903962391,0.171619614,462,0,286,2230
0.000130451100,1.000000000,0.114069952,0.903626595,0.171683389,462,0,287,2229
0.000130523640,1.000000000,0.114467409,0.903290799,0.171747212,462,0,288,2228
0.000130925900,1.000000000,0.114864865,0.902955003,0.171811082,462,0,289,2227
0.000130941120,1.000000000,0.115262321,0.902619208,0.171875000,462,0,290,2226
0.000131362320,1.000000000,0.115659777,0.902283412,0.171938965,462,0,291,2225
0.000131667170,1.000000000,0.116057234,0.901947616,0.172002978,462,0,292,2224
0.000132866100,1.000000000,0.116454690,0.901611820,0.172067039,462,0,293,2223
0.000133456780,1.000000000,0.116852146,0.901276024,0.172131148,462,0,294,2222
0.000133750570,1.000000000,0.117249603,0.900940228,0.172195304,462,0,295,2221
0.000133769050,1.000000000,0.117647059,0.900604433,0.172259508,462,0,296,2220
0.000134918390,1.000000000,0.118044515,0.900268637,0.172323760,462,0,297,2219
0.000135502950,1.000000000,0.118441971,0.899932841,0.172388060,462,0,298,2218
0.000136366350,1.000000000,0.118839428,0.899597045,0.172452408,462,0,299,2217
0.000136439050,1.000000000,0.119236884,0.899261249,0.172516804,462,0,300,2216
0.000136678910,1.000000000,0.119634340,0.898925453,0.172581248,462,0,301,2215
0.000137755360,1.000000000,0.120031797,0.898589657,0.172645740,462,0,302,2214
0.000137771640,1.000000000,0.120429253,0.898253862,0.172710280,462,0,303,2213
0.000138112040,1.000000000,0.120826709,0.897918066,0.172774869,462,0,304,2212
0.000138192000,1.000000000,0.121224165,0.897582270,0.172839506,462,0,305,2211
0.000139073340,1.000000000,0.121621622,0.897246474,0.172904192,462,0,306,2210
0.000139088050,1.000000000,0.122019078,0.896910678,0.172968925,462,0,307,2209
0.000140581280,1.000000000,0.122416534,0.896574882,0.173033708,462,0,308,2208
0.000141356600,1.000000000,0.122813990,0.896239087,0.173098539,462,0,309,2207
0.000141502680,1.000000000,0.123211447,0.895903291,0.173163418,462,0,310,2206
0.000142689050,1.000000000,0.123608903,0.895567495,0.173228346,462,0,311,2205
0.000144394040,1.000000000,0.124006359,0.895231699,0.173293323,462,0,312,2204
0.000146060080,1.000000000,0.124403816,0.894895903,0.173358349,462,0,313,2203
0.000146656120,1.000000000,0.124801272,0.894560107,0.173423423,462,0,314,2202
0.000147842280,1.000000000,0.125198728,0.894224312,0.173488547,462,0,315,2201
0.000150737190,1.000000000,0.125596184,0.893888516,0.173553719,462,0,316,2200
0.000150992550,1.000000000,0.125993641,0.893552720,0.173618940,462,0,317,2199
0.000151124040,1.000000000,0.126391097,0.893216924,0.173684211,462,0,318,2198
0.000152112200,1.000000000,0.126788553,0.892881128,0.173749530,462,0,319,2197
0.000152318740,1.000000000,0.127186010,0.892545332,0.173814898,462,0,320,2196
0.000152796600,1.000000000,0.127583466,0.892209537,0.173880316,462,0,321,2195
0.000152798790,1.000000000,0.127980922,0.891873741,0.173945783,462,0,322,2194
0.000153447500,1.000000000,0.128378378,0.891537945,0.174011299,462,0,323,2193
0.000155789280,1.000000000,0.128775835,0.891202149,0.174076865,462,0,324,2192
0.000156251660,1.000000000,0.129173291,0.890866353,0.174142480,462,0,325,2191
0.000156366700,1.000000000,0.129570747,0.890530557,0.174208145,462,0,326,2190
0.000157750780,1.000000000,0.129968203,0.890194762,0.174273859,462,0,327,2189
0.000161170840,1.000000000,0.130365660,0.889858966,0.174339623,462,0,328,2188
0.000161816820,1.000000000,0.130763116,0.889523170,0.174405436,462,0,329,2187
0.000161867730,1.000000000,0.131160572,0.889187374,0.174471299,462,0,330,2186
0.000162423410,1.000000000,0.131558029,0.888851578,0.174537212,462,0,331,2185
0.000163039120,1.000000000,0.131955485,0.888515782,0.174603175,462,0,332,2184
0.000163127290,1.000000000,0.132352941,0.888179987,0.174669187,462,0,333,2183
0.000163305640,1.000000000,0.132750397,0.887844191,0.174735250,462,0,334,2182
0.000163818290,1.000000000,0.133147854,0.887508395,0.174801362,462,0,335,2181
0.000164880770,1.000000000,0.133545310,0.887172599,0.174867525,462,0,336,2180
0.000165017600,1.000000000,0.133942766,0.886836803,0.174933737,462,0,337,2179
0.000166326850,1.000000000,0.134340223,0.886501007,0.175000000,462,0,338,2178
0.000166358890,1.000000000,0.134737679,0.886165212,0.175066313,462,0,339,2177
0.000169135560,1.000000000,0.135135135,0.885829416,0.175132676,462,0,340,2176
0.000170044830,1.000000000,0.135532591,0.885493620,0.175199090,462,0,341,2175
0.000171480260,1.000000000,0.135930048,0.885157824,0.175265554,462,0,342,2174
0.000173254620,1.000000000,0.136327504,0.884822028,0.175332068,462,0,343,2173
0.000173913040,1.000000000,0.136724960,0.884486232,0.175398633,462,0,344,2172
0.000174469290,1.000000000,0.137122417,0.884150437,0.175465249,462,0,345,2171
0.000176600940,1.000000000,0.137519873,0.883814641,0.175531915,462,0,346,2170
0.000177279840,1.000000000,0.137917329,0.883478845,0.175598632,462,0,347,2169
0.000177699020,1.000000000,0.138314785,0.883143049,0.175665399,462,0,348,2168
0.000177929300,1.000000000,0.138712242,0.882807253,0.175732218,462,0,349,2167
0.000179670620,1.000000000,0.139109698,0.882471457,0.175799087,462,0,350,2166
0.000181197500,1.000000000,0.139507154,0.882135662,0.175866007,462,0,351,2165
0.000181303260,1.000000000,0.139904610,0.881799866,0.175932978,462,0,352,2164
0.000181860260,1.000000000,0.140302067,0.881464070,0.176000000,462,0,353,2163
0.000182002670,1.000000000,0.140699523,0.881128274,0.176067073,462,0,354,2162
0.000183727800,1.000000000,0.141096979,0.880792478,0.176134197,462,0,355,2161
0.000184483350,1.000000000,0.141494436,0.880456682,0.176201373,462,0,356,2160
0.000184606160,1.000000000,0.141891892,0.880120887,0.176268600,462,0,357,2159
0.000186005350,1.000000000,0.142289348,0.879785091,0.176335878,462,0,358,2158
0.000186748890,1.000000000,0.142686804,0.879449295,0.176403207,462,0,359,2157
0.000186796450,1.000000000,0.143084261,0.879113499,0.176470588,462,0,360,2156
0.000187472880,1.000000000,0.143481717,0.878777703,0.176538021,462,0,361,2155
0.000190411870,1.000000000,0.143879173,0.878441907,0.176605505,462,0,362,2154
0.000191625250,1.000000000,0.144276630,0.878106111,0.176673040,462,0,363,2153
0.000192090080,1.000000000,0.144674086,0.877770316,0.176740627,462,0,364,2152
0.000192649520,1.000000000,0.145071542,0.877434520,0.176808266,462,0,365,2151
0.000193813030,1.000000000,0.145468998,0.877098724,0.176875957,462,0,366,2150
0.000199815800,1.000000000,0.145866455,0.876762928,0.176943700,462,0,367,2149
0.000201085070,1.000000000,0.146263911,0.876427132,0.177011494,462,0,368,2148
0.000203956800,1.000000000,0.146661367,0.876091336,0.177079341,462,0,369,2147
0.000206367960,1.000000000,0.147058824,0.875755541,0.177147239,462,0,370,2146
0.000206447690,1.000000000,0.147456280,0.875419745,0.177215190,462,0,371,2145
0.000206611510,1.000000000,0.147853736,0.875083949,0.177283193,462,0,372,2144
0.000207606160,1.000000000,0.148251192,0.874748153,0.177351248,462,0,373,2143
0.000208169510,1.000000000,0.148648649,0.874412357,0.177419355,462,0,374,2142
0.000210316170,1.000000000,0.149046105,0.874076561,0.177487514,462,0,375,2141
0.000210880420,1.000000000,0.149443561,0.873740766,0.177555726,462,0,376,2140
0.000211130710,1.000000000,0.149841017,0.873404970,0.177623991,462,0,377,2139
0.000211293430,1.000000000,0.150238474,0.873069174,0.177692308,462,0,378,2138
0.000212284520,1.000000000,0.150635930,0.872733378,0.177760677,462,0,379,2137
0.000212498560,1.000000000,0.151033386,0.872397582,0.177829099,462,0,380,2136
0.000213719570,1.000000000,0.151430843,0.872061786,0.177897574,462,0,381,2135
0.000213753000,1.000000000,0.151828299,0.871725991,0.177966102,462,0,382,2134
0.000218180880,1.000000000,0.152225755,0.871390195,0.178034682,462,0,383,2133
0.000218782700,1.000000000,0.152623211,0.871054399,0.178103315,462,0,384,2132
0.000221707070,1.000000000,0.153020668,0.870718603,0.178172002,462,0,385,2131
0.000222123480,1.000000000,0.153418124,0.870382807,0.178240741,462,0,386,2130
0.000223061350,1.000000000,0.153815580,0.870047011,0.178309533,462,0,387,2129
0.000224559770,1.000000000,0.154213037,0.869711216,0.178378378,462,0,388,2128
0.000227130850,1.000000000,0.154610493,0.869375420,0.178447277,462,0,389,2127
0.000227564150,1.000000000,0.155007949,0.869039624,0.178516229,462,0,390,2126
0.000227580210,1.000000000,0.155405405,0.868703828,0.178585234,462,0,391,2125
0.000228934560,1.000000000,0.155802862,0.868368032,0.178654292,462,0,392,2124
0.000229760030,1.000000000,0.156200318,0.868032236,0.178723404,462,0,393,2123
0.000230297810,1.000000000,0.156597774,0.867696441,0.178792570,462,0,394,2122
0.000231301920,1.000000000,0.156995231,0.867360645,0.178861789,462,0,395,2121
0.000232917900,1.000000000,0.157392687,0.867024849,0.178931061,462,0,396,2120
0.000233936110,1.000000000,0.157790143,0.866689053,0.179000387,462,0,397,2119
0.000235187380,1.000000000,0.158187599,0.866353257,0.179069767,462,0,398,2118
0.000235425660,1.000000000,0.158585056,0.866017461,0.179139201,462,0,399,2117
0.000235703020,1.000000000,0.158982512,0.865681666,0.179208689,462,0,400,2116
0.000236322990,1.000000000,0.159379968,0.865345870,0.179278231,462,0,401,2115
0.000236927180,1.000000000,0.159777424,0.865010074,0.179347826,462,0,402,2114
0.000243123200,1.000000000,0.160174881,0.864674278,0.179417476,462,0,403,2113
0.000243761010,1.000000000,0.160572337,0.864338482,0.179487179,462,0,404,2112
0.000245480620,1.000000000,0.160969793,0.864002686,0.179556937,462,0,405,2111
0.000247334250,1.000000000,0.161367250,0.863666891,0.179626750,462,0,406,2110
0.000247962340,1.000000000,0.161764706,0.863331095,0.179696616,462,0,407,2109
0.000249369200,1.000000000,0.162162162,0.862995299,0.179766537,462,0,408,2108
0.000250465760,1.000000000,0.162559618,0.862659503,0.179836512,462,0,409,2107
0.000251905800,1.000000000,0.162957075,0.862323707,0.179906542,462,0,410,2106
0.000257908540,1.000000000,0.163354531,0.861987911,0.179976626,462,0,411,2105
0.000257986500,1.000000000,0.163751987,0.861652116,0.180046765,462,0,412,2104
0.000258128940,1.000000000,0.164149444,0.861316320,0.180116959,462,0,413,2103
0.000260380240,1.000000000,0.164546900,0.860980524,0.180187207,462,0,414,2102
0.000260473100,1.000000000,0.164944356,0.860644728,0.180257511,462,0,415,2101
0.000265393200,1.000000000,0.165341812,0.860308932,0.180327869,462,0,416,2100
0.000266013600,1.000000000,0.165739269,0.859973136,0.180398282,462,0,417,2099
0.000267930240,1.000000000,0.166136725,0.859637340,0.180468750,462,0,418,2098
0.000271275380,1.000000000,0.166534181,0.859301545,0.180539273,462,0,419,2097
0.000272207800,1.000000000,0.166931638,0.858965749,0.180609851,462,0,420,2096
0.000272485140,1.000000000,0.167329094,0.858629953,0.180680485,462,0,421,2095
0.000274986120,1.000000000,0.167726550,0.858294157,0.180751174,462,0,422,2094
0.000274989520,1.000000000,0.168124006,0.857958361,0.180821918,462,0,423,2093
0.000276245580,1.000000000,0.168521463,0.857622565,0.180892717,462,0,424,2092
0.000286974970,1.000000000,0.168918919,0.857286770,0.180963572,462,0,425,2091
0.000287315000,1.000000000,0.169316375,0.856950974,0.181034483,462,0,426,2090
0.000288067360,1.000000000,0.169713831,0.856615178,0.181105449,462,0,427,2089
0.000291485920,1.000000000,0.170111288,0.856279382,0.181176471,462,0,428,2088
0.000292222450,1.000000000,0.170508744,0.855943586,0.181247548,462,0,429,2087
0.000292559500,1.000000000,0.170906200,0.855607790,0.181318681,462,0,430,2086
0.000293542660,1.000000000,0.171303657,0.855271995,0.181389870,462,0,431,2085
0.000293728260,1.000000000,0.171701113,0.854936199,0.181461115,462,0,432,2084
0.000294796300,1.000000000,0.172098569,0.854600403,0.181532417,462,0,433,2083
0.000302773900,1.000000000,0.172496025,0.854264607,0.181603774,462,0,434,2082
0.000307757150,1.000000000,0.172893482,0.853928811,0.181675187,462,0,435,2081
0.000308015760,1.000000000,0.173290938,0.853593015,0.181746656,462,0,436,2080
0.000310400330,1.000000000,0.173688394,0.853257220,0.181818182,462,0,437,2079
0.000310516950,1.000000000,0.174085851,0.852921424,0.181889764,462,0,438,2078
0.000311656130,1.000000000,0.174483307,0.852585628,0.181961402,462,0,439,2077
0.000314579460,1.000000000,0.174880763,0.852249832,0.182033097,462,0,440,2076
0.000314853700,1.000000000,0.175278219,0.851914036,0.182104848,462,0,441,2075
0.000315399600,1.000000000,0.175675676,0.851578240,0.182176656,462,0,442,2074
0.000316409450,1.000000000,0.176073132,0.851242445,0.182248521,462,0,443,2073
0.000321930910,1.000000000,0.176470588,0.850906649,0.182320442,462,0,444,2072
0.000324216000,1.000000000,0.176868045,0.850570853,0.182392420,462,0,445,2071
0.000324552470,1.000000000,0.177265501,0.850235057,0.182464455,462,0,446,2070
0.000325340600,1.000000000,0.177662957,0.849899261,0.182536547,462,0,447,2069
0.000327256540,1.000000000,0.178060413,0.849563465,0.182608696,462,0,448,2068
0.000327367920,1.000000000,0.178457870,0.849227670,0.182680902,462,0,449,2067
0.000328185740,1.000000000,0.178855326,0.848891874,0.182753165,462,0,450,2066
0.000329288300,1.000000000,0.179252782,0.848556078,0.182825485,462,0,451,2065
0.000329794070,1.000000000,0.179650238,0.848220282,0.182897862,462,0,452,2064
0.000330313600,1.000000000,0.180047695,0.847884486,0.182970297,462,0,453,2063
0.000330363700,1.000000000,0.180445151,0.847548690,0.183042789,462,0,454,2062
0.000330915620,1.000000000,0.180842607,0.847212895,0.183115339,462,0,455,2061
0.000331573420,1.000000000,0.181240064,0.846877099,0.183187946,462,0,456,2060
0.000331579740,1.000000000,0.181637520,0.846541303,0.183260611,462,0,457,2059
0.000332015620,1.000000000,0.182034976,0.846205507,0.183333333,462,0,458,2058
0.000332018800,1.000000000,0.182432432,0.845869711,0.183406114,462,0,459,2057
0.000332548140,1.000000000,0.182829889,0.845533915,0.183478952,462,0,460,2056
0.000333405900,1.000000000,0.183227345,0.845198120,0.183551847,462,0,461,2055
0.000335277230,1.000000000,0.183624801,0.844862324,0.183624801,462,0,462,2054
0.000337302160,1.000000000,0.184022258,0.844526528,0.183697813,462,0,463,2053
0.000339264900,1.000000000,0.184419714,0.844190732,0.183770883,462,0,464,2052
0.000340679660,1.000000000,0.184817170,0.843854936,0.183844011,462,0,465,2051
0.000340758270,1.000000000,0.185214626,0.843519140,0.183917197,462,0,466,2050
0.000342266500,1.000000000,0.185612083,0.843183345,0.183990442,462,0,467,2049
0.000342360320,1.000000000,0.186009539,0.842847549,0.184063745,462,0,468,2048
0.000345138500,1.000000000,0.186406995,0.842511753,0.184137106,462,0,469,2047
0.000349126100,1.000000000,0.186804452,0.842175957,0.184210526,462,0,470,2046
0.000352709700,1.000000000,0.187201908,0.841840161,0.184284005,462,0,471,2045
0.000353640640,1.000000000,0.187599364,0.841504365,0.184357542,462,0,472,2044
0.000355010700,1.000000000,0.187996820,0.841168570,0.184431138,462,0,473,2043
0.000359578400,1.000000000,0.188394277,0.840832774,0.184504792,462,0,474,2042
0.000360571140,1.000000000,0.188791733,0.840496978,0.184578506,462,0,475,2041
0.000361701420,1.000000000,0.189189189,0.840161182,0.184652278,462,0,476,2040
0.000361712270,1.000000000,0.189586645,0.839825386,0.184726110,462,0,477,2039
0.000362263530,1.000000000,0.189984102,0.839489590,0.184800000,462,0,478,2038
0.000364469480,1.000000000,0.190381558,0.839153794,0.184873950,462,0,479,2037
0.000367261880,1.000000000,0.190779014,0.838817999,0.184947958,462,0,480,2036
0.000371248430,1.000000000,0.191176471,0.838482203,0.185022026,462,0,481,2035
0.000371920060,1.000000000,0.191573927,0.838146407,0.185096154,462,0,482,2034
0.000374936240,1.000000000,0.191971383,0.837810611,0.185170341,462,0,483,2033
0.000375744540,1.000000000,0.192368839,0.837474815,0.185244587,462,0,484,2032
0.000376052570,1.000000000,0.192766296,0.837139019,0.185318893,462,0,485,2031
0.000377707420,1.000000000,0.193163752,0.836803224,0.185393258,462,0,486,2030
0.000377785390,1.000000000,0.193561208,0.836467428,0.185467684,462,0,487,2029
0.000379488570,1.000000000,0.193958665,0.836131632,0.185542169,462,0,488,2028
0.000383562640,1.000000000,0.194356121,0.835795836,0.185616714,462,0,489,2027
0.000383651150,1.000000000,0.194753577,0.835460040,0.185691318,462,0,490,2026
0.000385620020,1.000000000,0.195151033,0.835124244,0.185765983,462,0,491,2025
0.000386063240,1.000000000,0.195548490,0.834788449,0.185840708,462,0,492,2024
0.000386549000,1.000000000,0.195945946,0.834452653,0.185915493,462,0,493,2023
0.000387720730,1.000000000,0.196343402,0.834116857,0.185990338,462,0,494,2022
0.000389197200,1.000000000,0.196740859,0.833781061,0.186065244,462,0,495,2021
0.000389398370,1.000000000,0.197138315,0.833445265,0.186140210,462,0,496,2020
0.000393439400,1.000000000,0.197535771,0.833109469,0.186215236,462,0,497,2019
0.000398554700,1.000000000,0.197933227,0.832773674,0.186290323,462,0,498,2018
0.000402549900,1.000000000,0.198330684,0.832437878,0.186365470,462,0,499,2017
0.000402754700,1.000000000,0.198728140,0.832102082,0.186440678,462,0,500,2016
0.000405588680,1.000000000,0.199125596,0.831766286,0.186515947,462,0,501,2015
0.000408408350,1.000000000,0.199523052,0.831430490,0.186591276,462,0,502,2014
0.000409406840,1.000000000,0.199920509,0.831094694,0.186666667,462,0,503,2013
0.000409890300,1.000000000,0.200317965,0.830758899,0.186742118,462,0,504,2012
0.000409952070,1.000000000,0.200715421,0.830423103,0.186817630,462,0,505,2011
0.000412431080,1.000000000,0.201112878,0.830087307,0.186893204,462,0,506,2010
0.000412778800,1.000000000,0.201510334,0.829751511,0.186968839,462,0,507,2009
0.000413145750,1.000000000,0.201907790,0.829415715,0.187044534,462,0,508,2008
0.000413313540,1.000000000,0.202305246,0.829079919,0.187120292,462,0,509,2007
0.000414968530,1.000000000,0.202702703,0.828744124,0.187196110,462,0,510,2006
0.000415764000,1.000000000,0.203100159,0.828408328,0.187271990,462,0,511,2005
0.000420172670,1.000000000,0.203497615,0.828072532,0.187347932,462,0,512,2004
0.000420203500,1.000000000,0.203895072,0.827736736,0.187423935,462,0,513,2003
0.000435079860,1.000000000,0.204292528,0.827400940,0.187500000,462,0,514,2002
0.000436301950,1.000000000,0.204689984,0.827065144,0.187576127,462,0,515,2001
0.000436728670,1.000000000,0.205087440,0.826729349,0.187652315,462,0,516,2000
0.000437185630,1.000000000,0.205484897,0.826393553,0.187728566,462,0,517,1999
0.000440979800,1.000000000,0.205882353,0.826057757,0.187804878,462,0,518,1998
0.000442579650,1.000000000,0.206279809,0.825721961,0.187881253,462,0,519,1997
0.000442860330,1.000000000,0.206677266,0.825386165,0.187957689,462,0,520,1996
0.000444731680,1.000000000,0.207074722,0.825050369,0.188034188,462,0,521,1995
0.000445082170,1.000000000,0.207472178,0.824714574,0.188110749,462,0,522,1994
0.000445831250,1.000000000,0.207869634,0.824378778,0.188187373,462,0,523,1993
0.000446446620,1.000000000,0.208267091,0.824042982,0.188264059,462,0,524,1992
0.000448112870,1.000000000,0.208664547,0.823707186,0.188340807,462,0,525,1991
0.000451213190,1.000000000,0.209062003,0.823371390,0.188417618,462,0,526,1990
0.000451686600,1.000000000,0.209459459,0.823035594,0.188494492,462,0,527,1989
0.000452029230,1.000000000,0.209856916,0.822699799,0.188571429,462,0,528,1988
0.000458154130,1.000000000,0.210254372,0.822364003,0.188648428,462,0,529,1987
0.000458275750,1.000000000,0.210651828,0.822028207,0.188725490,462,0,530,1986
0.000460280220,1.000000000,0.211049285,0.821692411,0.188802615,462,0,531,1985
0.000463428270,1.000000000,0.211446741,0.821356615,0.188879804,462,0,532,1984
0.000467729140,1.000000000,0.211844197,0.821020819,0.188957055,462,0,533,1983
0.000471062100,1.000000000,0.212241653,0.820685024,0.189034370,462,0,534,1982
0.000472030300,1.000000000,0.212639110,0.820349228,0.189111748,462,0,535,1981
0.000472482500,1.000000000,0.213036566,0.820013432,0.189189189,462,0,536,1980
0.000472839780,1.000000000,0.213434022,0.819677636,0.189266694,462,0,537,1979
0.000476354900,1.000000000,0.213831479,0.819341840,0.189344262,462,0,538,1978
0.000477529420,1.000000000,0.214228935,0.819006044,0.189421894,462,0,539,1977
0.000479715440,1.000000000,0.214626391,0.818670248,0.189499590,462,0,540,1976
0.000480539950,1.000000000,0.215023847,0.818334453,0.189577349,462,0,541,1975
0.000481078500,1.000000000,0.215421304,0.817998657,0.189655172,462,0,542,1974
0.000483182400,1.000000000,0.215818760,0.817662861,0.189733060,462,0,543,1973
0.000483723420,1.000000000,0.216216216,0.817327065,0.189811011,462,0,544,1972
0.000484013030,1.000000000,0.216613672,0.816991269,0.189889026,462,0,545,1971
0.000485565280,1.000000000,0.217011129,0.816655473,0.189967105,462,0,546,1970
0.000488389400,1.000000000,0.217408585,0.816319678,0.190045249,462,0,547,1969
0.000488526540,1.000000000,0.217806041,0.815983882,0.190123457,462,0,548,1968
0.000489582400,1.000000000,0.218203498,0.815648086,0.190201729,462,0,549,1967
0.000493175100,1.000000000,0.218600954,0.815312290,0.190280066,462,0,550,1966
0.000493983900,1.000000000,0.218998410,0.814976494,0.190358467,462,0,551,1965
0.000495957270,1.000000000,0.219395866,0.814640698,0.190436933,462,0,552,1964
0.000501722800,1.000000000,0.219793323,0.814304903,0.190515464,462,0,553,1963
0.000502641840,1.000000000,0.220190779,0.813969107,0.190594059,462,0,554,1962
0.000502730950,1.000000000,0.220588235,0.813633311,0.190672720,462,0,555,1961
0.000506699200,1.000000000,0.220985692,0.813297515,0.190751445,462,0,556,1960
0.000506711540,1.000000000,0.221383148,0.812961719,0.190830235,462,0,557,1959
0.000507621560,1.000000000,0.221780604,0.812625923,0.190909091,462,0,558,1958
0.000507997400,1.000000000,0.222178060,0.812290128,0.190988012,462,0,559,1957
0.000514808400,1.000000000,0.222575517,0.811954332,0.191066998,462,0,560,1956
0.000515321200,1.000000000,0.222972973,0.811618536,0.191146049,462,0,561,1955
0.000517744050,1.000000000,0.223370429,0.811282740,0.191225166,462,0,562,1954
0.000519520400,1.000000000,0.223767886,0.810946944,0.191304348,462,0,563,1953
0.000519798140,1.000000000,0.224165342,0.810611148,0.191383596,462,0,564,1952
0.000520061300,1.000000000,0.224562798,0.810275353,0.191462909,462,0,565,1951
0.000520465950,1.000000000,0.224960254,0.809939557,0.191542289,462,0,566,1950
0.000523039600,1.000000000,0.225357711,0.809603761,0.191621734,462,0,567,1949
0.000525427050,1.000000000,0.225755167,0.809267965,0.191701245,462,0,568,1948
0.000525896550,1.000000000,0.226152623,0.808932169,0.191780822,462,0,569,1947
0.000527201700,1.000000000,0.226550079,0.808596373,0.191860465,462,0,570,1946
0.000528078100,1.000000000,0.226947536,0.808260578,0.191940174,462,0,571,1945
0.000528658740,1.000000000,0.227344992,0.807924782,0.192019950,462,0,572,1944
0.000528776200,1.000000000,0.227742448,0.807588986,0.192099792,462,0,573,1943
0.000531694400,1.000000000,0.228139905,0.807253190,0.192179700,462,0,574,1942
0.000532866050,1.000000000,0.228537361,0.806917394,0.192259675,462,0,575,1941
0.000533202700,1.000000000,0.228934817,0.806581598,0.192339717,462,0,576,1940
0.000535053300,1.000000000,0.229332273,0.806245803,0.192419825,462,0,577,1939
0.000535270300,1.000000000,0.229729730,0.805910007,0.192500000,462,0,578,1938
0.000536367200,1.000000000,0.230127186,0.805574211,0.192580242,462,0,579,1937
0.000536911360,1.000000000,0.230524642,0.805238415,0.192660550,462,0,580,1936
0.000538807250,1.000000000,0.230922099,0.804902619,0.192740926,462,0,581,1935
0.000538970600,1.000000000,0.231319555,0.804566823,0.192821369,462,0,582,1934
0.000539008060,1.000000000,0.231717011,0.804231028,0.192901879,462,0,583,1933
0.000539569100,1.000000000,0.232114467,0.803895232,0.192982456,462,0,584,1932
0.000541208300,1.000000000,0.232511924,0.803559436,0.193063101,462,0,585,1931
0.000541281100,1.000000000,0.232909380,0.803223640,0.193143813,462,0,586,1930
0.000543482600,1.000000000,0.233306836,0.802887844,0.193224592,462,0,587,1929
0.000543837300,1.000000000,0.233704293,0.802552048,0.193305439,462,0,588,1928
0.000546494150,1.000000000,0.234101749,0.802216253,0.193386354,462,0,589,1927
0.000548472400,1.000000000,0.234499205,0.801880457,0.193467337,462,0,590,1926
0.000548759770,1.000000000,0.234896661,0.801544661,0.193548387,462,0,591,1925
0.000549057000,1.000000000,0.235294118,0.801208865,0.193629505,462,0,592,1924
0.000549413200,1.000000000,0.235691574,0.800873069,0.193710692,462,0,593,1923
0.000552481040,1.000000000,0.236089030,0.800537273,0.193791946,462,0,594,1922
0.000556629270,1.000000000,0.236486486,0.800201478,0.193873269,462,0,595,1921
0.000559141450,1.000000000,0.236883943,0.799865682,0.193954660,462,0,596,1920
0.000559626400,1.000000000,0.237281399,0.799529886,0.194036119,462,0,597,1919
0.000561115500,1.000000000,0.237678855,0.799194090,0.194117647,462,0,598,1918
0.000562160400,1.000000000,0.238076312,0.798858294,0.194199243,462,0,599,1917
0.000563182600,1.000000000,0.238473768,0.798522498,0.194280908,462,0,600,1916
0.000564751700,1.000000000,0.238871224,0.798186702,0.194362642,462,0,601,1915
0.000574510140,1.000000000,0.239268680,0.797850907,0.194444444,462,0,602,1914
0.000575062940,1.000000000,0.239666137,0.797515111,0.194526316,462,0,603,1913
0.000578152600,1.000000000,0.240063593,0.797179315,0.194608256,462,0,604,1912
0.000579074700,1.000000000,0.240461049,0.796843519,0.194690265,462,0,605,1911
0.000579312700,1.000000000,0.240858506,0.796507723,0.194772344,462,0,606,1910
0.000580064900,1.000000000,0.241255962,0.796171927,0.194854492,462,0,607,1909
0.000582553450,1.000000000,0.241653418,0.795836132,0.194936709,462,0,608,1908
0.000583160670,1.000000000,0.242050874,0.795500336,0.195018995,462,0,609,1907
0.000588466060,1.000000000,0.242448331,0.795164540,0.195101351,462,0,610,1906
0.000589092300,1.000000000,0.242845787,0.794828744,0.195183777,462,0,611,1905
0.000589702600,1.000000000,0.243243243,0.794492948,0.195266272,462,0,612,1904
0.000590335600,1.000000000,0.243640700,0.794157152,0.195348837,462,0,613,1903
0.000590657500,1.000000000,0.244038156,0.793821357,0.195431472,462,0,614,1902
0.000599722440,1.000000000,0.244435612,0.793485561,0.195514177,462,0,615,1901
0.000600524650,1.000000000,0.244833068,0.793149765,0.195596952,462,0,616,1900
0.000600660570,1.000000000,0.245230525,0.792813969,0.195679797,462,0,617,1899
0.000602632060,1.000000000,0.245627981,0.792478173,0.195762712,462,0,618,1898
0.000603202900,1.000000000,0.246025437,0.792142377,0.195845697,462,0,619,1897
0.000604294600,1.000000000,0.246422893,0.791806582,0.195928753,462,0,620,1896
0.000604884930,1.000000000,0.246820350,0.791470786,0.196011880,462,0,621,1895
0.000607158350,1.000000000,0.247217806,0.791134990,0.196095076,462,0,622,1894
0.000609138340,1.000000000,0.247615262,0.790799194,0.196178344,462,0,623,1893
0.000613301240,1.000000000,0.248012719,0.790463398,0.196261682,462,0,624,1892
0.000615725060,1.000000000,0.248410175,0.790127602,0.196345091,462,0,625,1891
0.000616099200,1.000000000,0.248807631,0.789791807,0.196428571,462,0,626,1890
0.000617458100,1.000000000,0.249205087,0.789456011,0.196512123,462,0,627,1889
0.000618118700,1.000000000,0.249602544,0.789120215,0.196595745,462,0,628,1888
0.000618217100,1.000000000,0.250000000,0.788784419,0.196679438,462,0,629,1887
0.000619626300,1.000000000,0.250397456,0.788448623,0.196763203,462,0,630,1886
0.000621361200,1.000000000,0.250794913,0.788112827,0.196847039,462,0,631,1885
0.000624196900,1.000000000,0.251192369,0.787777032,0.196930946,462,0,632,1884
0.000627999500,1.000000000,0.251589825,0.787441236,0.197014925,462,0,633,1883
0.000628347300,1.000000000,0.251987281,0.787105440,0.197098976,462,0,634,1882
0.000628514100,1.000000000,0.252384738,0.786769644,0.197183099,462,0,635,1881
0.000629001600,1.000000000,0.252782194,0.786433848,0.197267293,462,0,636,1880
0.000630108640,1.000000000,0.253179650,0.786098052,0.197351559,462,0,637,1879
0.000630701100,1.000000000,0.253577107,0.785762257,0.197435897,462,0,638,1878
0.000634331260,1.000000000,0.253974563,0.785426461,0.197520308,462,0,639,1877
0.000636202700,1.000000000,0.254372019,0.785090665,0.197604790,462,0,640,1876
0.000636287900,1.000000000,0.254769475,0.784754869,0.197689345,462,0,641,1875
0.000639901500,1.000000000,0.255166932,0.784419073,0.197773973,462,0,642,1874
0.000641266350,1.000000000,0.255564388,0.784083277,0.197858672,462,0,643,1873
0.000642363100,1.000000000,0.255961844,0.783747482,0.197943445,462,0,644,1872
0.000646513770,1.000000000,0.256359300,0.783411686,0.198028290,462,0,645,1871
0.000650189100,1.000000000,0.256756757,0.783075890,0.198113208,462,0,646,1870
0.000651950500,1.000000000,0.257154213,0.782740094,0.198198198,462,0,647,1869
0.000653273000,1.000000000,0.257551669,0.782404298,0.198283262,462,0,648,1868
0.000657920430,1.000000000,0.257949126,0.782068502,0.198368398,462,0,649,1867
0.000658155900,1.000000000,0.258346582,0.781732707,0.198453608,462,0,650,1866
0.000660213700,1.000000000,0.258744038,0.781396911,0.198538891,462,0,651,1865
0.000664717100,1.000000000,0.259141494,0.781061115,0.198624248,462,0,652,1864
0.000666224050,1.000000000,0.259538951,0.780725319,0.198709677,462,0,653,1863
0.000666362100,1.000000000,0.259936407,0.780389523,0.198795181,462,0,654,1862
0.000666718200,1.000000000,0.260333863,0.780053727,0.198880758,462,0,655,1861
0.000668479940,1.000000000,0.260731320,0.779717931,0.198966408,462,0,656,1860
0.000668793500,1.000000000,0.261128776,0.779382136,0.199052133,462,0,657,1859
0.000670971100,1.000000000,0.261526232,0.779046340,0.199137931,462,0,658,1858
0.000672210940,1.000000000,0.261923688,0.778710544,0.199223803,462,0,659,1857
0.000673933540,1.000000000,0.262321145,0.778374748,0.199309750,462,0,660,1856
0.000674649100,1.000000000,0.262718601,0.778038952,0.199395770,462,0,661,1855
0.000676150140,1.000000000,0.263116057,0.777703156,0.199481865,462,0,662,1854
0.000681222000,1.000000000,0.263513514,0.777367361,0.199568035,462,0,663,1853
0.000682962800,1.000000000,0.263910970,0.777031565,0.199654278,462,0,664,1852
0.000683533300,1.000000000,0.264308426,0.776695769,0.199740597,462,0,665,1851
0.000684613900,1.000000000,0.264705882,0.776359973,0.199826990,462,0,666,1850
0.000685928560,1.000000000,0.265103339,0.776024177,0.199913457,462,0,667,1849
0.000686713440,1.000000000,0.265500795,0.775688381,0.200000000,462,0,668,1848
0.000687347200,1.000000000,0.265898251,0.775352586,0.200086618,462,0,669,1847
0.000692926500,1.000000000,0.266295707,0.775016790,0.200173310,462,0,670,1846
0.000694382500,1.000000000,0.266693164,0.774680994,0.200260078,462,0,671,1845
0.000699843600,1.000000000,0.267090620,0.774345198,0.200346921,462,0,672,1844
0.000701366500,1.000000000,0.267488076,0.774009402,0.200433839,462,0,673,1843
0.000704821900,1.000000000,0.267885533,0.773673606,0.200520833,462,0,674,1842
0.000705369300,1.000000000,0.268282989,0.773337811,0.200607903,462,0,675,1841
0.000707711100,1.000000000,0.268680445,0.773002015,0.200695048,462,0,676,1840
0.000708034260,1.000000000,0.269077901,0.772666219,0.200782269,462,0,677,1839
0.000708480400,1.000000000,0.269475358,0.772330423,0.200869565,462,0,678,1838
0.000710028900,1.000000000,0.269872814,0.771994627,0.200956938,462,0,679,1837
0.000716663900,1.000000000,0.270270270,0.771658831,0.201044386,462,0,680,1836
0.000724100500,1.000000000,0.270667727,0.771323036,0.201131911,462,0,681,1835
0.000724317500,1.000000000,0.271065183,0.770987240,0.201219512,462,0,682,1834
0.000726769300,1.000000000,0.271462639,0.770651444,0.201307190,462,0,683,1833
0.000727303200,1.000000000,0.271860095,0.770315648,0.201394943,462,0,684,1832
0.000730553900,1.000000000,0.272257552,0.769979852,0.201482774,462,0,685,1831
0.000739456270,1.000000000,0.272655008,0.769644056,0.201570681,462,0,686,1830
0.000742702100,1.000000000,0.273052464,0.769308261,0.201658664,462,0,687,1829
0.000744015440,1.000000000,0.273449921,0.768972465,0.201746725,462,0,688,1828
0.000744657400,1.000000000,0.273847377,0.768636669,0.201834862,462,0,689,1827
0.000747078000,1.000000000,0.274244833,0.768300873,0.201923077,462,0,690,1826
0.000750205000,1.000000000,0.274642289,0.767965077,0.202011369,462,0,691,1825
0.000754673150,1.000000000,0.275039746,0.767629281,0.202099738,462,0,692,1824
0.000756430700,1.000000000,0.275437202,0.767293486,0.202188184,462,0,693,1823
0.000758617300,1.000000000,0.275834658,0.766957690,0.202276708,462,0,694,1822
0.000761001200,1.000000000,0.276232114,0.766621894,0.202365309,462,0,695,1821
0.000767472300,1.000000000,0.276629571,0.766286098,0.202453988,462,0,696,1820
0.000771695750,1.000000000,0.277027027,0.765950302,0.202542744,462,0,697,1819
0.000772699500,1.000000000,0.277424483,0.765614506,0.202631579,462,0,698,1818
0.000777778000,1.000000000,0.277821940,0.765278711,0.202720491,462,0,699,1817
0.000787825500,1.000000000,0.278219396,0.764942915,0.202809482,462,0,700,1816
0.000792713600,1.000000000,0.278616852,0.764607119,0.202898551,462,0,701,1815
0.000795581700,1.000000000,0.279014308,0.764271323,0.202987698,462,0,702,1814
0.000797268060,1.000000000,0.279411765,0.763935527,0.203076923,462,0,703,1813
0.000799771460,1.000000000,0.279809221,0.763599731,0.203166227,462,0,704,1812
0.000803049900,1.000000000,0.280206677,0.763263936,0.203255609,462,0,705,1811
0.000805238400,1.000000000,0.280604134,0.762928140,0.203345070,462,0,706,1810
0.000808053240,1.000000000,0.281001590,0.762592344,0.203434610,462,0,707,1809
0.000809833470,1.000000000,0.281399046,0.762256548,0.203524229,462,0,708,1808
0.000811976560,1.000000000,0.281796502,0.761920752,0.203613927,462,0,709,1807
0.000814678700,1.000000000,0.282193959,0.761584956,0.203703704,462,0,710,1806
0.000819704030,1.000000000,0.282591415,0.761249161,0.203793560,462,0,711,1805
0.000819901640,1.000000000,0.282988871,0.760913365,0.203883495,462,0,712,1804
0.000820355600,1.000000000,0.283386328,0.760577569,0.203973510,462,0,713,1803
0.000825362900,1.000000000,0.283783784,0.760241773,0.204063604,462,0,714,1802
0.000829473800,1.000000000,0.284181240,0.759905977,0.204153778,462,0,715,1801
0.000830404600,1.000000000,0.284578696,0.759570181,0.204244032,462,0,716,1800
0.000832156740,1.000000000,0.284976153,0.759234385,0.204334365,462,0,717,1799
0.000833677500,1.000000000,0.285373609,0.758898590,0.204424779,462,0,718,1798
0.000840005700,1.000000000,0.285771065,0.758562794,0.204515272,462,0,719,1797
0.000844795700,1.000000000,0.286168521,0.758226998,0.204605846,462,0,720,1796
0.000847749800,1.000000000,0.286565978,0.757891202,0.204696500,462,0,721,1795
0.000851655670,1.000000000,0.286963434,0.757555406,0.204787234,462,0,722,1794
0.000854899300,1.000000000,0.287360890,0.757219610,0.204878049,462,0,723,1793
0.000855634340,1.000000000,0.287758347,0.756883815,0.204968944,462,0,724,1792
0.000861490670,1.000000000,0.288155803,0.756548019,0.205059920,462,0,725,1791
0.000863456800,1.000000000,0.288553259,0.756212223,0.205150977,462,0,726,1790
0.000866795370,1.000000000,0.288950715,0.755876427,0.205242115,462,0,727,1789
0.000868769940,1.000000000,0.289348172,0.755540631,0.205333333,462,0,728,1788
0.000877259300,1.000000000,0.289745628,0.755204835,0.205424633,462,0,729,1787
0.000881021260,1.000000000,0.290143084,0.754869040,0.205516014,462,0,730,1786
0.000882844800,1.000000000,0.290540541,0.754533244,0.205607477,462,0,731,1785
0.000883996300,1.000000000,0.290937997,0.754197448,0.205699020,462,0,732,1784
0.000896044600,1.000000000,0.291335453,0.753861652,0.205790646,462,0,733,1783
0.000901220830,1.000000000,0.291732909,0.753525856,0.205882353,462,0,734,1782
0.000908535560,1.000000000,0.292130366,0.753190060,0.205974142,462,0,735,1781
0.000917006340,1.000000000,0.292527822,0.752854265,0.206066012,462,0,736,1780
0.000923421600,1.000000000,0.292925278,0.752518469,0.206157965,462,0,737,1779
0.000929299900,1.000000000,0.293322734,0.752182673,0.206250000,462,0,738,1778
0.000930707960,1.000000000,0.293720191,0.751846877,0.206342117,462,0,739,1777
0.000935486500,1.000000000,0.294117647,0.751511081,0.206434316,462,0,740,1776
0.000947755900,1.000000000,0.294515103,0.751175285,0.206526598,462,0,741,1775
0.000948363740,1.000000000,0.294912560,0.750839490,0.206618962,462,0,742,1774
0.000949845900,1.000000000,0.295310016,0.750503694,0.206711409,462,0,743,1773
0.000950025100,1.000000000,0.295707472,0.750167898,0.206803939,462,0,744,1772
0.000951523830,1.000000000,0.296104928,0.749832102,0.206896552,462,0,745,1771
0.000951895140,1.000000000,0.296502385,0.749496306,0.206989247,462,0,746,1770
0.000953773440,1.000000000,0.296899841,0.749160510,0.207082026,462,0,747,1769
0.000954496100,1.000000000,0.297297297,0.748824715,0.207174888,462,0,748,1768
0.000954514300,1.000000000,0.297694754,0.748488919,0.207267833,462,0,749,1767
0.000957949960,1.000000000,0.298092210,0.748153123,0.207360862,462,0,750,1766
0.000958572600,1.000000000,0.298489666,0.747817327,0.207453974,462,0,751,1765
0.000958865800,1.000000000,0.298887122,0.747481531,0.207547170,462,0,752,1764
0.000961723560,1.000000000,0.299284579,0.747145735,0.207640449,462,0,753,1763
0.000962880200,1.000000000,0.299682035,0.746809940,0.207733813,462,0,754,1762
0.000964343660,1.000000000,0.300079491,0.746474144,0.207827260,462,0,755,1761
0.000969562560,1.000000000,0.300476948,0.746138348,0.207920792,462,0,756,1760
0.000971186030,1.000000000,0.300874404,0.745802552,0.208014408,462,0,757,1759
0.000971266070,1.000000000,0.301271860,0.745466756,0.208108108,462,0,758,1758
0.000974133400,1.000000000,0.301669316,0.745130960,0.208201893,462,0,759,1757
0.000975382100,1.000000000,0.302066773,0.744795165,0.208295762,462,0,760,1756
0.000984893900,1.000000000,0.302464229,0.744459369,0.208389716,462,0,761,1755
0.000986988500,1.000000000,0.302861685,0.744123573,0.208483755,462,0,762,1754
0.000991487900,1.000000000,0.303259141,0.743787777,0.208577878,462,0,763,1753
0.000993670100,1.000000000,0.303656598,0.743451981,0.208672087,462,0,764,1752
0.000994725600,1.000000000,0.304054054,0.743116185,0.208766380,462,0,765,1751
0.001002132900,1.000000000,0.304451510,0.742780390,0.208860759,462,0,766,1750
0.001005561000,1.000000000,0.304848967,0.742444594,0.208955224,462,0,767,1749
0.001008493500,1.000000000,0.305246423,0.742108798,0.209049774,462,0,768,1748
0.001013150700,1.000000000,0.305643879,0.741773002,0.209144409,462,0,769,1747
0.001017985900,1.000000000,0.306041335,0.741437206,0.209239130,462,0,770,1746
0.001027421700,1.000000000,0.306438792,0.741101410,0.209333937,462,0,771,1745
0.001028623300,1.000000000,0.306836248,0.740765615,0.209428830,462,0,772,1744
0.001034896600,1.000000000,0.307233704,0.740429819,0.209523810,462,0,773,1743
0.001039700200,1.000000000,0.307631161,0.740094023,0.209618875,462,0,774,1742
0.001040197600,1.000000000,0.308028617,0.739758227,0.209714026,462,0,775,1741
0.001042406900,1.000000000,0.308426073,0.739422431,0.209809264,462,0,776,1740
0.001043416300,1.000000000,0.308823529,0.739086635,0.209904589,462,0,777,1739
0.001047555700,1.000000000,0.309220986,0.738750839,0.210000000,462,0,778,1738
0.001050076600,1.000000000,0.309618442,0.738415044,0.210095498,462,0,779,1737
0.001050786100,1.000000000,0.310015898,0.738079248,0.210191083,462,0,780,1736
0.001052093300,1.000000000,0.310413355,0.737743452,0.210286755,462,0,781,1735
0.001055409200,1.000000000,0.310810811,0.737407656,0.210382514,462,0,782,1734
0.001058192800,1.000000000,0.311208267,0.737071860,0.210478360,462,0,783,1733
0.001060589800,1.000000000,0.311605723,0.736736064,0.210574294,462,0,784,1732
0.001064239500,1.000000000,0.312003180,0.736400269,0.210670315,462,0,785,1731
0.001069892500,1.000000000,0.312400636,0.736064473,0.210766423,462,0,786,1730
0.001070350800,1.000000000,0.312798092,0.735728677,0.210862620,462,0,787,1729
0.001071288700,1.000000000,0.313195548,0.735392881,0.210958904,462,0,788,1728
0.001074940400,1.000000000,0.313593005,0.735057085,0.211055276,462,0,789,1727
0.001080400100,1.000000000,0.313990461,0.734721289,0.211151737,462,0,790,1726
0.001080562700,1.000000000,0.314387917,0.734385494,0.211248285,462,0,791,1725
0.001082753400,1.000000000,0.314785374,0.734049698,0.211344922,462,0,792,1724
0.001085224700,1.000000000,0.315182830,0.733713902,0.211441648,462,0,793,1723
0.001085667000,1.000000000,0.315580286,0.733378106,0.211538462,462,0,794,1722
0.001094956400,1.000000000,0.315977742,0.733042310,0.211635364,462,0,795,1721
0.001096064800,1.000000000,0.316375199,0.732706514,0.211732356,462,0,796,1720
0.001103866500,1.000000000,0.316772655,0.732370719,0.211829436,462,0,797,1719
0.001108494100,1.000000000,0.317170111,0.732034923,0.211926606,462,0,798,1718
0.001118251100,1.000000000,0.317567568,0.731699127,0.212023864,462,0,799,1717
0.001119061000,1.000000000,0.317965024,0.731363331,0.212121212,462,0,800,1716
0.001119870500,1.000000000,0.318362480,0.731027535,0.212218650,462,0,801,1715
0.001120309600,1.000000000,0.318759936,0.730691739,0.212316176,462,0,802,1714
0.001126287500,1.000000000,0.319157393,0.730355944,0.212413793,462,0,803,1713
0.001134469400,1.000000000,0.319554849,0.730020148,0.212511500,462,0,804,1712
0.001147443700,1.000000000,0.319952305,0.729684352,0.212609296,462,0,805,1711
0.001148548600,1.000000000,0.320349762,0.729348556,0.212707182,462,0,806,1710
0.001159956000,1.000000000,0.320747218,0.729012760,0.212805159,462,0,807,1709
0.001161877400,1.000000000,0.321144674,0.728676964,0.212903226,462,0,808,1708
0.001172246200,1.000000000,0.321542130,0.728341169,0.213001383,462,0,809,1707
0.001172453300,1.000000000,0.321939587,0.728005373,0.213099631,462,0,810,1706
0.001176201700,1.000000000,0.322337043,0.727669577,0.213197970,462,0,811,1705
0.001180752100,1.000000000,0.322734499,0.727333781,0.213296399,462,0,812,1704
0.001185573400,1.000000000,0.323131955,0.726997985,0.213394919,462,0,813,1703
0.001194956500,1.000000000,0.323529412,0.726662189,0.213493530,462,0,814,1702
0.001195433700,1.000000000,0.323926868,0.726326394,0.213592233,462,0,815,1701
0.001200233000,1.000000000,0.324324324,0.725990598,0.213691027,462,0,816,1700
0.001203614300,1.000000000,0.324721781,0.725654802,0.213789912,462,0,817,1699
0.001205914000,1.000000000,0.325119237,0.725319006,0.213888889,462,0,818,1698
0.001209097800,1.000000000,0.325516693,0.724983210,0.213987957,462,0,819,1697
0.001213176000,1.000000000,0.325914149,0.724647414,0.214087118,462,0,820,1696
0.001214378900,1.000000000,0.326311606,0.724311619,0.214186370,462,0,821,1695
0.001214981100,1.000000000,0.326709062,0.723975823,0.214285714,462,0,822,1694
0.001216452900,1.000000000,0.327106518,0.723640027,0.214385151,462,0,823,1693
0.001227433200,1.000000000,0.327503975,0.723304231,0.214484680,462,0,824,1692
0.001228248900,1.000000000,0.327901431,0.722968435,0.214584301,462,0,825,1691
0.001235267700,1.000000000,0.328298887,0.722632639,0.214684015,462,0,826,1690
0.001242349900,1.000000000,0.328696343,0.722296844,0.214783821,462,0,827,1689
0.001245837400,1.000000000,0.329093800,0.721961048,0.214883721,462,0,828,1688
0.001247787400,1.000000000,0.329491256,0.721625252,0.214983713,462,0,829,1687
0.001248239200,1.000000000,0.329888712,0.721289456,0.215083799,462,0,830,1686
0.001248705200,1.000000000,0.330286169,0.720953660,0.215183978,462,0,831,1685
0.001251033700,1.000000000,0.330683625,0.720617864,0.215284250,462,0,832,1684
0.001256196800,1.000000000,0.331081081,0.720282069,0.215384615,462,0,833,1683
0.001258996000,1.000000000,0.331478537,0.719946273,0.215485075,462,0,834,1682
0.001259274300,1.000000000,0.331875994,0.719610477,0.215585628,462,0,835,1681
0.001260114300,1.000000000,0.332273450,0.719274681,0.215686275,462,0,836,1680
0.001262647900,1.000000000,0.332670906,0.718938885,0.215787015,462,0,837,1679
0.001267336200,1.000000000,0.333068362,0.718603089,0.215887850,462,0,838,1678
0.001273081000,1.000000000,0.333465819,0.718267293,0.215988780,462,0,839,1677
0.001276007300,1.000000000,0.333863275,0.717931498,0.216089804,462,0,840,1676
0.001282536900,1.000000000,0.334260731,0.717595702,0.216190922,462,0,841,1675
0.001290619600,1.000000000,0.334658188,0.717259906,0.216292135,462,0,842,1674
0.001296006100,1.000000000,0.335055644,0.716924110,0.216393443,462,0,843,1673
0.001297765100,1.000000000,0.335453100,0.716588314,0.216494845,462,0,844,1672
0.001303062500,1.000000000,0.335850556,0.716252518,0.216596343,462,0,845,1671
0.001307569200,1.000000000,0.336248013,0.715916723,0.216697936,462,0,846,1670
0.001311789000,1.000000000,0.336645469,0.715580927,0.216799625,462,0,847,1669
0.001312500700,1.000000000,0.337042925,0.715245131,0.216901408,462,0,848,1668
0.001324215700,1.000000000,0.337440382,0.714909335,0.217003288,462,0,849,1667
0.001331209000,1.000000000,0.337837838,0.714573539,0.217105263,462,0,850,1666
0.001332322000,1.000000000,0.338235294,0.714237743,0.217207334,462,0,851,1665
0.001346451500,1.000000000,0.338632750,0.713901948,0.217309501,462,0,852,1664
0.001348329500,1.000000000,0.339030207,0.713566152,0.217411765,462,0,853,1663
0.001356617500,1.000000000,0.339427663,0.713230356,0.217514124,462,0,854,1662
0.001357069800,1.000000000,0.339825119,0.712894560,0.217616580,462,0,855,1661
0.001361917900,1.000000000,0.340222576,0.712558764,0.217719133,462,0,856,1660
0.001368048000,1.000000000,0.340620032,0.712222968,0.217821782,462,0,857,1659
0.001385061000,1.000000000,0.341017488,0.711887173,0.217924528,462,0,858,1658
0.001392713600,1.000000000,0.341414944,0.711551377,0.218027371,462,0,859,1657
0.001397730900,1.000000000,0.341812401,0.711215581,0.218130312,462,0,860,1656
0.001402406800,1.000000000,0.342209857,0.710879785,0.218233349,462,0,861,1655
0.001405743100,1.000000000,0.342607313,0.710543989,0.218336484,462,0,862,1654
0.001409829500,1.000000000,0.343004769,0.710208193,0.218439716,462,0,863,1653
0.001414717000,1.000000000,0.343402226,0.709872398,0.218543046,462,0,864,1652
0.001419545700,1.000000000,0.343799682,0.709536602,0.218646474,462,0,865,1651
0.001428747700,1.000000000,0.344197138,0.709200806,0.218750000,462,0,866,1650
0.001433100200,1.000000000,0.344594595,0.708865010,0.218853624,462,0,867,1649
0.001436606400,1.000000000,0.344992051,0.708529214,0.218957346,462,0,868,1648
0.001441438200,1.000000000,0.345389507,0.708193418,0.219061166,462,0,869,1647
0.001442429700,1.000000000,0.345786963,0.707857623,0.219165085,462,0,870,1646
0.001446961500,1.000000000,0.346184420,0.707521827,0.219269103,462,0,871,1645
0.001448839300,1.000000000,0.346581876,0.707186031,0.219373219,462,0,872,1644
0.001489642900,1.000000000,0.346979332,0.706850235,0.219477435,462,0,873,1643
0.001489755600,1.000000000,0.347376789,0.706514439,0.219581749,462,0,874,1642
0.001490815000,1.000000000,0.347774245,0.706178643,0.219686163,462,0,875,1641
0.001497275000,1.000000000,0.348171701,0.705842848,0.219790676,462,0,876,1640
0.001498499300,1.000000000,0.348569157,0.705507052,0.219895288,462,0,877,1639
0.001503461200,1.000000000,0.348966614,0.705171256,0.220000000,462,0,878,1638
0.001506100500,1.000000000,0.349364070,0.704835460,0.220104812,462,0,879,1637
0.001508486700,1.000000000,0.349761526,0.704499664,0.220209724,462,0,880,1636
0.001514601800,1.000000000,0.350158983,0.704163868,0.220314735,462,0,881,1635
0.001519174900,1.000000000,0.350556439,0.703828073,0.220419847,462,0,882,1634
0.001528135400,1.000000000,0.350953895,0.703492277,0.220525060,462,0,883,1633
0.001530748000,1.000000000,0.351351351,0.703156481,0.220630372,462,0,884,1632
0.001536438800,1.000000000,0.351748808,0.702820685,0.220735786,462,0,885,1631
0.001539006400,1.000000000,0.352146264,0.702484889,0.220841300,462,0,886,1630
0.001540102200,1.000000000,0.352543720,0.702149093,0.220946915,462,0,887,1629
0.001541015900,1.000000000,0.352941176,0.701813298,0.221052632,462,0,888,1628
0.001563644200,1.000000000,0.353338633,0.701477502,0.221158449,462,0,889,1627
0.001565843200,1.000000000,0.353736089,0.701141706,0.221264368,462,0,890,1626
0.001581029600,1.000000000,0.354133545,0.700805910,0.221370388,462,0,891,1625
0.001591269200,1.000000000,0.354531002,0.700470114,0.221476510,462,0,892,1624
0.001596346100,1.000000000,0.354928458,0.700134318,0.221582734,462,0,893,1623
0.001608642500,1.000000000,0.355325914,0.699798522,0.221689060,462,0,894,1622
0.001609080600,1.000000000,0.355723370,0.699462727,0.221795487,462,0,895,1621
0.001609583300,1.000000000,0.356120827,0.699126931,0.221902017,462,0,896,1620
0.001611579900,1.000000000,0.356518283,0.698791135,0.222008650,462,0,897,1619
0.001615735100,1.000000000,0.356915739,0.698455339,0.222115385,462,0,898,1618
0.001621244900,1.000000000,0.357313196,0.698119543,0.222222222,462,0,899,1617
0.001630154600,1.000000000,0.357710652,0.697783747,0.222329163,462,0,900,1616
0.001649244200,1.000000000,0.358108108,0.697447952,0.222436206,462,0,901,1615
0.001651029100,1.000000000,0.358505564,0.697112156,0.222543353,462,0,902,1614
0.001660255500,1.000000000,0.358903021,0.696776360,0.222650602,462,0,903,1613
0.001662925000,1.000000000,0.359300477,0.696440564,0.222757956,462,0,904,1612
0.001675850600,1.000000000,0.359697933,0.696104768,0.222865412,462,0,905,1611
0.001680192800,1.000000000,0.360095390,0.695768972,0.222972973,462,0,906,1610
0.001683081000,1.000000000,0.360492846,0.695433177,0.223080637,462,0,907,1609
0.001684028400,1.000000000,0.360890302,0.695097381,0.223188406,462,0,908,1608
0.001684972100,1.000000000,0.361287758,0.694761585,0.223296278,462,0,909,1607
0.001686513700,1.000000000,0.361685215,0.694425789,0.223404255,462,0,910,1606
0.001705215100,1.000000000,0.362082671,0.694089993,0.223512337,462,0,911,1605
0.001707957600,1.000000000,0.362480127,0.693754197,0.223620523,462,0,912,1604
0.001708946500,1.000000000,0.362877583,0.693418402,0.223728814,462,0,913,1603
0.001710794200,1.000000000,0.363275040,0.693082606,0.223837209,462,0,914,1602
0.001720126300,1.000000000,0.363672496,0.692746810,0.223945710,462,0,915,1601
0.001722054800,1.000000000,0.364069952,0.692411014,0.224054316,462,0,916,1600
0.001725150400,1.000000000,0.364467409,0.692075218,0.224163028,462,0,917,1599
0.001727827100,1.000000000,0.364864865,0.691739422,0.224271845,462,0,918,1598
0.001728207900,1.000000000,0.365262321,0.691403627,0.224380767,462,0,919,1597
0.001729653900,1.000000000,0.365659777,0.691067831,0.224489796,462,0,920,1596
0.001740723600,1.000000000,0.366057234,0.690732035,0.224598930,462,0,921,1595
0.001740856900,1.000000000,0.366454690,0.690396239,0.224708171,462,0,922,1594
0.001743287500,1.000000000,0.366852146,0.690060443,0.224817518,462,0,923,1593
0.001759483800,1.000000000,0.367249603,0.689724647,0.224926972,462,0,924,1592
0.001770068700,1.000000000,0.367647059,0.689388852,0.225036532,462,0,925,1591
0.001770515500,1.000000000,0.368044515,0.689053056,0.225146199,462,0,926,1590
0.001775098400,1.000000000,0.368441971,0.688717260,0.225255973,462,0,927,1589
0.001776533700,1.000000000,0.368839428,0.688381464,0.225365854,462,0,928,1588
0.001781473800,1.000000000,0.369236884,0.688045668,0.225475842,462,0,929,1587
0.001784207000,1.000000000,0.369634340,0.687709872,0.225585938,462,0,930,1586
0.001790719900,1.000000000,0.370031797,0.687374077,0.225696141,462,0,931,1585
0.001794021500,1.000000000,0.370429253,0.687038281,0.225806452,462,0,932,1584
0.001804809000,1.000000000,0.370826709,0.686702485,0.225916870,462,0,933,1583
0.001832688200,1.000000000,0.371224165,0.686366689,0.226027397,462,0,934,1582
0.001836627400,1.000000000,0.371621622,0.686030893,0.226138032,462,0,935,1581
0.001843457600,1.000000000,0.372019078,0.685695097,0.226248776,462,0,936,1580
0.001846050400,1.000000000,0.372416534,0.685359302,0.226359628,462,0,937,1579
0.001848911800,1.000000000,0.372813990,0.685023506,0.226470588,462,0,938,1578
0.001850847000,1.000000000,0.373211447,0.684687710,0.226581658,462,0,939,1577
0.001855880400,1.000000000,0.373608903,0.684351914,0.226692836,462,0,940,1576
0.001859731300,1.000000000,0.374006359,0.684016118,0.226804124,462,0,941,1575
0.001864521500,1.000000000,0.374403816,0.683680322,0.226915521,462,0,942,1574
0.001877533400,1.000000000,0.374801272,0.683344527,0.227027027,462,0,943,1573
0.001878033000,1.000000000,0.375198728,0.683008731,0.227138643,462,0,944,1572
0.001878104500,1.000000000,0.375596184,0.682672935,0.227250369,462,0,945,1571
0.001885257500,1.000000000,0.375993641,0.682337139,0.227362205,462,0,946,1570
0.001888605500,1.000000000,0.376391097,0.682001343,0.227474151,462,0,947,1569
0.001890956500,1.000000000,0.376788553,0.681665547,0.227586207,462,0,948,1568
0.001891471300,1.000000000,0.377186010,0.681329752,0.227698374,462,0,949,1567
0.001893881800,1.000000000,0.377583466,0.680993956,0.227810651,462,0,950,1566
0.001910633300,1.000000000,0.377980922,0.680658160,0.227923039,462,0,951,1565
0.001913216500,1.000000000,0.378378378,0.680322364,0.228035538,462,0,952,1564
0.001915636500,1.000000000,0.378775835,0.679986568,0.228148148,462,0,953,1563
0.001921643000,1.000000000,0.379173291,0.679650772,0.228260870,462,0,954,1562
0.001926580700,1.000000000,0.379570747,0.679314976,0.228373702,462,0,955,1561
0.001935714000,1.000000000,0.379968203,0.678979181,0.228486647,462,0,956,1560
0.001943452500,1.000000000,0.380365660,0.678643385,0.228599703,462,0,957,1559
0.001947391000,1.000000000,0.380763116,0.678307589,0.228712871,462,0,958,1558
0.001951258500,1.000000000,0.381160572,0.677971793,0.228826152,462,0,959,1557
0.001970898400,1.000000000,0.381558029,0.677635997,0.228939544,462,0,960,1556
0.001975570000,1.000000000,0.381955485,0.677300201,0.229053049,462,0,961,1555
0.001980407600,1.000000000,0.382352941,0.676964406,0.229166667,462,0,962,1554
0.001984900600,1.000000000,0.382750397,0.676628610,0.229280397,462,0,963,1553
0.001988614400,1.000000000,0.383147854,0.676292814,0.229394240,462,0,964,1552
0.001989203000,1.000000000,0.383545310,0.675957018,0.229508197,462,0,965,1551
0.002008937300,1.000000000,0.383942766,0.675621222,0.229622266,462,0,966,1550
0.002016753400,1.000000000,0.384340223,0.675285426,0.229736450,462,0,967,1549
0.002019063800,1.000000000,0.384737679,0.674949631,0.229850746,462,0,968,1548
0.002025673600,1.000000000,0.385135135,0.674613835,0.229965157,462,0,969,1547
0.002026660800,1.000000000,0.385532591,0.674278039,0.230079681,462,0,970,1546
0.002041603400,1.000000000,0.385930048,0.673942243,0.230194320,462,0,971,1545
0.002047798400,1.000000000,0.386327504,0.673606447,0.230309073,462,0,972,1544
0.002053202400,1.000000000,0.386724960,0.673270651,0.230423940,462,0,973,1543
0.002068129600,1.000000000,0.387122417,0.672934856,0.230538922,462,0,974,1542
0.002076704300,1.000000000,0.387519873,0.672599060,0.230654019,462,0,975,1541
0.002114172800,1.000000000,0.387917329,0.672263264,0.230769231,462,0,976,1540
0.002115363300,1.000000000,0.388314785,0.671927468,0.230884558,462,0,977,1539
0.002127109800,1.000000000,0.388712242,0.671591672,0.231000000,462,0,978,1538
0.002127193000,1.000000000,0.389109698,0.671255876,0.231115558,462,0,979,1537
0.002132348000,1.000000000,0.389507154,0.670920081,0.231231231,462,0,980,1536
0.002141212600,1.000000000,0.389904610,0.670584285,0.231347021,462,0,981,1535
0.002141911500,1.000000000,0.390302067,0.670248489,0.231462926,462,0,982,1534
0.002155366000,1.000000000,0.390699523,0.669912693,0.231578947,462,0,983,1533
0.002156433600,1.000000000,0.391096979,0.669576897,0.231695085,462,0,984,1532
0.002166618600,1.000000000,0.391494436,0.669241101,0.231811340,462,0,985,1531
0.002171777000,1.000000000,0.391891892,0.668905306,0.231927711,462,0,986,1530
0.002173803300,1.000000000,0.392289348,0.668569510,0.232044199,462,0,987,1529
0.002180943300,1.000000000,0.392686804,0.668233714,0.232160804,462,0,988,1528
0.002183506000,1.000000000,0.393084261,0.667897918,0.232277526,462,0,989,1527
0.002191297000,1.000000000,0.393481717,0.667562122,0.232394366,462,0,990,1526
0.002201953200,1.000000000,0.393879173,0.667226326,0.232511324,462,0,991,1525
0.002211416800,1.000000000,0.394276630,0.666890531,0.232628399,462,0,992,1524
0.002218321400,1.000000000,0.394674086,0.666554735,0.232745592,462,0,993,1523
0.002220183000,1.000000000,0.395071542,0.666218939,0.232862903,462,0,994,1522
0.002223951700,1.000000000,0.395468998,0.665883143,0.232980333,462,0,995,1521
0.002236779800,1.000000000,0.395866455,0.665547347,0.233097881,462,0,996,1520
0.002236893900,1.000000000,0.396263911,0.665211551,0.233215548,462,0,997,1519
0.002237645400,1.000000000,0.396661367,0.664875756,0.233333333,462,0,998,1518
0.002244904000,1.000000000,0.397058824,0.664539960,0.233451238,462,0,999,1517
0.002250580100,1.000000000,0.397456280,0.664204164,0.233569262,462,0,1000,1516
0.002257940800,1.000000000,0.397853736,0.663868368,0.233687405,462,0,1001,1515
0.002258465200,1.000000000,0.398251192,0.663532572,0.233805668,462,0,1002,1514
0.002273002200,1.000000000,0.398648649,0.663196776,0.233924051,462,0,1003,1513
0.002280138400,1.000000000,0.399046105,0.662860981,0.234042553,462,0,1004,1512
0.002288459800,1.000000000,0.399443561,0.662525185,0.234161176,462,0,1005,1511
0.002293545300,1.000000000,0.399841017,0.662189389,0.234279919,462,0,1006,1510
0.002303018500,1.000000000,0.400238474,0.661853593,0.234398782,462,0,1007,1509
0.002322952500,1.000000000,0.400635930,0.661517797,0.234517766,462,0,1008,1508
0.002324020500,1.000000000,0.401033386,0.661182001,0.234636872,462,0,1009,1507
0.002342825800,1.000000000,0.401430843,0.660846206,0.234756098,462,0,1010,1506
0.002375785300,1.000000000,0.401828299,0.660510410,0.234875445,462,0,1011,1505
0.002389145000,1.000000000,0.402225755,0.660174614,0.234994914,462,0,1012,1504
0.002393933500,1.000000000,0.402623211,0.659838818,0.235114504,462,0,1013,1503
0.002398936800,1.000000000,0.403020668,0.659503022,0.235234216,462,0,1014,1502
0.002403634000,1.000000000,0.403418124,0.659167226,0.235354050,462,0,1015,1501
0.002404848300,1.000000000,0.403815580,0.658831430,0.235474006,462,0,1016,1500
0.002405596700,1.000000000,0.404213037,0.658495635,0.235594085,462,0,1017,1499
0.002423555800,1.000000000,0.404610493,0.658159839,0.235714286,462,0,1018,1498
0.002443426300,1.000000000,0.405007949,0.657824043,0.235834609,462,0,1019,1497
0.002443568000,1.000000000,0.405405405,0.657488247,0.235955056,462,0,1020,1496
0.002446769000,1.000000000,0.405802862,0.657152451,0.236075626,462,0,1021,1495
0.002446874700,1.000000000,0.406200318,0.656816655,0.236196319,462,0,1022,1494
0.002457263600,1.000000000,0.406597774,0.656480860,0.236317136,462,0,1023,1493
0.002460747000,1.000000000,0.406995231,0.656145064,0.236438076,462,0,1024,1492
0.002505202300,1.000000000,0.407392687,0.655809268,0.236559140,462,0,1025,1491
0.002510097000,1.000000000,0.407790143,0.655473472,0.236680328,462,0,1026,1490
0.002511413300,1.000000000,0.408187599,0.655137676,0.236801640,462,0,1027,1489
0.002520514200,1.000000000,0.408585056,0.654801880,0.236923077,462,0,1028,1488
0.002523726800,1.000000000,0.408982512,0.654466085,0.237044638,462,0,1029,1487
0.002537656800,1.000000000,0.409379968,0.654130289,0.237166324,462,0,1030,1486
0.002540179300,1.000000000,0.409777424,0.653794493,0.237288136,462,0,1031,1485
0.002542155600,1.000000000,0.410174881,0.653458697,0.237410072,462,0,1032,1484
0.002550253900,1.000000000,0.410572337,0.653122901,0.237532134,462,0,1033,1483
0.002552893200,1.000000000,0.410969793,0.652787105,0.237654321,462,0,1034,1482
0.002553466500,1.000000000,0.411367250,0.652451310,0.237776634,462,0,1035,1481
0.002574321000,1.000000000,0.411764706,0.652115514,0.237899073,462,0,1036,1480
0.002581680000,1.000000000,0.412162162,0.651779718,0.238021638,462,0,1037,1479
0.002583660200,1.000000000,0.412559618,0.651443922,0.238144330,462,0,1038,1478
0.002592525200,1.000000000,0.412957075,0.651108126,0.238267148,462,0,1039,1477
0.002595115500,1.000000000,0.413354531,0.650772330,0.238390093,462,0,1040,1476
0.002600725300,1.000000000,0.413751987,0.650436535,0.238513165,462,0,1041,1475
0.002600973700,1.000000000,0.414149444,0.650100739,0.238636364,462,0,1042,1474
0.002606039400,1.000000000,0.414546900,0.649764943,0.238759690,462,0,1043,1473
0.002614851600,1.000000000,0.414944356,0.649429147,0.238883144,462,0,1044,1472
0.002615244400,1.000000000,0.415341812,0.649093351,0.239006725,462,0,1045,1471
0.002622611800,1.000000000,0.415739269,0.648757555,0.239130435,462,0,1046,1470
0.002625662000,1.000000000,0.416136725,0.648421760,0.239254272,462,0,1047,1469
0.002631894300,1.000000000,0.416534181,0.648085964,0.239378238,462,0,1048,1468
0.002652695900,1.000000000,0.416931638,0.647750168,0.239502333,462,0,1049,1467
0.002660453300,1.000000000,0.417329094,0.647414372,0.239626556,462,0,1050,1466
0.002665598000,1.000000000,0.417726550,0.647078576,0.239750908,462,0,1051,1465
0.002667261500,1.000000000,0.418124006,0.646742780,0.239875389,462,0,1052,1464
0.002667852400,1.000000000,0.418521463,0.646406985,0.240000000,462,0,1053,1463
0.002677403900,1.000000000,0.418918919,0.646071189,0.240124740,462,0,1054,1462
0.002679356800,1.000000000,0.419316375,0.645735393,0.240249610,462,0,1055,1461
0.002682909000,1.000000000,0.419713831,0.645399597,0.240374610,462,0,1056,1460
0.002691938300,1.000000000,0.420111288,0.645063801,0.240499740,462,0,1057,1459
0.002701536000,1.000000000,0.420508744,0.644728005,0.240625000,462,0,1058,1458
0.002720286800,1.000000000,0.420906200,0.644392210,0.240750391,462,0,1059,1457
0.002724851700,1.000000000,0.421303657,0.644056414,0.240875912,462,0,1060,1456
0.002729523000,1.000000000,0.421701113,0.643720618,0.241001565,462,0,1061,1455
0.002740742400,1.000000000,0.422098569,0.643384822,0.241127349,462,0,1062,1454
0.002740952200,1.000000000,0.422496025,0.643049026,0.241253264,462,0,1063,1453
0.002744255800,1.000000000,0.422893482,0.642713230,0.241379310,462,0,1064,1452
0.002745612000,1.000000000,0.423290938,0.642377435,0.241505489,462,0,1065,1451
0.002753068000,1.000000000,0.423688394,0.642041639,0.241631799,462,0,1066,1450
0.002753091500,1.000000000,0.424085851,0.641705843,0.241758242,462,0,1067,1449
0.002756463400,1.000000000,0.424483307,0.641370047,0.241884817,462,0,1068,1448
0.002760684800,1.000000000,0.424880763,0.641034251,0.242011524,462,0,1069,1447
0.002762521800,1.000000000,0.425278219,0.640698455,0.242138365,462,0,1070,1446
0.002776626500,1.000000000,0.425675676,0.640362660,0.242265338,462,0,1071,1445
0.002778782300,1.000000000,0.426073132,0.640026864,0.242392445,462,0,1072,1444
0.002782393200,1.000000000,0.426470588,0.639691068,0.242519685,462,0,1073,1443
0.002785596800,1.000000000,0.426868045,0.639355272,0.242647059,462,0,1074,1442
0.002788594700,1.000000000,0.427265501,0.639019476,0.242774566,462,0,1075,1441
0.002794201500,1.000000000,0.427662957,0.638683680,0.242902208,462,0,1076,1440
0.002810225400,1.000000000,0.428060413,0.638347884,0.243029984,462,0,1077,1439
0.002831549400,1.000000000,0.428457870,0.638012089,0.243157895,462,0,1078,1438
0.002847345300,1.000000000,0.428855326,0.637676293,0.243285940,462,0,1079,1437
0.002863304700,1.000000000,0.429252782,0.637340497,0.243414120,462,0,1080,1436
0.002868621800,1.000000000,0.429650238,0.637004701,0.243542435,462,0,1081,1435
0.002891072000,1.000000000,0.430047695,0.636668905,0.243670886,462,0,1082,1434
0.002897238100,1.000000000,0.430445151,0.636333109,0.243799472,462,0,1083,1433
0.002915714000,1.000000000,0.430842607,0.635997314,0.243928194,462,0,1084,1432
0.002921128200,1.000000000,0.431240064,0.635661518,0.244057052,462,0,1085,1431
0.002938529000,1.000000000,0.431637520,0.635325722,0.244186047,462,0,1086,1430
0.002946522600,1.000000000,0.432034976,0.634989926,0.244315177,462,0,1087,1429
0.002957444400,1.000000000,0.432432432,0.634654130,0.244444444,462,0,1088,1428
0.002969785600,1.000000000,0.432829889,0.634318334,0.244573849,462,0,1089,1427
0.002971493000,1.000000000,0.433227345,0.633982539,0.244703390,462,0,1090,1426
0.002991151800,1.000000000,0.433624801,0.633646743,0.244833068,462,0,1091,1425
0.002994444200,1.000000000,0.434022258,0.633310947,0.244962884,462,0,1092,1424
0.002996472200,1.000000000,0.434419714,0.632975151,0.245092838,462,0,1093,1423
0.003000648700,1.000000000,0.434817170,0.632639355,0.245222930,462,0,1094,1422
0.003003409000,1.000000000,0.435214626,0.632303559,0.245353160,462,0,1095,1421
0.003012626700,1.000000000,0.435612083,0.631967764,0.245483528,462,0,1096,1420
0.003028894800,1.000000000,0.436009539,0.631631968,0.245614035,462,0,1097,1419
0.003041284200,1.000000000,0.436406995,0.631296172,0.245744681,462,0,1098,1418
0.003042063700,1.000000000,0.436804452,0.630960376,0.245875466,462,0,1099,1417
0.003042572600,1.000000000,0.437201908,0.630624580,0.246006390,462,0,1100,1416
0.003043732800,1.000000000,0.437599364,0.630288784,0.246137453,462,0,1101,1415
0.003045394600,1.000000000,0.437996820,0.629952989,0.246268657,462,0,1102,1414
0.003060304800,1.000000000,0.438394277,0.629617193,0.246400000,462,0,1103,1413
0.003065890600,1.000000000,0.438791733,0.629281397,0.246531483,462,0,1104,1412
0.003077938200,1.000000000,0.439189189,0.628945601,0.246663107,462,0,1105,1411
0.003107570800,1.000000000,0.439586645,0.628609805,0.246794872,462,0,1106,1410
0.003107804000,1.000000000,0.439984102,0.628274009,0.246926777,462,0,1107,1409
0.003121155000,1.000000000,0.440381558,0.627938214,0.247058824,462,0,1108,1408
0.003121650800,1.000000000,0.440779014,0.627602418,0.247191011,462,0,1109,1407
0.003141869300,1.000000000,0.441176471,0.627266622,0.247323340,462,0,1110,1406
0.003153361600,1.000000000,0.441573927,0.626930826,0.247455811,462,0,1111,1405
0.003173892200,1.000000000,0.441971383,0.626595030,0.247588424,462,0,1112,1404
0.003174850700,1.000000000,0.442368839,0.626259234,0.247721180,462,0,1113,1403
0.003175237000,1.000000000,0.442766296,0.625923439,0.247854077,462,0,1114,1402
0.003184479400,1.000000000,0.443163752,0.625587643,0.247987118,462,0,1115,1401
0.003189331400,1.000000000,0.443561208,0.625251847,0.248120301,462,0,1116,1400
0.003195277900,1.000000000,0.443958665,0.624916051,0.248253627,462,0,1117,1399
0.003195967500,1.000000000,0.444356121,0.624580255,0.248387097,462,0,1118,1398
0.003212777700,1.000000000,0.444753577,0.624244459,0.248520710,462,0,1119,1397
0.003234951300,1.000000000,0.445151033,0.623908664,0.248654467,462,0,1120,1396
0.003235380400,1.000000000,0.445548490,0.623572868,0.248788368,462,0,1121,1395
0.003235400400,1.000000000,0.445945946,0.623237072,0.248922414,462,0,1122,1394
0.003239345700,1.000000000,0.446343402,0.622901276,0.249056604,462,0,1123,1393
0.003267333000,1.000000000,0.446740859,0.622565480,0.249190939,462,0,1124,1392
0.003303383000,1.000000000,0.447138315,0.622229684,0.249325418,462,0,1125,1391
0.003308527200,1.000000000,0.447535771,0.621893889,0.249460043,462,0,1126,1390
0.003315144000,1.000000000,0.447933227,0.621558093,0.249594814,462,0,1127,1389
0.003331348500,1.000000000,0.448330684,0.621222297,0.249729730,462,0,1128,1388
0.003336751800,1.000000000,0.448728140,0.620886501,0.249864792,462,0,1129,1387
0.003359104000,1.000000000,0.449125596,0.620550705,0.250000000,462,0,1130,1386
0.003361196300,1.000000000,0.449523052,0.620214909,0.250135355,462,0,1131,1385
0.003372407500,1.000000000,0.449920509,0.619879113,0.250270856,462,0,1132,1384
0.003376676700,1.000000000,0.450317965,0.619543318,0.250406504,462,0,1133,1383
0.003403096000,1.000000000,0.450715421,0.619207522,0.250542299,462,0,1134,1382
0.003414620200,1.000000000,0.451112878,0.618871726,0.250678242,462,0,1135,1381
0.003426497600,1.000000000,0.451510334,0.618535930,0.250814332,462,0,1136,1380
0.003434336700,1.000000000,0.451907790,0.618200134,0.250950570,462,0,1137,1379
0.003442706000,1.000000000,0.452305246,0.617864338,0.251086957,462,0,1138,1378
0.003444846500,1.000000000,0.452702703,0.617528543,0.251223491,462,0,1139,1377
0.003444928400,1.000000000,0.453100159,0.617192747,0.251360174,462,0,1140,1376
0.003478890000,1.000000000,0.453497615,0.616856951,0.251497006,462,0,1141,1375
0.003487132300,1.000000000,0.453895072,0.616521155,0.251633987,462,0,1142,1374
0.003500019000,1.000000000,0.454292528,0.616185359,0.251771117,462,0,1143,1373
0.003536002000,1.000000000,0.454689984,0.615849563,0.251908397,462,0,1144,1372
0.003537772000,1.000000000,0.455087440,0.615513768,0.252045827,462,0,1145,1371
0.003546798100,1.000000000,0.455484897,0.615177972,0.252183406,462,0,1146,1370
0.003548254500,1.000000000,0.455882353,0.614842176,0.252321136,462,0,1147,1369
0.003549119700,1.000000000,0.456279809,0.614506380,0.252459016,462,0,1148,1368
0.003560931700,1.000000000,0.456677266,0.614170584,0.252597048,462,0,1149,1367
0.003598543600,1.000000000,0.457074722,0.613834788,0.252735230,462,0,1150,1366
0.003603928300,1.000000000,0.457472178,0.613498993,0.252873563,462,0,1151,1365
0.003629797400,1.000000000,0.457869634,0.613163197,0.253012048,462,0,1152,1364
0.003654788000,1.000000000,0.458267091,0.612827401,0.253150685,462,0,1153,1363
0.003666122000,1.000000000,0.458664547,0.612491605,0.253289474,462,0,1154,1362
0.003675010000,1.000000000,0.459062003,0.612155809,0.253428415,462,0,1155,1361
0.003678215400,1.000000000,0.459459459,0.611820013,0.253567508,462,0,1156,1360
0.003703396000,1.000000000,0.459856916,0.611484218,0.253706755,462,0,1157,1359
0.003709007300,1.000000000,0.460254372,0.611148422,0.253846154,462,0,1158,1358
0.003732896200,1.000000000,0.460651828,0.610812626,0.253985706,462,0,1159,1357
0.003756655600,1.000000000,0.461049285,0.610476830,0.254125413,462,0,1160,1356
0.003777370800,1.000000000,0.461446741,0.610141034,0.254265272,462,0,1161,1355
0.003780111700,1.000000000,0.461844197,0.609805238,0.254405286,462,0,1162,1354
0.003787198800,1.000000000,0.462241653,0.609469443,0.254545455,462,0,1163,1353
0.003796505500,1.000000000,0.462639110,0.609133647,0.254685777,462,0,1164,1352
0.003797005400,1.000000000,0.463036566,0.608797851,0.254826255,462,0,1165,1351
0.003806959800,1.000000000,0.463434022,0.608462055,0.254966887,462,0,1166,1350
0.003807247400,1.000000000,0.463831479,0.608126259,0.255107675,462,0,1167,1349
0.003831073200,1.000000000,0.464228935,0.607790463,0.255248619,462,0,1168,1348
0.003836332600,1.000000000,0.464626391,0.607454668,0.255389718,462,0,1169,1347
0.003836378000,1.000000000,0.465023847,0.607118872,0.255530973,462,0,1170,1346
0.003877523000,1.000000000,0.465421304,0.606783076,0.255672385,462,0,1171,1345
0.003894882000,1.000000000,0.465818760,0.606447280,0.255813953,462,0,1172,1344
0.003896055000,0.997835498,0.465818760,0.606111484,0.255401662,461,1,1172,1344
0.003905238800,0.997835498,0.466216216,0.605775688,0.255543237,461,1,1173,1343
0.003928906300,0.997835498,0.466613672,0.605439893,0.255684969,461,1,1174,1342
0.003969729400,0.997835498,0.467011129,0.605104097,0.255826859,461,1,1175,1341
0.004003142500,0.997835498,0.467408585,0.604768301,0.255968906,461,1,1176,1340
0.004014340700,0.997835498,0.467806041,0.604432505,0.256111111,461,1,1177,1339
0.004036214000,0.997835498,0.468203498,0.604096709,0.256253474,461,1,1178,1338
0.004044261000,0.997835498,0.468600954,0.603760913,0.256395996,461,1,1179,1337
0.004060320600,0.997835498,0.468998410,0.603425118,0.256538676,461,1,1180,1336
0.004067500000,0.997835498,0.469395866,0.603089322,0.256681514,461,1,1181,1335
0.004072864000,0.997835498,0.469793323,0.602753526,0.256824513,461,1,1182,1334
0.004077574200,0.997835498,0.470190779,0.602417730,0.256967670,461,1,1183,1333
0.004081621800,0.997835498,0.470588235,0.602081934,0.257110987,461,1,1184,1332
0.004084922400,0.997835498,0.470985692,0.601746138,0.257254464,461,1,1185,1331
0.004087528000,0.997835498,0.471383148,0.601410343,0.257398102,461,1,1186,1330
0.004116220400,0.997835498,0.471780604,0.601074547,0.257541899,461,1,1187,1329
0.004119075400,0.997835498,0.472178060,0.600738751,0.257685858,461,1,1188,1328
0.004126464000,0.997835498,0.472575517,0.600402955,0.257829978,461,1,1189,1327
0.004131790000,0.997835498,0.472972973,0.600067159,0.257974259,461,1,1190,1326
0.004134490000,0.997835498,0.473370429,0.599731363,0.258118701,461,1,1191,1325
0.004136638700,0.997835498,0.473767886,0.599395567,0.258263305,461,1,1192,1324
0.004142129000,0.997835498,0.474165342,0.599059772,0.258408072,461,1,1193,1323
0.004144161000,0.997835498,0.474562798,0.598723976,0.258553001,461,1,1194,1322
0.004174032200,0.997835498,0.474960254,0.598388180,0.258698092,461,1,1195,1321
0.004184439000,0.997835498,0.475357711,0.598052384,0.258843346,461,1,1196,1320
0.004216348800,0.997835498,0.475755167,0.597716588,0.258988764,461,1,1197,1319
0.004233249500,0.997835498,0.476152623,0.597380792,0.259134345,461,1,1198,1318
0.004235535400,0.997835498,0.476550079,0.597044997,0.259280090,461,1,1199,1317
0.004235965700,0.997835498,0.476947536,0.596709201,0.259425999,461,1,1200,1316
0.004253813000,0.997835498,0.477344992,0.596373405,0.259572072,461,1,1201,1315
0.004271794600,0.997835498,0.477742448,0.596037609,0.259718310,461,1,1202,1314
0.004275558000,0.997835498,0.478139905,0.595701813,0.259864713,461,1,1203,1313
0.004289083600,0.997835498,0.478537361,0.595366017,0.260011280,461,1,1204,1312
0.004298071400,0.997835498,0.478934817,0.595030222,0.260158014,461,1,1205,1311
0.004299404000,0.997835498,0.479332273,0.594694426,0.260304912,461,1,1206,1310
0.004317593800,0.997835498,0.479729730,0.594358630,0.260451977,461,1,1207,1309
0.004347989000,0.997835498,0.480127186,0.594022834,0.260599209,461,1,1208,1308
0.004371639000,0.997835498,0.480524642,0.593687038,0.260746606,461,1,1209,1307
0.004377072000,0.997835498,0.480922099,0.593351242,0.260894171,461,1,1210,1306
0.004417038500,0.997835498,0.481319555,0.593015447,0.261041903,461,1,1211,1305
0.004427745000,0.997835498,0.481717011,0.592679651,0.261189802,461,1,1212,1304
0.004436135800,0.997835498,0.482114467,0.592343855,0.261337868,461,1,1213,1303
0.004457829000,0.997835498,0.482511924,0.592008059,0.261486103,461,1,1214,1302
0.004500597000,0.997835498,0.482909380,0.591672263,0.261634506,461,1,1215,1301
0.004524467500,0.997835498,0.483306836,0.591336467,0.261783078,461,1,1216,1300
0.004526143000,0.997835498,0.483704293,0.591000672,0.261931818,461,1,1217,1299
0.004531130000,0.997835498,0.484101749,0.590664876,0.262080728,461,1,1218,1298
0.004544413600,0.997835498,0.484499205,0.590329080,0.262229807,461,1,1219,1297
0.004571772000,0.997835498,0.484896661,0.589993284,0.262379055,461,1,1220,1296
0.004587912500,0.997835498,0.485294118,0.589657488,0.262528474,461,1,1221,1295
0.004604818000,0.997835498,0.485691574,0.589321692,0.262678063,461,1,1222,1294
0.004609751500,0.997835498,0.486089030,0.588985897,0.262827822,461,1,1223,1293
0.004630221500,0.997835498,0.486486486,0.588650101,0.262977752,461,1,1224,1292
0.004635039000,0.997835498,0.486883943,0.588314305,0.263127854,461,1,1225,1291
0.004692491000,0.997835498,0.487281399,0.587978509,0.263278127,461,1,1226,1290
0.004707972500,0.997835498,0.487678855,0.587642713,0.263428571,461,1,1227,1289
0.004719372400,0.997835498,0.488076312,0.587306917,0.263579188,461,1,1228,1288
0.004742498000,0.997835498,0.488473768,0.586971122,0.263729977,461,1,1229,1287
0.004745654300,0.997835498,0.488871224,0.586635326,0.263880939,461,1,1230,1286
0.004760241600,0.997835498,0.489268680,0.586299530,0.264032073,461,1,1231,1285
0.004796971600,0.997835498,0.489666137,0.585963734,0.264183381,461,1,1232,1284
0.004800699700,0.997835498,0.490063593,0.585627938,0.264334862,461,1,1233,1283
0.004822430000,0.997835498,0.490461049,0.585292142,0.264486517,461,1,1234,1282
0.004828779500,0.997835498,0.490858506,0.584956347,0.264638347,461,1,1235,1281
0.004837393800,0.997835498,0.491255962,0.584620551,0.264790350,461,1,1236,1280
0.004838948000,0.997835498,0.491653418,0.584284755,0.264942529,461,1,1237,1279
0.004852736000,0.997835498,0.492050874,0.583948959,0.265094882,461,1,1238,1278
0.004862945500,0.997835498,0.492448331,0.583613163,0.265247411,461,1,1239,1277
0.004865251500,0.997835498,0.492845787,0.583277367,0.265400115,461,1,1240,1276
0.004867553200,0.997835498,0.493243243,0.582941572,0.265552995,461,1,1241,1275
0.004868530700,0.997835498,0.493640700,0.582605776,0.265706052,461,1,1242,1274
0.004874494400,0.997835498,0.494038156,0.582269980,0.265859285,461,1,1243,1273
0.004893540000,0.997835498,0.494435612,0.581934184,0.266012695,461,1,1244,1272
0.004939740500,0.997835498,0.494833068,0.581598388,0.266166282,461,1,1245,1271
0.004940096300,0.997835498,0.495230525,0.581262592,0.266320046,461,1,1246,1270
0.004952897300,0.997835498,0.495627981,0.580926797,0.266473988,461,1,1247,1269
0.004973495400,0.997835498,0.496025437,0.580591001,0.266628109,461,1,1248,1268
0.004973734000,0.997835498,0.496422893,0.580255205,0.266782407,461,1,1249,1267
0.005001971000,0.997835498,0.496820350,0.579919409,0.266936885,461,1,1250,1266
0.005010788000,0.997835498,0.497217806,0.579583613,0.267091541,461,1,1251,1265
0.005017225000,0.997835498,0.497615262,0.579247817,0.267246377,461,1,1252,1264
0.005017282400,0.997835498,0.498012719,0.578912021,0.267401392,461,1,1253,1263
0.005022737000,0.997835498,0.498410175,0.578576226,0.267556587,461,1,1254,1262
0.005049478000,0.997835498,0.498807631,0.578240430,0.267711963,461,1,1255,1261
0.005050414200,0.997835498,0.499205087,0.577904634,0.267867519,461,1,1256,1260
0.005051176500,0.997835498,0.499602544,0.577568838,0.268023256,461,1,1257,1259
0.005057682300,0.997835498,0.500000000,0.577233042,0.268179174,461,1,1258,1258
0.005063410400,0.997835498,0.500397456,0.576897246,0.268335274,461,1,1259,1257
0.005072422300,0.997835498,0.500794913,0.576561451,0.268491555,461,1,1260,1256
0.005079275500,0.997835498,0.501192369,0.576225655,0.268648019,461,1,1261,1255
0.005085626600,0.997835498,0.501589825,0.575889859,0.268804665,461,1,1262,1254
0.005109262700,0.997835498,0.501987281,0.575554063,0.268961494,461,1,1263,1253
0.005121328000,0.997835498,0.502384738,0.575218267,0.269118506,461,1,1264,1252
0.005129873000,0.997835498,0.502782194,0.574882471,0.269275701,461,1,1265,1251
0.005223452000,0.997835498,0.503179650,0.574546676,0.269433080,461,1,1266,1250
0.005250123000,0.997835498,0.503577107,0.574210880,0.269590643,461,1,1267,1249
0.005253047000,0.997835498,0.503974563,0.573875084,0.269748391,461,1,1268,1248
0.005253082000,0.997835498,0.504372019,0.573539288,0.269906323,461,1,1269,1247
0.005261551000,0.997835498,0.504769475,0.573203492,0.270064441,461,1,1270,1246
0.005267954000,0.997835498,0.505166932,0.572867696,0.270222743,461,1,1271,1245
0.005285406000,0.997835498,0.505564388,0.572531901,0.270381232,461,1,1272,1244
0.005317488700,0.997835498,0.505961844,0.572196105,0.270539906,461,1,1273,1243
0.005336782000,0.997835498,0.506359300,0.571860309,0.270698767,461,1,1274,1242
0.005340311700,0.997835498,0.506756757,0.571524513,0.270857814,461,1,1275,1241
0.005376096000,0.997835498,0.507154213,0.571188717,0.271017049,461,1,1276,1240
0.005380687300,0.997835498,0.507551669,0.570852921,0.271176471,461,1,1277,1239
0.005385466400,0.997835498,0.507949126,0.570517126,0.271336080,461,1,1278,1238
0.005476180500,0.997835498,0.508346582,0.570181330,0.271495878,461,1,1279,1237
0.005505667000,0.997835498,0.508744038,0.569845534,0.271655863,461,1,1280,1236
0.005576384000,0.997835498,0.509141494,0.569509738,0.271816038,461,1,1281,1235
0.005593743000,0.997835498,0.509538951,0.569173942,0.271976401,461,1,1282,1234
0.005596826300,0.997835498,0.509936407,0.568838146,0.272136954,461,1,1283,1233
0.005605909000,0.997835498,0.510333863,0.568502351,0.272297696,461,1,1284,1232
0.005612518600,0.997835498,0.510731320,0.568166555,0.272458629,461,1,1285,1231
0.005690588600,0.997835498,0.511128776,0.567830759,0.272619752,461,1,1286,1230
0.005698691600,0.997835498,0.511526232,0.567494963,0.272781065,461,1,1287,1229
0.005705417600,0.997835498,0.511923688,0.567159167,0.272942570,461,1,1288,1228
0.005767083000,0.997835498,0.512321145,0.566823371,0.273104265,461,1,1289,1227
0.005771177400,0.997835498,0.512718601,0.566487576,0.273266153,461,1,1290,1226
0.005776528700,0.997835498,0.513116057,0.566151780,0.273428233,461,1,1291,1225
0.005804870700,0.997835498,0.513513514,0.565815984,0.273590504,461,1,1292,1224
0.005818497400,0.997835498,0.513910970,0.565480188,0.273752969,461,1,1293,1223
0.005823669000,0.997835498,0.514308426,0.565144392,0.273915627,461,1,1294,1222
0.005836487300,0.997835498,0.514705882,0.564808596,0.274078478,461,1,1295,1221
0.005869440700,0.997835498,0.515103339,0.564472801,0.274241523,461,1,1296,1220
0.005890622000,0.997835498,0.515500795,0.564137005,0.274404762,461,1,1297,1219
0.005892990000,0.997835498,0.515898251,0.563801209,0.274568195,461,1,1298,1218
0.005902624000,0.997835498,0.516295707,0.563465413,0.274731824,461,1,1299,1217
0.005920502400,0.997835498,0.516693164,0.563129617,0.274895647,461,1,1300,1216
0.005932739500,0.997835498,0.517090620,0.562793821,0.275059666,461,1,1301,1215
0.005949788700,0.997835498,0.517488076,0.562458026,0.275223881,461,1,1302,1214
0.005968895300,0.997835498,0.517885533,0.562122230,0.275388292,461,1,1303,1213
0.005987962700,0.997835498,0.518282989,0.561786434,0.275552899,461,1,1304,1212
0.006041810000,0.997835498,0.518680445,0.561450638,0.275717703,461,1,1305,1211
0.006075794000,0.997835498,0.519077901,0.561114842,0.275882705,461,1,1306,1210
0.006080643000,0.997835498,0.519475358,0.560779046,0.276047904,461,1,1307,1209
0.006095363800,0.997835498,0.519872814,0.560443251,0.276213301,461,1,1308,1208
0.006154164700,0.997835498,0.520270270,0.560107455,0.276378897,461,1,1309,1207
0.006161127000,0.997835498,0.520667727,0.559771659,0.276544691,461,1,1310,1206
0.006210329500,0.997835498,0.521065183,0.559435863,0.276710684,461,1,1311,1205
0.006215794000,0.997835498,0.521462639,0.559100067,0.276876877,461,1,1312,1204
0.006253352400,0.997835498,0.521860095,0.558764271,0.277043269,461,1,1313,1203
0.006270541000,0.997835498,0.522257552,0.558428475,0.277209862,461,1,1314,1202
0.006305329500,0.997835498,0.522655008,0.558092680,0.277376655,461,1,1315,1201
0.006318848600,0.997835498,0.523052464,0.557756884,0.277543648,461,1,1316,1200
0.006320360600,0.997835498,0.523449921,0.557421088,0.277710843,461,1,1317,1199
0.006324629000,0.997835498,0.523847377,0.557085292,0.277878240,461,1,1318,1198
0.006326703400,0.995670996,0.523847377,0.556749496,0.277442702,460,2,1318,1198
0.006340919000,0.995670996,0.524244833,0.556413700,0.277610139,460,2,1319,1197
0.006362000000,0.995670996,0.524642289,0.556077905,0.277777778,460,2,1320,1196
0.006449046500,0.995670996,0.525039746,0.555742109,0.277945619,460,2,1321,1195
0.006450977600,0.995670996,0.525437202,0.555406313,0.278113664,460,2,1322,1194
0.006456334600,0.995670996,0.525834658,0.555070517,0.278281912,460,2,1323,1193
0.006520927000,0.995670996,0.526232114,0.554734721,0.278450363,460,2,1324,1192
0.006525466000,0.995670996,0.526629571,0.554398925,0.278619019,460,2,1325,1191
0.006534851600,0.995670996,0.527027027,0.554063130,0.278787879,460,2,1326,1190
0.006539568000,0.995670996,0.527424483,0.553727334,0.278956944,460,2,1327,1189
0.006544223500,0.995670996,0.527821940,0.553391538,0.279126214,460,2,1328,1188
0.006559257400,0.995670996,0.528219396,0.553055742,0.279295689,460,2,1329,1187
0.006598802300,0.995670996,0.528616852,0.552719946,0.279465371,460,2,1330,1186
0.006623056000,0.995670996,0.529014308,0.552384150,0.279635258,460,2,1331,1185
0.006637898700,0.995670996,0.529411765,0.552048355,0.279805353,460,2,1332,1184
0.006657512400,0.995670996,0.529809221,0.551712559,0.279975654,460,2,1333,1183
0.006686961000,0.995670996,0.530206677,0.551376763,0.280146163,460,2,1334,1182
0.006749255600,0.995670996,0.530604134,0.551040967,0.280316880,460,2,1335,1181
0.006763639400,0.995670996,0.531001590,0.550705171,0.280487805,460,2,1336,1180
0.006814770000,0.995670996,0.531399046,0.550369375,0.280658938,460,2,1337,1179
0.006909747600,0.995670996,0.531796502,0.550033580,0.280830281,460,2,1338,1178
0.006923678300,0.995670996,0.532193959,0.549697784,0.281001833,460,2,1339,1177
0.006944877000,0.995670996,0.532591415,0.549361988,0.281173594,460,2,1340,1176
0.006946180000,0.995670996,0.532988871,0.549026192,0.281345566,460,2,1341,1175
0.006948502300,0.995670996,0.533386328,0.548690396,0.281517748,460,2,1342,1174
0.006949489500,0.995670996,0.533783784,0.548354600,0.281690141,460,2,1343,1173
0.006954441000,0.995670996,0.534181240,0.548018805,0.281862745,460,2,1344,1172
0.006968522000,0.995670996,0.534578696,0.547683009,0.282035561,460,2,1345,1171
0.006983949000,0.995670996,0.534976153,0.547347213,0.282208589,460,2,1346,1170
0.006987001700,0.995670996,0.535373609,0.547011417,0.282381829,460,2,1347,1169
0.007013117000,0.995670996,0.535771065,0.546675621,0.282555283,460,2,1348,1168
0.007026545000,0.995670996,0.536168521,0.546339825,0.282728949,460,2,1349,1167
0.007062421000,0.995670996,0.536565978,0.546004030,0.282902829,460,2,1350,1166
0.007068000700,0.995670996,0.536963434,0.545668234,0.283076923,460,2,1351,1165
0.007094581000,0.995670996,0.537360890,0.545332438,0.283251232,460,2,1352,1164
0.007107430000,0.995670996,0.537758347,0.544996642,0.283425755,460,2,1353,1163
0.007129855500,0.995670996,0.538155803,0.544660846,0.283600493,460,2,1354,1162
0.007154993700,0.995670996,0.538553259,0.544325050,0.283775447,460,2,1355,1161
0.007162747400,0.995670996,0.538950715,0.543989255,0.283950617,460,2,1356,1160
0.007233749600,0.995670996,0.539348172,0.543653459,0.284126004,460,2,1357,1159
0.007266688000,0.995670996,0.539745628,0.543317663,0.284301607,460,2,1358,1158
0.007274779500,0.995670996,0.540143084,0.542981867,0.284477427,460,2,1359,1157
0.007287284000,0.995670996,0.540540541,0.542646071,0.284653465,460,2,1360,1156
0.007316178600,0.995670996,0.540937997,0.542310275,0.284829721,460,2,1361,1155
0.007319206000,0.995670996,0.541335453,0.541974480,0.285006196,460,2,1362,1154
0.007321011300,0.995670996,0.541732909,0.541638684,0.285182889,460,2,1363,1153
0.007344109000,0.995670996,0.542130366,0.541302888,0.285359801,460,2,1364,1152
0.007347822700,0.995670996,0.542527822,0.540967092,0.285536934,460,2,1365,1151
0.007371671000,0.995670996,0.542925278,0.540631296,0.285714286,460,2,1366,1150
0.007397217000,0.995670996,0.543322734,0.540295500,0.285891858,460,2,1367,1149
0.007426653500,0.995670996,0.543720191,0.539959704,0.286069652,460,2,1368,1148
0.007434169300,0.995670996,0.544117647,0.539623909,0.286247666,460,2,1369,1147
0.007444686000,0.995670996,0.544515103,0.539288113,0.286425903,460,2,1370,1146
0.007489306400,0.995670996,0.544912560,0.538952317,0.286604361,460,2,1371,1145
0.007499769300,0.995670996,0.545310016,0.538616521,0.286783042,460,2,1372,1144
0.007502979000,0.995670996,0.545707472,0.538280725,0.286961946,460,2,1373,1143
0.007534123000,0.995670996,0.546104928,0.537944929,0.287141074,460,2,1374,1142
0.007624875300,0.995670996,0.546502385,0.537609134,0.287320425,460,2,1375,1141
0.007649974400,0.995670996,0.546899841,0.537273338,0.287500000,460,2,1376,1140
0.007652950000,0.995670996,0.547297297,0.536937542,0.287679800,460,2,1377,1139
0.007669982000,0.995670996,0.547694754,0.536601746,0.287859825,460,2,1378,1138
0.007753475000,0.995670996,0.548092210,0.536265950,0.288040075,460,2,1379,1137
0.007766475000,0.995670996,0.548489666,0.535930154,0.288220551,460,2,1380,1136
0.007828716000,0.995670996,0.548887122,0.535594359,0.288401254,460,2,1381,1135
0.007859093000,0.995670996,0.549284579,0.535258563,0.288582183,460,2,1382,1134
0.007931436000,0.995670996,0.549682035,0.534922767,0.288763340,460,2,1383,1133
0.007931462500,0.995670996,0.550079491,0.534586971,0.288944724,460,2,1384,1132
0.007954812000,0.993506494,0.550079491,0.534251175,0.288497800,459,3,1384,1132
0.007978460000,0.993506494,0.550476948,0.533915379,0.288679245,459,3,1385,1131
0.008015580000,0.993506494,0.550874404,0.533579584,0.288860919,459,3,1386,1130
0.008027463000,0.993506494,0.551271860,0.533243788,0.289042821,459,3,1387,1129
0.008040247000,0.993506494,0.551669316,0.532907992,0.289224953,459,3,1388,1128
0.008057149000,0.993506494,0.552066773,0.532572196,0.289407314,459,3,1389,1127
0.008124547000,0.993506494,0.552464229,0.532236400,0.289589905,459,3,1390,1126
0.008146087000,0.993506494,0.552861685,0.531900604,0.289772727,459,3,1391,1125
0.008159111000,0.993506494,0.553259141,0.531564809,0.289955780,459,3,1392,1124
0.008179783000,0.993506494,0.553656598,0.531229013,0.290139064,459,3,1393,1123
0.008192047000,0.993506494,0.554054054,0.530893217,0.290322581,459,3,1394,1122
0.008194898000,0.993506494,0.554451510,0.530557421,0.290506329,459,3,1395,1121
0.008195379000,0.993506494,0.554848967,0.530221625,0.290690310,459,3,1396,1120
0.008232231000,0.993506494,0.555246423,0.529885829,0.290874525,459,3,1397,1119
0.008361217000,0.993506494,0.555643879,0.529550034,0.291058973,459,3,1398,1118
0.008411566000,0.993506494,0.556041335,0.529214238,0.291243655,459,3,1399,1117
0.008429996000,0.993506494,0.556438792,0.528878442,0.291428571,459,3,1400,1116
0.008433185500,0.993506494,0.556836248,0.528542646,0.291613723,459,3,1401,1115
0.008436088000,0.993506494,0.557233704,0.528206850,0.291799110,459,3,1402,1114
0.008466041000,0.993506494,0.557631161,0.527871054,0.291984733,459,3,1403,1113
0.008466273000,0.993506494,0.558028617,0.527535259,0.292170592,459,3,1404,1112
0.008513975000,0.993506494,0.558426073,0.527199463,0.292356688,459,3,1405,1111
0.008514144000,0.993506494,0.558823529,0.526863667,0.292543021,459,3,1406,1110
0.008521067000,0.993506494,0.559220986,0.526527871,0.292729592,459,3,1407,1109
0.008530253000,0.993506494,0.559618442,0.526192075,0.292916401,459,3,1408,1108
0.008587498000,0.993506494,0.560015898,0.525856279,0.293103448,459,3,1409,1107
0.008607161000,0.993506494,0.560413355,0.525520484,0.293290735,459,3,1410,1106
0.008611386000,0.993506494,0.560810811,0.525184688,0.293478261,459,3,1411,1105
0.008636638000,0.993506494,0.561208267,0.524848892,0.293666027,459,3,1412,1104
0.008655054500,0.993506494,0.561605723,0.524513096,0.293854033,459,3,1413,1103
0.008685300000,0.993506494,0.562003180,0.524177300,0.294042281,459,3,1414,1102
0.008703095000,0.993506494,0.562400636,0.523841504,0.294230769,459,3,1415,1101
0.008736047000,0.993506494,0.562798092,0.523505709,0.294419500,459,3,1416,1100
0.008739446000,0.993506494,0.563195548,0.523169913,0.294608472,459,3,1417,1099
0.008761885000,0.991341991,0.563195548,0.522834117,0.294155427,458,4,1417,1099
0.008833880000,0.991341991,0.563593005,0.522498321,0.294344473,458,4,1418,1098
0.008837050000,0.991341991,0.563990461,0.522162525,0.294533762,458,4,1419,1097
0.008842714000,0.991341991,0.564387917,0.521826729,0.294723295,458,4,1420,1096
0.008868836000,0.991341991,0.564785374,0.521490934,0.294913071,458,4,1421,1095
0.008925055000,0.991341991,0.565182830,0.521155138,0.295103093,458,4,1422,1094
0.008937743500,0.991341991,0.565580286,0.520819342,0.295293359,458,4,1423,1093
0.008964253000,0.991341991,0.565977742,0.520483546,0.295483871,458,4,1424,1092
0.008965850000,0.991341991,0.566375199,0.520147750,0.295674629,458,4,1425,1091
0.008969617000,0.991341991,0.566772655,0.519811954,0.295865633,458,4,1426,1090
0.009060931000,0.991341991,0.567170111,0.519476158,0.296056884,458,4,1427,1089
0.009069395000,0.991341991,0.567567568,0.519140363,0.296248383,458,4,1428,1088
0.009085634000,0.991341991,0.567965024,0.518804567,0.296440129,458,4,1429,1087
0.009105837000,0.991341991,0.568362480,0.518468771,0.296632124,458,4,1430,1086
0.009131554500,0.991341991,0.568759936,0.518132975,0.296824368,458,4,1431,1085
0.009133807000,0.991341991,0.569157393,0.517797179,0.297016861,458,4,1432,1084
0.009135007000,0.991341991,0.569554849,0.517461383,0.297209604,458,4,1433,1083
0.009205338000,0.991341991,0.569952305,0.517125588,0.297402597,458,4,1434,1082
0.009218965000,0.991341991,0.570349762,0.516789792,0.297595841,458,4,1435,1081
0.009227658000,0.991341991,0.570747218,0.516453996,0.297789337,458,4,1436,1080
0.009231742500,0.991341991,0.571144674,0.516118200,0.297983084,458,4,1437,1079
0.009232398000,0.989177489,0.571144674,0.515782404,0.297526042,457,5,1437,1079
0.009261360000,0.989177489,0.571542130,0.515446608,0.297719870,457,5,1438,1078
0.009267716000,0.989177489,0.571939587,0.515110813,0.297913950,457,5,1439,1077
0.009325325500,0.989177489,0.572337043,0.514775017,0.298108284,457,5,1440,1076
0.009385551000,0.989177489,0.572734499,0.514439221,0.298302872,457,5,1441,1075
0.009404937000,0.989177489,0.573131955,0.514103425,0.298497714,457,5,1442,1074
0.009437283500,0.989177489,0.573529412,0.513767629,0.298692810,457,5,1443,1073
0.009465390000,0.989177489,0.573926868,0.513431833,0.298888162,457,5,1444,1072
0.009486260000,0.989177489,0.574324324,0.513096038,0.299083770,457,5,1445,1071
0.009496741000,0.989177489,0.574721781,0.512760242,0.299279633,457,5,1446,1070
0.009534708000,0.989177489,0.575119237,0.512424446,0.299475754,457,5,1447,1069
0.009537429000,0.989177489,0.575516693,0.512088650,0.299672131,457,5,1448,1068
0.009565334000,0.989177489,0.575914149,0.511752854,0.299868766,457,5,1449,1067
0.009569427000,0.989177489,0.576311606,0.511417058,0.300065660,457,5,1450,1066
0.009598948000,0.989177489,0.576709062,0.511081263,0.300262812,457,5,1451,1065
0.009643621000,0.989177489,0.577106518,0.510745467,0.300460224,457,5,1452,1064
0.009694129000,0.989177489,0.577503975,0.510409671,0.300657895,457,5,1453,1063
0.009696729500,0.989177489,0.577901431,0.510073875,0.300855826,457,5,1454,1062
0.009697141000,0.989177489,0.578298887,0.509738079,0.301054018,457,5,1455,1061
0.009713943000,0.989177489,0.578696343,0.509402283,0.301252472,457,5,1456,1060
0.009718090000,0.989177489,0.579093800,0.509066488,0.301451187,457,5,1457,1059
0.009726583000,0.989177489,0.579491256,0.508730692,0.301650165,457,5,1458,1058
0.009789010500,0.989177489,0.579888712,0.508394896,0.301849406,457,5,1459,1057
0.009818529000,0.989177489,0.580286169,0.508059100,0.302048909,457,5,1460,1056
0.009876732000,0.989177489,0.580683625,0.507723304,0.302248677,457,5,1461,1055
0.009930717000,0.989177489,0.581081081,0.507387508,0.302448709,457,5,1462,1054
0.009959242000,0.989177489,0.581478537,0.507051713,0.302649007,457,5,1463,1053
0.010075209000,0.989177489,0.581875994,0.506715917,0.302849569,457,5,1464,1052
0.010078890000,0.989177489,0.582273450,0.506380121,0.303050398,457,5,1465,1051
0.010126410000,0.989177489,0.582670906,0.506044325,0.303251493,457,5,1466,1050
0.010146050000,0.989177489,0.583068362,0.505708529,0.303452855,457,5,1467,1049
0.010190824000,0.989177489,0.583465819,0.505372733,0.303654485,457,5,1468,1048
0.010268549000,0.989177489,0.583863275,0.505036938,0.303856383,457,5,1469,1047
0.010288194000,0.989177489,0.584260731,0.504701142,0.304058550,457,5,1470,1046
0.010327422000,0.989177489,0.584658188,0.504365346,0.304260985,457,5,1471,1045
0.010341222000,0.989177489,0.585055644,0.504029550,0.304463691,457,5,1472,1044
0.010349678000,0.989177489,0.585453100,0.503693754,0.304666667,457,5,1473,1043
0.010377476000,0.989177489,0.585850556,0.503357958,0.304869913,457,5,1474,1042
0.010417483000,0.989177489,0.586248013,0.503022163,0.305073431,457,5,1475,1041
0.010432999000,0.989177489,0.586645469,0.502686367,0.305277221,457,5,1476,1040
0.010462054000,0.989177489,0.587042925,0.502350571,0.305481283,457,5,1477,1039
0.010502145000,0.989177489,0.587440382,0.502014775,0.305685619,457,5,1478,1038
0.010561545000,0.989177489,0.587837838,0.501678979,0.305890228,457,5,1479,1037
0.010578073000,0.989177489,0.588235294,0.501343183,0.306095111,457,5,1480,1036
0.010619139000,0.989177489,0.588632750,0.501007388,0.306300268,457,5,1481,1035
0.010688230000,0.989177489,0.589030207,0.500671592,0.306505701,457,5,1482,1034
0.010720588000,0.989177489,0.589427663,0.500335796,0.306711409,457,5,1483,1033
0.010726062000,0.989177489,0.589825119,0.500000000,0.306917394,457,5,1484,1032
0.010730626000,0.989177489,0.590222576,0.499664204,0.307123656,457,5,1485,1031
0.010838551000,0.989177489,0.590620032,0.499328408,0.307330195,457,5,1486,1030
0.010858097000,0.989177489,0.591017488,0.498992612,0.307537012,457,5,1487,1029
0.010894890000,0.989177489,0.591414944,0.498656817,0.307744108,457,5,1488,1028
0.010906236000,0.989177489,0.591812401,0.498321021,0.307951482,457,5,1489,1027
0.010926439000,0.989177489,0.592209857,0.497985225,0.308159137,457,5,1490,1026
0.010946580000,0.989177489,0.592607313,0.497649429,0.308367072,457,5,1491,1025
0.010974053000,0.989177489,0.593004769,0.497313633,0.308575287,457,5,1492,1024
0.011058588500,0.989177489,0.593402226,0.496977837,0.308783784,457,5,1493,1023
0.011064227000,0.989177489,0.593799682,0.496642042,0.308992563,457,5,1494,1022
0.011104526000,0.989177489,0.594197138,0.496306246,0.309201624,457,5,1495,1021
0.011157169000,0.989177489,0.594594595,0.495970450,0.309410968,457,5,1496,1020
0.011195511000,0.989177489,0.594992051,0.495634654,0.309620596,457,5,1497,1019
0.011202725000,0.989177489,0.595389507,0.495298858,0.309830508,457,5,1498,1018
0.011238534000,0.989177489,0.595786963,0.494963062,0.310040706,457,5,1499,1017
0.011259511000,0.989177489,0.596184420,0.494627267,0.310251188,457,5,1500,1016
0.011310607000,0.989177489,0.596581876,0.494291471,0.310461957,457,5,1501,1015
0.011339624000,0.989177489,0.596979332,0.493955675,0.310673012,457,5,1502,1014
0.011349258000,0.989177489,0.597376789,0.493619879,0.310884354,457,5,1503,1013
0.011366027000,0.989177489,0.597774245,0.493284083,0.311095984,457,5,1504,1012
0.011390647000,0.989177489,0.598171701,0.492948287,0.311307902,457,5,1505,1011
0.011463111000,0.989177489,0.598569157,0.492612492,0.311520109,457,5,1506,1010
0.011495951000,0.989177489,0.598966614,0.492276696,0.311732606,457,5,1507,1009
0.011500481500,0.989177489,0.599364070,0.491940900,0.311945392,457,5,1508,1008
0.011500552000,0.989177489,0.599761526,0.491605104,0.312158470,457,5,1509,1007
0.011559877000,0.989177489,0.600158983,0.491269308,0.312371839,457,5,1510,1006
0.011580615000,0.989177489,0.600556439,0.490933512,0.312585499,457,5,1511,1005
0.011649277000,0.989177489,0.600953895,0.490597717,0.312799452,457,5,1512,1004
0.011669124000,0.989177489,0.601351351,0.490261921,0.313013699,457,5,1513,1003
0.011677810000,0.989177489,0.601748808,0.489926125,0.313228239,457,5,1514,1002
0.011792976000,0.989177489,0.602146264,0.489590329,0.313443073,457,5,1515,1001
0.011828186000,0.989177489,0.602543720,0.489254533,0.313658202,457,5,1516,1000
0.011855462000,0.989177489,0.602941176,0.488918737,0.313873626,457,5,1517,999
0.011866919000,0.989177489,0.603338633,0.488582942,0.314089347,457,5,1518,998
0.011904030000,0.989177489,0.603736089,0.488247146,0.314305365,457,5,1519,997
0.012060276000,0.989177489,0.604133545,0.487911350,0.314521679,457,5,1520,996
0.012173185000,0.989177489,0.604531002,0.487575554,0.314738292,457,5,1521,995
0.012218442000,0.989177489,0.604928458,0.487239758,0.314955203,457,5,1522,994
0.012242176000,0.989177489,0.605325914,0.486903962,0.315172414,457,5,1523,993
0.012275351000,0.989177489,0.605723370,0.486568167,0.315389924,457,5,1524,992
0.012308888000,0.989177489,0.606120827,0.486232371,0.315607735,457,5,1525,991
0.012322460000,0.989177489,0.606518283,0.485896575,0.315825847,457,5,1526,990
0.012331238000,0.989177489,0.606915739,0.485560779,0.316044260,457,5,1527,989
0.012341713500,0.989177489,0.607313196,0.485224983,0.316262976,457,5,1528,988
0.012369057000,0.989177489,0.607710652,0.484889187,0.316481994,457,5,1529,987
0.012390686000,0.989177489,0.608108108,0.484553392,0.316701317,457,5,1530,986
0.012431070000,0.989177489,0.608505564,0.484217596,0.316920943,457,5,1531,985
0.012431335000,0.989177489,0.608903021,0.483881800,0.317140874,457,5,1532,984
0.012458539000,0.989177489,0.609300477,0.483546004,0.317361111,457,5,1533,983
0.012461590000,0.989177489,0.609697933,0.483210208,0.317581654,457,5,1534,982
0.012534009000,0.989177489,0.610095390,0.482874412,0.317802503,457,5,1535,981
0.012590935000,0.989177489,0.610492846,0.482538617,0.318023660,457,5,1536,980
0.012590965000,0.989177489,0.610890302,0.482202821,0.318245125,457,5,1537,979
0.012593134000,0.989177489,0.611287758,0.481867025,0.318466899,457,5,1538,978
0.012630152000,0.989177489,0.611685215,0.481531229,0.318688982,457,5,1539,977
0.012631483000,0.989177489,0.612082671,0.481195433,0.318911375,457,5,1540,976
0.012635176000,0.989177489,0.612480127,0.480859637,0.319134078,457,5,1541,975
0.012644014000,0.989177489,0.612877583,0.480523842,0.319357093,457,5,1542,974
0.012680850000,0.989177489,0.613275040,0.480188046,0.319580420,457,5,1543,973
0.012694504000,0.989177489,0.613672496,0.479852250,0.319804059,457,5,1544,972
0.012706290000,0.989177489,0.614069952,0.479516454,0.320028011,457,5,1545,971
0.012736911000,0.989177489,0.614467409,0.479180658,0.320252278,457,5,1546,970
0.012960867000,0.989177489,0.614864865,0.478844862,0.320476858,457,5,1547,969
0.013028041000,0.989177489,0.615262321,0.478509066,0.320701754,457,5,1548,968
0.013029268000,0.989177489,0.615659777,0.478173271,0.320926966,457,5,1549,967
0.013054261000,0.989177489,0.616057234,0.477837475,0.321152495,457,5,1550,966
0.013122185000,0.989177489,0.616454690,0.477501679,0.321378340,457,5,1551,965
0.013161926000,0.989177489,0.616852146,0.477165883,0.321604504,457,5,1552,964
0.013245444000,0.989177489,0.617249603,0.476830087,0.321830986,457,5,1553,963
0.013343943000,0.989177489,0.617647059,0.476494291,0.322057787,457,5,1554,962
0.013347245000,0.989177489,0.618044515,0.476158496,0.322284908,457,5,1555,961
0.013457559000,0.989177489,0.618441971,0.475822700,0.322512350,457,5,1556,960
0.013469923000,0.989177489,0.618839428,0.475486904,0.322740113,457,5,1557,959
0.013513320000,0.989177489,0.619236884,0.475151108,0.322968198,457,5,1558,958
0.013529647000,0.989177489,0.619634340,0.474815312,0.323196605,457,5,1559,957
0.013577686000,0.989177489,0.620031797,0.474479516,0.323425336,457,5,1560,956
0.013612075000,0.987012987,0.620031797,0.474143721,0.322946176,456,6,1560,956
0.013613650000,0.987012987,0.620429253,0.473807925,0.323175053,456,6,1561,955
0.013631397000,0.987012987,0.620826709,0.473472129,0.323404255,456,6,1562,954
0.013805612000,0.987012987,0.621224165,0.473136333,0.323633783,456,6,1563,953
0.013840478000,0.987012987,0.621621622,0.472800537,0.323863636,456,6,1564,952
0.013948048000,0.987012987,0.622019078,0.472464741,0.324093817,456,6,1565,951
0.013967841000,0.987012987,0.622416534,0.472128946,0.324324324,456,6,1566,950
0.013989365000,0.987012987,0.622813990,0.471793150,0.324555160,456,6,1567,949
0.014024052000,0.987012987,0.623211447,0.471457354,0.324786325,456,6,1568,948
0.014028444000,0.987012987,0.623608903,0.471121558,0.325017819,456,6,1569,947
0.014028587000,0.987012987,0.624006359,0.470785762,0.325249643,456,6,1570,946
0.014249989000,0.987012987,0.624403816,0.470449966,0.325481799,456,6,1571,945
0.014261870000,0.987012987,0.624801272,0.470114171,0.325714286,456,6,1572,944
0.014354723500,0.987012987,0.625198728,0.469778375,0.325947105,456,6,1573,943
0.014428149000,0.987012987,0.625596184,0.469442579,0.326180258,456,6,1574,942
0.014430713000,0.987012987,0.625993641,0.469106783,0.326413744,456,6,1575,941
0.014440053000,0.987012987,0.626391097,0.468770987,0.326647564,456,6,1576,940
0.014475859000,0.987012987,0.626788553,0.468435191,0.326881720,456,6,1577,939
0.014575441000,0.987012987,0.627186010,0.468099396,0.327116212,456,6,1578,938
0.014591955000,0.987012987,0.627583466,0.467763600,0.327351041,456,6,1579,937
0.014664757000,0.987012987,0.627980922,0.467427804,0.327586207,456,6,1580,936
0.014767629000,0.987012987,0.628378378,0.467092008,0.327821711,456,6,1581,935
0.014771133000,0.987012987,0.628775835,0.466756212,0.328057554,456,6,1582,934
0.014792661000,0.987012987,0.629173291,0.466420416,0.328293737,456,6,1583,933
0.014913725000,0.987012987,0.629570747,0.466084621,0.328530259,456,6,1584,932
0.014974589000,0.987012987,0.629968203,0.465748825,0.328767123,456,6,1585,931
0.014985440000,0.987012987,0.630365660,0.465413029,0.329004329,456,6,1586,930
0.014990101000,0.987012987,0.630763116,0.465077233,0.329241877,456,6,1587,929
0.015002229000,0.987012987,0.631160572,0.464741437,0.329479769,456,6,1588,928
0.015094687000,0.987012987,0.631558029,0.464405641,0.329718004,456,6,1589,927
0.015166784000,0.987012987,0.631955485,0.464069846,0.329956585,456,6,1590,926
0.015386327000,0.987012987,0.632352941,0.463734050,0.330195510,456,6,1591,925
0.015493448000,0.987012987,0.632750397,0.463398254,0.330434783,456,6,1592,924
0.015528743000,0.987012987,0.633147854,0.463062458,0.330674402,456,6,1593,923
0.015535973000,0.987012987,0.633545310,0.462726662,0.330914369,456,6,1594,922
0.015620676000,0.987012987,0.633942766,0.462390866,0.331154684,456,6,1595,921
0.015633417000,0.987012987,0.634340223,0.462055071,0.331395349,456,6,1596,920
0.015725592000,0.987012987,0.634737679,0.461719275,0.331636364,456,6,1597,919
0.015749441000,0.987012987,0.635135135,0.461383479,0.331877729,456,6,1598,918
0.015813151000,0.987012987,0.635532591,0.461047683,0.332119446,456,6,1599,917
0.015841880000,0.984848485,0.635532591,0.460711887,0.331632653,455,7,1599,917
0.015943231000,0.984848485,0.635930048,0.460376091,0.331874544,455,7,1600,916
0.015957212000,0.984848485,0.636327504,0.460040296,0.332116788,455,7,1601,915
0.015999198000,0.984848485,0.636724960,0.459704500,0.332359386,455,7,1602,914
0.016063540000,0.984848485,0.637122417,0.459368704,0.332602339,455,7,1603,913
0.016069192000,0.984848485,0.637519873,0.459032908,0.332845647,455,7,1604,912
0.016108844000,0.984848485,0.637917329,0.458697112,0.333089312,455,7,1605,911
0.016161840000,0.984848485,0.638314785,0.458361316,0.333333333,455,7,1606,910
0.016280843000,0.984848485,0.638712242,0.458025520,0.333577713,455,7,1607,909
0.016324377000,0.984848485,0.639109698,0.457689725,0.333822450,455,7,1608,908
0.016336503000,0.984848485,0.639507154,0.457353929,0.334067548,455,7,1609,907
0.016355578000,0.984848485,0.639904610,0.457018133,0.334313005,455,7,1610,906
0.016357688000,0.984848485,0.640302067,0.456682337,0.334558824,455,7,1611,905
0.016376114000,0.984848485,0.640699523,0.456346541,0.334805004,455,7,1612,904
0.016462546000,0.984848485,0.641096979,0.456010745,0.335051546,455,7,1613,903
0.016483637000,0.984848485,0.641494436,0.455674950,0.335298452,455,7,1614,902
0.016510220000,0.984848485,0.641891892,0.455339154,0.335545723,455,7,1615,901
0.016618626000,0.984848485,0.642289348,0.455003358,0.335793358,455,7,1616,900
0.016802685000,0.984848485,0.642686804,0.454667562,0.336041359,455,7,1617,899
0.016863236000,0.984848485,0.643084261,0.454331766,0.336289727,455,7,1618,898
0.016881643000,0.984848485,0.643481717,0.453995970,0.336538462,455,7,1619,897
0.016976355000,0.984848485,0.643879173,0.453660175,0.336787565,455,7,1620,896
0.017100563000,0.984848485,0.644276630,0.453324379,0.337037037,455,7,1621,895
0.017110199000,0.982683983,0.644276630,0.452988583,0.336545589,454,8,1621,895
0.017201666000,0.982683983,0.644674086,0.452652787,0.336795252,454,8,1622,894
0.017280133000,0.982683983,0.645071542,0.452316991,0.337045286,454,8,1623,893
0.017294941000,0.982683983,0.645468998,0.451981195,0.337295691,454,8,1624,892
0.017335653000,0.982683983,0.645866455,0.451645400,0.337546468,454,8,1625,891
0.017348599000,0.982683983,0.646263911,0.451309604,0.337797619,454,8,1626,890
0.017364230000,0.982683983,0.646661367,0.450973808,0.338049144,454,8,1627,889
0.017369170000,0.982683983,0.647058824,0.450638012,0.338301043,454,8,1628,888
0.017387620000,0.982683983,0.647456280,0.450302216,0.338553318,454,8,1629,887
0.017391197000,0.982683983,0.647853736,0.449966420,0.338805970,454,8,1630,886
0.017429104000,0.982683983,0.648251192,0.449630625,0.339058999,454,8,1631,885
0.017432451000,0.982683983,0.648648649,0.449294829,0.339312407,454,8,1632,884
0.017456679000,0.982683983,0.649046105,0.448959033,0.339566193,454,8,1633,883
0.017523328000,0.982683983,0.649443561,0.448623237,0.339820359,454,8,1634,882
0.017531013000,0.982683983,0.649841017,0.448287441,0.340074906,454,8,1635,881
0.017591102000,0.982683983,0.650238474,0.447951645,0.340329835,454,8,1636,880
0.017661497000,0.982683983,0.650635930,0.447615850,0.340585146,454,8,1637,879
0.017687144000,0.982683983,0.651033386,0.447280054,0.340840841,454,8,1638,878
0.017701948000,0.982683983,0.651430843,0.446944258,0.341096920,454,8,1639,877
0.017808625000,0.982683983,0.651828299,0.446608462,0.341353383,454,8,1640,876
0.017875373000,0.982683983,0.652225755,0.446272666,0.341610233,454,8,1641,875
0.017929273000,0.982683983,0.652623211,0.445936870,0.341867470,454,8,1642,874
0.017975980000,0.982683983,0.653020668,0.445601075,0.342125094,454,8,1643,873
0.018057240000,0.982683983,0.653418124,0.445265279,0.342383107,454,8,1644,872
0.018138587000,0.982683983,0.653815580,0.444929483,0.342641509,454,8,1645,871
0.018154172000,0.982683983,0.654213037,0.444593687,0.342900302,454,8,1646,870
0.018219829000,0.982683983,0.654610493,0.444257891,0.343159486,454,8,1647,869
0.018253850000,0.980519481,0.654610493,0.443922095,0.342662632,453,9,1647,869
0.018374024000,0.980519481,0.655007949,0.443586300,0.342922029,453,9,1648,868
0.018386122000,0.980519481,0.655405405,0.443250504,0.343181818,453,9,1649,867
0.018393189000,0.980519481,0.655802862,0.442914708,0.343442002,453,9,1650,866
0.018428626000,0.980519481,0.656200318,0.442578912,0.343702580,453,9,1651,865
0.018448198000,0.980519481,0.656597774,0.442243116,0.343963554,453,9,1652,864
0.018580936000,0.980519481,0.656995231,0.441907320,0.344224924,453,9,1653,863
0.018715125000,0.980519481,0.657392687,0.441571525,0.344486692,453,9,1654,862
0.018853950000,0.980519481,0.657790143,0.441235729,0.344748858,453,9,1655,861
0.018860873000,0.980519481,0.658187599,0.440899933,0.345011424,453,9,1656,860
0.018978512000,0.980519481,0.658585056,0.440564137,0.345274390,453,9,1657,859
0.018989345000,0.980519481,0.658982512,0.440228341,0.345537757,453,9,1658,858
0.019040070000,0.980519481,0.659379968,0.439892545,0.345801527,453,9,1659,857
0.019043813000,0.980519481,0.659777424,0.439556749,0.346065699,453,9,1660,856
0.019062500000,0.980519481,0.660174881,0.439220954,0.346330275,453,9,1661,855
0.019064212000,0.980519481,0.660572337,0.438885158,0.346595256,453,9,1662,854
0.019180771000,0.980519481,0.660969793,0.438549362,0.346860643,453,9,1663,853
0.019275596000,0.980519481,0.661367250,0.438213566,0.347126437,453,9,1664,852
0.019327309000,0.980519481,0.661764706,0.437877770,0.347392638,453,9,1665,851
0.019350257000,0.980519481,0.662162162,0.437541974,0.347659248,453,9,1666,850
0.019374797000,0.980519481,0.662559618,0.437206179,0.347926267,453,9,1667,849
0.019380646000,0.978354978,0.662559618,0.436870383,0.347425058,452,10,1667,849
0.019587755000,0.978354978,0.662957075,0.436534587,0.347692308,452,10,1668,848
0.019667195000,0.978354978,0.663354531,0.436198791,0.347959969,452,10,1669,847
0.019705804000,0.978354978,0.663751987,0.435862995,0.348228043,452,10,1670,846
0.019726910000,0.978354978,0.664149444,0.435527199,0.348496530,452,10,1671,845
0.019735250000,0.978354978,0.664546900,0.435191404,0.348765432,452,10,1672,844
0.019770559000,0.978354978,0.664944356,0.434855608,0.349034749,452,10,1673,843
0.019772425000,0.978354978,0.665341812,0.434519812,0.349304482,452,10,1674,842
0.019875664000,0.978354978,0.665739269,0.434184016,0.349574633,452,10,1675,841
0.019994503000,0.978354978,0.666136725,0.433848220,0.349845201,452,10,1676,840
0.020014713000,0.978354978,0.666534181,0.433512424,0.350116189,452,10,1677,839
0.020171220000,0.978354978,0.666931638,0.433176629,0.350387597,452,10,1678,838
0.020178147000,0.978354978,0.667329094,0.432840833,0.350659426,452,10,1679,837
0.020205620000,0.978354978,0.667726550,0.432505037,0.350931677,452,10,1680,836
0.020390045000,0.978354978,0.668124006,0.432169241,0.351204351,452,10,1681,835
0.020447126000,0.978354978,0.668521463,0.431833445,0.351477449,452,10,1682,834
0.020531310000,0.978354978,0.668918919,0.431497649,0.351750973,452,10,1683,833
0.020742517000,0.978354978,0.669316375,0.431161854,0.352024922,452,10,1684,832
0.020866882000,0.978354978,0.669713831,0.430826058,0.352299299,452,10,1685,831
0.020940230000,0.978354978,0.670111288,0.430490262,0.352574103,452,10,1686,830
0.020956764000,0.978354978,0.670508744,0.430154466,0.352849336,452,10,1687,829
0.021003269000,0.978354978,0.670906200,0.429818670,0.353125000,452,10,1688,828
0.021056480000,0.978354978,0.671303657,0.429482874,0.353401095,452,10,1689,827
0.021113668000,0.978354978,0.671701113,0.429147079,0.353677621,452,10,1690,826
0.021167224000,0.978354978,0.672098569,0.428811283,0.353954581,452,10,1691,825
0.021196026000,0.978354978,0.672496025,0.428475487,0.354231975,452,10,1692,824
0.021241575000,0.978354978,0.672893482,0.428139691,0.354509804,452,10,1693,823
0.021272035000,0.978354978,0.673290938,0.427803895,0.354788069,452,10,1694,822
0.021472398000,0.978354978,0.673688394,0.427468099,0.355066771,452,10,1695,821
0.021560794000,0.978354978,0.674085851,0.427132304,0.355345912,452,10,1696,820
0.021563476000,0.978354978,0.674483307,0.426796508,0.355625492,452,10,1697,819
0.021590201000,0.978354978,0.674880763,0.426460712,0.355905512,452,10,1698,818
0.021762623000,0.978354978,0.675278219,0.426124916,0.356185973,452,10,1699,817
0.021903265000,0.978354978,0.675675676,0.425789120,0.356466877,452,10,1700,816
0.021924203000,0.978354978,0.676073132,0.425453324,0.356748224,452,10,1701,815
0.021983770000,0.978354978,0.676470588,0.425117529,0.357030016,452,10,1702,814
0.022026964000,0.978354978,0.676868045,0.424781733,0.357312253,452,10,1703,813
0.022060760000,0.978354978,0.677265501,0.424445937,0.357594937,452,10,1704,812
0.022064040000,0.978354978,0.677662957,0.424110141,0.357878068,452,10,1705,811
0.022120187000,0.978354978,0.678060413,0.423774345,0.358161648,452,10,1706,810
0.022203490000,0.978354978,0.678457870,0.423438549,0.358445678,452,10,1707,809
0.022287333000,0.978354978,0.678855326,0.423102754,0.358730159,452,10,1708,808
0.022352174000,0.978354978,0.679252782,0.422766958,0.359015091,452,10,1709,807
0.022492932000,0.978354978,0.679650238,0.422431162,0.359300477,452,10,1710,806
0.022523506000,0.978354978,0.680047695,0.422095366,0.359586317,452,10,1711,805
0.022524178000,0.978354978,0.680445151,0.421759570,0.359872611,452,10,1712,804
0.022571111000,0.978354978,0.680842607,0.421423774,0.360159363,452,10,1713,803
0.022695350000,0.978354978,0.681240064,0.421087979,0.360446571,452,10,1714,802
0.022913490000,0.978354978,0.681637520,0.420752183,0.360734238,452,10,1715,801
0.022942200000,0.978354978,0.682034976,0.420416387,0.361022364,452,10,1716,800
0.022953803000,0.978354978,0.682432432,0.420080591,0.361310951,452,10,1717,799
0.022959815000,0.978354978,0.682829889,0.419744795,0.361600000,452,10,1718,798
0.022960400000,0.978354978,0.683227345,0.419408999,0.361889512,452,10,1719,797
0.022970183000,0.978354978,0.683624801,0.419073203,0.362179487,452,10,1720,796
0.023026396000,0.978354978,0.684022258,0.418737408,0.362469928,452,10,1721,795
0.023112460000,0.978354978,0.684419714,0.418401612,0.362760835,452,10,1722,794
0.023155800000,0.976190476,0.684419714,0.418065816,0.362248996,451,11,1722,794
0.023198350000,0.976190476,0.684817170,0.417730020,0.362540193,451,11,1723,793
0.023282511000,0.976190476,0.685214626,0.417394224,0.362831858,451,11,1724,792
0.023334416000,0.976190476,0.685612083,0.417058428,0.363123994,451,11,1725,791
0.023434972000,0.976190476,0.686009539,0.416722633,0.363416600,451,11,1726,790
0.023495182000,0.976190476,0.686406995,0.416386837,0.363709677,451,11,1727,789
0.023530140000,0.976190476,0.686804452,0.416051041,0.364003228,451,11,1728,788
0.023555921000,0.976190476,0.687201908,0.415715245,0.364297254,451,11,1729,787
0.023593752000,0.976190476,0.687599364,0.415379449,0.364591754,451,11,1730,786
0.023607480000,0.976190476,0.687996820,0.415043653,0.364886731,451,11,1731,785
0.023611631000,0.976190476,0.688394277,0.414707858,0.365182186,451,11,1732,784
0.023791129000,0.976190476,0.688791733,0.414372062,0.365478120,451,11,1733,783
0.023816878000,0.976190476,0.689189189,0.414036266,0.365774534,451,11,1734,782
0.024018642000,0.976190476,0.689586645,0.413700470,0.366071429,451,11,1735,781
0.024018997000,0.976190476,0.689984102,0.413364674,0.366368806,451,11,1736,780
0.024023775000,0.976190476,0.690381558,0.413028878,0.366666667,451,11,1737,779
0.024080360000,0.976190476,0.690779014,0.412693083,0.366965012,451,11,1738,778
0.024212600000,0.976190476,0.691176471,0.412357287,0.367263844,451,11,1739,777
0.024221823000,0.976190476,0.691573927,0.412021491,0.367563162,451,11,1740,776
0.024355324000,0.974025974,0.691573927,0.411685695,0.367047308,450,12,1740,776
0.024633275000,0.974025974,0.691971383,0.411349899,0.367346939,450,12,1741,775
0.024635844000,0.974025974,0.692368839,0.411014103,0.367647059,450,12,1742,774
0.024734233000,0.974025974,0.692766296,0.410678308,0.367947670,450,12,1743,773
0.024921272000,0.974025974,0.693163752,0.410342512,0.368248773,450,12,1744,772
0.024931187000,0.974025974,0.693561208,0.410006716,0.368550369,450,12,1745,771
0.024973730000,0.974025974,0.693958665,0.409670920,0.368852459,450,12,1746,770
0.025047421000,0.974025974,0.694356121,0.409335124,0.369155045,450,12,1747,769
0.025133843000,0.974025974,0.694753577,0.408999328,0.369458128,450,12,1748,768
0.025175566000,0.974025974,0.695151033,0.408663533,0.369761709,450,12,1749,767
0.025194596000,0.974025974,0.695548490,0.408327737,0.370065789,450,12,1750,766
0.025230140000,0.974025974,0.695945946,0.407991941,0.370370370,450,12,1751,765
0.025339948000,0.974025974,0.696343402,0.407656145,0.370675453,450,12,1752,764
0.025462845000,0.974025974,0.696740859,0.407320349,0.370981039,450,12,1753,763
0.025551343000,0.974025974,0.697138315,0.406984553,0.371287129,450,12,1754,762
0.025609938000,0.974025974,0.697535771,0.406648758,0.371593724,450,12,1755,761
0.025624802000,0.974025974,0.697933227,0.406312962,0.371900826,450,12,1756,760
0.025683602000,0.974025974,0.698330684,0.405977166,0.372208437,450,12,1757,759
0.025859999000,0.974025974,0.698728140,0.405641370,0.372516556,450,12,1758,758
0.025924195000,0.974025974,0.699125596,0.405305574,0.372825186,450,12,1759,757
0.026029637000,0.974025974,0.699523052,0.404969778,0.373134328,450,12,1760,756
0.026218401000,0.974025974,0.699920509,0.404633983,0.373443983,450,12,1761,755
0.026273430000,0.974025974,0.700317965,0.404298187,0.373754153,450,12,1762,754
0.026408460000,0.974025974,0.700715421,0.403962391,0.374064838,450,12,1763,753
0.026462259000,0.974025974,0.701112878,0.403626595,0.374376040,450,12,1764,752
0.026511570000,0.971861472,0.701112878,0.403290799,0.373855121,449,13,1764,752
0.026628977000,0.971861472,0.701510334,0.402955003,0.374166667,449,13,1765,751
0.026646001000,0.971861472,0.701907790,0.402619208,0.374478732,449,13,1766,750
0.026653215000,0.971861472,0.702305246,0.402283412,0.374791319,449,13,1767,749
0.026660573000,0.971861472,0.702702703,0.401947616,0.375104428,449,13,1768,748
0.026688676000,0.971861472,0.703100159,0.401611820,0.375418060,449,13,1769,747
0.026770562000,0.971861472,0.703497615,0.401276024,0.375732218,449,13,1770,746
0.027038055000,0.971861472,0.703895072,0.400940228,0.376046901,449,13,1771,745
0.027043011000,0.971861472,0.704292528,0.400604433,0.376362112,449,13,1772,744
0.027220547000,0.971861472,0.704689984,0.400268637,0.376677852,449,13,1773,743
0.027258998000,0.971861472,0.705087440,0.399932841,0.376994123,449,13,1774,742
0.027550537000,0.971861472,0.705484897,0.399597045,0.377310924,449,13,1775,741
0.027575897000,0.971861472,0.705882353,0.399261249,0.377628259,449,13,1776,740
0.027695600000,0.971861472,0.706279809,0.398925453,0.377946128,449,13,1777,739
0.027745292000,0.971861472,0.706677266,0.398589657,0.378264532,449,13,1778,738
0.027870910000,0.971861472,0.707074722,0.398253862,0.378583474,449,13,1779,737
0.027936762000,0.971861472,0.707472178,0.397918066,0.378902954,449,13,1780,736
0.027985986000,0.971861472,0.707869634,0.397582270,0.379222973,449,13,1781,735
0.027990755000,0.971861472,0.708267091,0.397246474,0.379543533,449,13,1782,734
0.028178591000,0.971861472,0.708664547,0.396910678,0.379864636,449,13,1783,733
0.028200738000,0.971861472,0.709062003,0.396574882,0.380186283,449,13,1784,732
0.028218972000,0.971861472,0.709459459,0.396239087,0.380508475,449,13,1785,731
0.028780214000,0.971861472,0.709856916,0.395903291,0.380831213,449,13,1786,730
0.028875580000,0.971861472,0.710254372,0.395567495,0.381154499,449,13,1787,729
0.029084474000,0.971861472,0.710651828,0.395231699,0.381478335,449,13,1788,728
0.029245432000,0.971861472,0.711049285,0.394895903,0.381802721,449,13,1789,727
0.029369730000,0.971861472,0.711446741,0.394560107,0.382127660,449,13,1790,726
0.029487636000,0.971861472,0.711844197,0.394224312,0.382453152,449,13,1791,725
0.029504946000,0.971861472,0.712241653,0.393888516,0.382779199,449,13,1792,724
0.029618531000,0.971861472,0.712639110,0.393552720,0.383105802,449,13,1793,723
0.029638786000,0.971861472,0.713036566,0.393216924,0.383432963,449,13,1794,722
0.029657211000,0.971861472,0.713434022,0.392881128,0.383760684,449,13,1795,721
0.029870800000,0.971861472,0.713831479,0.392545332,0.384088965,449,13,1796,720
0.030050885000,0.971861472,0.714228935,0.392209537,0.384417808,449,13,1797,719
0.030071890000,0.971861472,0.714626391,0.391873741,0.384747215,449,13,1798,718
0.030141944000,0.971861472,0.715023847,0.391537945,0.385077187,449,13,1799,717
0.030209929000,0.971861472,0.715421304,0.391202149,0.385407725,449,13,1800,716
0.030223822000,0.971861472,0.715818760,0.390866353,0.385738832,449,13,1801,715
0.030274605000,0.971861472,0.716216216,0.390530557,0.386070507,449,13,1802,714
0.030440178000,0.971861472,0.716613672,0.390194762,0.386402754,449,13,1803,713
0.030492533000,0.971861472,0.717011129,0.389858966,0.386735573,449,13,1804,712
0.030615829000,0.971861472,0.717408585,0.389523170,0.387068966,449,13,1805,711
0.030644476000,0.971861472,0.717806041,0.389187374,0.387402934,449,13,1806,710
0.030807800000,0.971861472,0.718203498,0.388851578,0.387737478,449,13,1807,709
0.031015595000,0.971861472,0.718600954,0.388515782,0.388072602,449,13,1808,708
0.031113848000,0.971861472,0.718998410,0.388179987,0.388408304,449,13,1809,707
0.031252887000,0.971861472,0.719395866,0.387844191,0.388744589,449,13,1810,706
0.031359557000,0.971861472,0.719793323,0.387508395,0.389081456,449,13,1811,705
0.031368624000,0.971861472,0.720190779,0.387172599,0.389418907,449,13,1812,704
0.031443740000,0.969696970,0.720190779,0.386836803,0.388888889,448,14,1812,704
0.031453530000,0.969696970,0.720588235,0.386501007,0.389226759,448,14,1813,703
0.031509463000,0.969696970,0.720985692,0.386165212,0.389565217,448,14,1814,702
0.031564570000,0.969696970,0.721383148,0.385829416,0.389904265,448,14,1815,701
0.031648630000,0.969696970,0.721780604,0.385493620,0.390243902,448,14,1816,700
0.031742204000,0.969696970,0.722178060,0.385157824,0.390584133,448,14,1817,699
0.032241043000,0.969696970,0.722575517,0.384822028,0.390924956,448,14,1818,698
0.032242630000,0.969696970,0.722972973,0.384486232,0.391266376,448,14,1819,697
0.032402840000,0.969696970,0.723370429,0.384150437,0.391608392,448,14,1820,696
0.032453930000,0.969696970,0.723767886,0.383814641,0.391951006,448,14,1821,695
0.032512072000,0.969696970,0.724165342,0.383478845,0.392294221,448,14,1822,694
0.032525357000,0.969696970,0.724562798,0.383143049,0.392638037,448,14,1823,693
0.032571558000,0.969696970,0.724960254,0.382807253,0.392982456,448,14,1824,692
0.033032034000,0.969696970,0.725357711,0.382471457,0.393327480,448,14,1825,691
0.033411360000,0.969696970,0.725755167,0.382135662,0.393673111,448,14,1826,690
0.033449250000,0.969696970,0.726152623,0.381799866,0.394019349,448,14,1827,689
0.033487733000,0.969696970,0.726550079,0.381464070,0.394366197,448,14,1828,688
0.033946260000,0.969696970,0.726947536,0.381128274,0.394713656,448,14,1829,687
0.033975884000,0.969696970,0.727344992,0.380792478,0.395061728,448,14,1830,686
0.033989236000,0.969696970,0.727742448,0.380456682,0.395410415,448,14,1831,685
0.034324598000,0.969696970,0.728139905,0.380120887,0.395759717,448,14,1832,684
0.034482144000,0.969696970,0.728537361,0.379785091,0.396109637,448,14,1833,683
0.034869585000,0.969696970,0.728934817,0.379449295,0.396460177,448,14,1834,682
0.035017120000,0.969696970,0.729332273,0.379113499,0.396811337,448,14,1835,681
0.035102410000,0.969696970,0.729729730,0.378777703,0.397163121,448,14,1836,680
0.035340190000,0.969696970,0.730127186,0.378441907,0.397515528,448,14,1837,679
0.035570850000,0.969696970,0.730524642,0.378106111,0.397868561,448,14,1838,678
0.035627750000,0.969696970,0.730922099,0.377770316,0.398222222,448,14,1839,677
0.035658660000,0.969696970,0.731319555,0.377434520,0.398576512,448,14,1840,676
0.036321470000,0.969696970,0.731717011,0.377098724,0.398931434,448,14,1841,675
0.036347836000,0.969696970,0.732114467,0.376762928,0.399286988,448,14,1842,674
0.036349120000,0.969696970,0.732511924,0.376427132,0.399643176,448,14,1843,673
0.036387850000,0.969696970,0.732909380,0.376091336,0.400000000,448,14,1844,672
0.036528245000,0.969696970,0.733306836,0.375755541,0.400357462,448,14,1845,671
0.036609944000,0.969696970,0.733704293,0.375419745,0.400715564,448,14,1846,670
0.036873467000,0.969696970,0.734101749,0.375083949,0.401074306,448,14,1847,669
0.036919322000,0.969696970,0.734499205,0.374748153,0.401433692,448,14,1848,668
0.036924810000,0.967532468,0.734499205,0.374412357,0.400896861,447,15,1848,668
0.036964150000,0.967532468,0.734896661,0.374076561,0.401256732,447,15,1849,667
0.037142027000,0.967532468,0.735294118,0.373740766,0.401617251,447,15,1850,666
0.037232343000,0.967532468,0.735691574,0.373404970,0.401978417,447,15,1851,665
0.037550380000,0.967532468,0.736089030,0.373069174,0.402340234,447,15,1852,664
0.037668653000,0.967532468,0.736486486,0.372733378,0.402702703,447,15,1853,663
0.038026728000,0.967532468,0.736883943,0.372397582,0.403065825,447,15,1854,662
0.038115717000,0.967532468,0.737281399,0.372061786,0.403429603,447,15,1855,661
0.038172003000,0.967532468,0.737678855,0.371725991,0.403794038,447,15,1856,660
0.038202938000,0.967532468,0.738076312,0.371390195,0.404159132,447,15,1857,659
0.038638506000,0.967532468,0.738473768,0.371054399,0.404524887,447,15,1858,658
0.038784300000,0.967532468,0.738871224,0.370718603,0.404891304,447,15,1859,657
0.038992050000,0.967532468,0.739268680,0.370382807,0.405258386,447,15,1860,656
0.039025710000,0.967532468,0.739666137,0.370047011,0.405626134,447,15,1861,655
0.039047780000,0.967532468,0.740063593,0.369711216,0.405994550,447,15,1862,654
0.039577720000,0.967532468,0.740461049,0.369375420,0.406363636,447,15,1863,653
0.039580620000,0.967532468,0.740858506,0.369039624,0.406733394,447,15,1864,652
0.039621625000,0.967532468,0.741255962,0.368703828,0.407103825,447,15,1865,651
0.039849640000,0.967532468,0.741653418,0.368368032,0.407474932,447,15,1866,650
0.039935470000,0.967532468,0.742050874,0.368032236,0.407846715,447,15,1867,649
0.039942134000,0.967532468,0.742448331,0.367696441,0.408219178,447,15,1868,648
0.039990770000,0.967532468,0.742845787,0.367360645,0.408592322,447,15,1869,647
0.040168438000,0.967532468,0.743243243,0.367024849,0.408966148,447,15,1870,646
0.040171433000,0.967532468,0.743640700,0.366689053,0.409340659,447,15,1871,645
0.040202912000,0.967532468,0.744038156,0.366353257,0.409715857,447,15,1872,644
0.040253570000,0.967532468,0.744435612,0.366017461,0.410091743,447,15,1873,643
0.040340077000,0.967532468,0.744833068,0.365681666,0.410468320,447,15,1874,642
0.040582612000,0.967532468,0.745230525,0.365345870,0.410845588,447,15,1875,641
0.040674860000,0.967532468,0.745627981,0.365010074,0.411223551,447,15,1876,640
0.040940010000,0.967532468,0.746025437,0.364674278,0.411602210,447,15,1877,639
0.041009564000,0.967532468,0.746422893,0.364338482,0.411981567,447,15,1878,638
0.041163377000,0.967532468,0.746820350,0.364002686,0.412361624,447,15,1879,637
0.041205972000,0.967532468,0.747217806,0.363666891,0.412742382,447,15,1880,636
0.041269865000,0.967532468,0.747615262,0.363331095,0.413123845,447,15,1881,635
0.041600823000,0.967532468,0.748012719,0.362995299,0.413506013,447,15,1882,634
0.041840580000,0.967532468,0.748410175,0.362659503,0.413888889,447,15,1883,633
0.041943245000,0.967532468,0.748807631,0.362323707,0.414272475,447,15,1884,632
0.042018390000,0.967532468,0.749205087,0.361987911,0.414656772,447,15,1885,631
0.042259640000,0.967532468,0.749602544,0.361652116,0.415041783,447,15,1886,630
0.042292070000,0.967532468,0.750000000,0.361316320,0.415427509,447,15,1887,629
0.042593453000,0.967532468,0.750397456,0.360980524,0.415813953,447,15,1888,628
0.042646557000,0.967532468,0.750794913,0.360644728,0.416201117,447,15,1889,627
0.042670180000,0.967532468,0.751192369,0.360308932,0.416589003,447,15,1890,626
0.042785972000,0.967532468,0.751589825,0.359973136,0.416977612,447,15,1891,625
0.042812467000,0.967532468,0.751987281,0.359637340,0.417366947,447,15,1892,624
0.042911418000,0.965367965,0.751987281,0.359301545,0.416822430,446,16,1892,624
0.043002220000,0.965367965,0.752384738,0.358965749,0.417212348,446,16,1893,623
0.043061810000,0.965367965,0.752782194,0.358629953,0.417602996,446,16,1894,622
0.043219384000,0.965367965,0.753179650,0.358294157,0.417994377,446,16,1895,621
0.043398608000,0.965367965,0.753577107,0.357958361,0.418386492,446,16,1896,620
0.043412548000,0.965367965,0.753974563,0.357622565,0.418779343,446,16,1897,619
0.043496730000,0.965367965,0.754372019,0.357286770,0.419172932,446,16,1898,618
0.043539200000,0.965367965,0.754769475,0.356950974,0.419567262,446,16,1899,617
0.043541733000,0.965367965,0.755166932,0.356615178,0.419962335,446,16,1900,616
0.043649204000,0.965367965,0.755564388,0.356279382,0.420358153,446,16,1901,615
0.043654220000,0.965367965,0.755961844,0.355943586,0.420754717,446,16,1902,614
0.043699887000,0.965367965,0.756359300,0.355607790,0.421152030,446,16,1903,613
0.043720200000,0.965367965,0.756756757,0.355271995,0.421550095,446,16,1904,612
0.043989964000,0.965367965,0.757154213,0.354936199,0.421948912,446,16,1905,611
0.044070420000,0.965367965,0.757551669,0.354600403,0.422348485,446,16,1906,610
0.044168510000,0.965367965,0.757949126,0.354264607,0.422748815,446,16,1907,609
0.044351310000,0.965367965,0.758346582,0.353928811,0.423149905,446,16,1908,608
0.044417930000,0.965367965,0.758744038,0.353593015,0.423551757,446,16,1909,607
0.044467382000,0.965367965,0.759141494,0.353257220,0.423954373,446,16,1910,606
0.045072060000,0.965367965,0.759538951,0.352921424,0.424357755,446,16,1911,605
0.045151226000,0.965367965,0.759936407,0.352585628,0.424761905,446,16,1912,604
0.045243196000,0.965367965,0.760333863,0.352249832,0.425166826,446,16,1913,603
0.045404106000,0.965367965,0.760731320,0.351914036,0.425572519,446,16,1914,602
0.045704104000,0.965367965,0.761128776,0.351578240,0.425978988,446,16,1915,601
0.046162460000,0.965367965,0.761526232,0.351242445,0.426386233,446,16,1916,600
0.046220284000,0.965367965,0.761923688,0.350906649,0.426794258,446,16,1917,599
0.046363800000,0.965367965,0.762321145,0.350570853,0.427203065,446,16,1918,598
0.046551347000,0.965367965,0.762718601,0.350235057,0.427612656,446,16,1919,597
0.046701588000,0.965367965,0.763116057,0.349899261,0.428023033,446,16,1920,596
0.046899322000,0.965367965,0.763513514,0.349563465,0.428434198,446,16,1921,595
0.047225196000,0.965367965,0.763910970,0.349227670,0.428846154,446,16,1922,594
0.047547333000,0.965367965,0.764308426,0.348891874,0.429258903,446,16,1923,593
0.047763072000,0.965367965,0.764705882,0.348556078,0.429672447,446,16,1924,592
0.048245333000,0.965367965,0.765103339,0.348220282,0.430086789,446,16,1925,591
0.048293073000,0.965367965,0.765500795,0.347884486,0.430501931,446,16,1926,590
0.048395205000,0.965367965,0.765898251,0.347548690,0.430917874,446,16,1927,589
0.048448390000,0.965367965,0.766295707,0.347212895,0.431334623,446,16,1928,588
0.048787380000,0.965367965,0.766693164,0.346877099,0.431752178,446,16,1929,587
0.048896715000,0.965367965,0.767090620,0.346541303,0.432170543,446,16,1930,586
0.049278837000,0.965367965,0.767488076,0.346205507,0.432589719,446,16,1931,585
0.049647417000,0.965367965,0.767885533,0.345869711,0.433009709,446,16,1932,584
0.049655057000,0.963203463,0.767885533,0.345533915,0.432458698,445,17,1932,584
0.049657986000,0.963203463,0.768282989,0.345198120,0.432879377,445,17,1933,583
0.049823176000,0.963203463,0.768680445,0.344862324,0.433300876,445,17,1934,582
0.049824190000,0.963203463,0.769077901,0.344526528,0.433723197,445,17,1935,581
0.049825005000,0.963203463,0.769475358,0.344190732,0.434146341,445,17,1936,580
0.049845792000,0.963203463,0.769872814,0.343854936,0.434570312,445,17,1937,579
0.049894683000,0.963203463,0.770270270,0.343519140,0.434995112,445,17,1938,578
0.049912408000,0.961038961,0.770270270,0.343183345,0.434442270,444,18,1938,578
0.050012983000,0.961038961,0.770667727,0.342847549,0.434867777,444,18,1939,577
0.050116040000,0.961038961,0.771065183,0.342511753,0.435294118,444,18,1940,576
0.050247747000,0.961038961,0.771462639,0.342175957,0.435721295,444,18,1941,575
0.050401986000,0.961038961,0.771860095,0.341840161,0.436149312,444,18,1942,574
0.050486654000,0.961038961,0.772257552,0.341504365,0.436578171,444,18,1943,573
0.050531280000,0.961038961,0.772655008,0.341168570,0.437007874,444,18,1944,572
0.050549350000,0.961038961,0.773052464,0.340832774,0.437438424,444,18,1945,571
0.050569260000,0.961038961,0.773449921,0.340496978,0.437869822,444,18,1946,570
0.050681260000,0.961038961,0.773847377,0.340161182,0.438302073,444,18,1947,569
0.050711416000,0.961038961,0.774244833,0.339825386,0.438735178,444,18,1948,568
0.050792840000,0.961038961,0.774642289,0.339489590,0.439169139,444,18,1949,567
0.050851140000,0.961038961,0.775039746,0.339153794,0.439603960,444,18,1950,566
0.050957340000,0.961038961,0.775437202,0.338817999,0.440039643,444,18,1951,565
0.051221635000,0.961038961,0.775834658,0.338482203,0.440476190,444,18,1952,564
0.051430200000,0.958874459,0.775834658,0.338146407,0.439920556,443,19,1952,564
0.051499230000,0.958874459,0.776232114,0.337810611,0.440357853,443,19,1953,563
0.051959455000,0.958874459,0.776629571,0.337474815,0.440796020,443,19,1954,562
0.052880157000,0.958874459,0.777027027,0.337139019,0.441235060,443,19,1955,561
0.053180642000,0.958874459,0.777424483,0.336803224,0.441674975,443,19,1956,560
0.053326900000,0.958874459,0.777821940,0.336467428,0.442115768,443,19,1957,559
0.053389930000,0.958874459,0.778219396,0.336131632,0.442557443,443,19,1958,558
0.053521495000,0.958874459,0.778616852,0.335795836,0.443000000,443,19,1959,557
0.053549510000,0.958874459,0.779014308,0.335460040,0.443443443,443,19,1960,556
0.053624645000,0.958874459,0.779411765,0.335124244,0.443887776,443,19,1961,555
0.053653535000,0.958874459,0.779809221,0.334788449,0.444332999,443,19,1962,554
0.053782910000,0.956709957,0.779809221,0.334452653,0.443775100,442,20,1962,554
0.053788956000,0.954545455,0.779809221,0.334116857,0.443216080,441,21,1962,554
0.053878440000,0.954545455,0.780206677,0.333781061,0.443661972,441,21,1963,553
0.053972100000,0.954545455,0.780604134,0.333445265,0.444108761,441,21,1964,552
0.054172130000,0.954545455,0.781001590,0.333109469,0.444556452,441,21,1965,551
0.054350305000,0.954545455,0.781399046,0.332773674,0.445005045,441,21,1966,550
0.054502845000,0.954545455,0.781796502,0.332437878,0.445454545,441,21,1967,549
0.054580440000,0.954545455,0.782193959,0.332102082,0.445904954,441,21,1968,548
0.054715000000,0.954545455,0.782591415,0.331766286,0.446356275,441,21,1969,547
0.054752696000,0.954545455,0.782988871,0.331430490,0.446808511,441,21,1970,546
0.055162515000,0.954545455,0.783386328,0.331094694,0.447261663,441,21,1971,545
0.055413693000,0.954545455,0.783783784,0.330758899,0.447715736,441,21,1972,544
0.055588930000,0.952380952,0.783783784,0.330423103,0.447154472,440,22,1972,544
0.056053180000,0.952380952,0.784181240,0.330087307,0.447609359,440,22,1973,543
0.056208044000,0.952380952,0.784578696,0.329751511,0.448065173,440,22,1974,542
0.056248380000,0.952380952,0.784976153,0.329415715,0.448521916,440,22,1975,541
0.056718756000,0.952380952,0.785373609,0.329079919,0.448979592,440,22,1976,540
0.057247043000,0.952380952,0.785771065,0.328744124,0.449438202,440,22,1977,539
0.057360534000,0.952380952,0.786168521,0.328408328,0.449897751,440,22,1978,538
0.057592840000,0.952380952,0.786565978,0.328072532,0.450358240,440,22,1979,537
0.057605702000,0.952380952,0.786963434,0.327736736,0.450819672,440,22,1980,536
0.057796940000,0.952380952,0.787360890,0.327400940,0.451282051,440,22,1981,535
0.057903685000,0.952380952,0.787758347,0.327065144,0.451745380,440,22,1982,534
0.057990737000,0.952380952,0.788155803,0.326729349,0.452209661,440,22,1983,533
0.058151506000,0.952380952,0.788553259,0.326393553,0.452674897,440,22,1984,532
0.058251698000,0.952380952,0.788950715,0.326057757,0.453141092,440,22,1985,531
0.058712553000,0.952380952,0.789348172,0.325721961,0.453608247,440,22,1986,530
0.058952928000,0.952380952,0.789745628,0.325386165,0.454076367,440,22,1987,529
0.058998430000,0.952380952,0.790143084,0.325050369,0.454545455,440,22,1988,528
0.059079964000,0.952380952,0.790540541,0.324714574,0.455015512,440,22,1989,527
0.059144598000,0.952380952,0.790937997,0.324378778,0.455486542,440,22,1990,526
0.059163034000,0.952380952,0.791335453,0.324042982,0.455958549,440,22,1991,525
0.059287390000,0.952380952,0.791732909,0.323707186,0.456431535,440,22,1992,524
0.059593257000,0.950216450,0.791732909,0.323371390,0.455867082,439,23,1992,524
0.059737340000,0.950216450,0.792130366,0.323035594,0.456340956,439,23,1993,523
0.059738677000,0.950216450,0.792527822,0.322699799,0.456815817,439,23,1994,522
0.059991207000,0.950216450,0.792925278,0.322364003,0.457291667,439,23,1995,521
0.060129564000,0.950216450,0.793322734,0.322028207,0.457768509,439,23,1996,520
0.060706086000,0.950216450,0.793720191,0.321692411,0.458246347,439,23,1997,519
0.060845714000,0.948051948,0.793720191,0.321356615,0.457680251,438,24,1997,519
0.061236896000,0.948051948,0.794117647,0.321020819,0.458158996,438,24,1998,518
0.061262740000,0.948051948,0.794515103,0.320685024,0.458638743,438,24,1999,517
0.061304573000,0.948051948,0.794912560,0.320349228,0.459119497,438,24,2000,516
0.061401643000,0.948051948,0.795310016,0.320013432,0.459601259,438,24,2001,515
0.061426044000,0.945887446,0.795310016,0.319677636,0.459033613,437,25,2001,515
0.061496984000,0.945887446,0.795707472,0.319341840,0.459516299,437,25,2002,514
0.061598710000,0.945887446,0.796104928,0.319006044,0.460000000,437,25,2003,513
0.061800435000,0.945887446,0.796502385,0.318670248,0.460484721,437,25,2004,512
0.061831884000,0.945887446,0.796899841,0.318334453,0.460970464,437,25,2005,511
0.061841130000,0.943722944,0.796899841,0.317998657,0.460401267,436,26,2005,511
0.062187270000,0.943722944,0.797297297,0.317662861,0.460887949,436,26,2006,510
0.062215675000,0.943722944,0.797694754,0.317327065,0.461375661,436,26,2007,509
0.062346530000,0.943722944,0.798092210,0.316991269,0.461864407,436,26,2008,508
0.062641546000,0.943722944,0.798489666,0.316655473,0.462354189,436,26,2009,507
0.063031085000,0.941558442,0.798489666,0.316319678,0.461783439,435,27,2009,507
0.063036606000,0.941558442,0.798887122,0.315983882,0.462274176,435,27,2010,506
0.063233190000,0.941558442,0.799284579,0.315648086,0.462765957,435,27,2011,505
0.063447630000,0.941558442,0.799682035,0.315312290,0.463258786,435,27,2012,504
0.063564960000,0.941558442,0.800079491,0.314976494,0.463752665,435,27,2013,503
0.063960195000,0.941558442,0.800476948,0.314640698,0.464247599,435,27,2014,502
0.064114170000,0.941558442,0.800874404,0.314304903,0.464743590,435,27,2015,501
0.064232350000,0.939393939,0.800874404,0.313969107,0.464171123,434,28,2015,501
0.064784914000,0.939393939,0.801271860,0.313633311,0.464668094,434,28,2016,500
0.064854026000,0.939393939,0.801669316,0.313297515,0.465166131,434,28,2017,499
0.065171840000,0.939393939,0.802066773,0.312961719,0.465665236,434,28,2018,498
0.065298040000,0.937229437,0.802066773,0.312625923,0.465091300,433,29,2018,498
0.065503510000,0.937229437,0.802464229,0.312290128,0.465591398,433,29,2019,497
0.065791085000,0.937229437,0.802861685,0.311954332,0.466092573,433,29,2020,496
0.065870810000,0.937229437,0.803259141,0.311618536,0.466594828,433,29,2021,495
0.066048250000,0.937229437,0.803656598,0.311282740,0.467098166,433,29,2022,494
0.066079890000,0.937229437,0.804054054,0.310946944,0.467602592,433,29,2023,493
0.066198330000,0.937229437,0.804451510,0.310611148,0.468108108,433,29,2024,492
0.066635200000,0.937229437,0.804848967,0.310275353,0.468614719,433,29,2025,491
0.066869910000,0.937229437,0.805246423,0.309939557,0.469122427,433,29,2026,490
0.067039440000,0.937229437,0.805643879,0.309603761,0.469631236,433,29,2027,489
0.067088850000,0.937229437,0.806041335,0.309267965,0.470141151,433,29,2028,488
0.067243510000,0.937229437,0.806438792,0.308932169,0.470652174,433,29,2029,487
0.068353900000,0.937229437,0.806836248,0.308596373,0.471164309,433,29,2030,486
0.068509430000,0.937229437,0.807233704,0.308260578,0.471677560,433,29,2031,485
0.068637620000,0.937229437,0.807631161,0.307924782,0.472191930,433,29,2032,484
0.069086500000,0.937229437,0.808028617,0.307588986,0.472707424,433,29,2033,483
0.069190060000,0.937229437,0.808426073,0.307253190,0.473224044,433,29,2034,482
0.069691270000,0.937229437,0.808823529,0.306917394,0.473741794,433,29,2035,481
0.070146530000,0.937229437,0.809220986,0.306581598,0.474260679,433,29,2036,480
0.070444340000,0.937229437,0.809618442,0.306245803,0.474780702,433,29,2037,479
0.070744835000,0.937229437,0.810015898,0.305910007,0.475301866,433,29,2038,478
0.071026570000,0.937229437,0.810413355,0.305574211,0.475824176,433,29,2039,477
0.071262550000,0.937229437,0.810810811,0.305238415,0.476347635,433,29,2040,476
0.071316995000,0.937229437,0.811208267,0.304902619,0.476872247,433,29,2041,475
0.071344620000,0.937229437,0.811605723,0.304566823,0.477398015,433,29,2042,474
0.071364430000,0.937229437,0.812003180,0.304231028,0.477924945,433,29,2043,473
0.071998750000,0.935064935,0.812003180,0.303895232,0.477348066,432,30,2043,473
0.072051860000,0.935064935,0.812400636,0.303559436,0.477876106,432,30,2044,472
0.072058870000,0.935064935,0.812798092,0.303223640,0.478405316,432,30,2045,471
0.072737960000,0.935064935,0.813195548,0.302887844,0.478935698,432,30,2046,470
0.073176720000,0.935064935,0.813593005,0.302552048,0.479467259,432,30,2047,469
0.073411530000,0.935064935,0.813990461,0.302216253,0.480000000,432,30,2048,468
0.073699720000,0.935064935,0.814387917,0.301880457,0.480533927,432,30,2049,467
0.073984526000,0.935064935,0.814785374,0.301544661,0.481069042,432,30,2050,466
0.074032580000,0.935064935,0.815182830,0.301208865,0.481605351,432,30,2051,465
0.074220660000,0.935064935,0.815580286,0.300873069,0.482142857,432,30,2052,464
0.074304930000,0.935064935,0.815977742,0.300537273,0.482681564,432,30,2053,463
0.075152560000,0.935064935,0.816375199,0.300201478,0.483221477,432,30,2054,462
0.075629580000,0.935064935,0.816772655,0.299865682,0.483762598,432,30,2055,461
0.076174900000,0.935064935,0.817170111,0.299529886,0.484304933,432,30,2056,460
0.076265745000,0.935064935,0.817567568,0.299194090,0.484848485,432,30,2057,459
0.076295555000,0.932900433,0.817567568,0.298858294,0.484269663,431,31,2057,459
0.076402480000,0.930735931,0.817567568,0.298522498,0.483689539,430,32,2057,459
0.076479770000,0.928571429,0.817567568,0.298186702,0.483108108,429,33,2057,459
0.076741740000,0.928571429,0.817965024,0.297850907,0.483652762,429,33,2058,458
0.076776140000,0.928571429,0.818362480,0.297515111,0.484198646,429,33,2059,457
0.077436340000,0.928571429,0.818759936,0.297179315,0.484745763,429,33,2060,456
0.077720400000,0.928571429,0.819157393,0.296843519,0.485294118,429,33,2061,455
0.078307770000,0.928571429,0.819554849,0.296507723,0.485843715,429,33,2062,454
0.078375250000,0.928571429,0.819952305,0.296171927,0.486394558,429,33,2063,453
0.078613980000,0.928571429,0.820349762,0.295836132,0.486946652,429,33,2064,452
0.078720260000,0.928571429,0.820747218,0.295500336,0.487500000,429,33,2065,451
0.078891070000,0.926406926,0.820747218,0.295164540,0.486916951,428,34,2065,451
0.079230400000,0.924242424,0.820747218,0.294828744,0.486332574,427,35,2065,451
0.079441190000,0.924242424,0.821144674,0.294492948,0.486887115,427,35,2066,450
0.079540074000,0.924242424,0.821542130,0.294157152,0.487442922,427,35,2067,449
0.079682924000,0.924242424,0.821939587,0.293821357,0.488000000,427,35,2068,448
0.079845880000,0.924242424,0.822337043,0.293485561,0.488558352,427,35,2069,447
0.079851970000,0.924242424,0.822734499,0.293149765,0.489117984,427,35,2070,446
0.079920100000,0.924242424,0.823131955,0.292813969,0.489678899,427,35,2071,445
0.080538670000,0.924242424,0.823529412,0.292478173,0.490241102,427,35,2072,444
0.080827706000,0.924242424,0.823926868,0.292142377,0.490804598,427,35,2073,443
0.080990560000,0.924242424,0.824324324,0.291806582,0.491369390,427,35,2074,442
0.081046970000,0.922077922,0.824324324,0.291470786,0.490783410,426,36,2074,442
0.081084690000,0.922077922,0.824721781,0.291134990,0.491349481,426,36,2075,441
0.081309690000,0.922077922,0.825119237,0.290799194,0.491916859,426,36,2076,440
0.081501210000,0.922077922,0.825516693,0.290463398,0.492485549,426,36,2077,439
0.082008900000,0.922077922,0.825914149,0.290127602,0.493055556,426,36,2078,438
0.082141270000,0.922077922,0.826311606,0.289791807,0.493626883,426,36,2079,437
0.082282335000,0.922077922,0.826709062,0.289456011,0.494199536,426,36,2080,436
0.082398530000,0.922077922,0.827106518,0.289120215,0.494773519,426,36,2081,435
0.082593806000,0.922077922,0.827503975,0.288784419,0.495348837,426,36,2082,434
0.082905370000,0.922077922,0.827901431,0.288448623,0.495925495,426,36,2083,433
0.083005800000,0.919913420,0.827901431,0.288112827,0.495337995,425,37,2083,433
0.084031030000,0.919913420,0.828298887,0.287777032,0.495915986,425,37,2084,432
0.084197720000,0.917748918,0.828298887,0.287441236,0.495327103,424,38,2084,432
0.084764200000,0.917748918,0.828696343,0.287105440,0.495906433,424,38,2085,431
0.084996920000,0.917748918,0.829093800,0.286769644,0.496487119,424,38,2086,430
0.085108735000,0.917748918,0.829491256,0.286433848,0.497069168,424,38,2087,429
0.085197770000,0.917748918,0.829888712,0.286098052,0.497652582,424,38,2088,428
0.085683200000,0.917748918,0.830286169,0.285762257,0.498237368,424,38,2089,427
0.085716380000,0.917748918,0.830683625,0.285426461,0.498823529,424,38,2090,426
0.085891540000,0.917748918,0.831081081,0.285090665,0.499411072,424,38,2091,425
0.086351690000,0.917748918,0.831478537,0.284754869,0.500000000,424,38,2092,424
0.087283045000,0.917748918,0.831875994,0.284419073,0.500590319,424,38,2093,423
0.088294070000,0.917748918,0.832273450,0.284083277,0.501182033,424,38,2094,422
0.088982620000,0.917748918,0.832670906,0.283747482,0.501775148,424,38,2095,421
0.089338990000,0.917748918,0.833068362,0.283411686,0.502369668,424,38,2096,420
0.089359045000,0.917748918,0.833465819,0.283075890,0.502965599,424,38,2097,419
0.089621760000,0.917748918,0.833863275,0.282740094,0.503562945,424,38,2098,418
0.090531570000,0.917748918,0.834260731,0.282404298,0.504161712,424,38,2099,417
0.090815670000,0.917748918,0.834658188,0.282068502,0.504761905,424,38,2100,416
0.090855760000,0.917748918,0.835055644,0.281732707,0.505363528,424,38,2101,415
0.091516550000,0.917748918,0.835453100,0.281396911,0.505966587,424,38,2102,414
0.091689210000,0.917748918,0.835850556,0.281061115,0.506571087,424,38,2103,413
0.091820680000,0.915584416,0.835850556,0.280725319,0.505980861,423,39,2103,413
0.091955800000,0.913419913,0.835850556,0.280389523,0.505389222,422,40,2103,413
0.092066840000,0.913419913,0.836248013,0.280053727,0.505995204,422,40,2104,412
0.092348960000,0.913419913,0.836645469,0.279717931,0.506602641,422,40,2105,411
0.092367150000,0.913419913,0.837042925,0.279382136,0.507211538,422,40,2106,410
0.092728086000,0.913419913,0.837440382,0.279046340,0.507821901,422,40,2107,409
0.092901215000,0.913419913,0.837837838,0.278710544,0.508433735,422,40,2108,408
0.093083180000,0.913419913,0.838235294,0.278374748,0.509047045,422,40,2109,407
0.093208370000,0.913419913,0.838632750,0.278038952,0.509661836,422,40,2110,406
0.093791480000,0.913419913,0.839030207,0.277703156,0.510278114,422,40,2111,405
0.094480950000,0.913419913,0.839427663,0.277367361,0.510895884,422,40,2112,404
0.094951674000,0.913419913,0.839825119,0.277031565,0.511515152,422,40,2113,403
0.095316400000,0.913419913,0.840222576,0.276695769,0.512135922,422,40,2114,402
0.095539250000,0.911255411,0.840222576,0.276359973,0.511543135,421,41,2114,402
0.095649585000,0.911255411,0.840620032,0.276024177,0.512165450,421,41,2115,401
0.095655780000,0.911255411,0.841017488,0.275688381,0.512789281,421,41,2116,400
0.095944370000,0.911255411,0.841414944,0.275352586,0.513414634,421,41,2117,399
0.096157975000,0.911255411,0.841812401,0.275016790,0.514041514,421,41,2118,398
0.096255370000,0.911255411,0.842209857,0.274680994,0.514669927,421,41,2119,397
0.096881860000,0.911255411,0.842607313,0.274345198,0.515299878,421,41,2120,396
0.097050990000,0.911255411,0.843004769,0.274009402,0.515931373,421,41,2121,395
0.097532970000,0.911255411,0.843402226,0.273673606,0.516564417,421,41,2122,394
0.097573580000,0.911255411,0.843799682,0.273337811,0.517199017,421,41,2123,393
0.097644750000,0.911255411,0.844197138,0.273002015,0.517835178,421,41,2124,392
0.098272450000,0.911255411,0.844594595,0.272666219,0.518472906,421,41,2125,391
0.098280944000,0.911255411,0.844992051,0.272330423,0.519112207,421,41,2126,390
0.098997734000,0.911255411,0.845389507,0.271994627,0.519753086,421,41,2127,389
0.099259210000,0.911255411,0.845786963,0.271658831,0.520395550,421,41,2128,388
0.099528894000,0.911255411,0.846184420,0.271323036,0.521039604,421,41,2129,387
0.100256965000,0.911255411,0.846581876,0.270987240,0.521685254,421,41,2130,386
0.100294170000,0.911255411,0.846979332,0.270651444,0.522332506,421,41,2131,385
0.101542450000,0.911255411,0.847376789,0.270315648,0.522981366,421,41,2132,384
0.101748080000,0.909090909,0.847376789,0.269979852,0.522388060,420,42,2132,384
0.101841590000,0.909090909,0.847774245,0.269644056,0.523038605,420,42,2133,383
0.101850060000,0.909090909,0.848171701,0.269308261,0.523690773,420,42,2134,382
0.102499950000,0.909090909,0.848569157,0.268972465,0.524344569,420,42,2135,381
0.102506190000,0.909090909,0.848966614,0.268636669,0.525000000,420,42,2136,380
0.103560710000,0.909090909,0.849364070,0.268300873,0.525657071,420,42,2137,379
0.103595420000,0.909090909,0.849761526,0.267965077,0.526315789,420,42,2138,378
0.103837030000,0.909090909,0.850158983,0.267629281,0.526976161,420,42,2139,377
0.104227520000,0.909090909,0.850556439,0.267293486,0.527638191,420,42,2140,376
0.105223864000,0.909090909,0.850953895,0.266957690,0.528301887,420,42,2141,375
0.105332830000,0.909090909,0.851351351,0.266621894,0.528967254,420,42,2142,374
0.105520360000,0.909090909,0.851748808,0.266286098,0.529634300,420,42,2143,373
0.105577420000,0.906926407,0.851748808,0.265950302,0.529040404,419,43,2143,373
0.105638586000,0.906926407,0.852146264,0.265614506,0.529709229,419,43,2144,372
0.105987750000,0.906926407,0.852543720,0.265278711,0.530379747,419,43,2145,371
0.106017880000,0.904761905,0.852543720,0.264942915,0.529784537,418,44,2145,371
0.106207300000,0.904761905,0.852941176,0.264607119,0.530456853,418,44,2146,370
0.106278025000,0.904761905,0.853338633,0.264271323,0.531130877,418,44,2147,369
0.107040490000,0.904761905,0.853736089,0.263935527,0.531806616,418,44,2148,368
0.107329495000,0.904761905,0.854133545,0.263599731,0.532484076,418,44,2149,367
0.108549050000,0.904761905,0.854531002,0.263263936,0.533163265,418,44,2150,366
0.109383600000,0.904761905,0.854928458,0.262928140,0.533844189,418,44,2151,365
0.110446800000,0.904761905,0.855325914,0.262592344,0.534526854,418,44,2152,364
0.110615500000,0.904761905,0.855723370,0.262256548,0.535211268,418,44,2153,363
0.111029360000,0.904761905,0.856120827,0.261920752,0.535897436,418,44,2154,362
0.111609320000,0.904761905,0.856518283,0.261584956,0.536585366,418,44,2155,361
0.112050430000,0.902597403,0.856518283,0.261249161,0.535989717,417,45,2155,361
0.112139710000,0.902597403,0.856915739,0.260913365,0.536679537,417,45,2156,360
0.112574560000,0.902597403,0.857313196,0.260577569,0.537371134,417,45,2157,359
0.112653020000,0.902597403,0.857710652,0.260241773,0.538064516,417,45,2158,358
0.113082900000,0.902597403,0.858108108,0.259905977,0.538759690,417,45,2159,357
0.113648540000,0.902597403,0.858505564,0.259570181,0.539456662,417,45,2160,356
0.114162720000,0.902597403,0.858903021,0.259234385,0.540155440,417,45,2161,355
0.115302280000,0.900432900,0.858903021,0.258898590,0.539559014,416,46,2161,355
0.115668480000,0.898268398,0.858903021,0.258562794,0.538961039,415,47,2161,355
0.116115100000,0.898268398,0.859300477,0.258226998,0.539661899,415,47,2162,354
0.116317790000,0.898268398,0.859697933,0.257891202,0.540364583,415,47,2163,353
0.116462015000,0.898268398,0.860095390,0.257555406,0.541069100,415,47,2164,352
0.116802530000,0.898268398,0.860492846,0.257219610,0.541775457,415,47,2165,351
0.116921100000,0.898268398,0.860890302,0.256883815,0.542483660,415,47,2166,350
0.117895960000,0.898268398,0.861287758,0.256548019,0.543193717,415,47,2167,349
0.118471370000,0.898268398,0.861685215,0.256212223,0.543905636,415,47,2168,348
0.119830990000,0.898268398,0.862082671,0.255876427,0.544619423,415,47,2169,347
0.120260440000,0.898268398,0.862480127,0.255540631,0.545335085,415,47,2170,346
0.120728330000,0.898268398,0.862877583,0.255204835,0.546052632,415,47,2171,345
0.120732440000,0.898268398,0.863275040,0.254869040,0.546772069,415,47,2172,344
0.121590130000,0.898268398,0.863672496,0.254533244,0.547493404,415,47,2173,343
0.122411470000,0.898268398,0.864069952,0.254197448,0.548216645,415,47,2174,342
0.122734390000,0.898268398,0.864467409,0.253861652,0.548941799,415,47,2175,341
0.124109740000,0.898268398,0.864864865,0.253525856,0.549668874,415,47,2176,340
0.124906460000,0.898268398,0.865262321,0.253190060,0.550397878,415,47,2177,339
0.126176920000,0.896103896,0.865262321,0.252854265,0.549800797,414,48,2177,339
0.126180530000,0.896103896,0.865659777,0.252518469,0.550531915,414,48,2178,338
0.126596600000,0.896103896,0.866057234,0.252182673,0.551264980,414,48,2179,337
0.126767320000,0.893939394,0.866057234,0.251846877,0.550666667,413,49,2179,337
0.127469660000,0.893939394,0.866454690,0.251511081,0.551401869,413,49,2180,336
0.127780410000,0.893939394,0.866852146,0.251175285,0.552139037,413,49,2181,335
0.128090860000,0.893939394,0.867249603,0.250839490,0.552878179,413,49,2182,334
0.128227650000,0.893939394,0.867647059,0.250503694,0.553619303,413,49,2183,333
0.128236380000,0.893939394,0.868044515,0.250167898,0.554362416,413,49,2184,332
0.128931240000,0.893939394,0.868441971,0.249832102,0.555107527,413,49,2185,331
0.129612640000,0.891774892,0.868441971,0.249496306,0.554508748,412,50,2185,331
0.130062970000,0.891774892,0.868839428,0.249160510,0.555256065,412,50,2186,330
0.130910950000,0.891774892,0.869236884,0.248824715,0.556005398,412,50,2187,329
0.131390570000,0.891774892,0.869634340,0.248488919,0.556756757,412,50,2188,328
0.131511670000,0.891774892,0.870031797,0.248153123,0.557510149,412,50,2189,327
0.132081210000,0.891774892,0.870429253,0.247817327,0.558265583,412,50,2190,326
0.133292240000,0.891774892,0.870826709,0.247481531,0.559023066,412,50,2191,325
0.133707030000,0.891774892,0.871224165,0.247145735,0.559782609,412,50,2192,324
0.133939330000,0.891774892,0.871621622,0.246809940,0.560544218,412,50,2193,323
0.136081250000,0.891774892,0.872019078,0.246474144,0.561307902,412,50,2194,322
0.136185200000,0.891774892,0.872416534,0.246138348,0.562073670,412,50,2195,321
0.136437740000,0.891774892,0.872813990,0.245802552,0.562841530,412,50,2196,320
0.136449290000,0.891774892,0.873211447,0.245466756,0.563611491,412,50,2197,319
0.136643200000,0.891774892,0.873608903,0.245130960,0.564383562,412,50,2198,318
0.136734530000,0.889610390,0.873608903,0.244795165,0.563786008,411,51,2198,318
0.139268760000,0.889610390,0.874006359,0.244459369,0.564560440,411,51,2199,317
0.139423390000,0.889610390,0.874403816,0.244123573,0.565337001,411,51,2200,316
0.140049350000,0.889610390,0.874801272,0.243787777,0.566115702,411,51,2201,315
0.140610000000,0.889610390,0.875198728,0.243451981,0.566896552,411,51,2202,314
0.140988840000,0.889610390,0.875596184,0.243116185,0.567679558,411,51,2203,313
0.141065880000,0.889610390,0.875993641,0.242780390,0.568464730,411,51,2204,312
0.141079800000,0.889610390,0.876391097,0.242444594,0.569252078,411,51,2205,311
0.142380860000,0.889610390,0.876788553,0.242108798,0.570041609,411,51,2206,310
0.143133680000,0.887445887,0.876788553,0.241773002,0.569444444,410,52,2206,310
0.143747290000,0.887445887,0.877186010,0.241437206,0.570236439,410,52,2207,309
0.144203080000,0.887445887,0.877583466,0.241101410,0.571030641,410,52,2208,308
0.144419980000,0.887445887,0.877980922,0.240765615,0.571827057,410,52,2209,307
0.144436900000,0.887445887,0.878378378,0.240429819,0.572625698,410,52,2210,306
0.144722580000,0.887445887,0.878775835,0.240094023,0.573426573,410,52,2211,305
0.144873260000,0.887445887,0.879173291,0.239758227,0.574229692,410,52,2212,304
0.144876540000,0.887445887,0.879570747,0.239422431,0.575035063,410,52,2213,303
0.145224620000,0.887445887,0.879968203,0.239086635,0.575842697,410,52,2214,302
0.146192800000,0.887445887,0.880365660,0.238750839,0.576652602,410,52,2215,301
0.146364910000,0.885281385,0.880365660,0.238415044,0.576056338,409,53,2215,301
0.147164480000,0.885281385,0.880763116,0.238079248,0.576868829,409,53,2216,300
0.149422600000,0.885281385,0.881160572,0.237743452,0.577683616,409,53,2217,299
0.149743100000,0.883116883,0.881160572,0.237407656,0.577086280,408,54,2217,299
0.150979400000,0.883116883,0.881558029,0.237071860,0.577903683,408,54,2218,298
0.153778700000,0.880952381,0.881558029,0.236736064,0.577304965,407,55,2218,298
0.154417700000,0.880952381,0.881955485,0.236400269,0.578125000,407,55,2219,297
0.154812300000,0.878787879,0.881955485,0.236064473,0.577524893,406,56,2219,297
0.155292230000,0.878787879,0.882352941,0.235728677,0.578347578,406,56,2220,296
0.155838030000,0.878787879,0.882750397,0.235392881,0.579172611,406,56,2221,295
0.156306250000,0.876623377,0.882750397,0.235057085,0.578571429,405,57,2221,295
0.156756910000,0.876623377,0.883147854,0.234721289,0.579399142,405,57,2222,294
0.156981620000,0.876623377,0.883545310,0.234385494,0.580229226,405,57,2223,293
0.158114430000,0.876623377,0.883942766,0.234049698,0.581061693,405,57,2224,292
0.159235020000,0.876623377,0.884340223,0.233713902,0.581896552,405,57,2225,291
0.160701620000,0.876623377,0.884737679,0.233378106,0.582733813,405,57,2226,290
0.160805020000,0.876623377,0.885135135,0.233042310,0.583573487,405,57,2227,289
0.161221430000,0.876623377,0.885532591,0.232706514,0.584415584,405,57,2228,288
0.161454000000,0.876623377,0.885930048,0.232370719,0.585260116,405,57,2229,287
0.161967250000,0.876623377,0.886327504,0.232034923,0.586107091,405,57,2230,286
0.162638630000,0.876623377,0.886724960,0.231699127,0.586956522,405,57,2231,285
0.162688260000,0.876623377,0.887122417,0.231363331,0.587808418,405,57,2232,284
0.165038590000,0.876623377,0.887519873,0.231027535,0.588662791,405,57,2233,283
0.165542260000,0.876623377,0.887917329,0.230691739,0.589519651,405,57,2234,282
0.166505600000,0.876623377,0.888314785,0.230355944,0.590379009,405,57,2235,281
0.166913800000,0.874458874,0.888314785,0.230020148,0.589781022,404,58,2235,281
0.168434560000,0.874458874,0.888712242,0.229684352,0.590643275,404,58,2236,280
0.168683470000,0.874458874,0.889109698,0.229348556,0.591508053,404,58,2237,279
0.169003900000,0.874458874,0.889507154,0.229012760,0.592375367,404,58,2238,278
0.169743550000,0.874458874,0.889904610,0.228676964,0.593245228,404,58,2239,277
0.169958400000,0.874458874,0.890302067,0.228341169,0.594117647,404,58,2240,276
0.170327530000,0.874458874,0.890699523,0.228005373,0.594992636,404,58,2241,275
0.170387500000,0.874458874,0.891096979,0.227669577,0.595870206,404,58,2242,274
0.171179900000,0.874458874,0.891494436,0.227333781,0.596750369,404,58,2243,273
0.171201800000,0.874458874,0.891891892,0.226997985,0.597633136,404,58,2244,272
0.172680910000,0.874458874,0.892289348,0.226662189,0.598518519,404,58,2245,271
0.172713060000,0.874458874,0.892686804,0.226326394,0.599406528,404,58,2246,270
0.176041100000,0.874458874,0.893084261,0.225990598,0.600297177,404,58,2247,269
0.176288840000,0.874458874,0.893481717,0.225654802,0.601190476,404,58,2248,268
0.176406760000,0.874458874,0.893879173,0.225319006,0.602086438,404,58,2249,267
0.176630570000,0.874458874,0.894276630,0.224983210,0.602985075,404,58,2250,266
0.177357880000,0.872294372,0.894276630,0.224647414,0.602391629,403,59,2250,266
0.177387520000,0.870129870,0.894276630,0.224311619,0.601796407,402,60,2250,266
0.177587880000,0.870129870,0.894674086,0.223975823,0.602698651,402,60,2251,265
0.178740750000,0.867965368,0.894674086,0.223640027,0.602102102,401,61,2251,265
0.179289900000,0.865800866,0.894674086,0.223304231,0.601503759,400,62,2251,265
0.180080430000,0.865800866,0.895071542,0.222968435,0.602409639,400,62,2252,264
0.182720070000,0.865800866,0.895468998,0.222632639,0.603318250,400,62,2253,263
0.184510920000,0.863636364,0.895468998,0.222296844,0.602719033,399,63,2253,263
0.185372620000,0.863636364,0.895866455,0.221961048,0.603630862,399,63,2254,262
0.186274410000,0.861471861,0.895866455,0.221625252,0.603030303,398,64,2254,262
0.186522700000,0.859307359,0.895866455,0.221289456,0.602427921,397,65,2254,262
0.186839070000,0.859307359,0.896263911,0.220953660,0.603343465,397,65,2255,261
0.187258990000,0.859307359,0.896661367,0.220617864,0.604261796,397,65,2256,260
0.187664790000,0.859307359,0.897058824,0.220282069,0.605182927,397,65,2257,259
0.187983080000,0.859307359,0.897456280,0.219946273,0.606106870,397,65,2258,258
0.188262900000,0.859307359,0.897853736,0.219610477,0.607033639,397,65,2259,257
0.188693610000,0.859307359,0.898251192,0.219274681,0.607963247,397,65,2260,256
0.189342170000,0.857142857,0.898251192,0.218938885,0.607361963,396,66,2260,256
0.190187020000,0.857142857,0.898648649,0.218603089,0.608294931,396,66,2261,255
0.190247330000,0.857142857,0.899046105,0.218267293,0.609230769,396,66,2262,254
0.190745190000,0.854978355,0.899046105,0.217931498,0.608628659,395,67,2262,254
0.190898170000,0.852813853,0.899046105,0.217595702,0.608024691,394,68,2262,254
0.190980300000,0.852813853,0.899443561,0.217259906,0.608964451,394,68,2263,253
0.191737900000,0.852813853,0.899841017,0.216924110,0.609907121,394,68,2264,252
0.191862430000,0.850649351,0.899841017,0.216588314,0.609302326,393,69,2264,252
0.193394680000,0.850649351,0.900238474,0.216252518,0.610248447,393,69,2265,251
0.193570030000,0.850649351,0.900635930,0.215916723,0.611197512,393,69,2266,250
0.193599420000,0.850649351,0.901033386,0.215580927,0.612149533,393,69,2267,249
0.194980640000,0.848484848,0.901033386,0.215245131,0.611544462,392,70,2267,249
0.195015900000,0.848484848,0.901430843,0.214909335,0.612500000,392,70,2268,248
0.196406700000,0.848484848,0.901828299,0.214573539,0.613458529,392,70,2269,247
0.197009340000,0.848484848,0.902225755,0.214237743,0.614420063,392,70,2270,246
0.197134380000,0.848484848,0.902623211,0.213901948,0.615384615,392,70,2271,245
0.197467760000,0.848484848,0.903020668,0.213566152,0.616352201,392,70,2272,244
0.197494180000,0.848484848,0.903418124,0.213230356,0.617322835,392,70,2273,243
0.200065900000,0.848484848,0.903815580,0.212894560,0.618296530,392,70,2274,242
0.200254600000,0.848484848,0.904213037,0.212558764,0.619273302,392,70,2275,241
0.201905150000,0.846320346,0.904213037,0.212222968,0.618670886,391,71,2275,241
0.203007150000,0.846320346,0.904610493,0.211887173,0.619651347,391,71,2276,240
0.203029950000,0.846320346,0.905007949,0.211551377,0.620634921,391,71,2277,239
0.203037810000,0.844155844,0.905007949,0.211215581,0.620031797,390,72,2277,239
0.203628110000,0.844155844,0.905405405,0.210879785,0.621019108,390,72,2278,238
0.205319090000,0.844155844,0.905802862,0.210543989,0.622009569,390,72,2279,237
0.205671460000,0.844155844,0.906200318,0.210208193,0.623003195,390,72,2280,236
0.205833870000,0.844155844,0.906597774,0.209872398,0.624000000,390,72,2281,235
0.206408950000,0.844155844,0.906995231,0.209536602,0.625000000,390,72,2282,234
0.206950920000,0.841991342,0.906995231,0.209200806,0.624398074,389,73,2282,234
0.207561000000,0.841991342,0.907392687,0.208865010,0.625401929,389,73,2283,233
0.209005710000,0.841991342,0.907790143,0.208529214,0.626409018,389,73,2284,232
0.210993230000,0.839826840,0.907790143,0.208193418,0.625806452,388,74,2284,232
0.211633350000,0.839826840,0.908187599,0.207857623,0.626817447,388,74,2285,231
0.212310180000,0.839826840,0.908585056,0.207521827,0.627831715,388,74,2286,230
0.212552350000,0.839826840,0.908982512,0.207186031,0.628849271,388,74,2287,229
0.213891520000,0.839826840,0.909379968,0.206850235,0.629870130,388,74,2288,228
0.214682420000,0.839826840,0.909777424,0.206514439,0.630894309,388,74,2289,227
0.215105270000,0.839826840,0.910174881,0.206178643,0.631921824,388,74,2290,226
0.217847810000,0.839826840,0.910572337,0.205842848,0.632952692,388,74,2291,225
0.218207760000,0.839826840,0.910969793,0.205507052,0.633986928,388,74,2292,224
0.218806160000,0.839826840,0.911367250,0.205171256,0.635024550,388,74,2293,223
0.218894180000,0.839826840,0.911764706,0.204835460,0.636065574,388,74,2294,222
0.220122280000,0.839826840,0.912162162,0.204499664,0.637110016,388,74,2295,221
0.222367320000,0.839826840,0.912559618,0.204163868,0.638157895,388,74,2296,220
0.223720480000,0.839826840,0.912957075,0.203828073,0.639209226,388,74,2297,219
0.224137260000,0.839826840,0.913354531,0.203492277,0.640264026,388,74,2298,218
0.225063740000,0.837662338,0.913354531,0.203156481,0.639669421,387,75,2298,218
0.228605610000,0.837662338,0.913751987,0.202820685,0.640728477,387,75,2299,217
0.230508130000,0.837662338,0.914149444,0.202484889,0.641791045,387,75,2300,216
0.230778230000,0.835497835,0.914149444,0.202149093,0.641196013,386,76,2300,216
0.235930200000,0.835497835,0.914546900,0.201813298,0.642262895,386,76,2301,215
0.236400280000,0.833333333,0.914546900,0.201477502,0.641666667,385,77,2301,215
0.237556490000,0.833333333,0.914944356,0.201141706,0.642737896,385,77,2302,214
0.238113250000,0.833333333,0.915341812,0.200805910,0.643812709,385,77,2303,213
0.238532450000,0.831168831,0.915341812,0.200470114,0.643216080,384,78,2303,213
0.238652320000,0.831168831,0.915739269,0.200134318,0.644295302,384,78,2304,212
0.239999620000,0.831168831,0.916136725,0.199798522,0.645378151,384,78,2305,211
0.240004730000,0.829004329,0.916136725,0.199462727,0.644781145,383,79,2305,211
0.240593220000,0.829004329,0.916534181,0.199126931,0.645868465,383,79,2306,210
0.241093080000,0.829004329,0.916931638,0.198791135,0.646959459,383,79,2307,209
0.242029410000,0.829004329,0.917329094,0.198455339,0.648054146,383,79,2308,208
0.242161140000,0.829004329,0.917726550,0.198119543,0.649152542,383,79,2309,207
0.242438200000,0.829004329,0.918124006,0.197783747,0.650254669,383,79,2310,206
0.242551920000,0.829004329,0.918521463,0.197447952,0.651360544,383,79,2311,205
0.242655890000,0.829004329,0.918918919,0.197112156,0.652470187,383,79,2312,204
0.243098960000,0.829004329,0.919316375,0.196776360,0.653583618,383,79,2313,203
0.243860620000,0.829004329,0.919713831,0.196440564,0.654700855,383,79,2314,202
0.243864550000,0.829004329,0.920111288,0.196104768,0.655821918,383,79,2315,201
0.243899870000,0.826839827,0.920111288,0.195768972,0.655231561,382,80,2315,201
0.244357260000,0.826839827,0.920508744,0.195433177,0.656357388,382,80,2316,200
0.244569480000,0.826839827,0.920906200,0.195097381,0.657487091,382,80,2317,199
0.244742810000,0.826839827,0.921303657,0.194761585,0.658620690,382,80,2318,198
0.245505110000,0.824675325,0.921303657,0.194425789,0.658031088,381,81,2318,198
0.246143160000,0.822510823,0.921303657,0.194089993,0.657439446,380,82,2318,198
0.246238530000,0.822510823,0.921701113,0.193754197,0.658578856,380,82,2319,197
0.246621580000,0.822510823,0.922098569,0.193418402,0.659722222,380,82,2320,196
0.247039480000,0.822510823,0.922496025,0.193082606,0.660869565,380,82,2321,195
0.247356600000,0.820346320,0.922496025,0.192746810,0.660278746,379,83,2321,195
0.247832900000,0.820346320,0.922893482,0.192411014,0.661431065,379,83,2322,194
0.248210220000,0.820346320,0.923290938,0.192075218,0.662587413,379,83,2323,193
0.248785970000,0.820346320,0.923688394,0.191739422,0.663747811,379,83,2324,192
0.249651090000,0.818181818,0.923688394,0.191403627,0.663157895,378,84,2324,192
0.250675900000,0.818181818,0.924085851,0.191067831,0.664323374,378,84,2325,191
0.250963180000,0.818181818,0.924483307,0.190732035,0.665492958,378,84,2326,190
0.252603650000,0.816017316,0.924483307,0.190396239,0.664902998,377,85,2326,190
0.253475600000,0.813852814,0.924483307,0.190060443,0.664310954,376,86,2326,190
0.253850400000,0.813852814,0.924880763,0.189724647,0.665486726,376,86,2327,189
0.256612150000,0.813852814,0.925278219,0.189388852,0.666666667,376,86,2328,188
0.257820550000,0.813852814,0.925675676,0.189053056,0.667850799,376,86,2329,187
0.258374150000,0.813852814,0.926073132,0.188717260,0.669039146,376,86,2330,186
0.260898860000,0.813852814,0.926470588,0.188381464,0.670231729,376,86,2331,185
0.262096850000,0.813852814,0.926868045,0.188045668,0.671428571,376,86,2332,184
0.262291640000,0.811688312,0.926868045,0.187709872,0.670840787,375,87,2332,184
0.262702900000,0.811688312,0.927265501,0.187374077,0.672043011,375,87,2333,183
0.263513650000,0.809523810,0.927265501,0.187038281,0.671454219,374,88,2333,183
0.263553470000,0.809523810,0.927662957,0.186702485,0.672661871,374,88,2334,182
0.264845730000,0.809523810,0.928060413,0.186366689,0.673873874,374,88,2335,181
0.265316700000,0.809523810,0.928457870,0.186030893,0.675090253,374,88,2336,180
0.265485640000,0.809523810,0.928855326,0.185695097,0.676311031,374,88,2337,179
0.266888600000,0.809523810,0.929252782,0.185359302,0.677536232,374,88,2338,178
0.268281970000,0.809523810,0.929650238,0.185023506,0.678765880,374,88,2339,177
0.272827900000,0.809523810,0.930047695,0.184687710,0.680000000,374,88,2340,176
0.275484260000,0.809523810,0.930445151,0.184351914,0.681238616,374,88,2341,175
0.278146740000,0.809523810,0.930842607,0.184016118,0.682481752,374,88,2342,174
0.279650750000,0.807359307,0.930842607,0.183680322,0.681901280,373,89,2342,174
0.279743600000,0.807359307,0.931240064,0.183344527,0.683150183,373,89,2343,173
0.280824750000,0.807359307,0.931637520,0.183008731,0.684403670,373,89,2344,172
0.284547570000,0.807359307,0.932034976,0.182672935,0.685661765,373,89,2345,171
0.284864160000,0.807359307,0.932432432,0.182337139,0.686924494,373,89,2346,170
0.285153400000,0.807359307,0.932829889,0.182001343,0.688191882,373,89,2347,169
0.285375060000,0.807359307,0.933227345,0.181665547,0.689463956,373,89,2348,168
0.290553060000,0.807359307,0.933624801,0.181329752,0.690740741,373,89,2349,167
0.290633700000,0.807359307,0.934022258,0.180993956,0.692022263,373,89,2350,166
0.290861870000,0.807359307,0.934419714,0.180658160,0.693308550,373,89,2351,165
0.291170300000,0.807359307,0.934817170,0.180322364,0.694599628,373,89,2352,164
0.292234420000,0.805194805,0.934817170,0.179986568,0.694029851,372,90,2352,164
0.292985350000,0.805194805,0.935214626,0.179650772,0.695327103,372,90,2353,163
0.293570700000,0.803030303,0.935214626,0.179314976,0.694756554,371,91,2353,163
0.295881300000,0.803030303,0.935612083,0.178979181,0.696060038,371,91,2354,162
0.298093900000,0.803030303,0.936009539,0.178643385,0.697368421,371,91,2355,161
0.301201670000,0.803030303,0.936406995,0.178307589,0.698681733,371,91,2356,160
0.301382000000,0.803030303,0.936804452,0.177971793,0.700000000,371,91,2357,159
0.303303930000,0.800865801,0.936804452,0.177635997,0.699432892,370,92,2357,159
0.304185900000,0.800865801,0.937201908,0.177300201,0.700757576,370,92,2358,158
0.304238950000,0.800865801,0.937599364,0.176964406,0.702087287,370,92,2359,157
0.305712520000,0.800865801,0.937996820,0.176628610,0.703422053,370,92,2360,156
0.305934640000,0.800865801,0.938394277,0.176292814,0.704761905,370,92,2361,155
0.309041620000,0.800865801,0.938791733,0.175957018,0.706106870,370,92,2362,154
0.309246300000,0.800865801,0.939189189,0.175621222,0.707456979,370,92,2363,153
0.309949520000,0.800865801,0.939586645,0.175285426,0.708812261,370,92,2364,152
0.310172900000,0.800865801,0.939984102,0.174949631,0.710172745,370,92,2365,151
0.311576370000,0.798701299,0.939984102,0.174613835,0.709615385,369,93,2365,151
0.312518780000,0.796536797,0.939984102,0.174278039,0.709055877,368,94,2365,151
0.314138770000,0.796536797,0.940381558,0.173942243,0.710424710,368,94,2366,150
0.314988230000,0.796536797,0.940779014,0.173606447,0.711798839,368,94,2367,149
0.319377030000,0.796536797,0.941176471,0.173270651,0.713178295,368,94,2368,148
0.319680570000,0.796536797,0.941573927,0.172934856,0.714563107,368,94,2369,147
0.320901720000,0.796536797,0.941971383,0.172599060,0.715953307,368,94,2370,146
0.322079420000,0.796536797,0.942368839,0.172263264,0.717348928,368,94,2371,145
0.328956250000,0.794372294,0.942368839,0.171927468,0.716796875,367,95,2371,145
0.332843040000,0.794372294,0.942766296,0.171591672,0.718199609,367,95,2372,144
0.333133820000,0.794372294,0.943163752,0.171255876,0.719607843,367,95,2373,143
0.335979500000,0.792207792,0.943163752,0.170920081,0.719056974,366,96,2373,143
0.341892480000,0.790043290,0.943163752,0.170584285,0.718503937,365,97,2373,143
0.346093860000,0.790043290,0.943561208,0.170248489,0.719921105,365,97,2374,142
0.347160200000,0.790043290,0.943958665,0.169912693,0.721343874,365,97,2375,141
0.351218010000,0.787878788,0.943958665,0.169576897,0.720792079,364,98,2375,141
0.352782880000,0.787878788,0.944356121,0.169241101,0.722222222,364,98,2376,140
0.352970700000,0.785714286,0.944356121,0.168905306,0.721669980,363,99,2376,140
0.353192400000,0.785714286,0.944753577,0.168569510,0.723107570,363,99,2377,139
0.354292500000,0.785714286,0.945151033,0.168233714,0.724550898,363,99,2378,138
0.362454380000,0.783549784,0.945151033,0.167897918,0.724000000,362,100,2378,138
0.362987880000,0.781385281,0.945151033,0.167562122,0.723446894,361,101,2378,138
0.363876250000,0.781385281,0.945548490,0.167226326,0.724899598,361,101,2379,137
0.364120570000,0.781385281,0.945945946,0.166890531,0.726358149,361,101,2380,136
0.364404260000,0.781385281,0.946343402,0.166554735,0.727822581,361,101,2381,135
0.368799000000,0.781385281,0.946740859,0.166218939,0.729292929,361,101,2382,134
0.369155200000,0.779220779,0.946740859,0.165883143,0.728744939,360,102,2382,134
0.370715350000,0.777056277,0.946740859,0.165547347,0.728194726,359,103,2382,134
0.371091840000,0.774891775,0.946740859,0.165211551,0.727642276,358,104,2382,134
0.371346470000,0.774891775,0.947138315,0.164875756,0.729124236,358,104,2383,133
0.372206750000,0.774891775,0.947535771,0.164539960,0.730612245,358,104,2384,132
0.373838870000,0.774891775,0.947933227,0.164204164,0.732106339,358,104,2385,131
0.378590260000,0.774891775,0.948330684,0.163868368,0.733606557,358,104,2386,130
0.378731250000,0.774891775,0.948728140,0.163532572,0.735112936,358,104,2387,129
0.379211200000,0.774891775,0.949125596,0.163196776,0.736625514,358,104,2388,128
0.379905460000,0.774891775,0.949523052,0.162860981,0.738144330,358,104,2389,127
0.379920150000,0.772727273,0.949523052,0.162525185,0.737603306,357,105,2389,127
0.382615860000,0.770562771,0.949523052,0.162189389,0.737060041,356,106,2389,127
0.383696970000,0.770562771,0.949920509,0.161853593,0.738589212,356,106,2390,126
0.385279240000,0.770562771,0.950317965,0.161517797,0.740124740,356,106,2391,125
0.385606970000,0.770562771,0.950715421,0.161182001,0.741666667,356,106,2392,124
0.387436150000,0.768398268,0.950715421,0.160846206,0.741127349,355,107,2392,124
0.387484040000,0.766233766,0.950715421,0.160510410,0.740585774,354,108,2392,124
0.387649710000,0.764069264,0.950715421,0.160174614,0.740041929,353,109,2392,124
0.389542730000,0.761904762,0.950715421,0.159838818,0.739495798,352,110,2392,124
0.390927340000,0.761904762,0.951112878,0.159503022,0.741052632,352,110,2393,123
0.392617700000,0.761904762,0.951510334,0.159167226,0.742616034,352,110,2394,122
0.395003650000,0.761904762,0.951907790,0.158831430,0.744186047,352,110,2395,121
0.395774750000,0.761904762,0.952305246,0.158495635,0.745762712,352,110,2396,120
0.397503700000,0.761904762,0.952702703,0.158159839,0.747346072,352,110,2397,119
0.399317950000,0.761904762,0.953100159,0.157824043,0.748936170,352,110,2398,118
0.400982980000,0.761904762,0.953497615,0.157488247,0.750533049,352,110,2399,117
0.402519820000,0.761904762,0.953895072,0.157152451,0.752136752,352,110,2400,116
0.406325900000,0.759740260,0.953895072,0.156816655,0.751605996,351,111,2400,116
0.408312020000,0.759740260,0.954292528,0.156480860,0.753218884,351,111,2401,115
0.409807740000,0.757575758,0.954292528,0.156145064,0.752688172,350,112,2401,115
0.410800670000,0.757575758,0.954689984,0.155809268,0.754310345,350,112,2402,114
0.410938600000,0.757575758,0.955087440,0.155473472,0.755939525,350,112,2403,113
0.411032700000,0.755411255,0.955087440,0.155137676,0.755411255,349,113,2403,113
0.412750270000,0.755411255,0.955484897,0.154801880,0.757049892,349,113,2404,112
0.413767220000,0.753246753,0.955484897,0.154466085,0.756521739,348,114,2404,112
0.413868370000,0.753246753,0.955882353,0.154130289,0.758169935,348,114,2405,111
0.415955840000,0.753246753,0.956279809,0.153794493,0.759825328,348,114,2406,110
0.416434560000,0.753246753,0.956677266,0.153458697,0.761487965,348,114,2407,109
0.416997100000,0.753246753,0.957074722,0.153122901,0.763157895,348,114,2408,108
0.419392730000,0.751082251,0.957074722,0.152787105,0.762637363,347,115,2408,108
0.423937300000,0.748917749,0.957074722,0.152451310,0.762114537,346,116,2408,108
0.424145550000,0.746753247,0.957074722,0.152115514,0.761589404,345,117,2408,108
0.424158480000,0.746753247,0.957472178,0.151779718,0.763274336,345,117,2409,107
0.425933720000,0.746753247,0.957869634,0.151443922,0.764966741,345,117,2410,106
0.427378300000,0.746753247,0.958267091,0.151108126,0.766666667,345,117,2411,105
0.430783180000,0.746753247,0.958664547,0.150772330,0.768374165,345,117,2412,104
0.431527550000,0.746753247,0.959062003,0.150436535,0.770089286,345,117,2413,103
0.432406540000,0.744588745,0.959062003,0.150100739,0.769574944,344,118,2413,103
0.432512970000,0.742424242,0.959062003,0.149764943,0.769058296,343,119,2413,103
0.434120680000,0.740259740,0.959062003,0.149429147,0.768539326,342,120,2413,103
0.440179680000,0.738095238,0.959062003,0.149093351,0.768018018,341,121,2413,103
0.449859600000,0.735930736,0.959062003,0.148757555,0.767494357,340,122,2413,103
0.450381670000,0.733766234,0.959062003,0.148421760,0.766968326,339,123,2413,103
0.452289020000,0.733766234,0.959459459,0.148085964,0.768707483,339,123,2414,102
0.452460860000,0.731601732,0.959459459,0.147750168,0.768181818,338,124,2414,102
0.453999070000,0.731601732,0.959856916,0.147414372,0.769931663,338,124,2415,101
0.454327460000,0.729437229,0.959856916,0.147078576,0.769406393,337,125,2415,101
0.454810770000,0.729437229,0.960254372,0.146742780,0.771167048,337,125,2416,100
0.455993030000,0.729437229,0.960651828,0.146406985,0.772935780,337,125,2417,99
0.457019330000,0.727272727,0.960651828,0.146071189,0.772413793,336,126,2417,99
0.460507750000,0.725108225,0.960651828,0.145735393,0.771889401,335,127,2417,99
0.462025340000,0.722943723,0.960651828,0.145399597,0.771362587,334,128,2417,99
0.465377120000,0.720779221,0.960651828,0.145063801,0.770833333,333,129,2417,99
0.465723900000,0.718614719,0.960651828,0.144728005,0.770301624,332,130,2417,99
0.466566800000,0.718614719,0.961049285,0.144392210,0.772093023,332,130,2418,98
0.467004540000,0.718614719,0.961446741,0.144056414,0.773892774,332,130,2419,97
0.470282400000,0.718614719,0.961844197,0.143720618,0.775700935,332,130,2420,96
0.471120420000,0.716450216,0.961844197,0.143384822,0.775175644,331,131,2420,96
0.471232400000,0.716450216,0.962241653,0.143049026,0.776995305,331,131,2421,95
0.472906800000,0.716450216,0.962639110,0.142713230,0.778823529,331,131,2422,94
0.475912330000,0.716450216,0.963036566,0.142377435,0.780660377,331,131,2423,93
0.476270740000,0.716450216,0.963434022,0.142041639,0.782505910,331,131,2424,92
0.477081980000,0.714285714,0.963434022,0.141705843,0.781990521,330,132,2424,92
0.477470130000,0.714285714,0.963831479,0.141370047,0.783847981,330,132,2425,91
0.478781160000,0.712121212,0.963831479,0.141034251,0.783333333,329,133,2425,91
0.479070250000,0.709956710,0.963831479,0.140698455,0.782816229,328,134,2425,91
0.480040160000,0.709956710,0.964228935,0.140362660,0.784688995,328,134,2426,90
0.480743350000,0.707792208,0.964228935,0.140026864,0.784172662,327,135,2426,90
0.481792750000,0.707792208,0.964626391,0.139691068,0.786057692,327,135,2427,89
0.483145700000,0.707792208,0.965023847,0.139355272,0.787951807,327,135,2428,88
0.485231300000,0.705627706,0.965023847,0.139019476,0.787439614,326,136,2428,88
0.485904900000,0.703463203,0.965023847,0.138683680,0.786924939,325,137,2428,88
0.486528870000,0.701298701,0.965023847,0.138347884,0.786407767,324,138,2428,88
0.488404200000,0.701298701,0.965421304,0.138012089,0.788321168,324,138,2429,87
0.489779530000,0.701298701,0.965818760,0.137676293,0.790243902,324,138,2430,86
0.491380840000,0.699134199,0.965818760,0.137340497,0.789731051,323,139,2430,86
0.492313360000,0.699134199,0.966216216,0.137004701,0.791666667,323,139,2431,85
0.494335900000,0.699134199,0.966613672,0.136668905,0.793611794,323,139,2432,84
0.496818300000,0.696969697,0.966613672,0.136333109,0.793103448,322,140,2432,84
0.498175500000,0.696969697,0.967011129,0.135997314,0.795061728,322,140,2433,83
0.498325260000,0.696969697,0.967408585,0.135661518,0.797029703,322,140,2434,82
0.498389200000,0.696969697,0.967806041,0.135325722,0.799007444,322,140,2435,81
0.498445960000,0.694805195,0.967806041,0.134989926,0.798507463,321,141,2435,81
0.498692960000,0.694805195,0.968203498,0.134654130,0.800498753,321,141,2436,80
0.500656550000,0.692640693,0.968203498,0.134318334,0.800000000,320,142,2436,80
0.502697000000,0.690476190,0.968203498,0.133982539,0.799498747,319,143,2436,80
0.503223300000,0.690476190,0.968600954,0.133646743,0.801507538,319,143,2437,79
0.503452900000,0.688311688,0.968600954,0.133310947,0.801007557,318,144,2437,79
0.504136560000,0.688311688,0.968998410,0.132975151,0.803030303,318,144,2438,78
0.506157760000,0.688311688,0.969395866,0.132639355,0.805063291,318,144,2439,77
0.507313600000,0.686147186,0.969395866,0.132303559,0.804568528,317,145,2439,77
0.507736500000,0.683982684,0.969395866,0.131967764,0.804071247,316,146,2439,77
0.509455900000,0.681818182,0.969395866,0.131631968,0.803571429,315,147,2439,77
0.510251940000,0.681818182,0.969793323,0.131296172,0.805626598,315,147,2440,76
0.510332000000,0.681818182,0.970190779,0.130960376,0.807692308,315,147,2441,75
0.513753060000,0.681818182,0.970588235,0.130624580,0.809768638,315,147,2442,74
0.513967000000,0.681818182,0.970985692,0.130288784,0.811855670,315,147,2443,73
0.515759170000,0.677489177,0.971383148,0.129281397,0.812987013,313,149,2444,72
0.519045950000,0.675324675,0.971383148,0.128945601,0.812500000,312,150,2444,72
0.519559000000,0.675324675,0.971780604,0.128609805,0.814621410,312,150,2445,71
0.520334000000,0.673160173,0.971780604,0.128274009,0.814136126,311,151,2445,71
0.520569740000,0.670995671,0.971780604,0.127938214,0.813648294,310,152,2445,71
0.520651040000,0.668831169,0.971780604,0.127602418,0.813157895,309,153,2445,71
0.523654040000,0.666666667,0.971780604,0.127266622,0.812664908,308,154,2445,71
0.524173100000,0.664502165,0.971780604,0.126930826,0.812169312,307,155,2445,71
0.532188700000,0.662337662,0.971780604,0.126595030,0.811671088,306,156,2445,71
0.533044600000,0.660173160,0.971780604,0.126259234,0.811170213,305,157,2445,71
0.533909300000,0.660173160,0.972178060,0.125923439,0.813333333,305,157,2446,70
0.534068940000,0.658008658,0.972178060,0.125587643,0.812834225,304,158,2446,70
0.534835800000,0.658008658,0.972575517,0.125251847,0.815013405,304,158,2447,69
0.535762200000,0.655844156,0.972575517,0.124916051,0.814516129,303,159,2447,69
0.535833400000,0.653679654,0.972575517,0.124580255,0.814016173,302,160,2447,69
0.536737740000,0.653679654,0.972972973,0.124244459,0.816216216,302,160,2448,68
0.536826200000,0.651515152,0.972972973,0.123908664,0.815718157,301,161,2448,68
0.537078900000,0.651515152,0.973370429,0.123572868,0.817934783,301,161,2449,67
0.538925900000,0.651515152,0.973767886,0.123237072,0.820163488,301,161,2450,66
0.539105300000,0.649350649,0.973767886,0.122901276,0.819672131,300,162,2450,66
0.540201660000,0.649350649,0.974165342,0.122565480,0.821917808,300,162,2451,65
0.544358700000,0.647186147,0.974165342,0.122229684,0.821428571,299,163,2451,65
0.547395800000,0.647186147,0.974562798,0.121893889,0.823691460,299,163,2452,64
0.549546800000,0.645021645,0.974562798,0.121558093,0.823204420,298,164,2452,64
0.549975600000,0.645021645,0.974960254,0.121222297,0.825484765,298,164,2453,63
0.555032730000,0.645021645,0.975357711,0.120886501,0.827777778,298,164,2454,62
0.556939840000,0.642857143,0.976550079,0.119543318,0.834269663,297,165,2457,59
0.558161600000,0.640692641,0.976550079,0.119207522,0.833802817,296,166,2457,59
0.562243640000,0.640692641,0.976947536,0.118871726,0.836158192,296,166,2458,58
0.562989900000,0.640692641,0.977344992,0.118535930,0.838526912,296,166,2459,57
0.564235500000,0.640692641,0.977742448,0.118200134,0.840909091,296,166,2460,56
0.566616100000,0.640692641,0.978139905,0.117864338,0.843304843,296,166,2461,55
0.568086560000,0.638528139,0.978139905,0.117528543,0.842857143,295,167,2461,55
0.569025750000,0.638528139,0.978537361,0.117192747,0.845272206,295,167,2462,54
0.569132500000,0.636363636,0.978537361,0.116856951,0.844827586,294,168,2462,54
0.569401100000,0.636363636,0.978934817,0.116521155,0.847262248,294,168,2463,53
0.574510300000,0.636363636,0.979332273,0.116185359,0.849710983,294,168,2464,52
0.575001300000,0.634199134,0.979332273,0.115849563,0.849275362,293,169,2464,52
0.586924850000,0.634199134,0.979729730,0.115513768,0.851744186,293,169,2465,51
0.592280300000,0.632034632,0.979729730,0.115177972,0.851311953,292,170,2465,51
0.595784840000,0.632034632,0.980127186,0.114842176,0.853801170,292,170,2466,50
0.597282050000,0.632034632,0.980524642,0.114506380,0.856304985,292,170,2467,49
0.600048500000,0.629870130,0.980524642,0.114170584,0.855882353,291,171,2467,49
0.600628500000,0.627705628,0.980524642,0.113834788,0.855457227,290,172,2467,49
0.602285600000,0.625541126,0.980524642,0.113498993,0.855029586,289,173,2467,49
0.603730800000,0.623376623,0.980524642,0.113163197,0.854599407,288,174,2467,49
0.606305540000,0.623376623,0.980922099,0.112827401,0.857142857,288,174,2468,48
0.607213900000,0.621212121,0.980922099,0.112491605,0.856716418,287,175,2468,48
0.608176600000,0.619047619,0.980922099,0.112155809,0.856287425,286,176,2468,48
0.609611300000,0.619047619,0.981319555,0.111820013,0.858858859,286,176,2469,47
0.612876240000,0.619047619,0.981717011,0.111484218,0.861445783,286,176,2470,46
0.615655600000,0.616883117,0.981717011,0.111148422,0.861027190,285,177,2470,46
0.619367660000,0.616883117,0.982114467,0.110812626,0.863636364,285,177,2471,45
0.626171500000,0.614718615,0.982114467,0.110476830,0.863221884,284,178,2471,45
0.632166500000,0.614718615,0.982511924,0.110141034,0.865853659,284,178,2472,44
0.634352150000,0.612554113,0.982511924,0.109805238,0.865443425,283,179,2472,44
0.635755500000,0.610389610,0.982511924,0.109469443,0.865030675,282,180,2472,44
0.636335400000,0.610389610,0.982909380,0.109133647,0.867692308,282,180,2473,43
0.636398140000,0.608225108,0.982909380,0.108797851,0.867283951,281,181,2473,43
0.636690100000,0.606060606,0.982909380,0.108462055,0.866873065,280,182,2473,43
0.639597240000,0.603896104,0.982909380,0.108126259,0.866459627,279,183,2473,43
0.641894160000,0.603896104,0.983306836,0.107790463,0.869158879,279,183,2474,42
0.643177800000,0.601731602,0.983306836,0.107454668,0.868750000,278,184,2474,42
0.643780400000,0.601731602,0.983704293,0.107118872,0.871473354,278,184,2475,41
0.651331600000,0.599567100,0.983704293,0.106783076,0.871069182,277,185,2475,41
0.655808500000,0.597402597,0.983704293,0.106447280,0.870662461,276,186,2475,41
0.655815900000,0.597402597,0.984101749,0.106111484,0.873417722,276,186,2476,40
0.663884000000,0.597402597,0.984499205,0.105775688,0.876190476,276,186,2477,39
0.665613350000,0.595238095,0.984499205,0.105439893,0.875796178,275,187,2477,39
0.670076400000,0.593073593,0.984499205,0.105104097,0.875399361,274,188,2477,39
0.671881700000,0.593073593,0.984896661,0.104768301,0.878205128,274,188,2478,38
0.679000260000,0.593073593,0.985294118,0.104432505,0.881028939,274,188,2479,37
0.682482600000,0.590909091,0.985294118,0.104096709,0.880645161,273,189,2479,37
0.683300400000,0.590909091,0.985691574,0.103760913,0.883495146,273,189,2480,36
0.685141000000,0.590909091,0.986089030,0.103425118,0.886363636,273,189,2481,35
0.688891530000,0.588744589,0.986089030,0.103089322,0.885993485,272,190,2481,35
0.689417660000,0.586580087,0.986089030,0.102753526,0.885620915,271,191,2481,35
0.692420900000,0.584415584,0.986089030,0.102417730,0.885245902,270,192,2481,35
0.694888950000,0.582251082,0.986089030,0.102081934,0.884868421,269,193,2481,35
0.695140000000,0.580086580,0.986089030,0.101746138,0.884488449,268,194,2481,35
0.696893450000,0.577922078,0.986089030,0.101410343,0.884105960,267,195,2481,35
0.698467400000,0.577922078,0.986486486,0.101074547,0.887043189,267,195,2482,34
0.701777160000,0.577922078,0.986883943,0.100738751,0.890000000,267,195,2483,33
0.708134000000,0.575757576,0.986883943,0.100402955,0.889632107,266,196,2483,33
0.713367600000,0.573593074,0.986883943,0.100067159,0.889261745,265,197,2483,33
0.715262900000,0.571428571,0.986883943,0.099731363,0.888888889,264,198,2483,33
0.716241540000,0.569264069,0.986883943,0.099395567,0.888513514,263,199,2483,33
0.716318600000,0.569264069,0.987281399,0.099059772,0.891525424,263,199,2484,32
0.717978000000,0.567099567,0.987281399,0.098723976,0.891156463,262,200,2484,32
0.722158400000,0.567099567,0.987678855,0.098388180,0.894197952,262,200,2485,31
0.726363960000,0.567099567,0.988076312,0.098052384,0.897260274,262,200,2486,30
0.727114560000,0.567099567,0.988473768,0.097716588,0.900343643,262,200,2487,29
0.731813600000,0.564935065,0.988473768,0.097380792,0.900000000,261,201,2487,29
0.737660650000,0.562770563,0.988473768,0.097044997,0.899653979,260,202,2487,29
0.742159250000,0.560606061,0.988473768,0.096709201,0.899305556,259,203,2487,29
0.746149840000,0.558441558,0.988473768,0.096373405,0.898954704,258,204,2487,29
0.747352540000,0.558441558,0.988871224,0.096037609,0.902097902,258,204,2488,28
0.749141040000,0.556277056,0.988871224,0.095701813,0.901754386,257,205,2488,28
0.752700270000,0.554112554,0.988871224,0.095366017,0.901408451,256,206,2488,28
0.753201600000,0.551948052,0.988871224,0.095030222,0.901060071,255,207,2488,28
0.757981500000,0.551948052,0.989268680,0.094694426,0.904255319,255,207,2489,27
0.759547530000,0.549783550,0.989268680,0.094358630,0.903914591,254,208,2489,27
0.759650500000,0.547619048,0.989268680,0.094022834,0.903571429,253,209,2489,27
0.764605200000,0.545454545,0.989268680,0.093687038,0.903225806,252,210,2489,27
0.765314160000,0.543290043,0.989268680,0.093351242,0.902877698,251,211,2489,27
0.765368040000,0.541125541,0.989268680,0.093015447,0.902527076,250,212,2489,27
0.765687760000,0.538961039,0.989268680,0.092679651,0.902173913,249,213,2489,27
0.765957300000,0.536796537,0.989268680,0.092343855,0.901818182,248,214,2489,27
0.771401940000,0.534632035,0.989268680,0.092008059,0.901459854,247,215,2489,27
0.772038800000,0.532467532,0.989268680,0.091672263,0.901098901,246,216,2489,27
0.774334100000,0.532467532,0.989666137,0.091336467,0.904411765,246,216,2490,26
0.775248700000,0.530303030,0.989666137,0.091000672,0.904059041,245,217,2490,26
0.777716700000,0.528138528,0.989666137,0.090664876,0.903703704,244,218,2490,26
0.779249900000,0.525974026,0.989666137,0.090329080,0.903345725,243,219,2490,26
0.779582500000,0.523809524,0.989666137,0.089993284,0.902985075,242,220,2490,26
0.779681500000,0.521645022,0.989666137,0.089657488,0.902621723,241,221,2490,26
0.780478600000,0.519480519,0.989666137,0.089321692,0.902255639,240,222,2490,26
0.780635600000,0.517316017,0.989666137,0.088985897,0.901886792,239,223,2490,26
0.780966000000,0.515151515,0.989666137,0.088650101,0.901515152,238,224,2490,26
0.783793000000,0.512987013,0.989666137,0.088314305,0.901140684,237,225,2490,26
0.786951000000,0.510822511,0.989666137,0.087978509,0.900763359,236,226,2490,26
0.787084940000,0.508658009,0.989666137,0.087642713,0.900383142,235,227,2490,26
0.788138400000,0.506493506,0.989666137,0.087306917,0.900000000,234,228,2490,26
0.788709600000,0.506493506,0.990063593,0.086971122,0.903474903,234,228,2491,25
0.789504900000,0.506493506,0.990461049,0.086635326,0.906976744,234,228,2492,24
0.789855200000,0.506493506,0.990858506,0.086299530,0.910505837,234,228,2493,23
0.791743340000,0.504329004,0.990858506,0.085963734,0.910156250,233,229,2493,23
0.793918100000,0.502164502,0.990858506,0.085627938,0.909803922,232,230,2493,23
0.795915660000,0.500000000,0.990858506,0.085292142,0.909448819,231,231,2493,23
0.796881200000,0.497835498,0.990858506,0.084956347,0.909090909,230,232,2493,23
0.799877350000,0.495670996,0.990858506,0.084620551,0.908730159,229,233,2493,23
0.801164100000,0.493506494,0.990858506,0.084284755,0.908366534,228,234,2493,23
0.810145700000,0.491341991,0.990858506,0.083948959,0.908000000,227,235,2493,23
0.811004100000,0.489177489,0.990858506,0.083613163,0.907630522,226,236,2493,23
0.811503900000,0.489177489,0.991255962,0.083277367,0.911290323,226,236,2494,22
0.816984900000,0.487012987,0.991255962,0.082941572,0.910931174,225,237,2494,22
0.818916900000,0.484848485,0.991255962,0.082605776,0.910569106,224,238,2494,22
0.822503030000,0.482683983,0.991255962,0.082269980,0.910204082,223,239,2494,22
0.825565400000,0.480519481,0.991255962,0.081934184,0.909836066,222,240,2494,22
0.826041640000,0.478354978,0.991255962,0.081598388,0.909465021,221,241,2494,22
0.826294360000,0.476190476,0.991255962,0.081262592,0.909090909,220,242,2494,22
0.829493640000,0.474025974,0.991255962,0.080926797,0.908713693,219,243,2494,22
0.834661540000,0.471861472,0.991255962,0.080591001,0.908333333,218,244,2494,22
0.837248270000,0.469696970,0.991255962,0.080255205,0.907949791,217,245,2494,22
0.837849600000,0.467532468,0.991255962,0.079919409,0.907563025,216,246,2494,22
0.840702000000,0.465367965,0.991255962,0.079583613,0.907172996,215,247,2494,22
0.840967060000,0.463203463,0.991255962,0.079247817,0.906779661,214,248,2494,22
0.841347000000,0.461038961,0.991255962,0.078912021,0.906382979,213,249,2494,22
0.844184940000,0.458874459,0.991255962,0.078576226,0.905982906,212,250,2494,22
0.847401440000,0.456709957,0.991255962,0.078240430,0.905579399,211,251,2494,22
0.847410400000,0.454545455,0.991255962,0.077904634,0.905172414,210,252,2494,22
0.854006600000,0.452380952,0.991255962,0.077568838,0.904761905,209,253,2494,22
0.856829460000,0.450216450,0.991255962,0.077233042,0.904347826,208,254,2494,22
0.858052200000,0.450216450,0.991653418,0.076897246,0.908296943,208,254,2495,21
0.860377300000,0.448051948,0.991653418,0.076561451,0.907894737,207,255,2495,21
0.862175050000,0.445887446,0.991653418,0.076225655,0.907488987,206,256,2495,21
0.863120730000,0.443722944,0.991653418,0.075889859,0.907079646,205,257,2495,21
0.863519900000,0.441558442,0.991653418,0.075554063,0.906666667,204,258,2495,21
0.864116600000,0.439393939,0.991653418,0.075218267,0.906250000,203,259,2495,21
0.870172000000,0.437229437,0.991653418,0.074882471,0.905829596,202,260,2495,21
0.872229750000,0.435064935,0.991653418,0.074546676,0.905405405,201,261,2495,21
0.873095750000,0.432900433,0.991653418,0.074210880,0.904977376,200,262,2495,21
0.873301270000,0.430735931,0.991653418,0.073875084,0.904545455,199,263,2495,21
0.879733500000,0.430735931,0.992050874,0.073539288,0.908675799,199,263,2496,20
0.879777200000,0.428571429,0.992050874,0.073203492,0.908256881,198,264,2496,20
0.880560100000,0.426406926,0.992050874,0.072867696,0.907834101,197,265,2496,20
0.880852940000,0.424242424,0.992050874,0.072531901,0.907407407,196,266,2496,20
0.882858900000,0.424242424,0.992448331,0.072196105,0.911627907,196,266,2497,19
0.890296340000,0.424242424,0.992845787,0.071860309,0.915887850,196,266,2498,18
0.890571000000,0.422077922,0.992845787,0.071524513,0.915492958,195,267,2498,18
0.895448860000,0.419913420,0.992845787,0.071188717,0.915094340,194,268,2498,18
0.896412430000,0.419913420,0.993243243,0.070852921,0.919431280,194,268,2499,17
0.896761540000,0.417748918,0.993243243,0.070517126,0.919047619,193,269,2499,17
0.896938100000,0.415584416,0.993243243,0.070181330,0.918660287,192,270,2499,17
0.899666550000,0.413419913,0.993243243,0.069845534,0.918269231,191,271,2499,17
0.901053600000,0.411255411,0.993243243,0.069509738,0.917874396,190,272,2499,17
0.901947600000,0.409090909,0.993243243,0.069173942,0.917475728,189,273,2499,17
0.902787150000,0.409090909,0.993640700,0.068838146,0.921951220,189,273,2500,16
0.903053160000,0.406926407,0.993640700,0.068502351,0.921568627,188,274,2500,16
0.903824270000,0.404761905,0.993640700,0.068166555,0.921182266,187,275,2500,16
0.904755700000,0.402597403,0.993640700,0.067830759,0.920792079,186,276,2500,16
0.905593450000,0.400432900,0.993640700,0.067494963,0.920398010,185,277,2500,16
0.905839700000,0.398268398,0.993640700,0.067159167,0.920000000,184,278,2500,16
0.908201160000,0.396103896,0.993640700,0.066823371,0.919597990,183,279,2500,16
0.910708900000,0.393939394,0.993640700,0.066487576,0.919191919,182,280,2500,16
0.911813740000,0.393939394,0.994038156,0.066151780,0.923857868,182,280,2501,15
0.912304300000,0.391774892,0.994038156,0.065815984,0.923469388,181,281,2501,15
0.912487400000,0.389610390,0.994038156,0.065480188,0.923076923,180,282,2501,15
0.914904360000,0.387445887,0.994038156,0.065144392,0.922680412,179,283,2501,15
0.915643900000,0.385281385,0.994038156,0.064808596,0.922279793,178,284,2501,15
0.915757700000,0.385281385,0.994435612,0.064472801,0.927083333,178,284,2502,14
0.916159600000,0.383116883,0.994435612,0.064137005,0.926701571,177,285,2502,14
0.916538100000,0.383116883,0.994833068,0.063801209,0.931578947,177,285,2503,13
0.916926440000,0.380952381,0.994833068,0.063465413,0.931216931,176,286,2503,13
0.919985400000,0.378787879,0.994833068,0.063129617,0.930851064,175,287,2503,13
0.921200160000,0.378787879,0.995230525,0.062793821,0.935828877,175,287,2504,12
0.921204300000,0.376623377,0.995230525,0.062458026,0.935483871,174,288,2504,12
0.921725870000,0.374458874,0.995230525,0.062122230,0.935135135,173,289,2504,12
0.923217500000,0.372294372,0.995230525,0.061786434,0.934782609,172,290,2504,12
0.923528200000,0.370129870,0.995230525,0.061450638,0.934426230,171,291,2504,12
0.923608100000,0.367965368,0.995230525,0.061114842,0.934065934,170,292,2504,12
0.923830570000,0.365800866,0.995230525,0.060779046,0.933701657,169,293,2504,12
0.925060750000,0.363636364,0.995230525,0.060443251,0.933333333,168,294,2504,12
0.926121530000,0.363636364,0.995627981,0.060107455,0.938547486,168,294,2505,11
0.927454500000,0.363636364,0.996025437,0.059771659,0.943820225,168,294,2506,10
0.928868700000,0.361471861,0.996025437,0.059435863,0.943502825,167,295,2506,10
0.929470200000,0.359307359,0.996025437,0.059100067,0.943181818,166,296,2506,10
0.929702160000,0.357142857,0.996025437,0.058764271,0.942857143,165,297,2506,10
0.929797000000,0.354978355,0.996025437,0.058428475,0.942528736,164,298,2506,10
0.930114300000,0.352813853,0.996025437,0.058092680,0.942196532,163,299,2506,10
0.930418850000,0.352813853,0.996422893,0.057756884,0.947674419,163,299,2507,9
0.931389630000,0.350649351,0.996422893,0.057421088,0.947368421,162,300,2507,9
0.932187900000,0.348484848,0.996422893,0.057085292,0.947058824,161,301,2507,9
0.934495570000,0.346320346,0.996422893,0.056749496,0.946745562,160,302,2507,9
0.936226600000,0.344155844,0.996422893,0.056413700,0.946428571,159,303,2507,9
0.936750200000,0.344155844,0.996820350,0.056077905,0.952095808,159,303,2508,8
0.936941740000,0.341991342,0.996820350,0.055742109,0.951807229,158,304,2508,8
0.937123660000,0.339826840,0.996820350,0.055406313,0.951515152,157,305,2508,8
0.937598200000,0.337662338,0.996820350,0.055070517,0.951219512,156,306,2508,8
0.938033100000,0.335497835,0.996820350,0.054734721,0.950920245,155,307,2508,8
0.938584150000,0.333333333,0.996820350,0.054398925,0.950617284,154,308,2508,8
0.938663660000,0.331168831,0.996820350,0.054063130,0.950310559,153,309,2508,8
0.938995240000,0.329004329,0.996820350,0.053727334,0.950000000,152,310,2508,8
0.939730760000,0.326839827,0.996820350,0.053391538,0.949685535,151,311,2508,8
0.940053640000,0.326839827,0.997217806,0.053055742,0.955696203,151,311,2509,7
0.940267600000,0.324675325,0.997217806,0.052719946,0.955414013,150,312,2509,7
0.940568100000,0.322510823,0.997217806,0.052384150,0.955128205,149,313,2509,7
0.944356260000,0.320346320,0.997217806,0.052048355,0.954838710,148,314,2509,7
0.945519270000,0.318181818,0.997217806,0.051712559,0.954545455,147,315,2509,7
0.945543900000,0.316017316,0.997217806,0.051376763,0.954248366,146,316,2509,7
0.945952500000,0.313852814,0.997217806,0.051040967,0.953947368,145,317,2509,7
0.946388540000,0.311688312,0.997217806,0.050705171,0.953642384,144,318,2509,7
0.946427400000,0.311688312,0.997615262,0.050369375,0.960000000,144,318,2510,6
0.946470100000,0.309523810,0.997615262,0.050033580,0.959731544,143,319,2510,6
0.947152200000,0.307359307,0.997615262,0.049697784,0.959459459,142,320,2510,6
0.948236700000,0.305194805,0.997615262,0.049361988,0.959183673,141,321,2510,6
0.948472860000,0.303030303,0.997615262,0.049026192,0.958904110,140,322,2510,6
0.948668400000,0.300865801,0.997615262,0.048690396,0.958620690,139,323,2510,6
0.949704800000,0.298701299,0.997615262,0.048354600,0.958333333,138,324,2510,6
0.950398740000,0.298701299,0.998012719,0.048018805,0.965034965,138,324,2511,5
0.951203000000,0.296536797,0.998012719,0.047683009,0.964788732,137,325,2511,5
0.951209370000,0.294372294,0.998012719,0.047347213,0.964539007,136,326,2511,5
0.951671360000,0.292207792,0.998012719,0.047011417,0.964285714,135,327,2511,5
0.952478400000,0.290043290,0.998012719,0.046675621,0.964028777,134,328,2511,5
0.952979500000,0.287878788,0.998012719,0.046339825,0.963768116,133,329,2511,5
0.953041900000,0.285714286,0.998012719,0.046004030,0.963503650,132,330,2511,5
0.953346400000,0.283549784,0.998012719,0.045668234,0.963235294,131,331,2511,5
0.953820940000,0.281385281,0.998012719,0.045332438,0.962962963,130,332,2511,5
0.957678740000,0.279220779,0.998012719,0.044996642,0.962686567,129,333,2511,5
0.957907100000,0.277056277,0.998012719,0.044660846,0.962406015,128,334,2511,5
0.958786130000,0.274891775,0.998012719,0.044325050,0.962121212,127,335,2511,5
0.960146700000,0.274891775,0.998410175,0.043989255,0.969465649,127,335,2512,4
0.960784200000,0.272727273,0.998410175,0.043653459,0.969230769,126,336,2512,4
0.961115540000,0.270562771,0.998410175,0.043317663,0.968992248,125,337,2512,4
0.961149450000,0.268398268,0.998410175,0.042981867,0.968750000,124,338,2512,4
0.961513300000,0.266233766,0.998410175,0.042646071,0.968503937,123,339,2512,4
0.962510200000,0.264069264,0.998410175,0.042310275,0.968253968,122,340,2512,4
0.962605600000,0.261904762,0.998410175,0.041974480,0.968000000,121,341,2512,4
0.962699900000,0.259740260,0.998410175,0.041638684,0.967741935,120,342,2512,4
0.962834950000,0.257575758,0.998410175,0.041302888,0.967479675,119,343,2512,4
0.963291470000,0.255411255,0.998410175,0.040967092,0.967213115,118,344,2512,4
0.963364900000,0.253246753,0.998410175,0.040631296,0.966942149,117,345,2512,4
0.963395600000,0.251082251,0.998410175,0.040295500,0.966666667,116,346,2512,4
0.963790500000,0.248917749,0.998410175,0.039959704,0.966386555,115,347,2512,4
0.964500960000,0.246753247,0.998410175,0.039623909,0.966101695,114,348,2512,4
0.966272530000,0.244588745,0.998410175,0.039288113,0.965811966,113,349,2512,4
0.967402700000,0.242424242,0.998410175,0.038952317,0.965517241,112,350,2512,4
0.967956240000,0.240259740,0.998410175,0.038616521,0.965217391,111,351,2512,4
0.968194250000,0.238095238,0.998410175,0.038280725,0.964912281,110,352,2512,4
0.968566600000,0.235930736,0.998410175,0.037944929,0.964601770,109,353,2512,4
0.968749100000,0.233766234,0.998410175,0.037609134,0.964285714,108,354,2512,4
0.969129440000,0.231601732,0.998410175,0.037273338,0.963963964,107,355,2512,4
0.969143200000,0.229437229,0.998410175,0.036937542,0.963636364,106,356,2512,4
0.969523700000,0.227272727,0.998410175,0.036601746,0.963302752,105,357,2512,4
0.970005100000,0.225108225,0.998410175,0.036265950,0.962962963,104,358,2512,4
0.970398500000,0.222943723,0.998410175,0.035930154,0.962616822,103,359,2512,4
0.971149300000,0.222943723,0.998807631,0.035594359,0.971698113,103,359,2513,3
0.971182350000,0.220779221,0.998807631,0.035258563,0.971428571,102,360,2513,3
0.971417700000,0.218614719,0.998807631,0.034922767,0.971153846,101,361,2513,3
0.972943370000,0.216450216,0.998807631,0.034586971,0.970873786,100,362,2513,3
0.973129150000,0.214285714,0.998807631,0.034251175,0.970588235,99,363,2513,3
0.973552700000,0.212121212,0.998807631,0.033915379,0.970297030,98,364,2513,3
0.973592460000,0.209956710,0.998807631,0.033579584,0.970000000,97,365,2513,3
0.973951200000,0.207792208,0.998807631,0.033243788,0.969696970,96,366,2513,3
0.974011540000,0.205627706,0.998807631,0.032907992,0.969387755,95,367,2513,3
0.974256460000,0.203463203,0.998807631,0.032572196,0.969072165,94,368,2513,3
0.975072000000,0.201298701,0.998807631,0.032236400,0.968750000,93,369,2513,3
0.975596960000,0.199134199,0.998807631,0.031900604,0.968421053,92,370,2513,3
0.975713000000,0.196969697,0.998807631,0.031564809,0.968085106,91,371,2513,3
0.976611550000,0.194805195,0.998807631,0.031229013,0.967741935,90,372,2513,3
0.976909340000,0.192640693,0.998807631,0.030893217,0.967391304,89,373,2513,3
0.977187000000,0.192640693,0.999205087,0.030557421,0.978021978,89,373,2514,2
0.977767400000,0.190476190,0.999205087,0.030221625,0.977777778,88,374,2514,2
0.978788730000,0.188311688,0.999205087,0.029885829,0.977528090,87,375,2514,2
0.979103570000,0.186147186,0.999205087,0.029550034,0.977272727,86,376,2514,2
0.979394140000,0.186147186,0.999602544,0.029214238,0.988505747,86,376,2515,1
0.979936840000,0.183982684,0.999602544,0.028878442,0.988372093,85,377,2515,1
0.979980770000,0.181818182,0.999602544,0.028542646,0.988235294,84,378,2515,1
0.979989230000,0.179653680,0.999602544,0.028206850,0.988095238,83,379,2515,1
0.980302700000,0.177489177,0.999602544,0.027871054,0.987951807,82,380,2515,1
0.980335500000,0.175324675,0.999602544,0.027535259,0.987804878,81,381,2515,1
0.980590200000,0.173160173,0.999602544,0.027199463,0.987654321,80,382,2515,1
0.980820100000,0.170995671,0.999602544,0.026863667,0.987500000,79,383,2515,1
0.981165900000,0.168831169,0.999602544,0.026527871,0.987341772,78,384,2515,1
0.981457350000,0.168831169,1.000000000,0.026192075,1.000000000,78,384,2516,0
0.981593550000,0.166666667,1.000000000,0.025856279,1.000000000,77,385,2516,0
0.981637660000,0.164502165,1.000000000,0.025520484,1.000000000,76,386,2516,0
0.981965840000,0.162337662,1.000000000,0.025184688,1.000000000,75,387,2516,0
0.982228640000,0.160173160,1.000000000,0.024848892,1.000000000,74,388,2516,0
0.982265500000,0.158008658,1.000000000,0.024513096,1.000000000,73,389,2516,0
0.982510000000,0.155844156,1.000000000,0.024177300,1.000000000,72,390,2516,0
0.983667000000,0.153679654,1.000000000,0.023841504,1.000000000,71,391,2516,0
0.983732900000,0.151515152,1.000000000,0.023505709,1.000000000,70,392,2516,0
0.984330700000,0.149350649,1.000000000,0.023169913,1.000000000,69,393,2516,0
0.985218350000,0.147186147,1.000000000,0.022834117,1.000000000,68,394,2516,0
0.985677800000,0.145021645,1.000000000,0.022498321,1.000000000,67,395,2516,0
0.985863750000,0.142857143,1.000000000,0.022162525,1.000000000,66,396,2516,0
0.985935450000,0.140692641,1.000000000,0.021826729,1.000000000,65,397,2516,0
0.986024800000,0.138528139,1.000000000,0.021490934,1.000000000,64,398,2516,0
0.986146870000,0.136363636,1.000000000,0.021155138,1.000000000,63,399,2516,0
0.986570540000,0.134199134,1.000000000,0.020819342,1.000000000,62,400,2516,0
0.986681800000,0.132034632,1.000000000,0.020483546,1.000000000,61,401,2516,0
0.986767230000,0.129870130,1.000000000,0.020147750,1.000000000,60,402,2516,0
0.987107600000,0.127705628,1.000000000,0.019811954,1.000000000,59,403,2516,0
0.987445100000,0.125541126,1.000000000,0.019476158,1.000000000,58,404,2516,0
0.987507300000,0.123376623,1.000000000,0.019140363,1.000000000,57,405,2516,0
0.988117400000,0.121212121,1.000000000,0.018804567,1.000000000,56,406,2516,0
0.988185050000,0.119047619,1.000000000,0.018468771,1.000000000,55,407,2516,0
0.988672440000,0.116883117,1.000000000,0.018132975,1.000000000,54,408,2516,0
0.988677700000,0.114718615,1.000000000,0.017797179,1.000000000,53,409,2516,0
0.988933800000,0.112554113,1.000000000,0.017461383,1.000000000,52,410,2516,0
0.989117440000,0.110389610,1.000000000,0.017125588,1.000000000,51,411,2516,0
0.989127930000,0.108225108,1.000000000,0.016789792,1.000000000,50,412,2516,0
0.989809300000,0.106060606,1.000000000,0.016453996,1.000000000,49,413,2516,0
0.990097760000,0.103896104,1.000000000,0.016118200,1.000000000,48,414,2516,0
0.990123450000,0.101731602,1.000000000,0.015782404,1.000000000,47,415,2516,0
0.990552070000,0.099567100,1.000000000,0.015446608,1.000000000,46,416,2516,0
0.991263750000,0.097402597,1.000000000,0.015110813,1.000000000,45,417,2516,0
0.991366570000,0.095238095,1.000000000,0.014775017,1.000000000,44,418,2516,0
0.991415300000,0.093073593,1.000000000,0.014439221,1.000000000,43,419,2516,0
0.991608300000,0.090909091,1.000000000,0.014103425,1.000000000,42,420,2516,0
0.991714400000,0.088744589,1.000000000,0.013767629,1.000000000,41,421,2516,0
0.991816700000,0.086580087,1.000000000,0.013431833,1.000000000,40,422,2516,0
0.991857950000,0.084415584,1.000000000,0.013096038,1.000000000,39,423,2516,0
0.992384000000,0.082251082,1.000000000,0.012760242,1.000000000,38,424,2516,0
0.992655300000,0.080086580,1.000000000,0.012424446,1.000000000,37,425,2516,0
0.992826000000,0.077922078,1.000000000,0.012088650,1.000000000,36,426,2516,0
0.992916940000,0.075757576,1.000000000,0.011752854,1.000000000,35,427,2516,0
0.993016240000,0.073593074,1.000000000,0.011417058,1.000000000,34,428,2516,0
0.993125800000,0.071428571,1.000000000,0.011081263,1.000000000,33,429,2516,0
0.993266460000,0.069264069,1.000000000,0.010745467,1.000000000,32,430,2516,0
0.993338100000,0.067099567,1.000000000,0.010409671,1.000000000,31,431,2516,0
0.993672400000,0.064935065,1.000000000,0.010073875,1.000000000,30,432,2516,0
0.993684500000,0.062770563,1.000000000,0.009738079,1.000000000,29,433,2516,0
0.994064150000,0.060606061,1.000000000,0.009402283,1.000000000,28,434,2516,0
0.994071900000,0.058441558,1.000000000,0.009066488,1.000000000,27,435,2516,0
0.994427560000,0.056277056,1.000000000,0.008730692,1.000000000,26,436,2516,0
0.994585200000,0.054112554,1.000000000,0.008394896,1.000000000,25,437,2516,0
0.994679000000,0.051948052,1.000000000,0.008059100,1.000000000,24,438,2516,0
0.994712100000,0.049783550,1.000000000,0.007723304,1.000000000,23,439,2516,0
0.994744300000,0.047619048,1.000000000,0.007387508,1.000000000,22,440,2516,0
0.994854400000,0.045454545,1.000000000,0.007051713,1.000000000,21,441,2516,0
0.995207130000,0.043290043,1.000000000,0.006715917,1.000000000,20,442,2516,0
0.995518700000,0.041125541,1.000000000,0.006380121,1.000000000,19,443,2516,0
0.996284070000,0.038961039,1.000000000,0.006044325,1.000000000,18,444,2516,0
0.996349100000,0.036796537,1.000000000,0.005708529,1.000000000,17,445,2516,0
0.996478500000,0.034632035,1.000000000,0.005372733,1.000000000,16,446,2516,0
0.996527500000,0.032467532,1.000000000,0.005036938,1.000000000,15,447,2516,0
0.996542500000,0.030303030,1.000000000,0.004701142,1.000000000,14,448,2516,0
0.996798630000,0.028138528,1.000000000,0.004365346,1.000000000,13,449,2516,0
0.997001800000,0.025974026,1.000000000,0.004029550,1.000000000,12,450,2516,0
0.997451100000,0.023809524,1.000000000,0.003693754,1.000000000,11,451,2516,0
0.997682000000,0.021645022,1.000000000,0.003357958,1.000000000,10,452,2516,0
0.997728770000,0.019480519,1.000000000,0.003022163,1.000000000,9,453,2516,0
0.997876900000,0.017316017,1.000000000,0.002686367,1.000000000,8,454,2516,0
0.997909700000,0.015151515,1.000000000,0.002350571,1.000000000,7,455,2516,0
0.997969100000,0.012987013,1.000000000,0.002014775,1.000000000,6,456,2516,0
0.998077500000,0.010822511,1.000000000,0.001678979,1.000000000,5,457,2516,0
0.998242600000,0.008658009,1.000000000,0.001343183,1.000000000,4,458,2516,0
0.998337030000,0.006493506,1.000000000,0.001007388,1.000000000,3,459,2516,0
0.999178600000,0.004329004,1.000000000,0.000671592,1.000000000,2,460,2516,0
0.999276100000,0.002164502,1.000000000,0.000335796,1.000000000,1,461,2516,0
1.000000000000,0.000000000,1.000000000,0.000000000,,0,462,2516,0
