threshold,recall,specificity,flag_rate,precision,tp,fn,tn,fp
0.000000000000,1.000000000,0.000000000,1.000000000,0.155137676,462,0,0,2516
0.003173529257,1.000000000,0.000000000,1.000000000,0.155137676,462,0,0,2516
0.003912261577,1.000000000,0.000397456,0.999664204,0.155189788,462,0,1,2515
0.005073074000,1.000000000,0.000794913,0.999328408,0.155241935,462,0,2,2514
0.005223845232,1.000000000,0.001192369,0.998992612,0.155294118,462,0,3,2513
0.005224926906,1.000000000,0.001589825,0.998656817,0.155346335,462,0,4,2512
0.005477263481,1.000000000,0.001987281,0.998321021,0.155398587,462,0,5,2511
0.005477276227,1.000000000,0.002384738,0.997985225,0.155450875,462,0,6,2510
0.005662836341,1.000000000,0.002782194,0.997649429,0.155503198,462,0,7,2509
0.005727360409,1.000000000,0.003179650,0.997313633,0.155555556,462,0,8,2508
0.005957183892,1.000000000,0.003577107,0.996977837,0.155607949,462,0,9,2507
0.006272460793,1.000000000,0.003974563,0.996642042,0.155660377,462,0,10,2506
0.006283034928,1.000000000,0.004372019,0.996306246,0.155712841,462,0,11,2505
0.006423449643,1.000000000,0.004769475,0.995970450,0.155765341,462,0,12,2504
0.006452887199,1.000000000,0.005166932,0.995634654,0.155817875,462,0,13,2503
0.006487660869,1.000000000,0.005564388,0.995298858,0.155870445,462,0,14,2502
0.006519798336,1.000000000,0.005961844,0.994963062,0.155923051,462,0,15,2501
0.006708033371,1.000000000,0.006359300,0.994627267,0.155975692,462,0,16,2500
0.006849970721,1.000000000,0.006756757,0.994291471,0.156028369,462,0,17,2499
0.007108058314,1.000000000,0.007154213,0.993955675,0.156081081,462,0,18,2498
0.007172162883,1.000000000,0.007551669,0.993619879,0.156133829,462,0,19,2497
0.007263541716,1.000000000,0.007949126,0.993284083,0.156186613,462,0,20,2496
0.007287655042,1.000000000,0.008346582,0.992948287,0.156239432,462,0,21,2495
0.007398526768,1.000000000,0.008744038,0.992612492,0.156292287,462,0,22,2494
0.007699457829,1.000000000,0.009141494,0.992276696,0.156345178,462,0,23,2493
0.007741652898,1.000000000,0.009538951,0.991940900,0.156398104,462,0,24,2492
0.007795183039,1.000000000,0.009936407,0.991605104,0.156451067,462,0,25,2491
0.007807083108,1.000000000,0.010333863,0.991269308,0.156504065,462,0,26,2490
0.007926209149,1.000000000,0.010731320,0.990933512,0.156557099,462,0,27,2489
0.008005903129,1.000000000,0.011128776,0.990597717,0.156610169,462,0,28,2488
0.008025825913,1.000000000,0.011526232,0.990261921,0.156663276,462,0,29,2487
0.008063857370,1.000000000,0.011923688,0.989926125,0.156716418,462,0,30,2486
0.008142344523,1.000000000,0.012321145,0.989590329,0.156769596,462,0,31,2485
0.008161520618,1.000000000,0.012718601,0.989254533,0.156822811,462,0,32,2484
0.008178841736,1.000000000,0.013116057,0.988918737,0.156876061,462,0,33,2483
0.008193387407,1.000000000,0.013513514,0.988582942,0.156929348,462,0,34,2482
0.008471270610,1.000000000,0.013910970,0.988247146,0.156982671,462,0,35,2481
0.008543028282,1.000000000,0.014308426,0.987911350,0.157036030,462,0,36,2480
0.008584287791,1.000000000,0.014705882,0.987575554,0.157089425,462,0,37,2479
0.008593255530,1.000000000,0.015103339,0.987239758,0.157142857,462,0,38,2478
0.008638691087,1.000000000,0.015500795,0.986903962,0.157196325,462,0,39,2477
0.008721560533,1.000000000,0.015898251,0.986568167,0.157249830,462,0,40,2476
0.008736888578,1.000000000,0.016295707,0.986232371,0.157303371,462,0,41,2475
0.008761470817,1.000000000,0.016693164,0.985896575,0.157356948,462,0,42,2474
0.008765337123,1.000000000,0.017090620,0.985560779,0.157410562,462,0,43,2473
0.008766739780,1.000000000,0.017488076,0.985224983,0.157464213,462,0,44,2472
0.008806102049,1.000000000,0.017885533,0.984889187,0.157517900,462,0,45,2471
0.008823462501,1.000000000,0.018282989,0.984553392,0.157571623,462,0,46,2470
0.008993138126,1.000000000,0.018680445,0.984217596,0.157625384,462,0,47,2469
0.009061817187,1.000000000,0.019077901,0.983881800,0.157679181,462,0,48,2468
0.009153660241,1.000000000,0.019475358,0.983546004,0.157733015,462,0,49,2467
0.009218691360,1.000000000,0.019872814,0.983210208,0.157786885,462,0,50,2466
0.009313919689,1.000000000,0.020270270,0.982874412,0.157840793,462,0,51,2465
0.009412827283,1.000000000,0.020667727,0.982538617,0.157894737,462,0,52,2464
0.009414386131,1.000000000,0.021065183,0.982202821,0.157948718,462,0,53,2463
0.009457963090,1.000000000,0.021462639,0.981867025,0.158002736,462,0,54,2462
0.009530252094,1.000000000,0.021860095,0.981531229,0.158056791,462,0,55,2461
0.009566754883,1.000000000,0.022257552,0.981195433,0.158110883,462,0,56,2460
0.009570446340,1.000000000,0.022655008,0.980859637,0.158165012,462,0,57,2459
0.009611925867,1.000000000,0.023052464,0.980523842,0.158219178,462,0,58,2458
0.009655072377,1.000000000,0.023449921,0.980188046,0.158273381,462,0,59,2457
0.009740490996,1.000000000,0.023847377,0.979852250,0.158327622,462,0,60,2456
0.009752929536,1.000000000,0.024244833,0.979516454,0.158381899,462,0,61,2455
0.009758685173,1.000000000,0.024642289,0.979180658,0.158436214,462,0,62,2454
0.009776684146,1.000000000,0.025039746,0.978844862,0.158490566,462,0,63,2453
0.009829148534,1.000000000,0.025437202,0.978509066,0.158544955,462,0,64,2452
0.009854269898,1.000000000,0.025834658,0.978173271,0.158599382,462,0,65,2451
0.009957273000,1.000000000,0.026232114,0.977837475,0.158653846,462,0,66,2450
0.010020681714,1.000000000,0.026629571,0.977501679,0.158708348,462,0,67,2449
0.010099240338,1.000000000,0.027027027,0.977165883,0.158762887,462,0,68,2448
0.010238735787,1.000000000,0.027424483,0.976830087,0.158817463,462,0,69,2447
0.010249474616,1.000000000,0.027821940,0.976494291,0.158872077,462,0,70,2446
0.010260705522,1.000000000,0.028219396,0.976158496,0.158926729,462,0,71,2445
0.010268334571,1.000000000,0.028616852,0.975822700,0.158981418,462,0,72,2444
0.010370387373,1.000000000,0.029014308,0.975486904,0.159036145,462,0,73,2443
0.010446676390,1.000000000,0.029411765,0.975151108,0.159090909,462,0,74,2442
0.010478795482,1.000000000,0.029809221,0.974815312,0.159145711,462,0,75,2441
0.010479274998,1.000000000,0.030206677,0.974479516,0.159200551,462,0,76,2440
0.010629664110,1.000000000,0.030604134,0.974143721,0.159255429,462,0,77,2439
0.010684708545,1.000000000,0.031001590,0.973807925,0.159310345,462,0,78,2438
0.010773201622,1.000000000,0.031399046,0.973472129,0.159365298,462,0,79,2437
0.010780266790,1.000000000,0.031796502,0.973136333,0.159420290,462,0,80,2436
0.010824346920,1.000000000,0.032193959,0.972800537,0.159475319,462,0,81,2435
0.010833544505,1.000000000,0.032591415,0.972464741,0.159530387,462,0,82,2434
0.010878016557,1.000000000,0.032988871,0.972128946,0.159585492,462,0,83,2433
0.010952379732,1.000000000,0.033386328,0.971793150,0.159640636,462,0,84,2432
0.010954536602,1.000000000,0.033783784,0.971457354,0.159695817,462,0,85,2431
0.010997156511,1.000000000,0.034181240,0.971121558,0.159751037,462,0,86,2430
0.011081947041,1.000000000,0.034578696,0.970785762,0.159806295,462,0,87,2429
0.011136194683,1.000000000,0.034976153,0.970449966,0.159861592,462,0,88,2428
0.011173053243,1.000000000,0.035373609,0.970114171,0.159916926,462,0,89,2427
0.011269951176,1.000000000,0.035771065,0.969778375,0.159972299,462,0,90,2426
0.011299736756,1.000000000,0.036168521,0.969442579,0.160027710,462,0,91,2425
0.011308578483,1.000000000,0.036565978,0.969106783,0.160083160,462,0,92,2424
0.011319106435,1.000000000,0.036963434,0.968770987,0.160138648,462,0,93,2423
0.011401288664,1.000000000,0.037360890,0.968435191,0.160194175,462,0,94,2422
0.011542542570,1.000000000,0.037758347,0.968099396,0.160249740,462,0,95,2421
0.011579916890,1.000000000,0.038155803,0.967763600,0.160305344,462,0,96,2420
0.011591512076,1.000000000,0.038553259,0.967427804,0.160360986,462,0,97,2419
0.011596186023,1.000000000,0.038950715,0.967092008,0.160416667,462,0,98,2418
0.011634385761,1.000000000,0.039348172,0.966756212,0.160472386,462,0,99,2417
0.011702603528,1.000000000,0.039745628,0.966420416,0.160528145,462,0,100,2416
0.011918923051,1.000000000,0.040143084,0.966084621,0.160583942,462,0,101,2415
0.011932290286,1.000000000,0.040540541,0.965748825,0.160639777,462,0,102,2414
0.011991881318,1.000000000,0.040937997,0.965413029,0.160695652,462,0,103,2413
0.012066906404,1.000000000,0.041335453,0.965077233,0.160751566,462,0,104,2412
0.012158396393,1.000000000,0.041732909,0.964741437,0.160807518,462,0,105,2411
0.012186184105,1.000000000,0.042130366,0.964405641,0.160863510,462,0,106,2410
0.012196857532,1.000000000,0.042527822,0.964069846,0.160919540,462,0,107,2409
0.012237302655,1.000000000,0.042925278,0.963734050,0.160975610,462,0,108,2408
0.012283833484,1.000000000,0.043322734,0.963398254,0.161031718,462,0,109,2407
0.012332044632,1.000000000,0.043720191,0.963062458,0.161087866,462,0,110,2406
0.012379966559,1.000000000,0.044117647,0.962726662,0.161144053,462,0,111,2405
0.012429516305,1.000000000,0.044515103,0.962390866,0.161200279,462,0,112,2404
0.012450235247,1.000000000,0.044912560,0.962055071,0.161256545,462,0,113,2403
0.012454933156,1.000000000,0.045310016,0.961719275,0.161312849,462,0,114,2402
0.012458950693,1.000000000,0.045707472,0.961383479,0.161369193,462,0,115,2401
0.012518773310,1.000000000,0.046104928,0.961047683,0.161425577,462,0,116,2400
0.012531128268,1.000000000,0.046502385,0.960711887,0.161481999,462,0,117,2399
0.012613023541,1.000000000,0.046899841,0.960376091,0.161538462,462,0,118,2398
0.012617980890,1.000000000,0.047297297,0.960040296,0.161594963,462,0,119,2397
0.012683956068,1.000000000,0.047694754,0.959704500,0.161651505,462,0,120,2396
0.012715469148,1.000000000,0.048092210,0.959368704,0.161708085,462,0,121,2395
0.012729229126,1.000000000,0.048489666,0.959032908,0.161764706,462,0,122,2394
0.012735291424,1.000000000,0.048887122,0.958697112,0.161821366,462,0,123,2393
0.012778922250,1.000000000,0.049284579,0.958361316,0.161878066,462,0,124,2392
0.012812089798,1.000000000,0.049682035,0.958025520,0.161934805,462,0,125,2391
0.012828742619,1.000000000,0.050079491,0.957689725,0.161991585,462,0,126,2390
0.012845727108,1.000000000,0.050476948,0.957353929,0.162048404,462,0,127,2389
0.013017381279,1.000000000,0.050874404,0.957018133,0.162105263,462,0,128,2388
0.013038702924,1.000000000,0.051271860,0.956682337,0.162162162,462,0,129,2387
0.013076819372,1.000000000,0.051669316,0.956346541,0.162219101,462,0,130,2386
0.013176356194,1.000000000,0.052066773,0.956010745,0.162276080,462,0,131,2385
0.013190219726,1.000000000,0.052464229,0.955674950,0.162333099,462,0,132,2384
0.013251870124,1.000000000,0.052861685,0.955339154,0.162390158,462,0,133,2383
0.013267147055,1.000000000,0.053259141,0.955003358,0.162447257,462,0,134,2382
0.013300416240,1.000000000,0.053656598,0.954667562,0.162504397,462,0,135,2381
0.013362881416,1.000000000,0.054054054,0.954331766,0.162561576,462,0,136,2380
0.013369979880,1.000000000,0.054451510,0.953995970,0.162618796,462,0,137,2379
0.013374312202,1.000000000,0.054848967,0.953660175,0.162676056,462,0,138,2378
0.013382596731,1.000000000,0.055246423,0.953324379,0.162733357,462,0,139,2377
0.013429989118,1.000000000,0.055643879,0.952988583,0.162790698,462,0,140,2376
0.013450729603,1.000000000,0.056041335,0.952652787,0.162848079,462,0,141,2375
0.013606623178,1.000000000,0.056438792,0.952316991,0.162905501,462,0,142,2374
0.013664715660,1.000000000,0.056836248,0.951981195,0.162962963,462,0,143,2373
0.013688855265,1.000000000,0.057233704,0.951645400,0.163020466,462,0,144,2372
0.013698686831,1.000000000,0.057631161,0.951309604,0.163078009,462,0,145,2371
0.013708693726,1.000000000,0.058028617,0.950973808,0.163135593,462,0,146,2370
0.013712831326,1.000000000,0.058426073,0.950638012,0.163193218,462,0,147,2369
0.013760511427,1.000000000,0.058823529,0.950302216,0.163250883,462,0,148,2368
0.013761344530,1.000000000,0.059220986,0.949966420,0.163308590,462,0,149,2367
0.013799095150,1.000000000,0.059618442,0.949630625,0.163366337,462,0,150,2366
0.013808404918,1.000000000,0.060015898,0.949294829,0.163424125,462,0,151,2365
0.013912202491,1.000000000,0.060413355,0.948959033,0.163481953,462,0,152,2364
0.013939481435,1.000000000,0.060810811,0.948623237,0.163539823,462,0,153,2363
0.014003213551,1.000000000,0.061208267,0.948287441,0.163597734,462,0,154,2362
0.014030070898,1.000000000,0.061605723,0.947951645,0.163655685,462,0,155,2361
0.014062785802,1.000000000,0.062003180,0.947615850,0.163713678,462,0,156,2360
0.014093018294,1.000000000,0.062400636,0.947280054,0.163771712,462,0,157,2359
0.014098879457,1.000000000,0.062798092,0.946944258,0.163829787,462,0,158,2358
0.014105148718,1.000000000,0.063195548,0.946608462,0.163887904,462,0,159,2357
0.014109760958,1.000000000,0.063593005,0.946272666,0.163946061,462,0,160,2356
0.014279293481,1.000000000,0.063990461,0.945936870,0.164004260,462,0,161,2355
0.014326752095,1.000000000,0.064387917,0.945601075,0.164062500,462,0,162,2354
0.014352471030,1.000000000,0.064785374,0.945265279,0.164120782,462,0,163,2353
0.014367171947,1.000000000,0.065182830,0.944929483,0.164179104,462,0,164,2352
0.014468202184,1.000000000,0.065580286,0.944593687,0.164237469,462,0,165,2351
0.014481027738,1.000000000,0.065977742,0.944257891,0.164295875,462,0,166,2350
0.014535254325,1.000000000,0.066375199,0.943922095,0.164354322,462,0,167,2349
0.014539162211,1.000000000,0.066772655,0.943586300,0.164412811,462,0,168,2348
0.014539382101,1.000000000,0.067170111,0.943250504,0.164471342,462,0,169,2347
0.014545423925,1.000000000,0.067567568,0.942914708,0.164529915,462,0,170,2346
0.014579266387,1.000000000,0.067965024,0.942578912,0.164588529,462,0,171,2345
0.014593351579,1.000000000,0.068362480,0.942243116,0.164647185,462,0,172,2344
0.014661427229,1.000000000,0.068759936,0.941907320,0.164705882,462,0,173,2343
0.014673454104,1.000000000,0.069157393,0.941571525,0.164764622,462,0,174,2342
0.014686736265,1.000000000,0.069554849,0.941235729,0.164823403,462,0,175,2341
0.014750217941,1.000000000,0.069952305,0.940899933,0.164882227,462,0,176,2340
0.014760593403,1.000000000,0.070349762,0.940564137,0.164941092,462,0,177,2339
0.014778956503,1.000000000,0.070747218,0.940228341,0.165000000,462,0,178,2338
0.014865256132,1.000000000,0.071144674,0.939892545,0.165058950,462,0,179,2337
0.014880889254,1.000000000,0.071542130,0.939556749,0.165117941,462,0,180,2336
0.014886197077,1.000000000,0.071939587,0.939220954,0.165176975,462,0,181,2335
0.014929252401,1.000000000,0.072337043,0.938885158,0.165236052,462,0,182,2334
0.014937867597,1.000000000,0.072734499,0.938549362,0.165295170,462,0,183,2333
0.014957334796,1.000000000,0.073131955,0.938213566,0.165354331,462,0,184,2332
0.014983534736,1.000000000,0.073529412,0.937877770,0.165413534,462,0,185,2331
0.015007333736,1.000000000,0.073926868,0.937541974,0.165472779,462,0,186,2330
0.015032932750,1.000000000,0.074324324,0.937206179,0.165532067,462,0,187,2329
0.015063115619,1.000000000,0.074721781,0.936870383,0.165591398,462,0,188,2328
0.015083247007,1.000000000,0.075119237,0.936534587,0.165650771,462,0,189,2327
0.015115511959,1.000000000,0.075516693,0.936198791,0.165710187,462,0,190,2326
0.015147833202,1.000000000,0.075914149,0.935862995,0.165769645,462,0,191,2325
0.015166342092,1.000000000,0.076311606,0.935527199,0.165829146,462,0,192,2324
0.015172631307,1.000000000,0.076709062,0.935191404,0.165888689,462,0,193,2323
0.015239321402,1.000000000,0.077106518,0.934855608,0.165948276,462,0,194,2322
0.015256302358,1.000000000,0.077503975,0.934519812,0.166007905,462,0,195,2321
0.015264656517,1.000000000,0.077901431,0.934184016,0.166067577,462,0,196,2320
0.015278669357,1.000000000,0.078298887,0.933848220,0.166127292,462,0,197,2319
0.015424556947,1.000000000,0.078696343,0.933512424,0.166187050,462,0,198,2318
0.015472744933,1.000000000,0.079093800,0.933176629,0.166246851,462,0,199,2317
0.015481606205,1.000000000,0.079491256,0.932840833,0.166306695,462,0,200,2316
0.015564978624,1.000000000,0.079888712,0.932505037,0.166366583,462,0,201,2315
0.015581088331,1.000000000,0.080286169,0.932169241,0.166426513,462,0,202,2314
0.015635248958,1.000000000,0.080683625,0.931833445,0.166486486,462,0,203,2313
0.015642310696,1.000000000,0.081081081,0.931497649,0.166546503,462,0,204,2312
0.015666925320,1.000000000,0.081478537,0.931161854,0.166606563,462,0,205,2311
0.015692704207,1.000000000,0.081875994,0.930826058,0.166666667,462,0,206,2310
0.015767605682,1.000000000,0.082273450,0.930490262,0.166726813,462,0,207,2309
0.015830930491,1.000000000,0.082670906,0.930154466,0.166787004,462,0,208,2308
0.015858091899,1.000000000,0.083068362,0.929818670,0.166847237,462,0,209,2307
0.015863688409,1.000000000,0.083465819,0.929482874,0.166907514,462,0,210,2306
0.015916391649,1.000000000,0.083863275,0.929147079,0.166967835,462,0,211,2305
0.016120127512,1.000000000,0.084260731,0.928811283,0.167028200,462,0,212,2304
0.016128731121,1.000000000,0.084658188,0.928475487,0.167088608,462,0,213,2303
0.016158083218,1.000000000,0.085055644,0.928139691,0.167149059,462,0,214,2302
0.016232192266,1.000000000,0.085453100,0.927803895,0.167209555,462,0,215,2301
0.016274350558,1.000000000,0.085850556,0.927468099,0.167270094,462,0,216,2300
0.016282568635,1.000000000,0.086248013,0.927132304,0.167330677,462,0,217,2299
0.016297313977,1.000000000,0.086645469,0.926796508,0.167391304,462,0,218,2298
0.016298609212,1.000000000,0.087042925,0.926460712,0.167451975,462,0,219,2297
0.016306140925,1.000000000,0.087440382,0.926124916,0.167512690,462,0,220,2296
0.016316292864,1.000000000,0.087837838,0.925789120,0.167573449,462,0,221,2295
0.016316328438,1.000000000,0.088235294,0.925453324,0.167634253,462,0,222,2294
0.016368187558,1.000000000,0.088632750,0.925117529,0.167695100,462,0,223,2293
0.016412482180,1.000000000,0.089030207,0.924781733,0.167755991,462,0,224,2292
0.016416465693,1.000000000,0.089427663,0.924445937,0.167816927,462,0,225,2291
0.016508612209,1.000000000,0.089825119,0.924110141,0.167877907,462,0,226,2290
0.016526426791,1.000000000,0.090222576,0.923774345,0.167938931,462,0,227,2289
0.016553840973,1.000000000,0.090620032,0.923438549,0.168000000,462,0,228,2288
0.016556535806,1.000000000,0.091017488,0.923102754,0.168061113,462,0,229,2287
0.016589296866,1.000000000,0.091414944,0.922766958,0.168122271,462,0,230,2286
0.016593713609,1.000000000,0.091812401,0.922431162,0.168183473,462,0,231,2285
0.016671065999,1.000000000,0.092209857,0.922095366,0.168244720,462,0,232,2284
0.016689034345,1.000000000,0.092607313,0.921759570,0.168306011,462,0,233,2283
0.016719137505,1.000000000,0.093004769,0.921423774,0.168367347,462,0,234,2282
0.016724209604,1.000000000,0.093402226,0.921087979,0.168428728,462,0,235,2281
0.016728718983,1.000000000,0.093799682,0.920752183,0.168490153,462,0,236,2280
0.016743255862,1.000000000,0.094197138,0.920416387,0.168551623,462,0,237,2279
0.016758446824,1.000000000,0.094594595,0.920080591,0.168613139,462,0,238,2278
0.016798245506,1.000000000,0.094992051,0.919744795,0.168674699,462,0,239,2277
0.016808019236,1.000000000,0.095389507,0.919408999,0.168736304,462,0,240,2276
0.016859271432,1.000000000,0.095786963,0.919073203,0.168797954,462,0,241,2275
0.016868067470,1.000000000,0.096184420,0.918737408,0.168859649,462,0,242,2274
0.016912587854,1.000000000,0.096581876,0.918401612,0.168921389,462,0,243,2273
0.016997164711,1.000000000,0.096979332,0.918065816,0.168983175,462,0,244,2272
0.017083057127,1.000000000,0.097376789,0.917730020,0.169045005,462,0,245,2271
0.017101118238,1.000000000,0.097774245,0.917394224,0.169106881,462,0,246,2270
0.017137606804,1.000000000,0.098171701,0.917058428,0.169168803,462,0,247,2269
0.017166685510,1.000000000,0.098569157,0.916722633,0.169230769,462,0,248,2268
0.017170548796,1.000000000,0.098966614,0.916386837,0.169292781,462,0,249,2267
0.017178752425,1.000000000,0.099364070,0.916051041,0.169354839,462,0,250,2266
0.017188840013,1.000000000,0.099761526,0.915715245,0.169416942,462,0,251,2265
0.017209380083,1.000000000,0.100158983,0.915379449,0.169479090,462,0,252,2264
0.017218675915,1.000000000,0.100556439,0.915043653,0.169541284,462,0,253,2263
0.017234760810,1.000000000,0.100953895,0.914707858,0.169603524,462,0,254,2262
0.017249706689,1.000000000,0.101351351,0.914372062,0.169665810,462,0,255,2261
0.017273799758,1.000000000,0.101748808,0.914036266,0.169728141,462,0,256,2260
0.017382639103,1.000000000,0.102146264,0.913700470,0.169790518,462,0,257,2259
0.017390046248,1.000000000,0.102543720,0.913364674,0.169852941,462,0,258,2258
0.017487727403,1.000000000,0.102941176,0.913028878,0.169915410,462,0,259,2257
0.017491934568,1.000000000,0.103338633,0.912693083,0.169977925,462,0,260,2256
0.017518835727,1.000000000,0.103736089,0.912357287,0.170040486,462,0,261,2255
0.017570686898,1.000000000,0.104133545,0.912021491,0.170103093,462,0,262,2254
0.017580051733,1.000000000,0.104531002,0.911685695,0.170165746,462,0,263,2253
0.017636423058,1.000000000,0.104928458,0.911349899,0.170228445,462,0,264,2252
0.017638029033,1.000000000,0.105325914,0.911014103,0.170291191,462,0,265,2251
0.017644879848,1.000000000,0.105723370,0.910678308,0.170353982,462,0,266,2250
0.017665160006,1.000000000,0.106120827,0.910342512,0.170416820,462,0,267,2249
0.017675405428,1.000000000,0.106518283,0.910006716,0.170479705,462,0,268,2248
0.017703718931,1.000000000,0.106915739,0.909670920,0.170542636,462,0,269,2247
0.017711608512,1.000000000,0.107313196,0.909335124,0.170605613,462,0,270,2246
0.017814282638,1.000000000,0.107710652,0.908999328,0.170668637,462,0,271,2245
0.017885676689,1.000000000,0.108108108,0.908663533,0.170731707,462,0,272,2244
0.017898061500,1.000000000,0.108505564,0.908327737,0.170794824,462,0,273,2243
0.017972514521,1.000000000,0.108903021,0.907991941,0.170857988,462,0,274,2242
0.018036169643,1.000000000,0.109300477,0.907656145,0.170921199,462,0,275,2241
0.018038352140,1.000000000,0.109697933,0.907320349,0.170984456,462,0,276,2240
0.018042797413,1.000000000,0.110095390,0.906984553,0.171047760,462,0,277,2239
0.018073189307,1.000000000,0.110492846,0.906648758,0.171111111,462,0,278,2238
0.018085343928,1.000000000,0.110890302,0.906312962,0.171174509,462,0,279,2237
0.018139702125,1.000000000,0.111287758,0.905977166,0.171237954,462,0,280,2236
0.018142620161,1.000000000,0.111685215,0.905641370,0.171301446,462,0,281,2235
0.018166837785,1.000000000,0.112082671,0.905305574,0.171364985,462,0,282,2234
0.018188330497,1.000000000,0.112480127,0.904969778,0.171428571,462,0,283,2233
0.018225071594,1.000000000,0.112877583,0.904633983,0.171492205,462,0,284,2232
0.018246739757,1.000000000,0.113275040,0.904298187,0.171555886,462,0,285,2231
0.018282164144,1.000000000,0.113672496,0.903962391,0.171619614,462,0,286,2230
0.018305696242,1.000000000,0.114069952,0.903626595,0.171683389,462,0,287,2229
0.018307277911,1.000000000,0.114467409,0.903290799,0.171747212,462,0,288,2228
0.018315408266,1.000000000,0.114864865,0.902955003,0.171811082,462,0,289,2227
0.018327841128,1.000000000,0.115262321,0.902619208,0.171875000,462,0,290,2226
0.018467954035,1.000000000,0.115659777,0.902283412,0.171938965,462,0,291,2225
0.018490597722,1.000000000,0.116057234,0.901947616,0.172002978,462,0,292,2224
0.018495729526,1.000000000,0.116454690,0.901611820,0.172067039,462,0,293,2223
0.018575609951,1.000000000,0.116852146,0.901276024,0.172131148,462,0,294,2222
0.018591163496,1.000000000,0.117249603,0.900940228,0.172195304,462,0,295,2221
0.018610024950,1.000000000,0.117647059,0.900604433,0.172259508,462,0,296,2220
0.018696512909,1.000000000,0.118044515,0.900268637,0.172323760,462,0,297,2219
0.018697704178,1.000000000,0.118441971,0.899932841,0.172388060,462,0,298,2218
0.018756893542,1.000000000,0.118839428,0.899597045,0.172452408,462,0,299,2217
0.018758152152,1.000000000,0.119236884,0.899261249,0.172516804,462,0,300,2216
0.018798718559,1.000000000,0.119634340,0.898925453,0.172581248,462,0,301,2215
0.018831354487,1.000000000,0.120031797,0.898589657,0.172645740,462,0,302,2214
0.018832344101,1.000000000,0.120429253,0.898253862,0.172710280,462,0,303,2213
0.018839682001,1.000000000,0.120826709,0.897918066,0.172774869,462,0,304,2212
0.018849673672,1.000000000,0.121224165,0.897582270,0.172839506,462,0,305,2211
0.018901309884,1.000000000,0.121621622,0.897246474,0.172904192,462,0,306,2210
0.018955319302,1.000000000,0.122019078,0.896910678,0.172968925,462,0,307,2209
0.018956444526,1.000000000,0.122416534,0.896574882,0.173033708,462,0,308,2208
0.018957104150,1.000000000,0.122813990,0.896239087,0.173098539,462,0,309,2207
0.018964980217,1.000000000,0.123211447,0.895903291,0.173163418,462,0,310,2206
0.018964982530,1.000000000,0.123608903,0.895567495,0.173228346,462,0,311,2205
0.018976096247,1.000000000,0.124006359,0.895231699,0.173293323,462,0,312,2204
0.018996221950,1.000000000,0.124403816,0.894895903,0.173358349,462,0,313,2203
0.019000425101,1.000000000,0.124801272,0.894560107,0.173423423,462,0,314,2202
0.019062320435,1.000000000,0.125198728,0.894224312,0.173488547,462,0,315,2201
0.019098688552,1.000000000,0.125596184,0.893888516,0.173553719,462,0,316,2200
0.019100992595,1.000000000,0.125993641,0.893552720,0.173618940,462,0,317,2199
0.019138781088,1.000000000,0.126391097,0.893216924,0.173684211,462,0,318,2198
0.019144145996,1.000000000,0.126788553,0.892881128,0.173749530,462,0,319,2197
0.019150989725,1.000000000,0.127186010,0.892545332,0.173814898,462,0,320,2196
0.019216115140,1.000000000,0.127583466,0.892209537,0.173880316,462,0,321,2195
0.019250035218,1.000000000,0.127980922,0.891873741,0.173945783,462,0,322,2194
0.019356663918,1.000000000,0.128378378,0.891537945,0.174011299,462,0,323,2193
0.019466928724,1.000000000,0.128775835,0.891202149,0.174076865,462,0,324,2192
0.019505283151,1.000000000,0.129173291,0.890866353,0.174142480,462,0,325,2191
0.019599490503,1.000000000,0.129570747,0.890530557,0.174208145,462,0,326,2190
0.019609008105,1.000000000,0.129968203,0.890194762,0.174273859,462,0,327,2189
0.019626680207,1.000000000,0.130365660,0.889858966,0.174339623,462,0,328,2188
0.019661932636,1.000000000,0.130763116,0.889523170,0.174405436,462,0,329,2187
0.019716931335,1.000000000,0.131160572,0.889187374,0.174471299,462,0,330,2186
0.019723184405,1.000000000,0.131558029,0.888851578,0.174537212,462,0,331,2185
0.019769995912,1.000000000,0.131955485,0.888515782,0.174603175,462,0,332,2184
0.019859021557,1.000000000,0.132352941,0.888179987,0.174669187,462,0,333,2183
0.019935674371,1.000000000,0.132750397,0.887844191,0.174735250,462,0,334,2182
0.020000859720,1.000000000,0.133147854,0.887508395,0.174801362,462,0,335,2181
0.020051946552,1.000000000,0.133545310,0.887172599,0.174867525,462,0,336,2180
0.020058220017,1.000000000,0.133942766,0.886836803,0.174933737,462,0,337,2179
0.020118357226,1.000000000,0.134340223,0.886501007,0.175000000,462,0,338,2178
0.020147073347,1.000000000,0.134737679,0.886165212,0.175066313,462,0,339,2177
0.020211445945,1.000000000,0.135135135,0.885829416,0.175132676,462,0,340,2176
0.020230536364,1.000000000,0.135532591,0.885493620,0.175199090,462,0,341,2175
0.020257198414,1.000000000,0.135930048,0.885157824,0.175265554,462,0,342,2174
0.020325774580,1.000000000,0.136327504,0.884822028,0.175332068,462,0,343,2173
0.020343323135,1.000000000,0.136724960,0.884486232,0.175398633,462,0,344,2172
0.020344983153,1.000000000,0.137122417,0.884150437,0.175465249,462,0,345,2171
0.020427217207,1.000000000,0.137519873,0.883814641,0.175531915,462,0,346,2170
0.020435102591,1.000000000,0.137917329,0.883478845,0.175598632,462,0,347,2169
0.020670636650,1.000000000,0.138314785,0.883143049,0.175665399,462,0,348,2168
0.020677150124,1.000000000,0.138712242,0.882807253,0.175732218,462,0,349,2167
0.020724020956,1.000000000,0.139109698,0.882471457,0.175799087,462,0,350,2166
0.020812601950,1.000000000,0.139507154,0.882135662,0.175866007,462,0,351,2165
0.020883970902,1.000000000,0.139904610,0.881799866,0.175932978,462,0,352,2164
0.020898701207,1.000000000,0.140302067,0.881464070,0.176000000,462,0,353,2163
0.021001029260,1.000000000,0.140699523,0.881128274,0.176067073,462,0,354,2162
0.021035418254,1.000000000,0.141096979,0.880792478,0.176134197,462,0,355,2161
0.021046314785,1.000000000,0.141494436,0.880456682,0.176201373,462,0,356,2160
0.021056868833,1.000000000,0.141891892,0.880120887,0.176268600,462,0,357,2159
0.021100606972,1.000000000,0.142289348,0.879785091,0.176335878,462,0,358,2158
0.021120899809,1.000000000,0.142686804,0.879449295,0.176403207,462,0,359,2157
0.021138004054,1.000000000,0.143084261,0.879113499,0.176470588,462,0,360,2156
0.021150305276,1.000000000,0.143481717,0.878777703,0.176538021,462,0,361,2155
0.021166644419,1.000000000,0.143879173,0.878441907,0.176605505,462,0,362,2154
0.021214063630,1.000000000,0.144276630,0.878106111,0.176673040,462,0,363,2153
0.021223600994,1.000000000,0.144674086,0.877770316,0.176740627,462,0,364,2152
0.021270679674,1.000000000,0.145071542,0.877434520,0.176808266,462,0,365,2151
0.021278521630,1.000000000,0.145468998,0.877098724,0.176875957,462,0,366,2150
0.021291027441,1.000000000,0.145866455,0.876762928,0.176943700,462,0,367,2149
0.021303956000,1.000000000,0.146263911,0.876427132,0.177011494,462,0,368,2148
0.021306182255,1.000000000,0.146661367,0.876091336,0.177079341,462,0,369,2147
0.021333867668,1.000000000,0.147058824,0.875755541,0.177147239,462,0,370,2146
0.021337559405,1.000000000,0.147456280,0.875419745,0.177215190,462,0,371,2145
0.021364932562,1.000000000,0.147853736,0.875083949,0.177283193,462,0,372,2144
0.021498826188,1.000000000,0.148251192,0.874748153,0.177351248,462,0,373,2143
0.021675554222,1.000000000,0.148648649,0.874412357,0.177419355,462,0,374,2142
0.021689491091,1.000000000,0.149046105,0.874076561,0.177487514,462,0,375,2141
0.021702444466,1.000000000,0.149443561,0.873740766,0.177555726,462,0,376,2140
0.021728459758,1.000000000,0.149841017,0.873404970,0.177623991,462,0,377,2139
0.021734158410,1.000000000,0.150238474,0.873069174,0.177692308,462,0,378,2138
0.021750910586,1.000000000,0.150635930,0.872733378,0.177760677,462,0,379,2137
0.021767490279,1.000000000,0.151033386,0.872397582,0.177829099,462,0,380,2136
0.021792916327,1.000000000,0.151430843,0.872061786,0.177897574,462,0,381,2135
0.021813482190,1.000000000,0.151828299,0.871725991,0.177966102,462,0,382,2134
0.021836610044,1.000000000,0.152225755,0.871390195,0.178034682,462,0,383,2133
0.021862291258,1.000000000,0.152623211,0.871054399,0.178103315,462,0,384,2132
0.021868407764,1.000000000,0.153020668,0.870718603,0.178172002,462,0,385,2131
0.021883996627,1.000000000,0.153418124,0.870382807,0.178240741,462,0,386,2130
0.021947153664,1.000000000,0.153815580,0.870047011,0.178309533,462,0,387,2129
0.021959097226,1.000000000,0.154213037,0.869711216,0.178378378,462,0,388,2128
0.021972581804,1.000000000,0.154610493,0.869375420,0.178447277,462,0,389,2127
0.021988515218,1.000000000,0.155007949,0.869039624,0.178516229,462,0,390,2126
0.022033840469,1.000000000,0.155405405,0.868703828,0.178585234,462,0,391,2125
0.022038018940,1.000000000,0.155802862,0.868368032,0.178654292,462,0,392,2124
0.022042260842,1.000000000,0.156200318,0.868032236,0.178723404,462,0,393,2123
0.022044969534,1.000000000,0.156597774,0.867696441,0.178792570,462,0,394,2122
0.022080412265,1.000000000,0.156995231,0.867360645,0.178861789,462,0,395,2121
0.022087141602,1.000000000,0.157392687,0.867024849,0.178931061,462,0,396,2120
0.022097500161,1.000000000,0.157790143,0.866689053,0.179000387,462,0,397,2119
0.022101114670,1.000000000,0.158187599,0.866353257,0.179069767,462,0,398,2118
0.022106390910,1.000000000,0.158585056,0.866017461,0.179139201,462,0,399,2117
0.022189373439,1.000000000,0.158982512,0.865681666,0.179208689,462,0,400,2116
0.022291112507,1.000000000,0.159379968,0.865345870,0.179278231,462,0,401,2115
0.022320826838,1.000000000,0.159777424,0.865010074,0.179347826,462,0,402,2114
0.022324784194,1.000000000,0.160174881,0.864674278,0.179417476,462,0,403,2113
0.022364719502,1.000000000,0.160572337,0.864338482,0.179487179,462,0,404,2112
0.022365264954,1.000000000,0.160969793,0.864002686,0.179556937,462,0,405,2111
0.022365505458,1.000000000,0.161367250,0.863666891,0.179626750,462,0,406,2110
0.022385725359,1.000000000,0.161764706,0.863331095,0.179696616,462,0,407,2109
0.022386107005,1.000000000,0.162162162,0.862995299,0.179766537,462,0,408,2108
0.022390767896,1.000000000,0.162559618,0.862659503,0.179836512,462,0,409,2107
0.022411758754,1.000000000,0.162957075,0.862323707,0.179906542,462,0,410,2106
0.022411927418,1.000000000,0.163354531,0.861987911,0.179976626,462,0,411,2105
0.022421355094,1.000000000,0.163751987,0.861652116,0.180046765,462,0,412,2104
0.022436236970,1.000000000,0.164149444,0.861316320,0.180116959,462,0,413,2103
0.022494151156,1.000000000,0.164546900,0.860980524,0.180187207,462,0,414,2102
0.022521101304,1.000000000,0.164944356,0.860644728,0.180257511,462,0,415,2101
0.022533252494,1.000000000,0.165341812,0.860308932,0.180327869,462,0,416,2100
0.022642428360,1.000000000,0.165739269,0.859973136,0.180398282,462,0,417,2099
0.022704092542,1.000000000,0.166136725,0.859637340,0.180468750,462,0,418,2098
0.022708484621,1.000000000,0.166534181,0.859301545,0.180539273,462,0,419,2097
0.022715182803,1.000000000,0.166931638,0.858965749,0.180609851,462,0,420,2096
0.022738713107,1.000000000,0.167329094,0.858629953,0.180680485,462,0,421,2095
0.022774440453,1.000000000,0.167726550,0.858294157,0.180751174,462,0,422,2094
0.022834022689,1.000000000,0.168124006,0.857958361,0.180821918,462,0,423,2093
0.022856311216,1.000000000,0.168521463,0.857622565,0.180892717,462,0,424,2092
0.022862105470,1.000000000,0.168918919,0.857286770,0.180963572,462,0,425,2091
0.022871313037,1.000000000,0.169316375,0.856950974,0.181034483,462,0,426,2090
0.023026273192,1.000000000,0.169713831,0.856615178,0.181105449,462,0,427,2089
0.023040490142,1.000000000,0.170111288,0.856279382,0.181176471,462,0,428,2088
0.023134404006,1.000000000,0.170508744,0.855943586,0.181247548,462,0,429,2087
0.023157365498,1.000000000,0.170906200,0.855607790,0.181318681,462,0,430,2086
0.023174456817,1.000000000,0.171303657,0.855271995,0.181389870,462,0,431,2085
0.023214294538,1.000000000,0.171701113,0.854936199,0.181461115,462,0,432,2084
0.023264981062,1.000000000,0.172098569,0.854600403,0.181532417,462,0,433,2083
0.023317738836,1.000000000,0.172496025,0.854264607,0.181603774,462,0,434,2082
0.023355233462,1.000000000,0.172893482,0.853928811,0.181675187,462,0,435,2081
0.023356372104,1.000000000,0.173290938,0.853593015,0.181746656,462,0,436,2080
0.023377248024,1.000000000,0.173688394,0.853257220,0.181818182,462,0,437,2079
0.023422514763,1.000000000,0.174085851,0.852921424,0.181889764,462,0,438,2078
0.023518031878,1.000000000,0.174483307,0.852585628,0.181961402,462,0,439,2077
0.023518842854,1.000000000,0.174880763,0.852249832,0.182033097,462,0,440,2076
0.023535239738,1.000000000,0.175278219,0.851914036,0.182104848,462,0,441,2075
0.023562937968,1.000000000,0.175675676,0.851578240,0.182176656,462,0,442,2074
0.023603384301,1.000000000,0.176073132,0.851242445,0.182248521,462,0,443,2073
0.023679788543,1.000000000,0.176470588,0.850906649,0.182320442,462,0,444,2072
0.023696128797,1.000000000,0.176868045,0.850570853,0.182392420,462,0,445,2071
0.023785844783,1.000000000,0.177265501,0.850235057,0.182464455,462,0,446,2070
0.023857711199,1.000000000,0.177662957,0.849899261,0.182536547,462,0,447,2069
0.023872843399,1.000000000,0.178060413,0.849563465,0.182608696,462,0,448,2068
0.023985589523,1.000000000,0.178457870,0.849227670,0.182680902,462,0,449,2067
0.023987710977,1.000000000,0.178855326,0.848891874,0.182753165,462,0,450,2066
0.024050146721,1.000000000,0.179252782,0.848556078,0.182825485,462,0,451,2065
0.024079390152,1.000000000,0.179650238,0.848220282,0.182897862,462,0,452,2064
0.024083961017,1.000000000,0.180047695,0.847884486,0.182970297,462,0,453,2063
0.024088843546,1.000000000,0.180445151,0.847548690,0.183042789,462,0,454,2062
0.024107983675,1.000000000,0.180842607,0.847212895,0.183115339,462,0,455,2061
0.024169650032,1.000000000,0.181240064,0.846877099,0.183187946,462,0,456,2060
0.024335397821,1.000000000,0.181637520,0.846541303,0.183260611,462,0,457,2059
0.024338193817,1.000000000,0.182034976,0.846205507,0.183333333,462,0,458,2058
0.024415736785,1.000000000,0.182432432,0.845869711,0.183406114,462,0,459,2057
0.024417907799,1.000000000,0.182829889,0.845533915,0.183478952,462,0,460,2056
0.024427891533,1.000000000,0.183227345,0.845198120,0.183551847,462,0,461,2055
0.024456517131,1.000000000,0.183624801,0.844862324,0.183624801,462,0,462,2054
0.024477140349,1.000000000,0.184022258,0.844526528,0.183697813,462,0,463,2053
0.024524057745,1.000000000,0.184419714,0.844190732,0.183770883,462,0,464,2052
0.024677719308,1.000000000,0.184817170,0.843854936,0.183844011,462,0,465,2051
0.024723999641,1.000000000,0.185214626,0.843519140,0.183917197,462,0,466,2050
0.024736177380,1.000000000,0.185612083,0.843183345,0.183990442,462,0,467,2049
0.024790543949,1.000000000,0.186009539,0.842847549,0.184063745,462,0,468,2048
0.024812599991,1.000000000,0.186406995,0.842511753,0.184137106,462,0,469,2047
0.024842625957,1.000000000,0.186804452,0.842175957,0.184210526,462,0,470,2046
0.024931495384,1.000000000,0.187201908,0.841840161,0.184284005,462,0,471,2045
0.024955824970,1.000000000,0.187599364,0.841504365,0.184357542,462,0,472,2044
0.024963433405,1.000000000,0.187996820,0.841168570,0.184431138,462,0,473,2043
0.024993667427,1.000000000,0.188394277,0.840832774,0.184504792,462,0,474,2042
0.025027015362,1.000000000,0.188791733,0.840496978,0.184578506,462,0,475,2041
0.025044348625,1.000000000,0.189189189,0.840161182,0.184652278,462,0,476,2040
0.025086970635,1.000000000,0.189586645,0.839825386,0.184726110,462,0,477,2039
0.025092932162,1.000000000,0.189984102,0.839489590,0.184800000,462,0,478,2038
0.025140620062,1.000000000,0.190381558,0.839153794,0.184873950,462,0,479,2037
0.025179565014,1.000000000,0.190779014,0.838817999,0.184947958,462,0,480,2036
0.025259572514,1.000000000,0.191176471,0.838482203,0.185022026,462,0,481,2035
0.025392287604,1.000000000,0.191573927,0.838146407,0.185096154,462,0,482,2034
0.025414079497,1.000000000,0.191971383,0.837810611,0.185170341,462,0,483,2033
0.025433088363,1.000000000,0.192368839,0.837474815,0.185244587,462,0,484,2032
0.025455848379,1.000000000,0.192766296,0.837139019,0.185318893,462,0,485,2031
0.025508432652,1.000000000,0.193163752,0.836803224,0.185393258,462,0,486,2030
0.025527172839,1.000000000,0.193561208,0.836467428,0.185467684,462,0,487,2029
0.025560832148,1.000000000,0.193958665,0.836131632,0.185542169,462,0,488,2028
0.025621462180,1.000000000,0.194356121,0.835795836,0.185616714,462,0,489,2027
0.025655864965,1.000000000,0.194753577,0.835460040,0.185691318,462,0,490,2026
0.025663489969,1.000000000,0.195151033,0.835124244,0.185765983,462,0,491,2025
0.025676817425,1.000000000,0.195548490,0.834788449,0.185840708,462,0,492,2024
0.025702205513,1.000000000,0.195945946,0.834452653,0.185915493,462,0,493,2023
0.025749627268,1.000000000,0.196343402,0.834116857,0.185990338,462,0,494,2022
0.025753569890,1.000000000,0.196740859,0.833781061,0.186065244,462,0,495,2021
0.025809538094,1.000000000,0.197138315,0.833445265,0.186140210,462,0,496,2020
0.025876089360,1.000000000,0.197535771,0.833109469,0.186215236,462,0,497,2019
0.025892321280,1.000000000,0.197933227,0.832773674,0.186290323,462,0,498,2018
0.025911506998,1.000000000,0.198330684,0.832437878,0.186365470,462,0,499,2017
0.025915752661,1.000000000,0.198728140,0.832102082,0.186440678,462,0,500,2016
0.026039099798,1.000000000,0.199125596,0.831766286,0.186515947,462,0,501,2015
0.026045790780,1.000000000,0.199523052,0.831430490,0.186591276,462,0,502,2014
0.026096691127,1.000000000,0.199920509,0.831094694,0.186666667,462,0,503,2013
0.026158384409,1.000000000,0.200317965,0.830758899,0.186742118,462,0,504,2012
0.026194077701,1.000000000,0.200715421,0.830423103,0.186817630,462,0,505,2011
0.026225230986,1.000000000,0.201112878,0.830087307,0.186893204,462,0,506,2010
0.026225466806,1.000000000,0.201510334,0.829751511,0.186968839,462,0,507,2009
0.026363983307,1.000000000,0.201907790,0.829415715,0.187044534,462,0,508,2008
0.026386903567,1.000000000,0.202305246,0.829079919,0.187120292,462,0,509,2007
0.026440819132,1.000000000,0.202702703,0.828744124,0.187196110,462,0,510,2006
0.026466573856,1.000000000,0.203100159,0.828408328,0.187271990,462,0,511,2005
0.026495362670,1.000000000,0.203497615,0.828072532,0.187347932,462,0,512,2004
0.026502044497,1.000000000,0.203895072,0.827736736,0.187423935,462,0,513,2003
0.026522470235,1.000000000,0.204292528,0.827400940,0.187500000,462,0,514,2002
0.026564820949,1.000000000,0.204689984,0.827065144,0.187576127,462,0,515,2001
0.026602289855,1.000000000,0.205087440,0.826729349,0.187652315,462,0,516,2000
0.026645034837,1.000000000,0.205484897,0.826393553,0.187728566,462,0,517,1999
0.026652042441,1.000000000,0.205882353,0.826057757,0.187804878,462,0,518,1998
0.026656639999,1.000000000,0.206279809,0.825721961,0.187881253,462,0,519,1997
0.026663126423,1.000000000,0.206677266,0.825386165,0.187957689,462,0,520,1996
0.026715653221,1.000000000,0.207074722,0.825050369,0.188034188,462,0,521,1995
0.026732755118,1.000000000,0.207472178,0.824714574,0.188110749,462,0,522,1994
0.026819236856,1.000000000,0.207869634,0.824378778,0.188187373,462,0,523,1993
0.026836421480,1.000000000,0.208267091,0.824042982,0.188264059,462,0,524,1992
0.026900030038,1.000000000,0.208664547,0.823707186,0.188340807,462,0,525,1991
0.026974561620,1.000000000,0.209062003,0.823371390,0.188417618,462,0,526,1990
0.027002268395,1.000000000,0.209459459,0.823035594,0.188494492,462,0,527,1989
0.027057730546,1.000000000,0.209856916,0.822699799,0.188571429,462,0,528,1988
0.027068435541,1.000000000,0.210254372,0.822364003,0.188648428,462,0,529,1987
0.027106665944,1.000000000,0.210651828,0.822028207,0.188725490,462,0,530,1986
0.027161571877,1.000000000,0.211049285,0.821692411,0.188802615,462,0,531,1985
0.027241797047,1.000000000,0.211446741,0.821356615,0.188879804,462,0,532,1984
0.027313649170,1.000000000,0.211844197,0.821020819,0.188957055,462,0,533,1983
0.027382953466,1.000000000,0.212241653,0.820685024,0.189034370,462,0,534,1982
0.027391541375,1.000000000,0.212639110,0.820349228,0.189111748,462,0,535,1981
0.027418644306,1.000000000,0.213036566,0.820013432,0.189189189,462,0,536,1980
0.027470872048,1.000000000,0.213434022,0.819677636,0.189266694,462,0,537,1979
0.027496476543,1.000000000,0.213831479,0.819341840,0.189344262,462,0,538,1978
0.027498369296,1.000000000,0.214228935,0.819006044,0.189421894,462,0,539,1977
0.027555764077,1.000000000,0.214626391,0.818670248,0.189499590,462,0,540,1976
0.027571286123,1.000000000,0.215023847,0.818334453,0.189577349,462,0,541,1975
0.027696231952,1.000000000,0.215421304,0.817998657,0.189655172,462,0,542,1974
0.027696455337,1.000000000,0.215818760,0.817662861,0.189733060,462,0,543,1973
0.027717332320,1.000000000,0.216216216,0.817327065,0.189811011,462,0,544,1972
0.027821179907,1.000000000,0.216613672,0.816991269,0.189889026,462,0,545,1971
0.027826431637,1.000000000,0.217011129,0.816655473,0.189967105,462,0,546,1970
0.027867647885,1.000000000,0.217408585,0.816319678,0.190045249,462,0,547,1969
0.027876823303,1.000000000,0.217806041,0.815983882,0.190123457,462,0,548,1968
0.027877616312,1.000000000,0.218203498,0.815648086,0.190201729,462,0,549,1967
0.027905453411,1.000000000,0.218600954,0.815312290,0.190280066,462,0,550,1966
0.027912868322,1.000000000,0.218998410,0.814976494,0.190358467,462,0,551,1965
0.028019435393,1.000000000,0.219395866,0.814640698,0.190436933,462,0,552,1964
0.028045491175,1.000000000,0.219793323,0.814304903,0.190515464,462,0,553,1963
0.028047191013,1.000000000,0.220190779,0.813969107,0.190594059,462,0,554,1962
0.028051376987,1.000000000,0.220588235,0.813633311,0.190672720,462,0,555,1961
0.028099201068,1.000000000,0.220985692,0.813297515,0.190751445,462,0,556,1960
0.028105382267,1.000000000,0.221383148,0.812961719,0.190830235,462,0,557,1959
0.028108997053,1.000000000,0.221780604,0.812625923,0.190909091,462,0,558,1958
0.028156266248,1.000000000,0.222178060,0.812290128,0.190988012,462,0,559,1957
0.028186946103,1.000000000,0.222575517,0.811954332,0.191066998,462,0,560,1956
0.028246958248,1.000000000,0.222972973,0.811618536,0.191146049,462,0,561,1955
0.028307585717,1.000000000,0.223370429,0.811282740,0.191225166,462,0,562,1954
0.028332547680,1.000000000,0.223767886,0.810946944,0.191304348,462,0,563,1953
0.028344820478,1.000000000,0.224165342,0.810611148,0.191383596,462,0,564,1952
0.028396092147,1.000000000,0.224562798,0.810275353,0.191462909,462,0,565,1951
0.028405898442,1.000000000,0.224960254,0.809939557,0.191542289,462,0,566,1950
0.028435222418,1.000000000,0.225357711,0.809603761,0.191621734,462,0,567,1949
0.028461595222,1.000000000,0.225755167,0.809267965,0.191701245,462,0,568,1948
0.028477482701,1.000000000,0.226152623,0.808932169,0.191780822,462,0,569,1947
0.028528636625,1.000000000,0.226550079,0.808596373,0.191860465,462,0,570,1946
0.028559199307,1.000000000,0.226947536,0.808260578,0.191940174,462,0,571,1945
0.028568346200,1.000000000,0.227344992,0.807924782,0.192019950,462,0,572,1944
0.028571840062,1.000000000,0.227742448,0.807588986,0.192099792,462,0,573,1943
0.028615725652,1.000000000,0.228139905,0.807253190,0.192179700,462,0,574,1942
0.028627773556,1.000000000,0.228537361,0.806917394,0.192259675,462,0,575,1941
0.028659494587,1.000000000,0.228934817,0.806581598,0.192339717,462,0,576,1940
0.028680457602,1.000000000,0.229332273,0.806245803,0.192419825,462,0,577,1939
0.028695193916,1.000000000,0.229729730,0.805910007,0.192500000,462,0,578,1938
0.028770512931,1.000000000,0.230127186,0.805574211,0.192580242,462,0,579,1937
0.028771940919,1.000000000,0.230524642,0.805238415,0.192660550,462,0,580,1936
0.028840389261,1.000000000,0.230922099,0.804902619,0.192740926,462,0,581,1935
0.028862378584,1.000000000,0.231319555,0.804566823,0.192821369,462,0,582,1934
0.028862500054,1.000000000,0.231717011,0.804231028,0.192901879,462,0,583,1933
0.028896041328,1.000000000,0.232114467,0.803895232,0.192982456,462,0,584,1932
0.028958580192,1.000000000,0.232511924,0.803559436,0.193063101,462,0,585,1931
0.028986606608,1.000000000,0.232909380,0.803223640,0.193143813,462,0,586,1930
0.028991595228,1.000000000,0.233306836,0.802887844,0.193224592,462,0,587,1929
0.029026967847,1.000000000,0.233704293,0.802552048,0.193305439,462,0,588,1928
0.029034312243,1.000000000,0.234101749,0.802216253,0.193386354,462,0,589,1927
0.029050585645,1.000000000,0.234499205,0.801880457,0.193467337,462,0,590,1926
0.029084300505,1.000000000,0.234896661,0.801544661,0.193548387,462,0,591,1925
0.029161842290,1.000000000,0.235294118,0.801208865,0.193629505,462,0,592,1924
0.029162441973,1.000000000,0.235691574,0.800873069,0.193710692,462,0,593,1923
0.029190104943,1.000000000,0.236089030,0.800537273,0.193791946,462,0,594,1922
0.029310015738,1.000000000,0.236486486,0.800201478,0.193873269,462,0,595,1921
0.029314015269,1.000000000,0.236883943,0.799865682,0.193954660,462,0,596,1920
0.029390876919,1.000000000,0.237281399,0.799529886,0.194036119,462,0,597,1919
0.029401562979,1.000000000,0.237678855,0.799194090,0.194117647,462,0,598,1918
0.029423654804,1.000000000,0.238076312,0.798858294,0.194199243,462,0,599,1917
0.029515275790,1.000000000,0.238473768,0.798522498,0.194280908,462,0,600,1916
0.029527420059,1.000000000,0.238871224,0.798186702,0.194362642,462,0,601,1915
0.029531383780,1.000000000,0.239268680,0.797850907,0.194444444,462,0,602,1914
0.029630826521,1.000000000,0.239666137,0.797515111,0.194526316,462,0,603,1913
0.029655495531,1.000000000,0.240063593,0.797179315,0.194608256,462,0,604,1912
0.029664461527,1.000000000,0.240461049,0.796843519,0.194690265,462,0,605,1911
0.029710173909,1.000000000,0.240858506,0.796507723,0.194772344,462,0,606,1910
0.029720024238,1.000000000,0.241255962,0.796171927,0.194854492,462,0,607,1909
0.029763153723,1.000000000,0.241653418,0.795836132,0.194936709,462,0,608,1908
0.029766491796,1.000000000,0.242050874,0.795500336,0.195018995,462,0,609,1907
0.029815796172,1.000000000,0.242448331,0.795164540,0.195101351,462,0,610,1906
0.029845299134,1.000000000,0.242845787,0.794828744,0.195183777,462,0,611,1905
0.029849194203,1.000000000,0.243243243,0.794492948,0.195266272,462,0,612,1904
0.029849197850,1.000000000,0.243640700,0.794157152,0.195348837,462,0,613,1903
0.029867564957,1.000000000,0.244038156,0.793821357,0.195431472,462,0,614,1902
0.029960282866,1.000000000,0.244435612,0.793485561,0.195514177,462,0,615,1901
0.029962450864,1.000000000,0.244833068,0.793149765,0.195596952,462,0,616,1900
0.030006469875,1.000000000,0.245230525,0.792813969,0.195679797,462,0,617,1899
0.030026699603,1.000000000,0.245627981,0.792478173,0.195762712,462,0,618,1898
0.030037416182,1.000000000,0.246025437,0.792142377,0.195845697,462,0,619,1897
0.030071995574,1.000000000,0.246422893,0.791806582,0.195928753,462,0,620,1896
0.030072218644,1.000000000,0.246820350,0.791470786,0.196011880,462,0,621,1895
0.030075656236,1.000000000,0.247217806,0.791134990,0.196095076,462,0,622,1894
0.030136293074,1.000000000,0.247615262,0.790799194,0.196178344,462,0,623,1893
0.030149406517,1.000000000,0.248012719,0.790463398,0.196261682,462,0,624,1892
0.030149902907,1.000000000,0.248410175,0.790127602,0.196345091,462,0,625,1891
0.030162421698,1.000000000,0.248807631,0.789791807,0.196428571,462,0,626,1890
0.030276629753,1.000000000,0.249205087,0.789456011,0.196512123,462,0,627,1889
0.030353512611,1.000000000,0.249602544,0.789120215,0.196595745,462,0,628,1888
0.030381959309,1.000000000,0.250000000,0.788784419,0.196679438,462,0,629,1887
0.030423741461,1.000000000,0.250397456,0.788448623,0.196763203,462,0,630,1886
0.030476681449,1.000000000,0.250794913,0.788112827,0.196847039,462,0,631,1885
0.030525375352,1.000000000,0.251192369,0.787777032,0.196930946,462,0,632,1884
0.030543099742,1.000000000,0.251589825,0.787441236,0.197014925,462,0,633,1883
0.030581656144,1.000000000,0.251987281,0.787105440,0.197098976,462,0,634,1882
0.030598126277,1.000000000,0.252384738,0.786769644,0.197183099,462,0,635,1881
0.030610464906,1.000000000,0.252782194,0.786433848,0.197267293,462,0,636,1880
0.030663468420,1.000000000,0.253179650,0.786098052,0.197351559,462,0,637,1879
0.030800721567,1.000000000,0.253577107,0.785762257,0.197435897,462,0,638,1878
0.030936033132,1.000000000,0.253974563,0.785426461,0.197520308,462,0,639,1877
0.030987645768,1.000000000,0.254372019,0.785090665,0.197604790,462,0,640,1876
0.031145661142,1.000000000,0.254769475,0.784754869,0.197689345,462,0,641,1875
0.031158950415,1.000000000,0.255166932,0.784419073,0.197773973,462,0,642,1874
0.031163450948,1.000000000,0.255564388,0.784083277,0.197858672,462,0,643,1873
0.031192129544,1.000000000,0.255961844,0.783747482,0.197943445,462,0,644,1872
0.031369307843,1.000000000,0.256359300,0.783411686,0.198028290,462,0,645,1871
0.031483269079,1.000000000,0.256756757,0.783075890,0.198113208,462,0,646,1870
0.031537704418,1.000000000,0.257154213,0.782740094,0.198198198,462,0,647,1869
0.031545583611,1.000000000,0.257551669,0.782404298,0.198283262,462,0,648,1868
0.031560006914,1.000000000,0.257949126,0.782068502,0.198368398,462,0,649,1867
0.031593487789,1.000000000,0.258346582,0.781732707,0.198453608,462,0,650,1866
0.031611914121,1.000000000,0.258744038,0.781396911,0.198538891,462,0,651,1865
0.031624485173,1.000000000,0.259141494,0.781061115,0.198624248,462,0,652,1864
0.031625547551,1.000000000,0.259538951,0.780725319,0.198709677,462,0,653,1863
0.031697944967,1.000000000,0.259936407,0.780389523,0.198795181,462,0,654,1862
0.031708563701,1.000000000,0.260333863,0.780053727,0.198880758,462,0,655,1861
0.031764222175,1.000000000,0.260731320,0.779717931,0.198966408,462,0,656,1860
0.031777428745,1.000000000,0.261128776,0.779382136,0.199052133,462,0,657,1859
0.031784787653,1.000000000,0.261526232,0.779046340,0.199137931,462,0,658,1858
0.031802333478,1.000000000,0.261923688,0.778710544,0.199223803,462,0,659,1857
0.031994194715,1.000000000,0.262321145,0.778374748,0.199309750,462,0,660,1856
0.032057931227,1.000000000,0.262718601,0.778038952,0.199395770,462,0,661,1855
0.032062519431,1.000000000,0.263116057,0.777703156,0.199481865,462,0,662,1854
0.032064310497,1.000000000,0.263513514,0.777367361,0.199568035,462,0,663,1853
0.032164868521,1.000000000,0.263910970,0.777031565,0.199654278,462,0,664,1852
0.032208624524,1.000000000,0.264308426,0.776695769,0.199740597,462,0,665,1851
0.032244399225,1.000000000,0.264705882,0.776359973,0.199826990,462,0,666,1850
0.032272843940,1.000000000,0.265103339,0.776024177,0.199913457,462,0,667,1849
0.032304522120,1.000000000,0.265500795,0.775688381,0.200000000,462,0,668,1848
0.032321703692,1.000000000,0.265898251,0.775352586,0.200086618,462,0,669,1847
0.032348537053,1.000000000,0.266295707,0.775016790,0.200173310,462,0,670,1846
0.032388295907,1.000000000,0.266693164,0.774680994,0.200260078,462,0,671,1845
0.032398381658,1.000000000,0.267090620,0.774345198,0.200346921,462,0,672,1844
0.032451879455,1.000000000,0.267488076,0.774009402,0.200433839,462,0,673,1843
0.032526483212,1.000000000,0.267885533,0.773673606,0.200520833,462,0,674,1842
0.032560706449,1.000000000,0.268282989,0.773337811,0.200607903,462,0,675,1841
0.032761225483,1.000000000,0.268680445,0.773002015,0.200695048,462,0,676,1840
0.032830480728,1.000000000,0.269077901,0.772666219,0.200782269,462,0,677,1839
0.032861190000,1.000000000,0.269475358,0.772330423,0.200869565,462,0,678,1838
0.032895485559,1.000000000,0.269872814,0.771994627,0.200956938,462,0,679,1837
0.033022714083,1.000000000,0.270270270,0.771658831,0.201044386,462,0,680,1836
0.033035403888,1.000000000,0.270667727,0.771323036,0.201131911,462,0,681,1835
0.033116867795,1.000000000,0.271065183,0.770987240,0.201219512,462,0,682,1834
0.033143032123,1.000000000,0.271462639,0.770651444,0.201307190,462,0,683,1833
0.033207780812,1.000000000,0.271860095,0.770315648,0.201394943,462,0,684,1832
0.033213019518,1.000000000,0.272257552,0.769979852,0.201482774,462,0,685,1831
0.033279300059,1.000000000,0.272655008,0.769644056,0.201570681,462,0,686,1830
0.033351633191,1.000000000,0.273052464,0.769308261,0.201658664,462,0,687,1829
0.033392334547,1.000000000,0.273449921,0.768972465,0.201746725,462,0,688,1828
0.033510322468,1.000000000,0.273847377,0.768636669,0.201834862,462,0,689,1827
0.033532543020,1.000000000,0.274244833,0.768300873,0.201923077,462,0,690,1826
0.033536465338,1.000000000,0.274642289,0.767965077,0.202011369,462,0,691,1825
0.033586031339,1.000000000,0.275039746,0.767629281,0.202099738,462,0,692,1824
0.033613044666,1.000000000,0.275437202,0.767293486,0.202188184,462,0,693,1823
0.033628676306,1.000000000,0.275834658,0.766957690,0.202276708,462,0,694,1822
0.033740185197,1.000000000,0.276232114,0.766621894,0.202365309,462,0,695,1821
0.033782322303,1.000000000,0.276629571,0.766286098,0.202453988,462,0,696,1820
0.033797957270,1.000000000,0.277027027,0.765950302,0.202542744,462,0,697,1819
0.033852823963,1.000000000,0.277424483,0.765614506,0.202631579,462,0,698,1818
0.033940176838,1.000000000,0.277821940,0.765278711,0.202720491,462,0,699,1817
0.033957381042,1.000000000,0.278219396,0.764942915,0.202809482,462,0,700,1816
0.033964939704,1.000000000,0.278616852,0.764607119,0.202898551,462,0,701,1815
0.034009249170,1.000000000,0.279014308,0.764271323,0.202987698,462,0,702,1814
0.034013144598,1.000000000,0.279411765,0.763935527,0.203076923,462,0,703,1813
0.034036814667,1.000000000,0.279809221,0.763599731,0.203166227,462,0,704,1812
0.034059245540,1.000000000,0.280206677,0.763263936,0.203255609,462,0,705,1811
0.034152565498,1.000000000,0.280604134,0.762928140,0.203345070,462,0,706,1810
0.034169791236,1.000000000,0.281001590,0.762592344,0.203434610,462,0,707,1809
0.034228522746,1.000000000,0.281399046,0.762256548,0.203524229,462,0,708,1808
0.034237810668,1.000000000,0.281796502,0.761920752,0.203613927,462,0,709,1807
0.034243581351,1.000000000,0.282193959,0.761584956,0.203703704,462,0,710,1806
0.034283482023,1.000000000,0.282591415,0.761249161,0.203793560,462,0,711,1805
0.034301203387,1.000000000,0.282988871,0.760913365,0.203883495,462,0,712,1804
0.034428890547,1.000000000,0.283386328,0.760577569,0.203973510,462,0,713,1803
0.034465782154,1.000000000,0.283783784,0.760241773,0.204063604,462,0,714,1802
0.034511999093,1.000000000,0.284181240,0.759905977,0.204153778,462,0,715,1801
0.034620507816,1.000000000,0.284578696,0.759570181,0.204244032,462,0,716,1800
0.034626407077,1.000000000,0.284976153,0.759234385,0.204334365,462,0,717,1799
0.034657282762,1.000000000,0.285373609,0.758898590,0.204424779,462,0,718,1798
0.034698011982,1.000000000,0.285771065,0.758562794,0.204515272,462,0,719,1797
0.034771333514,1.000000000,0.286168521,0.758226998,0.204605846,462,0,720,1796
0.034822375574,1.000000000,0.286565978,0.757891202,0.204696500,462,0,721,1795
0.034842778374,1.000000000,0.286963434,0.757555406,0.204787234,462,0,722,1794
0.034860302927,1.000000000,0.287360890,0.757219610,0.204878049,462,0,723,1793
0.034863345999,1.000000000,0.287758347,0.756883815,0.204968944,462,0,724,1792
0.034922620396,1.000000000,0.288155803,0.756548019,0.205059920,462,0,725,1791
0.034946689971,1.000000000,0.288553259,0.756212223,0.205150977,462,0,726,1790
0.034946884024,1.000000000,0.288950715,0.755876427,0.205242115,462,0,727,1789
0.034951148051,1.000000000,0.289348172,0.755540631,0.205333333,462,0,728,1788
0.034954113499,1.000000000,0.289745628,0.755204835,0.205424633,462,0,729,1787
0.034996409448,1.000000000,0.290143084,0.754869040,0.205516014,462,0,730,1786
0.035052873084,1.000000000,0.290540541,0.754533244,0.205607477,462,0,731,1785
0.035108444631,1.000000000,0.290937997,0.754197448,0.205699020,462,0,732,1784
0.035204169389,1.000000000,0.291335453,0.753861652,0.205790646,462,0,733,1783
0.035311052433,1.000000000,0.291732909,0.753525856,0.205882353,462,0,734,1782
0.035317769424,1.000000000,0.292130366,0.753190060,0.205974142,462,0,735,1781
0.035358975216,1.000000000,0.292527822,0.752854265,0.206066012,462,0,736,1780
0.035388669366,1.000000000,0.292925278,0.752518469,0.206157965,462,0,737,1779
0.035394317763,1.000000000,0.293322734,0.752182673,0.206250000,462,0,738,1778
0.035478011050,1.000000000,0.293720191,0.751846877,0.206342117,462,0,739,1777
0.035496211496,1.000000000,0.294117647,0.751511081,0.206434316,462,0,740,1776
0.035600162336,1.000000000,0.294515103,0.751175285,0.206526598,462,0,741,1775
0.035634832162,1.000000000,0.294912560,0.750839490,0.206618962,462,0,742,1774
0.035643383642,1.000000000,0.295310016,0.750503694,0.206711409,462,0,743,1773
0.035769329025,1.000000000,0.295707472,0.750167898,0.206803939,462,0,744,1772
0.035809838418,1.000000000,0.296104928,0.749832102,0.206896552,462,0,745,1771
0.036047840964,1.000000000,0.296502385,0.749496306,0.206989247,462,0,746,1770
0.036065579782,1.000000000,0.296899841,0.749160510,0.207082026,462,0,747,1769
0.036074227274,1.000000000,0.297297297,0.748824715,0.207174888,462,0,748,1768
0.036087610247,1.000000000,0.297694754,0.748488919,0.207267833,462,0,749,1767
0.036127595542,1.000000000,0.298092210,0.748153123,0.207360862,462,0,750,1766
0.036267848838,1.000000000,0.298489666,0.747817327,0.207453974,462,0,751,1765
0.036274237204,1.000000000,0.298887122,0.747481531,0.207547170,462,0,752,1764
0.036523268020,1.000000000,0.299284579,0.747145735,0.207640449,462,0,753,1763
0.036756772871,1.000000000,0.299682035,0.746809940,0.207733813,462,0,754,1762
0.036769945602,1.000000000,0.300079491,0.746474144,0.207827260,462,0,755,1761
0.036822088158,1.000000000,0.300476948,0.746138348,0.207920792,462,0,756,1760
0.036869223468,1.000000000,0.300874404,0.745802552,0.208014408,462,0,757,1759
0.036872513670,1.000000000,0.301271860,0.745466756,0.208108108,462,0,758,1758
0.036967058279,1.000000000,0.301669316,0.745130960,0.208201893,462,0,759,1757
0.036996717507,1.000000000,0.302066773,0.744795165,0.208295762,462,0,760,1756
0.037029936555,1.000000000,0.302464229,0.744459369,0.208389716,462,0,761,1755
0.037032854340,1.000000000,0.302861685,0.744123573,0.208483755,462,0,762,1754
0.037048490150,1.000000000,0.303259141,0.743787777,0.208577878,462,0,763,1753
0.037183983132,1.000000000,0.303656598,0.743451981,0.208672087,462,0,764,1752
0.037212413006,1.000000000,0.304054054,0.743116185,0.208766380,462,0,765,1751
0.037235848336,1.000000000,0.304451510,0.742780390,0.208860759,462,0,766,1750
0.037238686553,1.000000000,0.304848967,0.742444594,0.208955224,462,0,767,1749
0.037277800442,1.000000000,0.305246423,0.742108798,0.209049774,462,0,768,1748
0.037287708696,1.000000000,0.305643879,0.741773002,0.209144409,462,0,769,1747
0.037317078369,1.000000000,0.306041335,0.741437206,0.209239130,462,0,770,1746
0.037396667928,1.000000000,0.306438792,0.741101410,0.209333937,462,0,771,1745
0.037425474229,1.000000000,0.306836248,0.740765615,0.209428830,462,0,772,1744
0.037460809323,1.000000000,0.307233704,0.740429819,0.209523810,462,0,773,1743
0.037469398525,1.000000000,0.307631161,0.740094023,0.209618875,462,0,774,1742
0.037479639000,1.000000000,0.308028617,0.739758227,0.209714026,462,0,775,1741
0.037483379878,1.000000000,0.308426073,0.739422431,0.209809264,462,0,776,1740
0.037506077746,1.000000000,0.308823529,0.739086635,0.209904589,462,0,777,1739
0.037520759716,1.000000000,0.309220986,0.738750839,0.210000000,462,0,778,1738
0.037549669361,1.000000000,0.309618442,0.738415044,0.210095498,462,0,779,1737
0.037564225842,1.000000000,0.310015898,0.738079248,0.210191083,462,0,780,1736
0.037571804233,1.000000000,0.310413355,0.737743452,0.210286755,462,0,781,1735
0.037653011389,1.000000000,0.310810811,0.737407656,0.210382514,462,0,782,1734
0.037848072135,1.000000000,0.311208267,0.737071860,0.210478360,462,0,783,1733
0.037966933619,1.000000000,0.311605723,0.736736064,0.210574294,462,0,784,1732
0.038035955640,1.000000000,0.312003180,0.736400269,0.210670315,462,0,785,1731
0.038140428555,1.000000000,0.312400636,0.736064473,0.210766423,462,0,786,1730
0.038183821786,1.000000000,0.312798092,0.735728677,0.210862620,462,0,787,1729
0.038247804665,1.000000000,0.313195548,0.735392881,0.210958904,462,0,788,1728
0.038280638963,1.000000000,0.313593005,0.735057085,0.211055276,462,0,789,1727
0.038383269595,1.000000000,0.313990461,0.734721289,0.211151737,462,0,790,1726
0.038419112211,1.000000000,0.314387917,0.734385494,0.211248285,462,0,791,1725
0.038474775192,1.000000000,0.314785374,0.734049698,0.211344922,462,0,792,1724
0.038478401697,1.000000000,0.315182830,0.733713902,0.211441648,462,0,793,1723
0.038637685241,1.000000000,0.315580286,0.733378106,0.211538462,462,0,794,1722
0.038644592136,1.000000000,0.315977742,0.733042310,0.211635364,462,0,795,1721
0.038671932760,1.000000000,0.316375199,0.732706514,0.211732356,462,0,796,1720
0.038757053039,1.000000000,0.316772655,0.732370719,0.211829436,462,0,797,1719
0.038776665912,1.000000000,0.317170111,0.732034923,0.211926606,462,0,798,1718
0.038817145110,1.000000000,0.317567568,0.731699127,0.212023864,462,0,799,1717
0.038819676473,1.000000000,0.317965024,0.731363331,0.212121212,462,0,800,1716
0.038842632298,1.000000000,0.318362480,0.731027535,0.212218650,462,0,801,1715
0.038948342880,1.000000000,0.318759936,0.730691739,0.212316176,462,0,802,1714
0.038955986605,1.000000000,0.319157393,0.730355944,0.212413793,462,0,803,1713
0.039010659655,1.000000000,0.319554849,0.730020148,0.212511500,462,0,804,1712
0.039019562963,1.000000000,0.319952305,0.729684352,0.212609296,462,0,805,1711
0.039042810218,1.000000000,0.320349762,0.729348556,0.212707182,462,0,806,1710
0.039060781061,1.000000000,0.320747218,0.729012760,0.212805159,462,0,807,1709
0.039105994146,1.000000000,0.321144674,0.728676964,0.212903226,462,0,808,1708
0.039120043534,1.000000000,0.321542130,0.728341169,0.213001383,462,0,809,1707
0.039133387805,1.000000000,0.321939587,0.728005373,0.213099631,462,0,810,1706
0.039136702981,1.000000000,0.322337043,0.727669577,0.213197970,462,0,811,1705
0.039137580982,1.000000000,0.322734499,0.727333781,0.213296399,462,0,812,1704
0.039157189223,1.000000000,0.323131955,0.726997985,0.213394919,462,0,813,1703
0.039189374861,1.000000000,0.323529412,0.726662189,0.213493530,462,0,814,1702
0.039245587037,1.000000000,0.323926868,0.726326394,0.213592233,462,0,815,1701
0.039278025924,1.000000000,0.324324324,0.725990598,0.213691027,462,0,816,1700
0.039281759769,1.000000000,0.324721781,0.725654802,0.213789912,462,0,817,1699
0.039297029230,1.000000000,0.325119237,0.725319006,0.213888889,462,0,818,1698
0.039333414093,1.000000000,0.325516693,0.724983210,0.213987957,462,0,819,1697
0.039337085176,1.000000000,0.325914149,0.724647414,0.214087118,462,0,820,1696
0.039375738488,1.000000000,0.326311606,0.724311619,0.214186370,462,0,821,1695
0.039456578228,1.000000000,0.326709062,0.723975823,0.214285714,462,0,822,1694
0.039673810366,1.000000000,0.327106518,0.723640027,0.214385151,462,0,823,1693
0.039743204691,1.000000000,0.327503975,0.723304231,0.214484680,462,0,824,1692
0.039750749366,1.000000000,0.327901431,0.722968435,0.214584301,462,0,825,1691
0.039858193108,1.000000000,0.328298887,0.722632639,0.214684015,462,0,826,1690
0.039908579800,1.000000000,0.328696343,0.722296844,0.214783821,462,0,827,1689
0.039927314018,1.000000000,0.329093800,0.721961048,0.214883721,462,0,828,1688
0.040154177369,1.000000000,0.329491256,0.721625252,0.214983713,462,0,829,1687
0.040189007504,1.000000000,0.329888712,0.721289456,0.215083799,462,0,830,1686
0.040195199484,1.000000000,0.330286169,0.720953660,0.215183978,462,0,831,1685
0.040251878762,1.000000000,0.330683625,0.720617864,0.215284250,462,0,832,1684
0.040254354013,1.000000000,0.331081081,0.720282069,0.215384615,462,0,833,1683
0.040284486513,1.000000000,0.331478537,0.719946273,0.215485075,462,0,834,1682
0.040297362733,1.000000000,0.331875994,0.719610477,0.215585628,462,0,835,1681
0.040316287664,1.000000000,0.332273450,0.719274681,0.215686275,462,0,836,1680
0.040339722695,1.000000000,0.332670906,0.718938885,0.215787015,462,0,837,1679
0.040342929787,1.000000000,0.333068362,0.718603089,0.215887850,462,0,838,1678
0.040356020975,1.000000000,0.333465819,0.718267293,0.215988780,462,0,839,1677
0.040360899637,1.000000000,0.333863275,0.717931498,0.216089804,462,0,840,1676
0.040374717892,1.000000000,0.334260731,0.717595702,0.216190922,462,0,841,1675
0.040378044350,1.000000000,0.334658188,0.717259906,0.216292135,462,0,842,1674
0.040418833135,1.000000000,0.335055644,0.716924110,0.216393443,462,0,843,1673
0.040421003711,1.000000000,0.335453100,0.716588314,0.216494845,462,0,844,1672
0.040426039224,1.000000000,0.335850556,0.716252518,0.216596343,462,0,845,1671
0.040477928619,1.000000000,0.336248013,0.715916723,0.216697936,462,0,846,1670
0.040489195854,1.000000000,0.336645469,0.715580927,0.216799625,462,0,847,1669
0.040506808697,1.000000000,0.337042925,0.715245131,0.216901408,462,0,848,1668
0.040513186648,1.000000000,0.337440382,0.714909335,0.217003288,462,0,849,1667
0.040569760512,1.000000000,0.337837838,0.714573539,0.217105263,462,0,850,1666
0.040588895864,1.000000000,0.338235294,0.714237743,0.217207334,462,0,851,1665
0.040599612726,1.000000000,0.338632750,0.713901948,0.217309501,462,0,852,1664
0.040601576367,1.000000000,0.339030207,0.713566152,0.217411765,462,0,853,1663
0.040649311526,1.000000000,0.339427663,0.713230356,0.217514124,462,0,854,1662
0.040651788888,1.000000000,0.339825119,0.712894560,0.217616580,462,0,855,1661
0.040661529835,1.000000000,0.340222576,0.712558764,0.217719133,462,0,856,1660
0.040670803342,1.000000000,0.340620032,0.712222968,0.217821782,462,0,857,1659
0.040681124204,1.000000000,0.341017488,0.711887173,0.217924528,462,0,858,1658
0.040694315170,1.000000000,0.341414944,0.711551377,0.218027371,462,0,859,1657
0.040701425542,1.000000000,0.341812401,0.711215581,0.218130312,462,0,860,1656
0.040793787290,1.000000000,0.342209857,0.710879785,0.218233349,462,0,861,1655
0.040827719043,1.000000000,0.342607313,0.710543989,0.218336484,462,0,862,1654
0.040899666939,1.000000000,0.343004769,0.710208193,0.218439716,462,0,863,1653
0.040961499156,1.000000000,0.343402226,0.709872398,0.218543046,462,0,864,1652
0.040961715141,1.000000000,0.343799682,0.709536602,0.218646474,462,0,865,1651
0.041007354204,1.000000000,0.344197138,0.709200806,0.218750000,462,0,866,1650
0.041152311179,1.000000000,0.344594595,0.708865010,0.218853624,462,0,867,1649
0.041164433009,1.000000000,0.344992051,0.708529214,0.218957346,462,0,868,1648
0.041165893100,1.000000000,0.345389507,0.708193418,0.219061166,462,0,869,1647
0.041214597988,1.000000000,0.345786963,0.707857623,0.219165085,462,0,870,1646
0.041225301374,1.000000000,0.346184420,0.707521827,0.219269103,462,0,871,1645
0.041264391433,1.000000000,0.346581876,0.707186031,0.219373219,462,0,872,1644
0.041277626192,1.000000000,0.346979332,0.706850235,0.219477435,462,0,873,1643
0.041353311511,1.000000000,0.347376789,0.706514439,0.219581749,462,0,874,1642
0.041446620582,1.000000000,0.347774245,0.706178643,0.219686163,462,0,875,1641
0.041452127445,1.000000000,0.348171701,0.705842848,0.219790676,462,0,876,1640
0.041496194297,1.000000000,0.348569157,0.705507052,0.219895288,462,0,877,1639
0.041548035271,1.000000000,0.348966614,0.705171256,0.220000000,462,0,878,1638
0.041562723357,1.000000000,0.349364070,0.704835460,0.220104812,462,0,879,1637
0.041675759057,1.000000000,0.349761526,0.704499664,0.220209724,462,0,880,1636
0.041755508573,1.000000000,0.350158983,0.704163868,0.220314735,462,0,881,1635
0.041756628116,1.000000000,0.350556439,0.703828073,0.220419847,462,0,882,1634
0.041757438739,1.000000000,0.350953895,0.703492277,0.220525060,462,0,883,1633
0.041814622901,1.000000000,0.351351351,0.703156481,0.220630372,462,0,884,1632
0.041887006320,1.000000000,0.351748808,0.702820685,0.220735786,462,0,885,1631
0.041897829003,1.000000000,0.352146264,0.702484889,0.220841300,462,0,886,1630
0.041909638885,1.000000000,0.352543720,0.702149093,0.220946915,462,0,887,1629
0.041977945671,1.000000000,0.352941176,0.701813298,0.221052632,462,0,888,1628
0.041984099469,1.000000000,0.353338633,0.701477502,0.221158449,462,0,889,1627
0.042040133240,1.000000000,0.353736089,0.701141706,0.221264368,462,0,890,1626
0.042056499204,1.000000000,0.354133545,0.700805910,0.221370388,462,0,891,1625
0.042080825280,1.000000000,0.354531002,0.700470114,0.221476510,462,0,892,1624
0.042084102908,1.000000000,0.354928458,0.700134318,0.221582734,462,0,893,1623
0.042085454139,1.000000000,0.355325914,0.699798522,0.221689060,462,0,894,1622
0.042146500625,1.000000000,0.355723370,0.699462727,0.221795487,462,0,895,1621
0.042226506902,1.000000000,0.356120827,0.699126931,0.221902017,462,0,896,1620
0.042411722348,1.000000000,0.356518283,0.698791135,0.222008650,462,0,897,1619
0.042465598799,1.000000000,0.356915739,0.698455339,0.222115385,462,0,898,1618
0.042522801629,1.000000000,0.357313196,0.698119543,0.222222222,462,0,899,1617
0.042626766641,1.000000000,0.357710652,0.697783747,0.222329163,462,0,900,1616
0.042679771763,1.000000000,0.358108108,0.697447952,0.222436206,462,0,901,1615
0.042706693680,1.000000000,0.358505564,0.697112156,0.222543353,462,0,902,1614
0.042712866215,1.000000000,0.358903021,0.696776360,0.222650602,462,0,903,1613
0.042719273645,1.000000000,0.359300477,0.696440564,0.222757956,462,0,904,1612
0.042741123647,1.000000000,0.359697933,0.696104768,0.222865412,462,0,905,1611
0.042746830923,1.000000000,0.360095390,0.695768972,0.222972973,462,0,906,1610
0.042785957989,1.000000000,0.360492846,0.695433177,0.223080637,462,0,907,1609
0.042812472523,1.000000000,0.360890302,0.695097381,0.223188406,462,0,908,1608
0.042825118778,1.000000000,0.361287758,0.694761585,0.223296278,462,0,909,1607
0.042944597662,1.000000000,0.361685215,0.694425789,0.223404255,462,0,910,1606
0.042945815726,1.000000000,0.362082671,0.694089993,0.223512337,462,0,911,1605
0.043012822902,1.000000000,0.362480127,0.693754197,0.223620523,462,0,912,1604
0.043013531547,1.000000000,0.362877583,0.693418402,0.223728814,462,0,913,1603
0.043016151953,1.000000000,0.363275040,0.693082606,0.223837209,462,0,914,1602
0.043022008089,1.000000000,0.363672496,0.692746810,0.223945710,462,0,915,1601
0.043091481922,1.000000000,0.364069952,0.692411014,0.224054316,462,0,916,1600
0.043193785851,1.000000000,0.364467409,0.692075218,0.224163028,462,0,917,1599
0.043210924254,1.000000000,0.364864865,0.691739422,0.224271845,462,0,918,1598
0.043219819383,1.000000000,0.365262321,0.691403627,0.224380767,462,0,919,1597
0.043266074871,1.000000000,0.365659777,0.691067831,0.224489796,462,0,920,1596
0.043277141203,1.000000000,0.366057234,0.690732035,0.224598930,462,0,921,1595
0.043299271803,1.000000000,0.366454690,0.690396239,0.224708171,462,0,922,1594
0.043357156566,1.000000000,0.366852146,0.690060443,0.224817518,462,0,923,1593
0.043496112732,1.000000000,0.367249603,0.689724647,0.224926972,462,0,924,1592
0.043579594075,1.000000000,0.367647059,0.689388852,0.225036532,462,0,925,1591
0.043619635429,1.000000000,0.368044515,0.689053056,0.225146199,462,0,926,1590
0.043779277396,1.000000000,0.368441971,0.688717260,0.225255973,462,0,927,1589
0.043838117063,1.000000000,0.368839428,0.688381464,0.225365854,462,0,928,1588
0.043862386219,1.000000000,0.369236884,0.688045668,0.225475842,462,0,929,1587
0.043895996606,1.000000000,0.369634340,0.687709872,0.225585938,462,0,930,1586
0.043902508279,1.000000000,0.370031797,0.687374077,0.225696141,462,0,931,1585
0.043975668901,1.000000000,0.370429253,0.687038281,0.225806452,462,0,932,1584
0.044129983856,1.000000000,0.370826709,0.686702485,0.225916870,462,0,933,1583
0.044130339898,1.000000000,0.371224165,0.686366689,0.226027397,462,0,934,1582
0.044140218453,1.000000000,0.371621622,0.686030893,0.226138032,462,0,935,1581
0.044147176448,1.000000000,0.372019078,0.685695097,0.226248776,462,0,936,1580
0.044156708303,1.000000000,0.372416534,0.685359302,0.226359628,462,0,937,1579
0.044172036883,1.000000000,0.372813990,0.685023506,0.226470588,462,0,938,1578
0.044192873972,1.000000000,0.373211447,0.684687710,0.226581658,462,0,939,1577
0.044250197596,1.000000000,0.373608903,0.684351914,0.226692836,462,0,940,1576
0.044252578378,1.000000000,0.374006359,0.684016118,0.226804124,462,0,941,1575
0.044261565322,1.000000000,0.374403816,0.683680322,0.226915521,462,0,942,1574
0.044279948461,1.000000000,0.374801272,0.683344527,0.227027027,462,0,943,1573
0.044280047066,1.000000000,0.375198728,0.683008731,0.227138643,462,0,944,1572
0.044327564161,1.000000000,0.375596184,0.682672935,0.227250369,462,0,945,1571
0.044336413843,1.000000000,0.375993641,0.682337139,0.227362205,462,0,946,1570
0.044377951170,1.000000000,0.376391097,0.682001343,0.227474151,462,0,947,1569
0.044382321405,1.000000000,0.376788553,0.681665547,0.227586207,462,0,948,1568
0.044440613186,1.000000000,0.377186010,0.681329752,0.227698374,462,0,949,1567
0.044467862212,1.000000000,0.377583466,0.680993956,0.227810651,462,0,950,1566
0.044512595609,1.000000000,0.377980922,0.680658160,0.227923039,462,0,951,1565
0.044559060318,1.000000000,0.378378378,0.680322364,0.228035538,462,0,952,1564
0.044593379501,1.000000000,0.378775835,0.679986568,0.228148148,462,0,953,1563
0.044626299794,1.000000000,0.379173291,0.679650772,0.228260870,462,0,954,1562
0.044629530182,1.000000000,0.379570747,0.679314976,0.228373702,462,0,955,1561
0.044689526413,1.000000000,0.379968203,0.678979181,0.228486647,462,0,956,1560
0.044708625473,1.000000000,0.380365660,0.678643385,0.228599703,462,0,957,1559
0.044736241741,1.000000000,0.380763116,0.678307589,0.228712871,462,0,958,1558
0.044761795698,1.000000000,0.381160572,0.677971793,0.228826152,462,0,959,1557
0.044785047537,1.000000000,0.381558029,0.677635997,0.228939544,462,0,960,1556
0.044801618806,1.000000000,0.381955485,0.677300201,0.229053049,462,0,961,1555
0.044807116152,1.000000000,0.382352941,0.676964406,0.229166667,462,0,962,1554
0.044962826922,1.000000000,0.382750397,0.676628610,0.229280397,462,0,963,1553
0.045018006010,1.000000000,0.383147854,0.676292814,0.229394240,462,0,964,1552
0.045215200448,1.000000000,0.383545310,0.675957018,0.229508197,462,0,965,1551
0.045270497470,1.000000000,0.383942766,0.675621222,0.229622266,462,0,966,1550
0.045359640039,1.000000000,0.384340223,0.675285426,0.229736450,462,0,967,1549
0.045387136120,1.000000000,0.384737679,0.674949631,0.229850746,462,0,968,1548
0.045433265483,1.000000000,0.385135135,0.674613835,0.229965157,462,0,969,1547
0.045536606575,1.000000000,0.385532591,0.674278039,0.230079681,462,0,970,1546
0.045569417843,1.000000000,0.385930048,0.673942243,0.230194320,462,0,971,1545
0.045608794339,1.000000000,0.386327504,0.673606447,0.230309073,462,0,972,1544
0.045622611656,1.000000000,0.386724960,0.673270651,0.230423940,462,0,973,1543
0.045697691377,1.000000000,0.387122417,0.672934856,0.230538922,462,0,974,1542
0.045716731640,1.000000000,0.387519873,0.672599060,0.230654019,462,0,975,1541
0.045790601383,1.000000000,0.387917329,0.672263264,0.230769231,462,0,976,1540
0.045896886406,1.000000000,0.388314785,0.671927468,0.230884558,462,0,977,1539
0.045911352160,1.000000000,0.388712242,0.671591672,0.231000000,462,0,978,1538
0.045960271064,1.000000000,0.389109698,0.671255876,0.231115558,462,0,979,1537
0.045991923943,1.000000000,0.389507154,0.670920081,0.231231231,462,0,980,1536
0.046052077158,1.000000000,0.389904610,0.670584285,0.231347021,462,0,981,1535
0.046180709752,1.000000000,0.390302067,0.670248489,0.231462926,462,0,982,1534
0.046265799274,1.000000000,0.390699523,0.669912693,0.231578947,462,0,983,1533
0.046272588785,1.000000000,0.391096979,0.669576897,0.231695085,462,0,984,1532
0.046286332710,1.000000000,0.391494436,0.669241101,0.231811340,462,0,985,1531
0.046288918597,1.000000000,0.391891892,0.668905306,0.231927711,462,0,986,1530
0.046334205440,1.000000000,0.392289348,0.668569510,0.232044199,462,0,987,1529
0.046379412724,1.000000000,0.392686804,0.668233714,0.232160804,462,0,988,1528
0.046409585617,1.000000000,0.393084261,0.667897918,0.232277526,462,0,989,1527
0.046496561022,1.000000000,0.393481717,0.667562122,0.232394366,462,0,990,1526
0.046498073111,1.000000000,0.393879173,0.667226326,0.232511324,462,0,991,1525
0.046517343437,1.000000000,0.394276630,0.666890531,0.232628399,462,0,992,1524
0.046532054725,1.000000000,0.394674086,0.666554735,0.232745592,462,0,993,1523
0.046602071887,1.000000000,0.395071542,0.666218939,0.232862903,462,0,994,1522
0.046681275303,1.000000000,0.395468998,0.665883143,0.232980333,462,0,995,1521
0.046720320962,1.000000000,0.395866455,0.665547347,0.233097881,462,0,996,1520
0.046726658666,1.000000000,0.396263911,0.665211551,0.233215548,462,0,997,1519
0.046742208989,1.000000000,0.396661367,0.664875756,0.233333333,462,0,998,1518
0.046743504163,1.000000000,0.397058824,0.664539960,0.233451238,462,0,999,1517
0.046767199391,1.000000000,0.397456280,0.664204164,0.233569262,462,0,1000,1516
0.046806401301,1.000000000,0.397853736,0.663868368,0.233687405,462,0,1001,1515
0.046826393106,1.000000000,0.398251192,0.663532572,0.233805668,462,0,1002,1514
0.046882662892,1.000000000,0.398648649,0.663196776,0.233924051,462,0,1003,1513
0.046996436746,1.000000000,0.399046105,0.662860981,0.234042553,462,0,1004,1512
0.047063017990,1.000000000,0.399443561,0.662525185,0.234161176,462,0,1005,1511
0.047174633936,1.000000000,0.399841017,0.662189389,0.234279919,462,0,1006,1510
0.047182798524,1.000000000,0.400238474,0.661853593,0.234398782,462,0,1007,1509
0.047218808481,1.000000000,0.400635930,0.661517797,0.234517766,462,0,1008,1508
0.047265767744,1.000000000,0.401033386,0.661182001,0.234636872,462,0,1009,1507
0.047415640121,1.000000000,0.401430843,0.660846206,0.234756098,462,0,1010,1506
0.047434808418,1.000000000,0.401828299,0.660510410,0.234875445,462,0,1011,1505
0.047437143656,1.000000000,0.402225755,0.660174614,0.234994914,462,0,1012,1504
0.047529433369,1.000000000,0.402623211,0.659838818,0.235114504,462,0,1013,1503
0.047684082650,1.000000000,0.403020668,0.659503022,0.235234216,462,0,1014,1502
0.047785785849,1.000000000,0.403418124,0.659167226,0.235354050,462,0,1015,1501
0.047796192134,1.000000000,0.403815580,0.658831430,0.235474006,462,0,1016,1500
0.047828088089,1.000000000,0.404213037,0.658495635,0.235594085,462,0,1017,1499
0.047836630436,1.000000000,0.404610493,0.658159839,0.235714286,462,0,1018,1498
0.047972636413,1.000000000,0.405007949,0.657824043,0.235834609,462,0,1019,1497
0.048049280489,1.000000000,0.405405405,0.657488247,0.235955056,462,0,1020,1496
0.048144950125,1.000000000,0.405802862,0.657152451,0.236075626,462,0,1021,1495
0.048158346617,1.000000000,0.406200318,0.656816655,0.236196319,462,0,1022,1494
0.048268046517,1.000000000,0.406597774,0.656480860,0.236317136,462,0,1023,1493
0.048290375053,1.000000000,0.406995231,0.656145064,0.236438076,462,0,1024,1492
0.048324701843,1.000000000,0.407392687,0.655809268,0.236559140,462,0,1025,1491
0.048346334832,1.000000000,0.407790143,0.655473472,0.236680328,462,0,1026,1490
0.048359304953,1.000000000,0.408187599,0.655137676,0.236801640,462,0,1027,1489
0.048369945462,1.000000000,0.408585056,0.654801880,0.236923077,462,0,1028,1488
0.048382620157,1.000000000,0.408982512,0.654466085,0.237044638,462,0,1029,1487
0.048388226665,1.000000000,0.409379968,0.654130289,0.237166324,462,0,1030,1486
0.048426513194,1.000000000,0.409777424,0.653794493,0.237288136,462,0,1031,1485
0.048484445157,1.000000000,0.410174881,0.653458697,0.237410072,462,0,1032,1484
0.048552113858,1.000000000,0.410572337,0.653122901,0.237532134,462,0,1033,1483
0.048605520056,1.000000000,0.410969793,0.652787105,0.237654321,462,0,1034,1482
0.048608411220,1.000000000,0.411367250,0.652451310,0.237776634,462,0,1035,1481
0.048628813328,1.000000000,0.411764706,0.652115514,0.237899073,462,0,1036,1480
0.048653766121,1.000000000,0.412162162,0.651779718,0.238021638,462,0,1037,1479
0.048678441515,1.000000000,0.412559618,0.651443922,0.238144330,462,0,1038,1478
0.048760999781,1.000000000,0.412957075,0.651108126,0.238267148,462,0,1039,1477
0.048942692205,1.000000000,0.413354531,0.650772330,0.238390093,462,0,1040,1476
0.048955671549,1.000000000,0.413751987,0.650436535,0.238513165,462,0,1041,1475
0.049010985842,1.000000000,0.414149444,0.650100739,0.238636364,462,0,1042,1474
0.049233031556,1.000000000,0.414546900,0.649764943,0.238759690,462,0,1043,1473
0.049243913323,1.000000000,0.414944356,0.649429147,0.238883144,462,0,1044,1472
0.049244837136,1.000000000,0.415341812,0.649093351,0.239006725,462,0,1045,1471
0.049253550072,1.000000000,0.415739269,0.648757555,0.239130435,462,0,1046,1470
0.049266137510,1.000000000,0.416136725,0.648421760,0.239254272,462,0,1047,1469
0.049275166189,1.000000000,0.416534181,0.648085964,0.239378238,462,0,1048,1468
0.049332462665,1.000000000,0.416931638,0.647750168,0.239502333,462,0,1049,1467
0.049355903047,1.000000000,0.417329094,0.647414372,0.239626556,462,0,1050,1466
0.049371244915,1.000000000,0.417726550,0.647078576,0.239750908,462,0,1051,1465
0.049383018065,1.000000000,0.418124006,0.646742780,0.239875389,462,0,1052,1464
0.049604037422,1.000000000,0.418521463,0.646406985,0.240000000,462,0,1053,1463
0.049604834342,1.000000000,0.418918919,0.646071189,0.240124740,462,0,1054,1462
0.049779735635,1.000000000,0.419316375,0.645735393,0.240249610,462,0,1055,1461
0.049799044527,1.000000000,0.419713831,0.645399597,0.240374610,462,0,1056,1460
0.049814914441,1.000000000,0.420111288,0.645063801,0.240499740,462,0,1057,1459
0.049830071723,1.000000000,0.420508744,0.644728005,0.240625000,462,0,1058,1458
0.049854747282,1.000000000,0.420906200,0.644392210,0.240750391,462,0,1059,1457
0.049860105343,1.000000000,0.421303657,0.644056414,0.240875912,462,0,1060,1456
0.049871775254,1.000000000,0.421701113,0.643720618,0.241001565,462,0,1061,1455
0.049913125762,1.000000000,0.422098569,0.643384822,0.241127349,462,0,1062,1454
0.049918553392,1.000000000,0.422496025,0.643049026,0.241253264,462,0,1063,1453
0.049999131372,1.000000000,0.422893482,0.642713230,0.241379310,462,0,1064,1452
0.050047601883,1.000000000,0.423290938,0.642377435,0.241505489,462,0,1065,1451
0.050101822174,1.000000000,0.423688394,0.642041639,0.241631799,462,0,1066,1450
0.050161886561,1.000000000,0.424085851,0.641705843,0.241758242,462,0,1067,1449
0.050287089324,1.000000000,0.424483307,0.641370047,0.241884817,462,0,1068,1448
0.050314824782,1.000000000,0.424880763,0.641034251,0.242011524,462,0,1069,1447
0.050342371922,1.000000000,0.425278219,0.640698455,0.242138365,462,0,1070,1446
0.050358816006,1.000000000,0.425675676,0.640362660,0.242265338,462,0,1071,1445
0.050371735991,1.000000000,0.426073132,0.640026864,0.242392445,462,0,1072,1444
0.050386589782,1.000000000,0.426470588,0.639691068,0.242519685,462,0,1073,1443
0.050486692694,1.000000000,0.426868045,0.639355272,0.242647059,462,0,1074,1442
0.050546178388,1.000000000,0.427265501,0.639019476,0.242774566,462,0,1075,1441
0.050613814063,1.000000000,0.427662957,0.638683680,0.242902208,462,0,1076,1440
0.050678400568,1.000000000,0.428060413,0.638347884,0.243029984,462,0,1077,1439
0.050695507081,1.000000000,0.428457870,0.638012089,0.243157895,462,0,1078,1438
0.050696385582,1.000000000,0.428855326,0.637676293,0.243285940,462,0,1079,1437
0.050816848103,1.000000000,0.429252782,0.637340497,0.243414120,462,0,1080,1436
0.050877952944,1.000000000,0.429650238,0.637004701,0.243542435,462,0,1081,1435
0.050884224790,1.000000000,0.430047695,0.636668905,0.243670886,462,0,1082,1434
0.050914497109,1.000000000,0.430445151,0.636333109,0.243799472,462,0,1083,1433
0.051100365686,1.000000000,0.430842607,0.635997314,0.243928194,462,0,1084,1432
0.051130250404,1.000000000,0.431240064,0.635661518,0.244057052,462,0,1085,1431
0.051142865104,1.000000000,0.431637520,0.635325722,0.244186047,462,0,1086,1430
0.051221380528,1.000000000,0.432034976,0.634989926,0.244315177,462,0,1087,1429
0.051277948902,1.000000000,0.432432432,0.634654130,0.244444444,462,0,1088,1428
0.051284647527,1.000000000,0.432829889,0.634318334,0.244573849,462,0,1089,1427
0.051291338535,1.000000000,0.433227345,0.633982539,0.244703390,462,0,1090,1426
0.051314275784,1.000000000,0.433624801,0.633646743,0.244833068,462,0,1091,1425
0.051333596771,1.000000000,0.434022258,0.633310947,0.244962884,462,0,1092,1424
0.051353595337,1.000000000,0.434419714,0.632975151,0.245092838,462,0,1093,1423
0.051399977243,1.000000000,0.434817170,0.632639355,0.245222930,462,0,1094,1422
0.051405529921,1.000000000,0.435214626,0.632303559,0.245353160,462,0,1095,1421
0.051596100935,1.000000000,0.435612083,0.631967764,0.245483528,462,0,1096,1420
0.051829293546,1.000000000,0.436009539,0.631631968,0.245614035,462,0,1097,1419
0.051858174817,1.000000000,0.436406995,0.631296172,0.245744681,462,0,1098,1418
0.051998378819,1.000000000,0.436804452,0.630960376,0.245875466,462,0,1099,1417
0.052046535207,1.000000000,0.437201908,0.630624580,0.246006390,462,0,1100,1416
0.052097835301,1.000000000,0.437599364,0.630288784,0.246137453,462,0,1101,1415
0.052108721760,1.000000000,0.437996820,0.629952989,0.246268657,462,0,1102,1414
0.052112432801,1.000000000,0.438394277,0.629617193,0.246400000,462,0,1103,1413
0.052146551602,1.000000000,0.438791733,0.629281397,0.246531483,462,0,1104,1412
0.052209737936,1.000000000,0.439189189,0.628945601,0.246663107,462,0,1105,1411
0.052232423729,1.000000000,0.439586645,0.628609805,0.246794872,462,0,1106,1410
0.052409005804,1.000000000,0.439984102,0.628274009,0.246926777,462,0,1107,1409
0.052616388275,1.000000000,0.440381558,0.627938214,0.247058824,462,0,1108,1408
0.052621390198,1.000000000,0.440779014,0.627602418,0.247191011,462,0,1109,1407
0.052637282903,1.000000000,0.441176471,0.627266622,0.247323340,462,0,1110,1406
0.052733350296,1.000000000,0.441573927,0.626930826,0.247455811,462,0,1111,1405
0.052739984376,1.000000000,0.441971383,0.626595030,0.247588424,462,0,1112,1404
0.052773396069,1.000000000,0.442368839,0.626259234,0.247721180,462,0,1113,1403
0.052802150349,1.000000000,0.442766296,0.625923439,0.247854077,462,0,1114,1402
0.052804023337,1.000000000,0.443163752,0.625587643,0.247987118,462,0,1115,1401
0.052820293997,1.000000000,0.443561208,0.625251847,0.248120301,462,0,1116,1400
0.052940159122,1.000000000,0.443958665,0.624916051,0.248253627,462,0,1117,1399
0.052949553581,1.000000000,0.444356121,0.624580255,0.248387097,462,0,1118,1398
0.053022532276,1.000000000,0.444753577,0.624244459,0.248520710,462,0,1119,1397
0.053028934822,1.000000000,0.445151033,0.623908664,0.248654467,462,0,1120,1396
0.053227682251,1.000000000,0.445548490,0.623572868,0.248788368,462,0,1121,1395
0.053294440553,1.000000000,0.445945946,0.623237072,0.248922414,462,0,1122,1394
0.053325498272,1.000000000,0.446343402,0.622901276,0.249056604,462,0,1123,1393
0.053353824500,1.000000000,0.446740859,0.622565480,0.249190939,462,0,1124,1392
0.053395813053,1.000000000,0.447138315,0.622229684,0.249325418,462,0,1125,1391
0.053424375635,1.000000000,0.447535771,0.621893889,0.249460043,462,0,1126,1390
0.053433126728,1.000000000,0.447933227,0.621558093,0.249594814,462,0,1127,1389
0.053447920784,1.000000000,0.448330684,0.621222297,0.249729730,462,0,1128,1388
0.053481020221,1.000000000,0.448728140,0.620886501,0.249864792,462,0,1129,1387
0.053503909967,1.000000000,0.449125596,0.620550705,0.250000000,462,0,1130,1386
0.053576827643,1.000000000,0.449523052,0.620214909,0.250135355,462,0,1131,1385
0.053587001747,1.000000000,0.449920509,0.619879113,0.250270856,462,0,1132,1384
0.053761026614,1.000000000,0.450317965,0.619543318,0.250406504,462,0,1133,1383
0.053802806371,1.000000000,0.450715421,0.619207522,0.250542299,462,0,1134,1382
0.053829369708,1.000000000,0.451112878,0.618871726,0.250678242,462,0,1135,1381
0.054066068884,1.000000000,0.451510334,0.618535930,0.250814332,462,0,1136,1380
0.054178368033,1.000000000,0.451907790,0.618200134,0.250950570,462,0,1137,1379
0.054197611464,1.000000000,0.452305246,0.617864338,0.251086957,462,0,1138,1378
0.054249073202,1.000000000,0.452702703,0.617528543,0.251223491,462,0,1139,1377
0.054324582404,1.000000000,0.453100159,0.617192747,0.251360174,462,0,1140,1376
0.054349038069,1.000000000,0.453497615,0.616856951,0.251497006,462,0,1141,1375
0.054365298097,1.000000000,0.453895072,0.616521155,0.251633987,462,0,1142,1374
0.054489581645,1.000000000,0.454292528,0.616185359,0.251771117,462,0,1143,1373
0.054639738021,1.000000000,0.454689984,0.615849563,0.251908397,462,0,1144,1372
0.054707143621,1.000000000,0.455087440,0.615513768,0.252045827,462,0,1145,1371
0.054750873390,1.000000000,0.455484897,0.615177972,0.252183406,462,0,1146,1370
0.054880563134,1.000000000,0.455882353,0.614842176,0.252321136,462,0,1147,1369
0.054933872227,1.000000000,0.456279809,0.614506380,0.252459016,462,0,1148,1368
0.054972716685,1.000000000,0.456677266,0.614170584,0.252597048,462,0,1149,1367
0.055038313591,1.000000000,0.457074722,0.613834788,0.252735230,462,0,1150,1366
0.055083321757,1.000000000,0.457472178,0.613498993,0.252873563,462,0,1151,1365
0.055138451525,1.000000000,0.457869634,0.613163197,0.253012048,462,0,1152,1364
0.055284143685,1.000000000,0.458267091,0.612827401,0.253150685,462,0,1153,1363
0.055385940754,1.000000000,0.458664547,0.612491605,0.253289474,462,0,1154,1362
0.055414994202,1.000000000,0.459062003,0.612155809,0.253428415,462,0,1155,1361
0.055456526762,1.000000000,0.459459459,0.611820013,0.253567508,462,0,1156,1360
0.055492076093,1.000000000,0.459856916,0.611484218,0.253706755,462,0,1157,1359
0.055573240456,1.000000000,0.460254372,0.611148422,0.253846154,462,0,1158,1358
0.055626894445,1.000000000,0.460651828,0.610812626,0.253985706,462,0,1159,1357
0.055753782183,1.000000000,0.461049285,0.610476830,0.254125413,462,0,1160,1356
0.055768964057,1.000000000,0.461446741,0.610141034,0.254265272,462,0,1161,1355
0.055868263713,1.000000000,0.461844197,0.609805238,0.254405286,462,0,1162,1354
0.055890799474,1.000000000,0.462241653,0.609469443,0.254545455,462,0,1163,1353
0.055981103321,1.000000000,0.462639110,0.609133647,0.254685777,462,0,1164,1352
0.055988053257,1.000000000,0.463036566,0.608797851,0.254826255,462,0,1165,1351
0.056115740206,1.000000000,0.463434022,0.608462055,0.254966887,462,0,1166,1350
0.056124478345,1.000000000,0.463831479,0.608126259,0.255107675,462,0,1167,1349
0.056138925472,1.000000000,0.464228935,0.607790463,0.255248619,462,0,1168,1348
0.056176416094,1.000000000,0.464626391,0.607454668,0.255389718,462,0,1169,1347
0.056251380911,1.000000000,0.465023847,0.607118872,0.255530973,462,0,1170,1346
0.056322678685,1.000000000,0.465421304,0.606783076,0.255672385,462,0,1171,1345
0.056339556961,1.000000000,0.465818760,0.606447280,0.255813953,462,0,1172,1344
0.056345699197,1.000000000,0.466216216,0.606111484,0.255955679,462,0,1173,1343
0.056355618893,1.000000000,0.466613672,0.605775688,0.256097561,462,0,1174,1342
0.056531466384,1.000000000,0.467011129,0.605439893,0.256239601,462,0,1175,1341
0.056638894042,1.000000000,0.467408585,0.605104097,0.256381798,462,0,1176,1340
0.056781419732,1.000000000,0.467806041,0.604768301,0.256524153,462,0,1177,1339
0.056790954659,1.000000000,0.468203498,0.604432505,0.256666667,462,0,1178,1338
0.056848679102,1.000000000,0.468600954,0.604096709,0.256809339,462,0,1179,1337
0.056892714529,1.000000000,0.468998410,0.603760913,0.256952169,462,0,1180,1336
0.056948782071,1.000000000,0.469395866,0.603425118,0.257095159,462,0,1181,1335
0.056983200010,1.000000000,0.469793323,0.603089322,0.257238307,462,0,1182,1334
0.056991104716,1.000000000,0.470190779,0.602753526,0.257381616,462,0,1183,1333
0.057003643980,1.000000000,0.470588235,0.602417730,0.257525084,462,0,1184,1332
0.057018697121,1.000000000,0.470985692,0.602081934,0.257668712,462,0,1185,1331
0.057137273123,1.000000000,0.471383148,0.601746138,0.257812500,462,0,1186,1330
0.057154766825,1.000000000,0.471780604,0.601410343,0.257956449,462,0,1187,1329
0.057231954423,1.000000000,0.472178060,0.601074547,0.258100559,462,0,1188,1328
0.057253549507,1.000000000,0.472575517,0.600738751,0.258244830,462,0,1189,1327
0.057355028955,1.000000000,0.472972973,0.600402955,0.258389262,462,0,1190,1326
0.057386907856,1.000000000,0.473370429,0.600067159,0.258533856,462,0,1191,1325
0.057401481978,1.000000000,0.473767886,0.599731363,0.258678611,462,0,1192,1324
0.057419122899,1.000000000,0.474165342,0.599395567,0.258823529,462,0,1193,1323
0.057461566391,1.000000000,0.474562798,0.599059772,0.258968610,462,0,1194,1322
0.057496724289,1.000000000,0.474960254,0.598723976,0.259113853,462,0,1195,1321
0.057524369634,1.000000000,0.475357711,0.598388180,0.259259259,462,0,1196,1320
0.057537217119,1.000000000,0.475755167,0.598052384,0.259404829,462,0,1197,1319
0.057547624480,1.000000000,0.476152623,0.597716588,0.259550562,462,0,1198,1318
0.057590900017,1.000000000,0.476550079,0.597380792,0.259696459,462,0,1199,1317
0.057593817052,1.000000000,0.476947536,0.597044997,0.259842520,462,0,1200,1316
0.057684711173,1.000000000,0.477344992,0.596709201,0.259988745,462,0,1201,1315
0.057873333303,1.000000000,0.477742448,0.596373405,0.260135135,462,0,1202,1314
0.057877315341,1.000000000,0.478139905,0.596037609,0.260281690,462,0,1203,1313
0.057888285310,1.000000000,0.478537361,0.595701813,0.260428410,462,0,1204,1312
0.058123366192,1.000000000,0.478934817,0.595366017,0.260575296,462,0,1205,1311
0.058163075648,1.000000000,0.479332273,0.595030222,0.260722348,462,0,1206,1310
0.058207353800,1.000000000,0.479729730,0.594694426,0.260869565,462,0,1207,1309
0.058213085495,1.000000000,0.480127186,0.594358630,0.261016949,462,0,1208,1308
0.058220695397,1.000000000,0.480524642,0.594022834,0.261164500,462,0,1209,1307
0.058226020834,1.000000000,0.480922099,0.593687038,0.261312217,462,0,1210,1306
0.058341590453,1.000000000,0.481319555,0.593351242,0.261460102,462,0,1211,1305
0.058438309510,1.000000000,0.481717011,0.593015447,0.261608154,462,0,1212,1304
0.058449473899,1.000000000,0.482114467,0.592679651,0.261756374,462,0,1213,1303
0.058460562546,1.000000000,0.482511924,0.592343855,0.261904762,462,0,1214,1302
0.058525778241,1.000000000,0.482909380,0.592008059,0.262053318,462,0,1215,1301
0.058559290010,1.000000000,0.483306836,0.591672263,0.262202043,462,0,1216,1300
0.058598385182,1.000000000,0.483704293,0.591336467,0.262350937,462,0,1217,1299
0.058605298064,1.000000000,0.484101749,0.591000672,0.262500000,462,0,1218,1298
0.058639992548,1.000000000,0.484499205,0.590664876,0.262649233,462,0,1219,1297
0.058652037539,1.000000000,0.484896661,0.590329080,0.262798635,462,0,1220,1296
0.058693023520,1.000000000,0.485294118,0.589993284,0.262948207,462,0,1221,1295
0.058704223591,1.000000000,0.485691574,0.589657488,0.263097950,462,0,1222,1294
0.058784198930,1.000000000,0.486089030,0.589321692,0.263247863,462,0,1223,1293
0.058787818597,1.000000000,0.486486486,0.588985897,0.263397948,462,0,1224,1292
0.058917490012,1.000000000,0.486883943,0.588650101,0.263548203,462,0,1225,1291
0.059048305396,1.000000000,0.487281399,0.588314305,0.263698630,462,0,1226,1290
0.059094618032,1.000000000,0.487678855,0.587978509,0.263849229,462,0,1227,1289
0.059216565022,0.997835498,0.487678855,0.587642713,0.263428571,461,1,1227,1289
0.059224384318,0.997835498,0.488076312,0.587306917,0.263579188,461,1,1228,1288
0.059233405406,0.997835498,0.488473768,0.586971122,0.263729977,461,1,1229,1287
0.059274136382,0.997835498,0.488871224,0.586635326,0.263880939,461,1,1230,1286
0.059318936701,0.997835498,0.489268680,0.586299530,0.264032073,461,1,1231,1285
0.059413900615,0.997835498,0.489666137,0.585963734,0.264183381,461,1,1232,1284
0.059481902235,0.997835498,0.490063593,0.585627938,0.264334862,461,1,1233,1283
0.059590059752,0.997835498,0.490461049,0.585292142,0.264486517,461,1,1234,1282
0.059594339370,0.997835498,0.490858506,0.584956347,0.264638347,461,1,1235,1281
0.059717967524,0.997835498,0.491255962,0.584620551,0.264790350,461,1,1236,1280
0.059927953887,0.997835498,0.491653418,0.584284755,0.264942529,461,1,1237,1279
0.059942950065,0.997835498,0.492050874,0.583948959,0.265094882,461,1,1238,1278
0.060061452203,0.997835498,0.492448331,0.583613163,0.265247411,461,1,1239,1277
0.060313403016,0.997835498,0.492845787,0.583277367,0.265400115,461,1,1240,1276
0.060405124529,0.997835498,0.493243243,0.582941572,0.265552995,461,1,1241,1275
0.060468779178,0.997835498,0.493640700,0.582605776,0.265706052,461,1,1242,1274
0.060585554302,0.997835498,0.494038156,0.582269980,0.265859285,461,1,1243,1273
0.060592878442,0.997835498,0.494435612,0.581934184,0.266012695,461,1,1244,1272
0.060616861364,0.997835498,0.494833068,0.581598388,0.266166282,461,1,1245,1271
0.060633455030,0.997835498,0.495230525,0.581262592,0.266320046,461,1,1246,1270
0.060656095856,0.997835498,0.495627981,0.580926797,0.266473988,461,1,1247,1269
0.060724635908,0.997835498,0.496025437,0.580591001,0.266628109,461,1,1248,1268
0.060750431866,0.997835498,0.496422893,0.580255205,0.266782407,461,1,1249,1267
0.060779127372,0.997835498,0.496820350,0.579919409,0.266936885,461,1,1250,1266
0.060797439700,0.997835498,0.497217806,0.579583613,0.267091541,461,1,1251,1265
0.060814105287,0.997835498,0.497615262,0.579247817,0.267246377,461,1,1252,1264
0.060878361931,0.997835498,0.498012719,0.578912021,0.267401392,461,1,1253,1263
0.060885088229,0.997835498,0.498410175,0.578576226,0.267556587,461,1,1254,1262
0.060954005692,0.997835498,0.498807631,0.578240430,0.267711963,461,1,1255,1261
0.060971285577,0.997835498,0.499205087,0.577904634,0.267867519,461,1,1256,1260
0.060982901194,0.997835498,0.499602544,0.577568838,0.268023256,461,1,1257,1259
0.061001862835,0.997835498,0.500000000,0.577233042,0.268179174,461,1,1258,1258
0.061052285403,0.997835498,0.500397456,0.576897246,0.268335274,461,1,1259,1257
0.061085144925,0.997835498,0.500794913,0.576561451,0.268491555,461,1,1260,1256
0.061163430017,0.997835498,0.501192369,0.576225655,0.268648019,461,1,1261,1255
0.061191412449,0.997835498,0.501589825,0.575889859,0.268804665,461,1,1262,1254
0.061272657962,0.997835498,0.501987281,0.575554063,0.268961494,461,1,1263,1253
0.061331081083,0.997835498,0.502384738,0.575218267,0.269118506,461,1,1264,1252
0.061357632440,0.997835498,0.502782194,0.574882471,0.269275701,461,1,1265,1251
0.061368155678,0.997835498,0.503179650,0.574546676,0.269433080,461,1,1266,1250
0.061379938264,0.997835498,0.503577107,0.574210880,0.269590643,461,1,1267,1249
0.061546666688,0.997835498,0.503974563,0.573875084,0.269748391,461,1,1268,1248
0.061560409228,0.997835498,0.504372019,0.573539288,0.269906323,461,1,1269,1247
0.061645343614,0.997835498,0.504769475,0.573203492,0.270064441,461,1,1270,1246
0.061791374611,0.997835498,0.505166932,0.572867696,0.270222743,461,1,1271,1245
0.061825794261,0.997835498,0.505564388,0.572531901,0.270381232,461,1,1272,1244
0.061845147554,0.997835498,0.505961844,0.572196105,0.270539906,461,1,1273,1243
0.061883002743,0.997835498,0.506359300,0.571860309,0.270698767,461,1,1274,1242
0.061965276820,0.997835498,0.506756757,0.571524513,0.270857814,461,1,1275,1241
0.061970236601,0.997835498,0.507154213,0.571188717,0.271017049,461,1,1276,1240
0.061988178993,0.997835498,0.507551669,0.570852921,0.271176471,461,1,1277,1239
0.062034313420,0.997835498,0.507949126,0.570517126,0.271336080,461,1,1278,1238
0.062062321691,0.997835498,0.508346582,0.570181330,0.271495878,461,1,1279,1237
0.062067890168,0.997835498,0.508744038,0.569845534,0.271655863,461,1,1280,1236
0.062235682708,0.997835498,0.509141494,0.569509738,0.271816038,461,1,1281,1235
0.062273370040,0.997835498,0.509538951,0.569173942,0.271976401,461,1,1282,1234
0.062373634942,0.997835498,0.509936407,0.568838146,0.272136954,461,1,1283,1233
0.062404722227,0.997835498,0.510333863,0.568502351,0.272297696,461,1,1284,1232
0.062411384093,0.997835498,0.510731320,0.568166555,0.272458629,461,1,1285,1231
0.062418184427,0.997835498,0.511128776,0.567830759,0.272619752,461,1,1286,1230
0.062428868587,0.997835498,0.511526232,0.567494963,0.272781065,461,1,1287,1229
0.062532374732,0.997835498,0.511923688,0.567159167,0.272942570,461,1,1288,1228
0.062532511713,0.997835498,0.512321145,0.566823371,0.273104265,461,1,1289,1227
0.062573156204,0.997835498,0.512718601,0.566487576,0.273266153,461,1,1290,1226
0.062711849173,0.997835498,0.513116057,0.566151780,0.273428233,461,1,1291,1225
0.062720700252,0.997835498,0.513513514,0.565815984,0.273590504,461,1,1292,1224
0.062843994170,0.997835498,0.513910970,0.565480188,0.273752969,461,1,1293,1223
0.062966705651,0.995670996,0.513910970,0.565144392,0.273321450,460,2,1293,1223
0.063120325525,0.995670996,0.514308426,0.564808596,0.273483948,460,2,1294,1222
0.063141201526,0.995670996,0.514705882,0.564472801,0.273646639,460,2,1295,1221
0.063184532195,0.995670996,0.515103339,0.564137005,0.273809524,460,2,1296,1220
0.063285434529,0.993506494,0.515103339,0.563801209,0.273377010,459,3,1296,1220
0.063292131225,0.993506494,0.515500795,0.563465413,0.273539928,459,3,1297,1219
0.063430879818,0.993506494,0.515898251,0.563129617,0.273703041,459,3,1298,1218
0.063459591526,0.993506494,0.516295707,0.562793821,0.273866348,459,3,1299,1217
0.063511496567,0.993506494,0.516693164,0.562458026,0.274029851,459,3,1300,1216
0.063514235813,0.993506494,0.517090620,0.562122230,0.274193548,459,3,1301,1215
0.063596111062,0.993506494,0.517488076,0.561786434,0.274357442,459,3,1302,1214
0.063624023731,0.993506494,0.517885533,0.561450638,0.274521531,459,3,1303,1213
0.063665082682,0.993506494,0.518282989,0.561114842,0.274685817,459,3,1304,1212
0.063736501601,0.993506494,0.518680445,0.560779046,0.274850299,459,3,1305,1211
0.063765472462,0.993506494,0.519077901,0.560443251,0.275014979,459,3,1306,1210
0.063797886595,0.993506494,0.519475358,0.560107455,0.275179856,459,3,1307,1209
0.064074427529,0.993506494,0.519872814,0.559771659,0.275344931,459,3,1308,1208
0.064207428738,0.993506494,0.520270270,0.559435863,0.275510204,459,3,1309,1207
0.064224304524,0.993506494,0.520667727,0.559100067,0.275675676,459,3,1310,1206
0.064283759103,0.993506494,0.521065183,0.558764271,0.275841346,459,3,1311,1205
0.064317320468,0.993506494,0.521462639,0.558428475,0.276007216,459,3,1312,1204
0.064400041657,0.993506494,0.521860095,0.558092680,0.276173285,459,3,1313,1203
0.064423858040,0.993506494,0.522257552,0.557756884,0.276339554,459,3,1314,1202
0.064494956490,0.993506494,0.522655008,0.557421088,0.276506024,459,3,1315,1201
0.064497668014,0.993506494,0.523052464,0.557085292,0.276672694,459,3,1316,1200
0.064564994661,0.993506494,0.523449921,0.556749496,0.276839566,459,3,1317,1199
0.064582311960,0.993506494,0.523847377,0.556413700,0.277006639,459,3,1318,1198
0.064587026788,0.993506494,0.524244833,0.556077905,0.277173913,459,3,1319,1197
0.064598495664,0.993506494,0.524642289,0.555742109,0.277341390,459,3,1320,1196
0.064786754917,0.993506494,0.525039746,0.555406313,0.277509069,459,3,1321,1195
0.064809074995,0.993506494,0.525437202,0.555070517,0.277676951,459,3,1322,1194
0.064835887174,0.993506494,0.525834658,0.554734721,0.277845036,459,3,1323,1193
0.064913786658,0.993506494,0.526232114,0.554398925,0.278013325,459,3,1324,1192
0.064968919450,0.993506494,0.526629571,0.554063130,0.278181818,459,3,1325,1191
0.064978877918,0.993506494,0.527027027,0.553727334,0.278350515,459,3,1326,1190
0.065075436331,0.993506494,0.527424483,0.553391538,0.278519417,459,3,1327,1189
0.065099743859,0.993506494,0.527821940,0.553055742,0.278688525,459,3,1328,1188
0.065458814898,0.993506494,0.528219396,0.552719946,0.278857837,459,3,1329,1187
0.065537681461,0.993506494,0.528616852,0.552384150,0.279027356,459,3,1330,1186
0.065746153885,0.993506494,0.529014308,0.552048355,0.279197080,459,3,1331,1185
0.065762359086,0.993506494,0.529411765,0.551712559,0.279367012,459,3,1332,1184
0.065800298789,0.993506494,0.529809221,0.551376763,0.279537150,459,3,1333,1183
0.065803472551,0.993506494,0.530206677,0.551040967,0.279707495,459,3,1334,1182
0.066027952133,0.993506494,0.530604134,0.550705171,0.279878049,459,3,1335,1181
0.066194707376,0.993506494,0.531001590,0.550369375,0.280048810,459,3,1336,1180
0.066287950555,0.993506494,0.531399046,0.550033580,0.280219780,459,3,1337,1179
0.066289409335,0.993506494,0.531796502,0.549697784,0.280390959,459,3,1338,1178
0.066327852376,0.993506494,0.532193959,0.549361988,0.280562347,459,3,1339,1177
0.066424836178,0.993506494,0.532591415,0.549026192,0.280733945,459,3,1340,1176
0.066433162119,0.993506494,0.532988871,0.548690396,0.280905753,459,3,1341,1175
0.066518745743,0.993506494,0.533386328,0.548354600,0.281077771,459,3,1342,1174
0.066549436234,0.993506494,0.533783784,0.548018805,0.281250000,459,3,1343,1173
0.066657711218,0.993506494,0.534181240,0.547683009,0.281422440,459,3,1344,1172
0.066686325312,0.993506494,0.534578696,0.547347213,0.281595092,459,3,1345,1171
0.066833569519,0.993506494,0.534976153,0.547011417,0.281767956,459,3,1346,1170
0.066945231328,0.993506494,0.535373609,0.546675621,0.281941032,459,3,1347,1169
0.067034915091,0.993506494,0.535771065,0.546339825,0.282114321,459,3,1348,1168
0.067071631141,0.993506494,0.536168521,0.546004030,0.282287823,459,3,1349,1167
0.067076920213,0.993506494,0.536565978,0.545668234,0.282461538,459,3,1350,1166
0.067178127097,0.993506494,0.536963434,0.545332438,0.282635468,459,3,1351,1165
0.067189166602,0.993506494,0.537360890,0.544996642,0.282809612,459,3,1352,1164
0.067217590740,0.993506494,0.537758347,0.544660846,0.282983970,459,3,1353,1163
0.067220936675,0.993506494,0.538155803,0.544325050,0.283158544,459,3,1354,1162
0.067223591554,0.993506494,0.538553259,0.543989255,0.283333333,459,3,1355,1161
0.067249810884,0.993506494,0.538950715,0.543653459,0.283508338,459,3,1356,1160
0.067328378943,0.993506494,0.539348172,0.543317663,0.283683560,459,3,1357,1159
0.067406638342,0.993506494,0.539745628,0.542981867,0.283858998,459,3,1358,1158
0.067412143306,0.993506494,0.540143084,0.542646071,0.284034653,459,3,1359,1157
0.067475094062,0.993506494,0.540540541,0.542310275,0.284210526,459,3,1360,1156
0.067514242602,0.993506494,0.540937997,0.541974480,0.284386617,459,3,1361,1155
0.067582986932,0.993506494,0.541335453,0.541638684,0.284562926,459,3,1362,1154
0.067638943617,0.993506494,0.541732909,0.541302888,0.284739454,459,3,1363,1153
0.067639837942,0.993506494,0.542130366,0.540967092,0.284916201,459,3,1364,1152
0.067674199865,0.993506494,0.542527822,0.540631296,0.285093168,459,3,1365,1151
0.067884508896,0.993506494,0.542925278,0.540295500,0.285270354,459,3,1366,1150
0.067901828534,0.993506494,0.543322734,0.539959704,0.285447761,459,3,1367,1149
0.067909252248,0.993506494,0.543720191,0.539623909,0.285625389,459,3,1368,1148
0.068011220182,0.993506494,0.544117647,0.539288113,0.285803238,459,3,1369,1147
0.068077486967,0.993506494,0.544515103,0.538952317,0.285981308,459,3,1370,1146
0.068108640719,0.993506494,0.544912560,0.538616521,0.286159601,459,3,1371,1145
0.068111824571,0.993506494,0.545310016,0.538280725,0.286338116,459,3,1372,1144
0.068262400094,0.993506494,0.545707472,0.537944929,0.286516854,459,3,1373,1143
0.068295800219,0.993506494,0.546104928,0.537609134,0.286695815,459,3,1374,1142
0.068402232542,0.993506494,0.546502385,0.537273338,0.286875000,459,3,1375,1141
0.068439202566,0.993506494,0.546899841,0.536937542,0.287054409,459,3,1376,1140
0.068697353947,0.993506494,0.547297297,0.536601746,0.287234043,459,3,1377,1139
0.068782754377,0.993506494,0.547694754,0.536265950,0.287413901,459,3,1378,1138
0.068950172928,0.993506494,0.548092210,0.535930154,0.287593985,459,3,1379,1137
0.068984693744,0.993506494,0.548489666,0.535594359,0.287774295,459,3,1380,1136
0.069086049643,0.993506494,0.548887122,0.535258563,0.287954831,459,3,1381,1135
0.069166680734,0.993506494,0.549284579,0.534922767,0.288135593,459,3,1382,1134
0.069183352570,0.993506494,0.549682035,0.534586971,0.288316583,459,3,1383,1133
0.069245828749,0.993506494,0.550079491,0.534251175,0.288497800,459,3,1384,1132
0.069278547003,0.993506494,0.550476948,0.533915379,0.288679245,459,3,1385,1131
0.069278933208,0.993506494,0.550874404,0.533579584,0.288860919,459,3,1386,1130
0.069476843716,0.993506494,0.551271860,0.533243788,0.289042821,459,3,1387,1129
0.069605322285,0.993506494,0.551669316,0.532907992,0.289224953,459,3,1388,1128
0.069605686550,0.993506494,0.552066773,0.532572196,0.289407314,459,3,1389,1127
0.069612939064,0.993506494,0.552464229,0.532236400,0.289589905,459,3,1390,1126
0.069641990229,0.993506494,0.552861685,0.531900604,0.289772727,459,3,1391,1125
0.069732526128,0.993506494,0.553259141,0.531564809,0.289955780,459,3,1392,1124
0.069785035935,0.993506494,0.553656598,0.531229013,0.290139064,459,3,1393,1123
0.069914219059,0.993506494,0.554054054,0.530893217,0.290322581,459,3,1394,1122
0.069953288417,0.993506494,0.554451510,0.530557421,0.290506329,459,3,1395,1121
0.070106768919,0.993506494,0.554848967,0.530221625,0.290690310,459,3,1396,1120
0.070140739558,0.993506494,0.555246423,0.529885829,0.290874525,459,3,1397,1119
0.070197203963,0.993506494,0.555643879,0.529550034,0.291058973,459,3,1398,1118
0.070291456987,0.993506494,0.556041335,0.529214238,0.291243655,459,3,1399,1117
0.070458006759,0.993506494,0.556438792,0.528878442,0.291428571,459,3,1400,1116
0.070506728092,0.993506494,0.556836248,0.528542646,0.291613723,459,3,1401,1115
0.070541725738,0.993506494,0.557233704,0.528206850,0.291799110,459,3,1402,1114
0.070677447885,0.993506494,0.557631161,0.527871054,0.291984733,459,3,1403,1113
0.070701176956,0.993506494,0.558028617,0.527535259,0.292170592,459,3,1404,1112
0.070775346400,0.993506494,0.558426073,0.527199463,0.292356688,459,3,1405,1111
0.070891273158,0.993506494,0.558823529,0.526863667,0.292543021,459,3,1406,1110
0.070892068139,0.993506494,0.559220986,0.526527871,0.292729592,459,3,1407,1109
0.070936567917,0.993506494,0.559618442,0.526192075,0.292916401,459,3,1408,1108
0.070976772212,0.993506494,0.560015898,0.525856279,0.293103448,459,3,1409,1107
0.070982498714,0.993506494,0.560413355,0.525520484,0.293290735,459,3,1410,1106
0.071070009424,0.993506494,0.560810811,0.525184688,0.293478261,459,3,1411,1105
0.071095435020,0.993506494,0.561208267,0.524848892,0.293666027,459,3,1412,1104
0.071135597182,0.993506494,0.561605723,0.524513096,0.293854033,459,3,1413,1103
0.071296705267,0.993506494,0.562003180,0.524177300,0.294042281,459,3,1414,1102
0.071320153510,0.993506494,0.562400636,0.523841504,0.294230769,459,3,1415,1101
0.071360340392,0.993506494,0.562798092,0.523505709,0.294419500,459,3,1416,1100
0.071485059162,0.993506494,0.563195548,0.523169913,0.294608472,459,3,1417,1099
0.071616856199,0.993506494,0.563593005,0.522834117,0.294797688,459,3,1418,1098
0.071704643758,0.993506494,0.563990461,0.522498321,0.294987147,459,3,1419,1097
0.072026342080,0.993506494,0.564387917,0.522162525,0.295176849,459,3,1420,1096
0.072045654222,0.993506494,0.564785374,0.521826729,0.295366795,459,3,1421,1095
0.072252363032,0.993506494,0.565182830,0.521490934,0.295556986,459,3,1422,1094
0.072359730935,0.993506494,0.565580286,0.521155138,0.295747423,459,3,1423,1093
0.072438110808,0.993506494,0.565977742,0.520819342,0.295938104,459,3,1424,1092
0.072721034214,0.993506494,0.566375199,0.520483546,0.296129032,459,3,1425,1091
0.072739200128,0.993506494,0.566772655,0.520147750,0.296320207,459,3,1426,1090
0.072761219640,0.993506494,0.567170111,0.519811954,0.296511628,459,3,1427,1089
0.072803746916,0.993506494,0.567567568,0.519476158,0.296703297,459,3,1428,1088
0.072811700938,0.993506494,0.567965024,0.519140363,0.296895213,459,3,1429,1087
0.072829866872,0.993506494,0.568362480,0.518804567,0.297087379,459,3,1430,1086
0.072860889796,0.993506494,0.568759936,0.518468771,0.297279793,459,3,1431,1085
0.072993350609,0.993506494,0.569157393,0.518132975,0.297472456,459,3,1432,1084
0.073148476020,0.993506494,0.569554849,0.517797179,0.297665370,459,3,1433,1083
0.073202546716,0.993506494,0.569952305,0.517461383,0.297858533,459,3,1434,1082
0.073260559058,0.993506494,0.570349762,0.517125588,0.298051948,459,3,1435,1081
0.073460318556,0.993506494,0.570747218,0.516789792,0.298245614,459,3,1436,1080
0.073501583911,0.993506494,0.571144674,0.516453996,0.298439532,459,3,1437,1079
0.073555743637,0.993506494,0.571542130,0.516118200,0.298633702,459,3,1438,1078
0.073563170204,0.993506494,0.571939587,0.515782404,0.298828125,459,3,1439,1077
0.073853026154,0.993506494,0.572337043,0.515446608,0.299022801,459,3,1440,1076
0.073924025304,0.993506494,0.572734499,0.515110813,0.299217731,459,3,1441,1075
0.074045658669,0.993506494,0.573131955,0.514775017,0.299412916,459,3,1442,1074
0.074083285796,0.993506494,0.573529412,0.514439221,0.299608355,459,3,1443,1073
0.074359244160,0.993506494,0.573926868,0.514103425,0.299804050,459,3,1444,1072
0.074696344240,0.993506494,0.574324324,0.513767629,0.300000000,459,3,1445,1071
0.074732530093,0.993506494,0.574721781,0.513431833,0.300196207,459,3,1446,1070
0.074841667801,0.993506494,0.575119237,0.513096038,0.300392670,459,3,1447,1069
0.074843432710,0.993506494,0.575516693,0.512760242,0.300589391,459,3,1448,1068
0.074888977678,0.993506494,0.575914149,0.512424446,0.300786370,459,3,1449,1067
0.074932797236,0.993506494,0.576311606,0.512088650,0.300983607,459,3,1450,1066
0.075007997285,0.993506494,0.576709062,0.511752854,0.301181102,459,3,1451,1065
0.075039667850,0.993506494,0.577106518,0.511417058,0.301378858,459,3,1452,1064
0.075070213322,0.993506494,0.577503975,0.511081263,0.301576873,459,3,1453,1063
0.075089042370,0.993506494,0.577901431,0.510745467,0.301775148,459,3,1454,1062
0.075097737965,0.993506494,0.578298887,0.510409671,0.301973684,459,3,1455,1061
0.075115752444,0.993506494,0.578696343,0.510073875,0.302172482,459,3,1456,1060
0.075129767631,0.993506494,0.579093800,0.509738079,0.302371542,459,3,1457,1059
0.075159387929,0.993506494,0.579491256,0.509402283,0.302570864,459,3,1458,1058
0.075201862171,0.993506494,0.579888712,0.509066488,0.302770449,459,3,1459,1057
0.075359256553,0.993506494,0.580286169,0.508730692,0.302970297,459,3,1460,1056
0.075465273654,0.993506494,0.580683625,0.508394896,0.303170410,459,3,1461,1055
0.075514963750,0.993506494,0.581081081,0.508059100,0.303370787,459,3,1462,1054
0.075648219232,0.993506494,0.581478537,0.507723304,0.303571429,459,3,1463,1053
0.075708703916,0.993506494,0.581875994,0.507387508,0.303772336,459,3,1464,1052
0.076197795604,0.993506494,0.582273450,0.507051713,0.303973510,459,3,1465,1051
0.076279752120,0.993506494,0.582670906,0.506715917,0.304174950,459,3,1466,1050
0.076411029756,0.993506494,0.583068362,0.506380121,0.304376658,459,3,1467,1049
0.076552580181,0.993506494,0.583465819,0.506044325,0.304578633,459,3,1468,1048
0.076717495860,0.993506494,0.583863275,0.505708529,0.304780876,459,3,1469,1047
0.076880156590,0.993506494,0.584260731,0.505372733,0.304983389,459,3,1470,1046
0.076906231889,0.993506494,0.584658188,0.505036938,0.305186170,459,3,1471,1045
0.077029689656,0.993506494,0.585055644,0.504701142,0.305389222,459,3,1472,1044
0.077097981235,0.993506494,0.585453100,0.504365346,0.305592543,459,3,1473,1043
0.077161389319,0.993506494,0.585850556,0.504029550,0.305796136,459,3,1474,1042
0.077209740577,0.993506494,0.586248013,0.503693754,0.306000000,459,3,1475,1041
0.077232723162,0.993506494,0.586645469,0.503357958,0.306204136,459,3,1476,1040
0.077239921693,0.993506494,0.587042925,0.503022163,0.306408545,459,3,1477,1039
0.077264401287,0.993506494,0.587440382,0.502686367,0.306613226,459,3,1478,1038
0.077345790830,0.993506494,0.587837838,0.502350571,0.306818182,459,3,1479,1037
0.077354449921,0.993506494,0.588235294,0.502014775,0.307023411,459,3,1480,1036
0.077537521847,0.993506494,0.588632750,0.501678979,0.307228916,459,3,1481,1035
0.077556518781,0.993506494,0.589030207,0.501343183,0.307434695,459,3,1482,1034
0.077647966427,0.993506494,0.589427663,0.501007388,0.307640751,459,3,1483,1033
0.077730435515,0.993506494,0.589825119,0.500671592,0.307847082,459,3,1484,1032
0.077858840676,0.993506494,0.590222576,0.500335796,0.308053691,459,3,1485,1031
0.077866835109,0.993506494,0.590620032,0.500000000,0.308260578,459,3,1486,1030
0.077891170336,0.993506494,0.591017488,0.499664204,0.308467742,459,3,1487,1029
0.078024934268,0.993506494,0.591414944,0.499328408,0.308675185,459,3,1488,1028
0.078089768093,0.993506494,0.591812401,0.498992612,0.308882907,459,3,1489,1027
0.078256127409,0.993506494,0.592209857,0.498656817,0.309090909,459,3,1490,1026
0.078283241327,0.993506494,0.592607313,0.498321021,0.309299191,459,3,1491,1025
0.078443568038,0.993506494,0.593004769,0.497985225,0.309507755,459,3,1492,1024
0.078463407467,0.993506494,0.593402226,0.497649429,0.309716599,459,3,1493,1023
0.078492842977,0.993506494,0.593799682,0.497313633,0.309925726,459,3,1494,1022
0.078563256845,0.993506494,0.594197138,0.496977837,0.310135135,459,3,1495,1021
0.078591555679,0.993506494,0.594594595,0.496642042,0.310344828,459,3,1496,1020
0.078748302687,0.993506494,0.594992051,0.496306246,0.310554804,459,3,1497,1019
0.079045113840,0.993506494,0.595389507,0.495970450,0.310765064,459,3,1498,1018
0.079118306121,0.993506494,0.595786963,0.495634654,0.310975610,459,3,1499,1017
0.079234402125,0.993506494,0.596184420,0.495298858,0.311186441,459,3,1500,1016
0.079343953137,0.993506494,0.596581876,0.494963062,0.311397558,459,3,1501,1015
0.079433489445,0.993506494,0.596979332,0.494627267,0.311608961,459,3,1502,1014
0.079498764960,0.993506494,0.597376789,0.494291471,0.311820652,459,3,1503,1013
0.079559886029,0.993506494,0.597774245,0.493955675,0.312032631,459,3,1504,1012
0.079677766967,0.993506494,0.598171701,0.493619879,0.312244898,459,3,1505,1011
0.079778519269,0.993506494,0.598569157,0.493284083,0.312457454,459,3,1506,1010
0.079848714181,0.991341991,0.598569157,0.492948287,0.311989101,458,4,1506,1010
0.080100310515,0.991341991,0.598966614,0.492612492,0.312201772,458,4,1507,1009
0.080211335460,0.991341991,0.599364070,0.492276696,0.312414734,458,4,1508,1008
0.080293541626,0.991341991,0.599761526,0.491940900,0.312627986,458,4,1509,1007
0.080309149395,0.991341991,0.600158983,0.491605104,0.312841530,458,4,1510,1006
0.080555688881,0.991341991,0.600556439,0.491269308,0.313055366,458,4,1511,1005
0.080573053872,0.991341991,0.600953895,0.490933512,0.313269494,458,4,1512,1004
0.080596090061,0.991341991,0.601351351,0.490597717,0.313483915,458,4,1513,1003
0.080662771987,0.991341991,0.601748808,0.490261921,0.313698630,458,4,1514,1002
0.080683883030,0.991341991,0.602146264,0.489926125,0.313913639,458,4,1515,1001
0.080718877255,0.991341991,0.602543720,0.489590329,0.314128944,458,4,1516,1000
0.080822365618,0.991341991,0.602941176,0.489254533,0.314344544,458,4,1517,999
0.080845065600,0.991341991,0.603338633,0.488918737,0.314560440,458,4,1518,998
0.081274323526,0.991341991,0.603736089,0.488582942,0.314776632,458,4,1519,997
0.081373635042,0.991341991,0.604133545,0.488247146,0.314993122,458,4,1520,996
0.081436887762,0.991341991,0.604531002,0.487911350,0.315209911,458,4,1521,995
0.081526305022,0.991341991,0.604928458,0.487575554,0.315426997,458,4,1522,994
0.081551964071,0.991341991,0.605325914,0.487239758,0.315644383,458,4,1523,993
0.081736223842,0.991341991,0.605723370,0.486903962,0.315862069,458,4,1524,992
0.082065220058,0.991341991,0.606120827,0.486568167,0.316080055,458,4,1525,991
0.082414726752,0.991341991,0.606518283,0.486232371,0.316298343,458,4,1526,990
0.082586950324,0.991341991,0.606915739,0.485896575,0.316516932,458,4,1527,989
0.082660815820,0.991341991,0.607313196,0.485560779,0.316735823,458,4,1528,988
0.082702461802,0.991341991,0.607710652,0.485224983,0.316955017,458,4,1529,987
0.082752442941,0.991341991,0.608108108,0.484889187,0.317174515,458,4,1530,986
0.082771041068,0.991341991,0.608505564,0.484553392,0.317394317,458,4,1531,985
0.082876285370,0.991341991,0.608903021,0.484217596,0.317614424,458,4,1532,984
0.082890635987,0.991341991,0.609300477,0.483881800,0.317834837,458,4,1533,983
0.082929288352,0.991341991,0.609697933,0.483546004,0.318055556,458,4,1534,982
0.083009799774,0.991341991,0.610095390,0.483210208,0.318276581,458,4,1535,981
0.083229810646,0.991341991,0.610492846,0.482874412,0.318497914,458,4,1536,980
0.083294815731,0.991341991,0.610890302,0.482538617,0.318719555,458,4,1537,979
0.083408046876,0.991341991,0.611287758,0.482202821,0.318941504,458,4,1538,978
0.083705146528,0.991341991,0.611685215,0.481867025,0.319163763,458,4,1539,977
0.083878825954,0.991341991,0.612082671,0.481531229,0.319386332,458,4,1540,976
0.084165255267,0.991341991,0.612480127,0.481195433,0.319609211,458,4,1541,975
0.084170414011,0.991341991,0.612877583,0.480859637,0.319832402,458,4,1542,974
0.084241461268,0.991341991,0.613275040,0.480523842,0.320055905,458,4,1543,973
0.084547154604,0.991341991,0.613672496,0.480188046,0.320279720,458,4,1544,972
0.084593712684,0.991341991,0.614069952,0.479852250,0.320503849,458,4,1545,971
0.084720091354,0.991341991,0.614467409,0.479516454,0.320728291,458,4,1546,970
0.084768623659,0.991341991,0.614864865,0.479180658,0.320953048,458,4,1547,969
0.084827049740,0.991341991,0.615262321,0.478844862,0.321178121,458,4,1548,968
0.084868191848,0.991341991,0.615659777,0.478509066,0.321403509,458,4,1549,967
0.085052852795,0.991341991,0.616057234,0.478173271,0.321629213,458,4,1550,966
0.085120934011,0.991341991,0.616454690,0.477837475,0.321855235,458,4,1551,965
0.085257627941,0.991341991,0.616852146,0.477501679,0.322081575,458,4,1552,964
0.085405986879,0.991341991,0.617249603,0.477165883,0.322308234,458,4,1553,963
0.085411382867,0.991341991,0.617647059,0.476830087,0.322535211,458,4,1554,962
0.085564490976,0.991341991,0.618044515,0.476494291,0.322762509,458,4,1555,961
0.085777771392,0.991341991,0.618441971,0.476158496,0.322990127,458,4,1556,960
0.085974661833,0.991341991,0.618839428,0.475822700,0.323218066,458,4,1557,959
0.086041600301,0.991341991,0.619236884,0.475486904,0.323446328,458,4,1558,958
0.086042354559,0.991341991,0.619634340,0.475151108,0.323674912,458,4,1559,957
0.086189434641,0.991341991,0.620031797,0.474815312,0.323903819,458,4,1560,956
0.086248205702,0.991341991,0.620429253,0.474479516,0.324133050,458,4,1561,955
0.086284809705,0.991341991,0.620826709,0.474143721,0.324362606,458,4,1562,954
0.086294263036,0.991341991,0.621224165,0.473807925,0.324592488,458,4,1563,953
0.086338957514,0.991341991,0.621621622,0.473472129,0.324822695,458,4,1564,952
0.086425155554,0.991341991,0.622019078,0.473136333,0.325053229,458,4,1565,951
0.086502149061,0.991341991,0.622416534,0.472800537,0.325284091,458,4,1566,950
0.086540031217,0.991341991,0.622813990,0.472464741,0.325515281,458,4,1567,949
0.086674021415,0.991341991,0.623211447,0.472128946,0.325746799,458,4,1568,948
0.086800475718,0.991341991,0.623608903,0.471793150,0.325978648,458,4,1569,947
0.087125275444,0.991341991,0.624006359,0.471457354,0.326210826,458,4,1570,946
0.087189784996,0.991341991,0.624403816,0.471121558,0.326443336,458,4,1571,945
0.087280804895,0.991341991,0.624801272,0.470785762,0.326676177,458,4,1572,944
0.087691979071,0.991341991,0.625198728,0.470449966,0.326909350,458,4,1573,943
0.087713558978,0.991341991,0.625596184,0.470114171,0.327142857,458,4,1574,942
0.087814000215,0.991341991,0.625993641,0.469778375,0.327376698,458,4,1575,941
0.088155791599,0.991341991,0.626391097,0.469442579,0.327610873,458,4,1576,940
0.088320172101,0.991341991,0.626788553,0.469106783,0.327845383,458,4,1577,939
0.088681573708,0.991341991,0.627186010,0.468770987,0.328080229,458,4,1578,938
0.088703423646,0.991341991,0.627583466,0.468435191,0.328315412,458,4,1579,937
0.088726188990,0.991341991,0.627980922,0.468099396,0.328550933,458,4,1580,936
0.088800821491,0.991341991,0.628378378,0.467763600,0.328786791,458,4,1581,935
0.088933683366,0.991341991,0.628775835,0.467427804,0.329022989,458,4,1582,934
0.088947971317,0.991341991,0.629173291,0.467092008,0.329259526,458,4,1583,933
0.089028558203,0.991341991,0.629570747,0.466756212,0.329496403,458,4,1584,932
0.089123848974,0.991341991,0.629968203,0.466420416,0.329733621,458,4,1585,931
0.089153770876,0.991341991,0.630365660,0.466084621,0.329971182,458,4,1586,930
0.089218649110,0.991341991,0.630763116,0.465748825,0.330209084,458,4,1587,929
0.089673520340,0.991341991,0.631160572,0.465413029,0.330447330,458,4,1588,928
0.089683086740,0.991341991,0.631558029,0.465077233,0.330685921,458,4,1589,927
0.089928883835,0.991341991,0.631955485,0.464741437,0.330924855,458,4,1590,926
0.090015422755,0.991341991,0.632352941,0.464405641,0.331164136,458,4,1591,925
0.090244496439,0.991341991,0.632750397,0.464069846,0.331403763,458,4,1592,924
0.090329219244,0.991341991,0.633147854,0.463734050,0.331643736,458,4,1593,923
0.090356688011,0.991341991,0.633545310,0.463398254,0.331884058,458,4,1594,922
0.090475036636,0.991341991,0.633942766,0.463062458,0.332124728,458,4,1595,921
0.090650457089,0.991341991,0.634340223,0.462726662,0.332365747,458,4,1596,920
0.090667535190,0.991341991,0.634737679,0.462390866,0.332607117,458,4,1597,919
0.090737434945,0.991341991,0.635135135,0.462055071,0.332848837,458,4,1598,918
0.090923488037,0.991341991,0.635532591,0.461719275,0.333090909,458,4,1599,917
0.090979744014,0.991341991,0.635930048,0.461383479,0.333333333,458,4,1600,916
0.091102189456,0.991341991,0.636327504,0.461047683,0.333576111,458,4,1601,915
0.091241339840,0.991341991,0.636724960,0.460711887,0.333819242,458,4,1602,914
0.091267765350,0.991341991,0.637122417,0.460376091,0.334062728,458,4,1603,913
0.091270021271,0.991341991,0.637519873,0.460040296,0.334306569,458,4,1604,912
0.091335238725,0.991341991,0.637917329,0.459704500,0.334550767,458,4,1605,911
0.091386942061,0.991341991,0.638314785,0.459368704,0.334795322,458,4,1606,910
0.091481198632,0.991341991,0.638712242,0.459032908,0.335040234,458,4,1607,909
0.091682713186,0.991341991,0.639109698,0.458697112,0.335285505,458,4,1608,908
0.091761384002,0.991341991,0.639507154,0.458361316,0.335531136,458,4,1609,907
0.091772964644,0.991341991,0.639904610,0.458025520,0.335777126,458,4,1610,906
0.091774639938,0.991341991,0.640302067,0.457689725,0.336023478,458,4,1611,905
0.091805235626,0.991341991,0.640699523,0.457353929,0.336270191,458,4,1612,904
0.092554353855,0.991341991,0.641096979,0.457018133,0.336517267,458,4,1613,903
0.092558761459,0.991341991,0.641494436,0.456682337,0.336764706,458,4,1614,902
0.092585521059,0.991341991,0.641891892,0.456346541,0.337012509,458,4,1615,901
0.092734663871,0.991341991,0.642289348,0.456010745,0.337260677,458,4,1616,900
0.092809806469,0.991341991,0.642686804,0.455674950,0.337509211,458,4,1617,899
0.092992802258,0.991341991,0.643084261,0.455339154,0.337758112,458,4,1618,898
0.093186927941,0.991341991,0.643481717,0.455003358,0.338007380,458,4,1619,897
0.093215823153,0.991341991,0.643879173,0.454667562,0.338257016,458,4,1620,896
0.093509465729,0.991341991,0.644276630,0.454331766,0.338507021,458,4,1621,895
0.093596722846,0.991341991,0.644674086,0.453995970,0.338757396,458,4,1622,894
0.093697069327,0.991341991,0.645071542,0.453660175,0.339008142,458,4,1623,893
0.093854661397,0.991341991,0.645468998,0.453324379,0.339259259,458,4,1624,892
0.094121395643,0.991341991,0.645866455,0.452988583,0.339510749,458,4,1625,891
0.094133294136,0.991341991,0.646263911,0.452652787,0.339762611,458,4,1626,890
0.094259089076,0.989177489,0.646263911,0.452316991,0.339272457,457,5,1626,890
0.094309908937,0.989177489,0.646661367,0.451981195,0.339524517,457,5,1627,889
0.094370353689,0.989177489,0.647058824,0.451645400,0.339776952,457,5,1628,888
0.094526285686,0.987012987,0.647058824,0.451309604,0.339285714,456,6,1628,888
0.094550320711,0.987012987,0.647456280,0.450973808,0.339538347,456,6,1629,887
0.094669365185,0.987012987,0.647853736,0.450638012,0.339791356,456,6,1630,886
0.095206250389,0.987012987,0.648251192,0.450302216,0.340044743,456,6,1631,885
0.095364438366,0.987012987,0.648648649,0.449966420,0.340298507,456,6,1632,884
0.095469760293,0.987012987,0.649046105,0.449630625,0.340552651,456,6,1633,883
0.095777437232,0.987012987,0.649443561,0.449294829,0.340807175,456,6,1634,882
0.095832259482,0.987012987,0.649841017,0.448959033,0.341062079,456,6,1635,881
0.095834953917,0.987012987,0.650238474,0.448623237,0.341317365,456,6,1636,880
0.095982881113,0.987012987,0.650635930,0.448287441,0.341573034,456,6,1637,879
0.096537455058,0.987012987,0.651033386,0.447951645,0.341829085,456,6,1638,878
0.096757822563,0.987012987,0.651430843,0.447615850,0.342085521,456,6,1639,877
0.096949617654,0.987012987,0.651828299,0.447280054,0.342342342,456,6,1640,876
0.097233301305,0.984848485,0.651828299,0.446944258,0.341848234,455,7,1640,876
0.097372531665,0.984848485,0.652225755,0.446608462,0.342105263,455,7,1641,875
0.097546459256,0.984848485,0.652623211,0.446272666,0.342362679,455,7,1642,874
0.097652175706,0.984848485,0.653020668,0.445936870,0.342620482,455,7,1643,873
0.097686687989,0.984848485,0.653418124,0.445601075,0.342878674,455,7,1644,872
0.097864887804,0.984848485,0.653815580,0.445265279,0.343137255,455,7,1645,871
0.097880620182,0.984848485,0.654213037,0.444929483,0.343396226,455,7,1646,870
0.098344751361,0.984848485,0.654610493,0.444593687,0.343655589,455,7,1647,869
0.098373961556,0.984848485,0.655007949,0.444257891,0.343915344,455,7,1648,868
0.098383388414,0.984848485,0.655405405,0.443922095,0.344175492,455,7,1649,867
0.098402130821,0.984848485,0.655802862,0.443586300,0.344436033,455,7,1650,866
0.098413995014,0.984848485,0.656200318,0.443250504,0.344696970,455,7,1651,865
0.098660296886,0.984848485,0.656597774,0.442914708,0.344958302,455,7,1652,864
0.098825496884,0.984848485,0.656995231,0.442578912,0.345220030,455,7,1653,863
0.098873469984,0.984848485,0.657392687,0.442243116,0.345482156,455,7,1654,862
0.098931795583,0.984848485,0.657790143,0.441907320,0.345744681,455,7,1655,861
0.098978888487,0.984848485,0.658187599,0.441571525,0.346007605,455,7,1656,860
0.098979241422,0.984848485,0.658585056,0.441235729,0.346270928,455,7,1657,859
0.099412263212,0.984848485,0.658982512,0.440899933,0.346534653,455,7,1658,858
0.099474091318,0.984848485,0.659379968,0.440564137,0.346798780,455,7,1659,857
0.099712969009,0.984848485,0.659777424,0.440228341,0.347063310,455,7,1660,856
0.100037183518,0.984848485,0.660174881,0.439892545,0.347328244,455,7,1661,855
0.100052993033,0.984848485,0.660572337,0.439556749,0.347593583,455,7,1662,854
0.100102995276,0.984848485,0.660969793,0.439220954,0.347859327,455,7,1663,853
0.100105097199,0.984848485,0.661367250,0.438885158,0.348125478,455,7,1664,852
0.100130890304,0.984848485,0.661764706,0.438549362,0.348392037,455,7,1665,851
0.100192438605,0.984848485,0.662162162,0.438213566,0.348659004,455,7,1666,850
0.100198810698,0.984848485,0.662559618,0.437877770,0.348926380,455,7,1667,849
0.100572703905,0.984848485,0.662957075,0.437541974,0.349194167,455,7,1668,848
0.100684093003,0.984848485,0.663354531,0.437206179,0.349462366,455,7,1669,847
0.100912554737,0.984848485,0.663751987,0.436870383,0.349730976,455,7,1670,846
0.101008479461,0.984848485,0.664149444,0.436534587,0.350000000,455,7,1671,845
0.101080795554,0.984848485,0.664546900,0.436198791,0.350269438,455,7,1672,844
0.101271906286,0.984848485,0.664944356,0.435862995,0.350539291,455,7,1673,843
0.101416669114,0.984848485,0.665341812,0.435527199,0.350809561,455,7,1674,842
0.101459169760,0.984848485,0.665739269,0.435191404,0.351080247,455,7,1675,841
0.101587566477,0.984848485,0.666136725,0.434855608,0.351351351,455,7,1676,840
0.102140025528,0.984848485,0.666534181,0.434519812,0.351622875,455,7,1677,839
0.102468053565,0.984848485,0.666931638,0.434184016,0.351894818,455,7,1678,838
0.102615200245,0.984848485,0.667329094,0.433848220,0.352167183,455,7,1679,837
0.102674363156,0.984848485,0.667726550,0.433512424,0.352439969,455,7,1680,836
0.102861161094,0.984848485,0.668124006,0.433176629,0.352713178,455,7,1681,835
0.102901543689,0.984848485,0.668521463,0.432840833,0.352986811,455,7,1682,834
0.103227161026,0.984848485,0.668918919,0.432505037,0.353260870,455,7,1683,833
0.103313331614,0.984848485,0.669316375,0.432169241,0.353535354,455,7,1684,832
0.103635492425,0.984848485,0.669713831,0.431833445,0.353810264,455,7,1685,831
0.103751573923,0.984848485,0.670111288,0.431497649,0.354085603,455,7,1686,830
0.103833592774,0.984848485,0.670508744,0.431161854,0.354361371,455,7,1687,829
0.104004106016,0.984848485,0.670906200,0.430826058,0.354637568,455,7,1688,828
0.104261810687,0.984848485,0.671303657,0.430490262,0.354914197,455,7,1689,827
0.104641145310,0.984848485,0.671701113,0.430154466,0.355191257,455,7,1690,826
0.104707471459,0.984848485,0.672098569,0.429818670,0.355468750,455,7,1691,825
0.104729898003,0.984848485,0.672496025,0.429482874,0.355746677,455,7,1692,824
0.104963456226,0.984848485,0.672893482,0.429147079,0.356025039,455,7,1693,823
0.105122330490,0.984848485,0.673290938,0.428811283,0.356303837,455,7,1694,822
0.105328228800,0.984848485,0.673688394,0.428475487,0.356583072,455,7,1695,821
0.105355249450,0.984848485,0.674085851,0.428139691,0.356862745,455,7,1696,820
0.105504612872,0.984848485,0.674483307,0.427803895,0.357142857,455,7,1697,819
0.105905048700,0.984848485,0.674880763,0.427468099,0.357423409,455,7,1698,818
0.105971534714,0.984848485,0.675278219,0.427132304,0.357704403,455,7,1699,817
0.106031431069,0.984848485,0.675675676,0.426796508,0.357985838,455,7,1700,816
0.106222296531,0.984848485,0.676073132,0.426460712,0.358267717,455,7,1701,815
0.106279333551,0.984848485,0.676470588,0.426124916,0.358550039,455,7,1702,814
0.106470519973,0.984848485,0.676868045,0.425789120,0.358832808,455,7,1703,813
0.106505970746,0.984848485,0.677265501,0.425453324,0.359116022,455,7,1704,812
0.106778958998,0.984848485,0.677662957,0.425117529,0.359399684,455,7,1705,811
0.107045457533,0.984848485,0.678060413,0.424781733,0.359683794,455,7,1706,810
0.107064359501,0.984848485,0.678457870,0.424445937,0.359968354,455,7,1707,809
0.107177805786,0.984848485,0.678855326,0.424110141,0.360253365,455,7,1708,808
0.107405674002,0.984848485,0.679252782,0.423774345,0.360538827,455,7,1709,807
0.107592197294,0.984848485,0.679650238,0.423438549,0.360824742,455,7,1710,806
0.107965928012,0.984848485,0.680047695,0.423102754,0.361111111,455,7,1711,805
0.108250458256,0.984848485,0.680445151,0.422766958,0.361397935,455,7,1712,804
0.108646994783,0.984848485,0.680842607,0.422431162,0.361685215,455,7,1713,803
0.108818427684,0.984848485,0.681240064,0.422095366,0.361972951,455,7,1714,802
0.109139302824,0.984848485,0.681637520,0.421759570,0.362261146,455,7,1715,801
0.109221096144,0.982683983,0.681637520,0.421423774,0.361752988,454,8,1715,801
0.109309124381,0.982683983,0.682034976,0.421087979,0.362041467,454,8,1716,800
0.109317654306,0.982683983,0.682432432,0.420752183,0.362330407,454,8,1717,799
0.109322602980,0.982683983,0.682829889,0.420416387,0.362619808,454,8,1718,798
0.109612027844,0.982683983,0.683227345,0.420080591,0.362909672,454,8,1719,797
0.109664174504,0.982683983,0.683624801,0.419744795,0.363200000,454,8,1720,796
0.109702748283,0.982683983,0.684022258,0.419408999,0.363490793,454,8,1721,795
0.109779607285,0.982683983,0.684419714,0.419073203,0.363782051,454,8,1722,794
0.109798049947,0.982683983,0.684817170,0.418737408,0.364073777,454,8,1723,793
0.109862856288,0.982683983,0.685214626,0.418401612,0.364365971,454,8,1724,792
0.109916043110,0.982683983,0.685612083,0.418065816,0.364658635,454,8,1725,791
0.110038049848,0.982683983,0.686009539,0.417730020,0.364951768,454,8,1726,790
0.110288367077,0.980519481,0.686009539,0.417394224,0.364440869,453,9,1726,790
0.110322888313,0.980519481,0.686406995,0.417058428,0.364734300,453,9,1727,789
0.110475624890,0.980519481,0.686804452,0.416722633,0.365028203,453,9,1728,788
0.110496900097,0.980519481,0.687201908,0.416386837,0.365322581,453,9,1729,787
0.110581381950,0.980519481,0.687599364,0.416051041,0.365617433,453,9,1730,786
0.110582075316,0.980519481,0.687996820,0.415715245,0.365912763,453,9,1731,785
0.110630166285,0.980519481,0.688394277,0.415379449,0.366208569,453,9,1732,784
0.110835094399,0.980519481,0.688791733,0.415043653,0.366504854,453,9,1733,783
0.111074219557,0.980519481,0.689189189,0.414707858,0.366801619,453,9,1734,782
0.111135732312,0.980519481,0.689586645,0.414372062,0.367098865,453,9,1735,781
0.111189579575,0.978354978,0.689586645,0.414036266,0.366585564,452,10,1735,781
0.111402358260,0.978354978,0.689984102,0.413700470,0.366883117,452,10,1736,780
0.111523337059,0.978354978,0.690381558,0.413364674,0.367181154,452,10,1737,779
0.111709879191,0.978354978,0.690779014,0.413028878,0.367479675,452,10,1738,778
0.111749292100,0.978354978,0.691176471,0.412693083,0.367778682,452,10,1739,777
0.111880776637,0.978354978,0.691573927,0.412357287,0.368078176,452,10,1740,776
0.112855535750,0.978354978,0.691971383,0.412021491,0.368378158,452,10,1741,775
0.112926443018,0.978354978,0.692368839,0.411685695,0.368678630,452,10,1742,774
0.113177359517,0.978354978,0.692766296,0.411349899,0.368979592,452,10,1743,773
0.113446698969,0.978354978,0.693163752,0.411014103,0.369281046,452,10,1744,772
0.113704238402,0.978354978,0.693561208,0.410678308,0.369582993,452,10,1745,771
0.113814293865,0.978354978,0.693958665,0.410342512,0.369885434,452,10,1746,770
0.114135274177,0.978354978,0.694356121,0.410006716,0.370188370,452,10,1747,769
0.114189618417,0.978354978,0.694753577,0.409670920,0.370491803,452,10,1748,768
0.114251067198,0.978354978,0.695151033,0.409335124,0.370795734,452,10,1749,767
0.114251694345,0.978354978,0.695548490,0.408999328,0.371100164,452,10,1750,766
0.114279203866,0.978354978,0.695945946,0.408663533,0.371405094,452,10,1751,765
0.114820628547,0.978354978,0.696343402,0.408327737,0.371710526,452,10,1752,764
0.114891779674,0.978354978,0.696740859,0.407991941,0.372016461,452,10,1753,763
0.114932656477,0.978354978,0.697138315,0.407656145,0.372322900,452,10,1754,762
0.115561247037,0.978354978,0.697535771,0.407320349,0.372629843,452,10,1755,761
0.115660380680,0.978354978,0.697933227,0.406984553,0.372937294,452,10,1756,760
0.115814707027,0.978354978,0.698330684,0.406648758,0.373245252,452,10,1757,759
0.115827043975,0.978354978,0.698728140,0.406312962,0.373553719,452,10,1758,758
0.115876277433,0.978354978,0.699125596,0.405977166,0.373862696,452,10,1759,757
0.115920913570,0.978354978,0.699523052,0.405641370,0.374172185,452,10,1760,756
0.116053083016,0.978354978,0.699920509,0.405305574,0.374482187,452,10,1761,755
0.116289383840,0.978354978,0.700317965,0.404969778,0.374792703,452,10,1762,754
0.116374251901,0.978354978,0.700715421,0.404633983,0.375103734,452,10,1763,753
0.116388236923,0.976190476,0.700715421,0.404298187,0.374584718,451,11,1763,753
0.116447474096,0.976190476,0.701112878,0.403962391,0.374896093,451,11,1764,752
0.116463356112,0.976190476,0.701510334,0.403626595,0.375207987,451,11,1765,751
0.116649377400,0.976190476,0.701907790,0.403290799,0.375520400,451,11,1766,750
0.116711962652,0.976190476,0.702305246,0.402955003,0.375833333,451,11,1767,749
0.116933058234,0.976190476,0.702702703,0.402619208,0.376146789,451,11,1768,748
0.117147202651,0.976190476,0.703100159,0.402283412,0.376460768,451,11,1769,747
0.117585300590,0.976190476,0.703497615,0.401947616,0.376775272,451,11,1770,746
0.117657001012,0.976190476,0.703895072,0.401611820,0.377090301,451,11,1771,745
0.117701770160,0.976190476,0.704292528,0.401276024,0.377405858,451,11,1772,744
0.117994963366,0.976190476,0.704689984,0.400940228,0.377721943,451,11,1773,743
0.118560755586,0.976190476,0.705087440,0.400604433,0.378038558,451,11,1774,742
0.118766308631,0.976190476,0.705484897,0.400268637,0.378355705,451,11,1775,741
0.118886577054,0.976190476,0.705882353,0.399932841,0.378673384,451,11,1776,740
0.118915147718,0.976190476,0.706279809,0.399597045,0.378991597,451,11,1777,739
0.119045670365,0.976190476,0.706677266,0.399261249,0.379310345,451,11,1778,738
0.119145684844,0.976190476,0.707074722,0.398925453,0.379629630,451,11,1779,737
0.119192392067,0.976190476,0.707472178,0.398589657,0.379949452,451,11,1780,736
0.119356906123,0.976190476,0.707869634,0.398253862,0.380269815,451,11,1781,735
0.119586878831,0.976190476,0.708267091,0.397918066,0.380590717,451,11,1782,734
0.119601491834,0.976190476,0.708664547,0.397582270,0.380912162,451,11,1783,733
0.119836901318,0.976190476,0.709062003,0.397246474,0.381234150,451,11,1784,732
0.119924324335,0.976190476,0.709459459,0.396910678,0.381556684,451,11,1785,731
0.119935464246,0.976190476,0.709856916,0.396574882,0.381879763,451,11,1786,730
0.120036634879,0.976190476,0.710254372,0.396239087,0.382203390,451,11,1787,729
0.120470725667,0.976190476,0.710651828,0.395903291,0.382527566,451,11,1788,728
0.120542591713,0.976190476,0.711049285,0.395567495,0.382852292,451,11,1789,727
0.120810444617,0.976190476,0.711446741,0.395231699,0.383177570,451,11,1790,726
0.120850522507,0.976190476,0.711844197,0.394895903,0.383503401,451,11,1791,725
0.121036498725,0.976190476,0.712241653,0.394560107,0.383829787,451,11,1792,724
0.121187207676,0.976190476,0.712639110,0.394224312,0.384156729,451,11,1793,723
0.121516906518,0.974025974,0.712639110,0.393888516,0.383631714,450,12,1793,723
0.121573398499,0.974025974,0.713036566,0.393552720,0.383959044,450,12,1794,722
0.121704254123,0.974025974,0.713434022,0.393216924,0.384286934,450,12,1795,721
0.122478456501,0.974025974,0.713831479,0.392881128,0.384615385,450,12,1796,720
0.122743754068,0.974025974,0.714228935,0.392545332,0.384944397,450,12,1797,719
0.122795709158,0.974025974,0.714626391,0.392209537,0.385273973,450,12,1798,718
0.123109086288,0.974025974,0.715023847,0.391873741,0.385604113,450,12,1799,717
0.123460798358,0.971861472,0.715023847,0.391537945,0.385077187,449,13,1799,717
0.123677711109,0.971861472,0.715421304,0.391202149,0.385407725,449,13,1800,716
0.123843836923,0.971861472,0.715818760,0.390866353,0.385738832,449,13,1801,715
0.123978213034,0.971861472,0.716216216,0.390530557,0.386070507,449,13,1802,714
0.123986168855,0.971861472,0.716613672,0.390194762,0.386402754,449,13,1803,713
0.124038155416,0.971861472,0.717011129,0.389858966,0.386735573,449,13,1804,712
0.124045096849,0.971861472,0.717408585,0.389523170,0.387068966,449,13,1805,711
0.124514471152,0.971861472,0.717806041,0.389187374,0.387402934,449,13,1806,710
0.124708336988,0.971861472,0.718203498,0.388851578,0.387737478,449,13,1807,709
0.124910690797,0.971861472,0.718600954,0.388515782,0.388072602,449,13,1808,708
0.125009512485,0.971861472,0.718998410,0.388179987,0.388408304,449,13,1809,707
0.125733075214,0.971861472,0.719395866,0.387844191,0.388744589,449,13,1810,706
0.125811469717,0.971861472,0.719793323,0.387508395,0.389081456,449,13,1811,705
0.125955857844,0.971861472,0.720190779,0.387172599,0.389418907,449,13,1812,704
0.126300484133,0.971861472,0.720588235,0.386836803,0.389756944,449,13,1813,703
0.126343124421,0.971861472,0.720985692,0.386501007,0.390095569,449,13,1814,702
0.126367317321,0.971861472,0.721383148,0.386165212,0.390434783,449,13,1815,701
0.126373831722,0.971861472,0.721780604,0.385829416,0.390774587,449,13,1816,700
0.126466530943,0.971861472,0.722178060,0.385493620,0.391114983,449,13,1817,699
0.126505381380,0.971861472,0.722575517,0.385157824,0.391455972,449,13,1818,698
0.126566856007,0.971861472,0.722972973,0.384822028,0.391797557,449,13,1819,697
0.126634551694,0.971861472,0.723370429,0.384486232,0.392139738,449,13,1820,696
0.126702293134,0.971861472,0.723767886,0.384150437,0.392482517,449,13,1821,695
0.126836257808,0.969696970,0.723767886,0.383814641,0.391951006,448,14,1821,695
0.127052467802,0.969696970,0.724165342,0.383478845,0.392294221,448,14,1822,694
0.127262018153,0.969696970,0.724562798,0.383143049,0.392638037,448,14,1823,693
0.127355400226,0.969696970,0.724960254,0.382807253,0.392982456,448,14,1824,692
0.128243747461,0.969696970,0.725357711,0.382471457,0.393327480,448,14,1825,691
0.128735148573,0.969696970,0.725755167,0.382135662,0.393673111,448,14,1826,690
0.128810959401,0.969696970,0.726152623,0.381799866,0.394019349,448,14,1827,689
0.129693533007,0.969696970,0.726550079,0.381464070,0.394366197,448,14,1828,688
0.129868825572,0.969696970,0.726947536,0.381128274,0.394713656,448,14,1829,687
0.129949664795,0.969696970,0.727344992,0.380792478,0.395061728,448,14,1830,686
0.130329647602,0.967532468,0.727344992,0.380456682,0.394527802,447,15,1830,686
0.130651558005,0.967532468,0.727742448,0.380120887,0.394876325,447,15,1831,685
0.130878832421,0.967532468,0.728139905,0.379785091,0.395225464,447,15,1832,684
0.131320469293,0.967532468,0.728537361,0.379449295,0.395575221,447,15,1833,683
0.132394062712,0.967532468,0.728934817,0.379113499,0.395925598,447,15,1834,682
0.132481422722,0.967532468,0.729332273,0.378777703,0.396276596,447,15,1835,681
0.132585690625,0.967532468,0.729729730,0.378441907,0.396628217,447,15,1836,680
0.132621408480,0.967532468,0.730127186,0.378106111,0.396980462,447,15,1837,679
0.132641543602,0.967532468,0.730524642,0.377770316,0.397333333,447,15,1838,678
0.132656491745,0.967532468,0.730922099,0.377434520,0.397686833,447,15,1839,677
0.132794511551,0.967532468,0.731319555,0.377098724,0.398040962,447,15,1840,676
0.132862930001,0.967532468,0.731717011,0.376762928,0.398395722,447,15,1841,675
0.132977218410,0.967532468,0.732114467,0.376427132,0.398751115,447,15,1842,674
0.133051818878,0.967532468,0.732511924,0.376091336,0.399107143,447,15,1843,673
0.133848050550,0.967532468,0.732909380,0.375755541,0.399463807,447,15,1844,672
0.134194284909,0.967532468,0.733306836,0.375419745,0.399821109,447,15,1845,671
0.134358334345,0.967532468,0.733704293,0.375083949,0.400179051,447,15,1846,670
0.134464284828,0.967532468,0.734101749,0.374748153,0.400537634,447,15,1847,669
0.134662228716,0.967532468,0.734499205,0.374412357,0.400896861,447,15,1848,668
0.135065618491,0.967532468,0.734896661,0.374076561,0.401256732,447,15,1849,667
0.135514089345,0.967532468,0.735294118,0.373740766,0.401617251,447,15,1850,666
0.135851891115,0.967532468,0.735691574,0.373404970,0.401978417,447,15,1851,665
0.135929901235,0.967532468,0.736089030,0.373069174,0.402340234,447,15,1852,664
0.136065734320,0.967532468,0.736486486,0.372733378,0.402702703,447,15,1853,663
0.136162811679,0.967532468,0.736883943,0.372397582,0.403065825,447,15,1854,662
0.136708022333,0.967532468,0.737281399,0.372061786,0.403429603,447,15,1855,661
0.136881282719,0.967532468,0.737678855,0.371725991,0.403794038,447,15,1856,660
0.136926447818,0.967532468,0.738076312,0.371390195,0.404159132,447,15,1857,659
0.137093452615,0.967532468,0.738473768,0.371054399,0.404524887,447,15,1858,658
0.137391363572,0.967532468,0.738871224,0.370718603,0.404891304,447,15,1859,657
0.137406216879,0.967532468,0.739268680,0.370382807,0.405258386,447,15,1860,656
0.138019185585,0.967532468,0.739666137,0.370047011,0.405626134,447,15,1861,655
0.138211508886,0.967532468,0.740063593,0.369711216,0.405994550,447,15,1862,654
0.138345746325,0.967532468,0.740461049,0.369375420,0.406363636,447,15,1863,653
0.138401176633,0.967532468,0.740858506,0.369039624,0.406733394,447,15,1864,652
0.139081109192,0.967532468,0.741255962,0.368703828,0.407103825,447,15,1865,651
0.139119696337,0.967532468,0.741653418,0.368368032,0.407474932,447,15,1866,650
0.139389269329,0.967532468,0.742050874,0.368032236,0.407846715,447,15,1867,649
0.139629934044,0.967532468,0.742448331,0.367696441,0.408219178,447,15,1868,648
0.139696186838,0.965367965,0.742448331,0.367360645,0.407678245,446,16,1868,648
0.140202742466,0.965367965,0.742845787,0.367024849,0.408051235,446,16,1869,647
0.140327788752,0.963203463,0.742845787,0.366689053,0.407509158,445,17,1869,647
0.140605449766,0.963203463,0.743243243,0.366353257,0.407882676,445,17,1870,646
0.140608959358,0.963203463,0.743640700,0.366017461,0.408256881,445,17,1871,645
0.140850544893,0.963203463,0.744038156,0.365681666,0.408631772,445,17,1872,644
0.141330779155,0.963203463,0.744435612,0.365345870,0.409007353,445,17,1873,643
0.141804164052,0.963203463,0.744833068,0.365010074,0.409383625,445,17,1874,642
0.141819593960,0.963203463,0.745230525,0.364674278,0.409760589,445,17,1875,641
0.141867720354,0.963203463,0.745627981,0.364338482,0.410138249,445,17,1876,640
0.142207401931,0.963203463,0.746025437,0.364002686,0.410516605,445,17,1877,639
0.142661253195,0.963203463,0.746422893,0.363666891,0.410895660,445,17,1878,638
0.143222634246,0.963203463,0.746820350,0.363331095,0.411275416,445,17,1879,637
0.143407274350,0.963203463,0.747217806,0.362995299,0.411655874,445,17,1880,636
0.143601158397,0.963203463,0.747615262,0.362659503,0.412037037,445,17,1881,635
0.143601640806,0.963203463,0.748012719,0.362323707,0.412418906,445,17,1882,634
0.143608969236,0.963203463,0.748410175,0.361987911,0.412801484,445,17,1883,633
0.143873194890,0.963203463,0.748807631,0.361652116,0.413184773,445,17,1884,632
0.143934893206,0.963203463,0.749205087,0.361316320,0.413568773,445,17,1885,631
0.143969030490,0.963203463,0.749602544,0.360980524,0.413953488,445,17,1886,630
0.144031499821,0.963203463,0.750000000,0.360644728,0.414338920,445,17,1887,629
0.144083553794,0.963203463,0.750397456,0.360308932,0.414725070,445,17,1888,628
0.144284732154,0.963203463,0.750794913,0.359973136,0.415111940,445,17,1889,627
0.144861690307,0.963203463,0.751192369,0.359637340,0.415499533,445,17,1890,626
0.144930277577,0.963203463,0.751589825,0.359301545,0.415887850,445,17,1891,625
0.144937957373,0.963203463,0.751987281,0.358965749,0.416276894,445,17,1892,624
0.145009663959,0.963203463,0.752384738,0.358629953,0.416666667,445,17,1893,623
0.145761932262,0.963203463,0.752782194,0.358294157,0.417057170,445,17,1894,622
0.146363320028,0.963203463,0.753179650,0.357958361,0.417448405,445,17,1895,621
0.147010306629,0.963203463,0.753577107,0.357622565,0.417840376,445,17,1896,620
0.147055141065,0.963203463,0.753974563,0.357286770,0.418233083,445,17,1897,619
0.147157778401,0.963203463,0.754372019,0.356950974,0.418626529,445,17,1898,618
0.147248618795,0.963203463,0.754769475,0.356615178,0.419020716,445,17,1899,617
0.147361428482,0.963203463,0.755166932,0.356279382,0.419415646,445,17,1900,616
0.147560977029,0.963203463,0.755564388,0.355943586,0.419811321,445,17,1901,615
0.148306341286,0.963203463,0.755961844,0.355607790,0.420207743,445,17,1902,614
0.148515744170,0.963203463,0.756359300,0.355271995,0.420604915,445,17,1903,613
0.148553458424,0.963203463,0.756756757,0.354936199,0.421002838,445,17,1904,612
0.149193968173,0.963203463,0.757154213,0.354600403,0.421401515,445,17,1905,611
0.149207238971,0.963203463,0.757551669,0.354264607,0.421800948,445,17,1906,610
0.149284824232,0.963203463,0.757949126,0.353928811,0.422201139,445,17,1907,609
0.149289898679,0.963203463,0.758346582,0.353593015,0.422602089,445,17,1908,608
0.149573397197,0.963203463,0.758744038,0.353257220,0.423003802,445,17,1909,607
0.149727288455,0.963203463,0.759141494,0.352921424,0.423406280,445,17,1910,606
0.149797952826,0.963203463,0.759538951,0.352585628,0.423809524,445,17,1911,605
0.150178022368,0.963203463,0.759936407,0.352249832,0.424213537,445,17,1912,604
0.150737086280,0.963203463,0.760333863,0.351914036,0.424618321,445,17,1913,603
0.151156683549,0.963203463,0.760731320,0.351578240,0.425023878,445,17,1914,602
0.151176221411,0.963203463,0.761128776,0.351242445,0.425430210,445,17,1915,601
0.151224160658,0.963203463,0.761526232,0.350906649,0.425837321,445,17,1916,600
0.151261156775,0.963203463,0.761923688,0.350570853,0.426245211,445,17,1917,599
0.151583569819,0.963203463,0.762321145,0.350235057,0.426653883,445,17,1918,598
0.151643824081,0.963203463,0.762718601,0.349899261,0.427063340,445,17,1919,597
0.152124143052,0.963203463,0.763116057,0.349563465,0.427473583,445,17,1920,596
0.152173908878,0.963203463,0.763513514,0.349227670,0.427884615,445,17,1921,595
0.152280790196,0.963203463,0.763910970,0.348891874,0.428296439,445,17,1922,594
0.152335241533,0.963203463,0.764308426,0.348556078,0.428709056,445,17,1923,593
0.152887447901,0.963203463,0.764705882,0.348220282,0.429122469,445,17,1924,592
0.152935959897,0.963203463,0.765103339,0.347884486,0.429536680,445,17,1925,591
0.153556153342,0.963203463,0.765500795,0.347548690,0.429951691,445,17,1926,590
0.153634461060,0.963203463,0.765898251,0.347212895,0.430367505,445,17,1927,589
0.153808487985,0.963203463,0.766295707,0.346877099,0.430784124,445,17,1928,588
0.153860061276,0.963203463,0.766693164,0.346541303,0.431201550,445,17,1929,587
0.154402319647,0.963203463,0.767090620,0.346205507,0.431619787,445,17,1930,586
0.154407711831,0.961038961,0.767090620,0.345869711,0.431067961,444,18,1930,586
0.154757117769,0.961038961,0.767488076,0.345533915,0.431486880,444,18,1931,585
0.154899488169,0.961038961,0.767885533,0.345198120,0.431906615,444,18,1932,584
0.155187733168,0.961038961,0.768282989,0.344862324,0.432327167,444,18,1933,583
0.155466640616,0.961038961,0.768680445,0.344526528,0.432748538,444,18,1934,582
0.155789531119,0.961038961,0.769077901,0.344190732,0.433170732,444,18,1935,581
0.155948415543,0.961038961,0.769475358,0.343854936,0.433593750,444,18,1936,580
0.156070223512,0.961038961,0.769872814,0.343519140,0.434017595,444,18,1937,579
0.156092078787,0.958874459,0.769872814,0.343183345,0.433463796,443,19,1937,579
0.156295788299,0.958874459,0.770270270,0.342847549,0.433888345,443,19,1938,578
0.156624004072,0.958874459,0.770667727,0.342511753,0.434313725,443,19,1939,577
0.156698326654,0.958874459,0.771065183,0.342175957,0.434739941,443,19,1940,576
0.156797070672,0.958874459,0.771462639,0.341840161,0.435166994,443,19,1941,575
0.156868078848,0.958874459,0.771860095,0.341504365,0.435594887,443,19,1942,574
0.157160602279,0.958874459,0.772257552,0.341168570,0.436023622,443,19,1943,573
0.157336521484,0.958874459,0.772655008,0.340832774,0.436453202,443,19,1944,572
0.157409457033,0.958874459,0.773052464,0.340496978,0.436883629,443,19,1945,571
0.157516416346,0.958874459,0.773449921,0.340161182,0.437314906,443,19,1946,570
0.157717926462,0.958874459,0.773847377,0.339825386,0.437747036,443,19,1947,569
0.158380164940,0.958874459,0.774244833,0.339489590,0.438180020,443,19,1948,568
0.158541020836,0.958874459,0.774642289,0.339153794,0.438613861,443,19,1949,567
0.158760958095,0.958874459,0.775039746,0.338817999,0.439048563,443,19,1950,566
0.159120590668,0.956709957,0.775039746,0.338482203,0.438492063,442,20,1950,566
0.159156671087,0.956709957,0.775437202,0.338146407,0.438927507,442,20,1951,565
0.159356728300,0.956709957,0.775834658,0.337810611,0.439363817,442,20,1952,564
0.159832141680,0.956709957,0.776232114,0.337474815,0.439800995,442,20,1953,563
0.159890197060,0.956709957,0.776629571,0.337139019,0.440239044,442,20,1954,562
0.160055770314,0.956709957,0.777027027,0.336803224,0.440677966,442,20,1955,561
0.160095931265,0.956709957,0.777424483,0.336467428,0.441117764,442,20,1956,560
0.160343699513,0.956709957,0.777821940,0.336131632,0.441558442,442,20,1957,559
0.160789554474,0.956709957,0.778219396,0.335795836,0.442000000,442,20,1958,558
0.160793226238,0.956709957,0.778616852,0.335460040,0.442442442,442,20,1959,557
0.160958122843,0.954545455,0.778616852,0.335124244,0.441883768,441,21,1959,557
0.161123719055,0.954545455,0.779014308,0.334788449,0.442326981,441,21,1960,556
0.161526469130,0.954545455,0.779411765,0.334452653,0.442771084,441,21,1961,555
0.161780168986,0.954545455,0.779809221,0.334116857,0.443216080,441,21,1962,554
0.161811857704,0.954545455,0.780206677,0.333781061,0.443661972,441,21,1963,553
0.162259962630,0.954545455,0.780604134,0.333445265,0.444108761,441,21,1964,552
0.162603260189,0.954545455,0.781001590,0.333109469,0.444556452,441,21,1965,551
0.162968083850,0.954545455,0.781399046,0.332773674,0.445005045,441,21,1966,550
0.163203077615,0.954545455,0.781796502,0.332437878,0.445454545,441,21,1967,549
0.163316478565,0.952380952,0.781796502,0.332102082,0.444893832,440,22,1967,549
0.163519884883,0.952380952,0.782193959,0.331766286,0.445344130,440,22,1968,548
0.163764568223,0.952380952,0.782591415,0.331430490,0.445795339,440,22,1969,547
0.163848288708,0.952380952,0.782988871,0.331094694,0.446247465,440,22,1970,546
0.164018351185,0.952380952,0.783386328,0.330758899,0.446700508,440,22,1971,545
0.164325484746,0.952380952,0.783783784,0.330423103,0.447154472,440,22,1972,544
0.164599513385,0.952380952,0.784181240,0.330087307,0.447609359,440,22,1973,543
0.165210729652,0.952380952,0.784578696,0.329751511,0.448065173,440,22,1974,542
0.165249391009,0.952380952,0.784976153,0.329415715,0.448521916,440,22,1975,541
0.165421711590,0.952380952,0.785373609,0.329079919,0.448979592,440,22,1976,540
0.165630150273,0.952380952,0.785771065,0.328744124,0.449438202,440,22,1977,539
0.166241852572,0.952380952,0.786168521,0.328408328,0.449897751,440,22,1978,538
0.166530850899,0.952380952,0.786565978,0.328072532,0.450358240,440,22,1979,537
0.166903406101,0.950216450,0.786565978,0.327736736,0.449795082,439,23,1979,537
0.167809641559,0.950216450,0.786963434,0.327400940,0.450256410,439,23,1980,536
0.168127656616,0.950216450,0.787360890,0.327065144,0.450718686,439,23,1981,535
0.168799836451,0.950216450,0.787758347,0.326729349,0.451181912,439,23,1982,534
0.169117577425,0.950216450,0.788155803,0.326393553,0.451646091,439,23,1983,533
0.169861779548,0.950216450,0.788553259,0.326057757,0.452111226,439,23,1984,532
0.170093303593,0.950216450,0.788950715,0.325721961,0.452577320,439,23,1985,531
0.170517110468,0.950216450,0.789348172,0.325386165,0.453044376,439,23,1986,530
0.171087257637,0.950216450,0.789745628,0.325050369,0.453512397,439,23,1987,529
0.171338282041,0.950216450,0.790143084,0.324714574,0.453981386,439,23,1988,528
0.171525009421,0.950216450,0.790540541,0.324378778,0.454451346,439,23,1989,527
0.171613312260,0.950216450,0.790937997,0.324042982,0.454922280,439,23,1990,526
0.171769356503,0.950216450,0.791335453,0.323707186,0.455394191,439,23,1991,525
0.171788479620,0.950216450,0.791732909,0.323371390,0.455867082,439,23,1992,524
0.171803027367,0.950216450,0.792130366,0.323035594,0.456340956,439,23,1993,523
0.171873892762,0.950216450,0.792527822,0.322699799,0.456815817,439,23,1994,522
0.172107110209,0.950216450,0.792925278,0.322364003,0.457291667,439,23,1995,521
0.172290533339,0.950216450,0.793322734,0.322028207,0.457768509,439,23,1996,520
0.172706689803,0.950216450,0.793720191,0.321692411,0.458246347,439,23,1997,519
0.173040456215,0.950216450,0.794117647,0.321356615,0.458725183,439,23,1998,518
0.173409318597,0.950216450,0.794515103,0.321020819,0.459205021,439,23,1999,517
0.173474125800,0.950216450,0.794912560,0.320685024,0.459685864,439,23,2000,516
0.174397633643,0.950216450,0.795310016,0.320349228,0.460167715,439,23,2001,515
0.175200147033,0.950216450,0.795707472,0.320013432,0.460650577,439,23,2002,514
0.176393398653,0.950216450,0.796104928,0.319677636,0.461134454,439,23,2003,513
0.176452000799,0.950216450,0.796502385,0.319341840,0.461619348,439,23,2004,512
0.176843522525,0.950216450,0.796899841,0.319006044,0.462105263,439,23,2005,511
0.177610305652,0.950216450,0.797297297,0.318670248,0.462592202,439,23,2006,510
0.177841993718,0.950216450,0.797694754,0.318334453,0.463080169,439,23,2007,509
0.178137556054,0.950216450,0.798092210,0.317998657,0.463569166,439,23,2008,508
0.178504591131,0.950216450,0.798489666,0.317662861,0.464059197,439,23,2009,507
0.179033174361,0.950216450,0.798887122,0.317327065,0.464550265,439,23,2010,506
0.179269686622,0.950216450,0.799284579,0.316991269,0.465042373,439,23,2011,505
0.179584062217,0.950216450,0.799682035,0.316655473,0.465535525,439,23,2012,504
0.179716647016,0.950216450,0.800079491,0.316319678,0.466029724,439,23,2013,503
0.179799594795,0.950216450,0.800476948,0.315983882,0.466524973,439,23,2014,502
0.180364793411,0.950216450,0.800874404,0.315648086,0.467021277,439,23,2015,501
0.180448699189,0.950216450,0.801271860,0.315312290,0.467518637,439,23,2016,500
0.180550023964,0.950216450,0.801669316,0.314976494,0.468017058,439,23,2017,499
0.181855105161,0.948051948,0.801669316,0.314640698,0.467449306,438,24,2017,499
0.182129182953,0.948051948,0.802066773,0.314304903,0.467948718,438,24,2018,498
0.183079161143,0.948051948,0.802464229,0.313969107,0.468449198,438,24,2019,497
0.183335840000,0.945887446,0.802464229,0.313633311,0.467880086,437,25,2019,497
0.183758143105,0.945887446,0.802861685,0.313297515,0.468381565,437,25,2020,496
0.184171048415,0.945887446,0.803259141,0.312961719,0.468884120,437,25,2021,495
0.184205710374,0.945887446,0.803656598,0.312625923,0.469387755,437,25,2022,494
0.184431763587,0.945887446,0.804054054,0.312290128,0.469892473,437,25,2023,493
0.184531246374,0.945887446,0.804451510,0.311954332,0.470398278,437,25,2024,492
0.184565571683,0.945887446,0.804848967,0.311618536,0.470905172,437,25,2025,491
0.184800023315,0.945887446,0.805246423,0.311282740,0.471413161,437,25,2026,490
0.184905975023,0.945887446,0.805643879,0.310946944,0.471922246,437,25,2027,489
0.187233197603,0.945887446,0.806041335,0.310611148,0.472432432,437,25,2028,488
0.187256171046,0.945887446,0.806438792,0.310275353,0.472943723,437,25,2029,487
0.188106400822,0.945887446,0.806836248,0.309939557,0.473456121,437,25,2030,486
0.188198598180,0.943722944,0.806836248,0.309603761,0.472885033,436,26,2030,486
0.188271818539,0.943722944,0.807233704,0.309267965,0.473398480,436,26,2031,485
0.188366678398,0.943722944,0.807631161,0.308932169,0.473913043,436,26,2032,484
0.188560255589,0.943722944,0.808028617,0.308596373,0.474428727,436,26,2033,483
0.188686133559,0.943722944,0.808426073,0.308260578,0.474945534,436,26,2034,482
0.189124712758,0.943722944,0.808823529,0.307924782,0.475463468,436,26,2035,481
0.189411051446,0.943722944,0.809220986,0.307588986,0.475982533,436,26,2036,480
0.189744977668,0.941558442,0.809220986,0.307253190,0.475409836,435,27,2036,480
0.189865095165,0.941558442,0.809618442,0.306917394,0.475929978,435,27,2037,479
0.190091804013,0.941558442,0.810015898,0.306581598,0.476451260,435,27,2038,478
0.190270095085,0.941558442,0.810413355,0.306245803,0.476973684,435,27,2039,477
0.190396997307,0.941558442,0.810810811,0.305910007,0.477497256,435,27,2040,476
0.190405524170,0.941558442,0.811208267,0.305574211,0.478021978,435,27,2041,475
0.190968238371,0.941558442,0.811605723,0.305238415,0.478547855,435,27,2042,474
0.191500855396,0.941558442,0.812003180,0.304902619,0.479074890,435,27,2043,473
0.191650446235,0.941558442,0.812400636,0.304566823,0.479603087,435,27,2044,472
0.192256482314,0.941558442,0.812798092,0.304231028,0.480132450,435,27,2045,471
0.192320638123,0.941558442,0.813195548,0.303895232,0.480662983,435,27,2046,470
0.193023547016,0.941558442,0.813593005,0.303559436,0.481194690,435,27,2047,469
0.193381859923,0.941558442,0.813990461,0.303223640,0.481727575,435,27,2048,468
0.193621442082,0.941558442,0.814387917,0.302887844,0.482261641,435,27,2049,467
0.194189144642,0.941558442,0.814785374,0.302552048,0.482796892,435,27,2050,466
0.194460736478,0.941558442,0.815182830,0.302216253,0.483333333,435,27,2051,465
0.194550720902,0.941558442,0.815580286,0.301880457,0.483870968,435,27,2052,464
0.194583216994,0.941558442,0.815977742,0.301544661,0.484409800,435,27,2053,463
0.196045735103,0.941558442,0.816375199,0.301208865,0.484949833,435,27,2054,462
0.196055709718,0.941558442,0.816772655,0.300873069,0.485491071,435,27,2055,461
0.196099515403,0.939393939,0.816772655,0.300537273,0.484916201,434,28,2055,461
0.196545669980,0.939393939,0.817170111,0.300201478,0.485458613,434,28,2056,460
0.196780835462,0.939393939,0.817567568,0.299865682,0.486002240,434,28,2057,459
0.197484199937,0.937229437,0.817567568,0.299529886,0.485426009,433,29,2057,459
0.197900927613,0.937229437,0.817965024,0.299194090,0.485970819,433,29,2058,458
0.198183638557,0.937229437,0.818362480,0.298858294,0.486516854,433,29,2059,457
0.198243035359,0.937229437,0.818759936,0.298522498,0.487064117,433,29,2060,456
0.199734062958,0.937229437,0.819157393,0.298186702,0.487612613,433,29,2061,455
0.199954906033,0.935064935,0.819157393,0.297850907,0.487034949,432,30,2061,455
0.200305503598,0.935064935,0.819554849,0.297515111,0.487584650,432,30,2062,454
0.200464597652,0.935064935,0.819952305,0.297179315,0.488135593,432,30,2063,453
0.201523477863,0.935064935,0.820349762,0.296843519,0.488687783,432,30,2064,452
0.201845709401,0.935064935,0.820747218,0.296507723,0.489241223,432,30,2065,451
0.203328365027,0.935064935,0.821144674,0.296171927,0.489795918,432,30,2066,450
0.203527161663,0.935064935,0.821542130,0.295836132,0.490351873,432,30,2067,449
0.204075333396,0.935064935,0.821939587,0.295500336,0.490909091,432,30,2068,448
0.204580617341,0.935064935,0.822337043,0.295164540,0.491467577,432,30,2069,447
0.204775326577,0.935064935,0.822734499,0.294828744,0.492027335,432,30,2070,446
0.204864389278,0.935064935,0.823131955,0.294492948,0.492588369,432,30,2071,445
0.205438672958,0.935064935,0.823529412,0.294157152,0.493150685,432,30,2072,444
0.205821379163,0.935064935,0.823926868,0.293821357,0.493714286,432,30,2073,443
0.205977315643,0.935064935,0.824324324,0.293485561,0.494279176,432,30,2074,442
0.206086934398,0.935064935,0.824721781,0.293149765,0.494845361,432,30,2075,441
0.206805135785,0.935064935,0.825119237,0.292813969,0.495412844,432,30,2076,440
0.207563714777,0.935064935,0.825516693,0.292478173,0.495981630,432,30,2077,439
0.207849612651,0.935064935,0.825914149,0.292142377,0.496551724,432,30,2078,438
0.208283938146,0.935064935,0.826311606,0.291806582,0.497123130,432,30,2079,437
0.208374671310,0.935064935,0.826709062,0.291470786,0.497695853,432,30,2080,436
0.208597731092,0.935064935,0.827106518,0.291134990,0.498269896,432,30,2081,435
0.208623166475,0.935064935,0.827503975,0.290799194,0.498845266,432,30,2082,434
0.208979426784,0.935064935,0.827901431,0.290463398,0.499421965,432,30,2083,433
0.209277232734,0.935064935,0.828298887,0.290127602,0.500000000,432,30,2084,432
0.209400066214,0.935064935,0.828696343,0.289791807,0.500579374,432,30,2085,431
0.210543681053,0.935064935,0.829093800,0.289456011,0.501160093,432,30,2086,430
0.210757188838,0.932900433,0.829093800,0.289120215,0.500580720,431,31,2086,430
0.210932820625,0.932900433,0.829491256,0.288784419,0.501162791,431,31,2087,429
0.211151212483,0.930735931,0.829491256,0.288448623,0.500582072,430,32,2087,429
0.211283985476,0.930735931,0.829888712,0.288112827,0.501165501,430,32,2088,428
0.211675889361,0.930735931,0.830286169,0.287777032,0.501750292,430,32,2089,427
0.211681113431,0.930735931,0.830683625,0.287441236,0.502336449,430,32,2090,426
0.211829016000,0.930735931,0.831081081,0.287105440,0.502923977,430,32,2091,425
0.212190638196,0.930735931,0.831478537,0.286769644,0.503512881,430,32,2092,424
0.212432154673,0.928571429,0.831478537,0.286433848,0.502930832,429,33,2092,424
0.212769257934,0.926406926,0.831478537,0.286098052,0.502347418,428,34,2092,424
0.213400406604,0.926406926,0.831875994,0.285762257,0.502937720,428,34,2093,423
0.213883127808,0.926406926,0.832273450,0.285426461,0.503529412,428,34,2094,422
0.213982279808,0.926406926,0.832670906,0.285090665,0.504122497,428,34,2095,421
0.214090868076,0.926406926,0.833068362,0.284754869,0.504716981,428,34,2096,420
0.214352901942,0.926406926,0.833465819,0.284419073,0.505312869,428,34,2097,419
0.214718182368,0.926406926,0.833863275,0.284083277,0.505910165,428,34,2098,418
0.215019985706,0.926406926,0.834260731,0.283747482,0.506508876,428,34,2099,417
0.215262593689,0.924242424,0.834260731,0.283411686,0.505924171,427,35,2099,417
0.215455215047,0.924242424,0.834658188,0.283075890,0.506524318,427,35,2100,416
0.215794969994,0.924242424,0.835055644,0.282740094,0.507125891,427,35,2101,415
0.216819051858,0.924242424,0.835453100,0.282404298,0.507728894,427,35,2102,414
0.217571643599,0.924242424,0.835850556,0.282068502,0.508333333,427,35,2103,413
0.217987181105,0.924242424,0.836248013,0.281732707,0.508939213,427,35,2104,412
0.218655877404,0.924242424,0.836645469,0.281396911,0.509546539,427,35,2105,411
0.218774793313,0.924242424,0.837042925,0.281061115,0.510155317,427,35,2106,410
0.219357783799,0.924242424,0.837440382,0.280725319,0.510765550,427,35,2107,409
0.219964901738,0.924242424,0.837837838,0.280389523,0.511377246,427,35,2108,408
0.220383871031,0.924242424,0.838235294,0.280053727,0.511990408,427,35,2109,407
0.220436378414,0.924242424,0.838632750,0.279717931,0.512605042,427,35,2110,406
0.220529470145,0.924242424,0.839030207,0.279382136,0.513221154,427,35,2111,405
0.220818106988,0.924242424,0.839427663,0.279046340,0.513838748,427,35,2112,404
0.221183372393,0.924242424,0.839825119,0.278710544,0.514457831,427,35,2113,403
0.221520167305,0.924242424,0.840222576,0.278374748,0.515078408,427,35,2114,402
0.223048648501,0.924242424,0.840620032,0.278038952,0.515700483,427,35,2115,401
0.223384541440,0.924242424,0.841017488,0.277703156,0.516324063,427,35,2116,400
0.223505256632,0.924242424,0.841414944,0.277367361,0.516949153,427,35,2117,399
0.223793377196,0.924242424,0.841812401,0.277031565,0.517575758,427,35,2118,398
0.224748471641,0.924242424,0.842209857,0.276695769,0.518203883,427,35,2119,397
0.224935948239,0.924242424,0.842607313,0.276359973,0.518833536,427,35,2120,396
0.225298350324,0.924242424,0.843004769,0.276024177,0.519464720,427,35,2121,395
0.226026534651,0.922077922,0.843004769,0.275688381,0.518879415,426,36,2121,395
0.226074473548,0.922077922,0.843402226,0.275352586,0.519512195,426,36,2122,394
0.226863119968,0.922077922,0.843799682,0.275016790,0.520146520,426,36,2123,393
0.227189987991,0.922077922,0.844197138,0.274680994,0.520782396,426,36,2124,392
0.230350728921,0.922077922,0.844594595,0.274345198,0.521419829,426,36,2125,391
0.231296159075,0.922077922,0.844992051,0.274009402,0.522058824,426,36,2126,390
0.231783382434,0.922077922,0.845389507,0.273673606,0.522699387,426,36,2127,389
0.231949986353,0.922077922,0.845786963,0.273337811,0.523341523,426,36,2128,388
0.232009927685,0.922077922,0.846184420,0.273002015,0.523985240,426,36,2129,387
0.232340295495,0.922077922,0.846581876,0.272666219,0.524630542,426,36,2130,386
0.233151117859,0.919913420,0.846581876,0.272330423,0.524044390,425,37,2130,386
0.233397621165,0.919913420,0.846979332,0.271994627,0.524691358,425,37,2131,385
0.234502590395,0.919913420,0.847376789,0.271658831,0.525339926,425,37,2132,384
0.234698453837,0.919913420,0.847774245,0.271323036,0.525990099,425,37,2133,383
0.235814725646,0.919913420,0.848171701,0.270987240,0.526641884,425,37,2134,382
0.236037106043,0.919913420,0.848569157,0.270651444,0.527295285,425,37,2135,381
0.236579369037,0.919913420,0.848966614,0.270315648,0.527950311,425,37,2136,380
0.236990945975,0.919913420,0.849364070,0.269979852,0.528606965,425,37,2137,379
0.237280246695,0.919913420,0.849761526,0.269644056,0.529265255,425,37,2138,378
0.238058460896,0.919913420,0.850158983,0.269308261,0.529925187,425,37,2139,377
0.239014050437,0.919913420,0.850556439,0.268972465,0.530586767,425,37,2140,376
0.240839482424,0.919913420,0.850953895,0.268636669,0.531250000,425,37,2141,375
0.240926345743,0.919913420,0.851351351,0.268300873,0.531914894,425,37,2142,374
0.241118254519,0.919913420,0.851748808,0.267965077,0.532581454,425,37,2143,373
0.241707471774,0.919913420,0.852146264,0.267629281,0.533249686,425,37,2144,372
0.241780784192,0.919913420,0.852543720,0.267293486,0.533919598,425,37,2145,371
0.242034862989,0.919913420,0.852941176,0.266957690,0.534591195,425,37,2146,370
0.242062565682,0.919913420,0.853338633,0.266621894,0.535264484,425,37,2147,369
0.242686584902,0.919913420,0.853736089,0.266286098,0.535939470,425,37,2148,368
0.245352735585,0.919913420,0.854133545,0.265950302,0.536616162,425,37,2149,367
0.245388214531,0.919913420,0.854531002,0.265614506,0.537294564,425,37,2150,366
0.245714697250,0.919913420,0.854928458,0.265278711,0.537974684,425,37,2151,365
0.245824591755,0.919913420,0.855325914,0.264942915,0.538656527,425,37,2152,364
0.245999334587,0.919913420,0.855723370,0.264607119,0.539340102,425,37,2153,363
0.247266669216,0.919913420,0.856120827,0.264271323,0.540025413,425,37,2154,362
0.247397895163,0.919913420,0.856518283,0.263935527,0.540712468,425,37,2155,361
0.248069474136,0.917748918,0.856518283,0.263599731,0.540127389,424,38,2155,361
0.248233330338,0.917748918,0.856915739,0.263263936,0.540816327,424,38,2156,360
0.248851588779,0.917748918,0.857313196,0.262928140,0.541507024,424,38,2157,359
0.249331541946,0.917748918,0.857710652,0.262592344,0.542199488,424,38,2158,358
0.249786603251,0.917748918,0.858108108,0.262256548,0.542893726,424,38,2159,357
0.250400476402,0.917748918,0.858505564,0.261920752,0.543589744,424,38,2160,356
0.251039377184,0.917748918,0.858903021,0.261584956,0.544287548,424,38,2161,355
0.251777448387,0.915584416,0.858903021,0.261249161,0.543701799,423,39,2161,355
0.252131777936,0.913419913,0.858903021,0.260913365,0.543114543,422,40,2161,355
0.252985245151,0.913419913,0.859300477,0.260577569,0.543814433,422,40,2162,354
0.253126579931,0.913419913,0.859697933,0.260241773,0.544516129,422,40,2163,353
0.254880645876,0.913419913,0.860095390,0.259905977,0.545219638,422,40,2164,352
0.255043393712,0.913419913,0.860492846,0.259570181,0.545924968,422,40,2165,351
0.255532159189,0.913419913,0.860890302,0.259234385,0.546632124,422,40,2166,350
0.256634960067,0.913419913,0.861287758,0.258898590,0.547341115,422,40,2167,349
0.256677016715,0.913419913,0.861685215,0.258562794,0.548051948,422,40,2168,348
0.258072023575,0.913419913,0.862082671,0.258226998,0.548764629,422,40,2169,347
0.258467793358,0.913419913,0.862480127,0.257891202,0.549479167,422,40,2170,346
0.259625867854,0.913419913,0.862877583,0.257555406,0.550195567,422,40,2171,345
0.260700875626,0.913419913,0.863275040,0.257219610,0.550913838,422,40,2172,344
0.261758388966,0.913419913,0.863672496,0.256883815,0.551633987,422,40,2173,343
0.262105138855,0.913419913,0.864069952,0.256548019,0.552356021,422,40,2174,342
0.262966576582,0.913419913,0.864467409,0.256212223,0.553079948,422,40,2175,341
0.263241076483,0.913419913,0.864864865,0.255876427,0.553805774,422,40,2176,340
0.263460985178,0.913419913,0.865262321,0.255540631,0.554533509,422,40,2177,339
0.263530653785,0.913419913,0.865659777,0.255204835,0.555263158,422,40,2178,338
0.263804559276,0.913419913,0.866057234,0.254869040,0.555994730,422,40,2179,337
0.264216650589,0.913419913,0.866454690,0.254533244,0.556728232,422,40,2180,336
0.264637146515,0.913419913,0.866852146,0.254197448,0.557463672,422,40,2181,335
0.264765322262,0.913419913,0.867249603,0.253861652,0.558201058,422,40,2182,334
0.265076547475,0.911255411,0.867249603,0.253525856,0.557615894,421,41,2182,334
0.265587303270,0.911255411,0.867647059,0.253190060,0.558355438,421,41,2183,333
0.266896487872,0.911255411,0.868044515,0.252854265,0.559096946,421,41,2184,332
0.267532637924,0.909090909,0.868044515,0.252518469,0.558510638,420,42,2184,332
0.267862419857,0.909090909,0.868441971,0.252182673,0.559254328,420,42,2185,331
0.268161936548,0.909090909,0.868839428,0.251846877,0.560000000,420,42,2186,330
0.268552519983,0.909090909,0.869236884,0.251511081,0.560747664,420,42,2187,329
0.269007619310,0.906926407,0.869236884,0.251175285,0.560160428,419,43,2187,329
0.269302986084,0.906926407,0.869634340,0.250839490,0.560910308,419,43,2188,328
0.269327614096,0.906926407,0.870031797,0.250503694,0.561662198,419,43,2189,327
0.269370026796,0.904761905,0.870031797,0.250167898,0.561073826,418,44,2189,327
0.270206740829,0.904761905,0.870429253,0.249832102,0.561827957,418,44,2190,326
0.271324448949,0.904761905,0.870826709,0.249496306,0.562584118,418,44,2191,325
0.271473664064,0.902597403,0.870826709,0.249160510,0.561994609,417,45,2191,325
0.271936135375,0.900432900,0.870826709,0.248824715,0.561403509,416,46,2191,325
0.272437910634,0.900432900,0.871224165,0.248488919,0.562162162,416,46,2192,324
0.273633359922,0.900432900,0.871621622,0.248153123,0.562922869,416,46,2193,323
0.273824147622,0.900432900,0.872019078,0.247817327,0.563685637,416,46,2194,322
0.274499899533,0.900432900,0.872416534,0.247481531,0.564450475,416,46,2195,321
0.274505707902,0.900432900,0.872813990,0.247145735,0.565217391,416,46,2196,320
0.274700105898,0.900432900,0.873211447,0.246809940,0.565986395,416,46,2197,319
0.275502152580,0.900432900,0.873608903,0.246474144,0.566757493,416,46,2198,318
0.278134651333,0.900432900,0.874006359,0.246138348,0.567530696,416,46,2199,317
0.279829029992,0.900432900,0.874403816,0.245802552,0.568306011,416,46,2200,316
0.279830057194,0.900432900,0.874801272,0.245466756,0.569083447,416,46,2201,315
0.280340455517,0.900432900,0.875198728,0.245130960,0.569863014,416,46,2202,314
0.281131207579,0.900432900,0.875596184,0.244795165,0.570644719,416,46,2203,313
0.281452235197,0.900432900,0.875993641,0.244459369,0.571428571,416,46,2204,312
0.282498869031,0.900432900,0.876391097,0.244123573,0.572214580,416,46,2205,311
0.282589132156,0.900432900,0.876788553,0.243787777,0.573002755,416,46,2206,310
0.282776302135,0.900432900,0.877186010,0.243451981,0.573793103,416,46,2207,309
0.282892531513,0.900432900,0.877583466,0.243116185,0.574585635,416,46,2208,308
0.283110554250,0.900432900,0.877980922,0.242780390,0.575380360,416,46,2209,307
0.283464127477,0.900432900,0.878378378,0.242444594,0.576177285,416,46,2210,306
0.283641010418,0.900432900,0.878775835,0.242108798,0.576976422,416,46,2211,305
0.284707860149,0.900432900,0.879173291,0.241773002,0.577777778,416,46,2212,304
0.285289873852,0.900432900,0.879570747,0.241437206,0.578581363,416,46,2213,303
0.285588243714,0.900432900,0.879968203,0.241101410,0.579387187,416,46,2214,302
0.285835445575,0.900432900,0.880365660,0.240765615,0.580195258,416,46,2215,301
0.285968512574,0.900432900,0.880763116,0.240429819,0.581005587,416,46,2216,300
0.286198538430,0.898268398,0.880763116,0.240094023,0.580419580,415,47,2216,300
0.288167415628,0.898268398,0.881160572,0.239758227,0.581232493,415,47,2217,299
0.289802791352,0.898268398,0.881558029,0.239422431,0.582047686,415,47,2218,298
0.290045455695,0.898268398,0.881955485,0.239086635,0.582865169,415,47,2219,297
0.290729406256,0.898268398,0.882352941,0.238750839,0.583684951,415,47,2220,296
0.291436892981,0.898268398,0.882750397,0.238415044,0.584507042,415,47,2221,295
0.291972731746,0.898268398,0.883147854,0.238079248,0.585331453,415,47,2222,294
0.292035900124,0.898268398,0.883545310,0.237743452,0.586158192,415,47,2223,293
0.293674611464,0.898268398,0.883942766,0.237407656,0.586987270,415,47,2224,292
0.294023137618,0.898268398,0.884340223,0.237071860,0.587818697,415,47,2225,291
0.294870781231,0.898268398,0.884737679,0.236736064,0.588652482,415,47,2226,290
0.294902728791,0.898268398,0.885135135,0.236400269,0.589488636,415,47,2227,289
0.295795753127,0.898268398,0.885532591,0.236064473,0.590327169,415,47,2228,288
0.295907105983,0.898268398,0.885930048,0.235728677,0.591168091,415,47,2229,287
0.296454780292,0.898268398,0.886327504,0.235392881,0.592011412,415,47,2230,286
0.296982334106,0.898268398,0.886724960,0.235057085,0.592857143,415,47,2231,285
0.297218164581,0.898268398,0.887122417,0.234721289,0.593705293,415,47,2232,284
0.300522212586,0.898268398,0.887519873,0.234385494,0.594555874,415,47,2233,283
0.301361959684,0.896103896,0.887519873,0.234049698,0.593974175,414,48,2233,283
0.303289163875,0.896103896,0.887917329,0.233713902,0.594827586,414,48,2234,282
0.303748918366,0.896103896,0.888314785,0.233378106,0.595683453,414,48,2235,281
0.304644644079,0.893939394,0.888314785,0.233042310,0.595100865,413,49,2235,281
0.305587824636,0.893939394,0.888712242,0.232706514,0.595959596,413,49,2236,280
0.305704306891,0.893939394,0.889109698,0.232370719,0.596820809,413,49,2237,279
0.306249652339,0.893939394,0.889507154,0.232034923,0.597684515,413,49,2238,278
0.306383605930,0.893939394,0.889904610,0.231699127,0.598550725,413,49,2239,277
0.306598781111,0.891774892,0.889904610,0.231363331,0.597968070,412,50,2239,277
0.306757748665,0.891774892,0.890302067,0.231027535,0.598837209,412,50,2240,276
0.308117018297,0.891774892,0.890699523,0.230691739,0.599708879,412,50,2241,275
0.308640122143,0.891774892,0.891096979,0.230355944,0.600583090,412,50,2242,274
0.308784934466,0.889610390,0.891096979,0.230020148,0.600000000,411,51,2242,274
0.312041908855,0.889610390,0.891494436,0.229684352,0.600877193,411,51,2243,273
0.312535575749,0.889610390,0.891891892,0.229348556,0.601756955,411,51,2244,272
0.312608034426,0.889610390,0.892289348,0.229012760,0.602639296,411,51,2245,271
0.314492795774,0.889610390,0.892686804,0.228676964,0.603524229,411,51,2246,270
0.315251364557,0.889610390,0.893084261,0.228341169,0.604411765,411,51,2247,269
0.315488242851,0.889610390,0.893481717,0.228005373,0.605301915,411,51,2248,268
0.316223993555,0.889610390,0.893879173,0.227669577,0.606194690,411,51,2249,267
0.316433185280,0.887445887,0.893879173,0.227333781,0.605612999,410,52,2249,267
0.316804527754,0.887445887,0.894276630,0.226997985,0.606508876,410,52,2250,266
0.317486632851,0.887445887,0.894674086,0.226662189,0.607407407,410,52,2251,265
0.318227627270,0.885281385,0.894674086,0.226326394,0.606824926,409,53,2251,265
0.318739934601,0.883116883,0.894674086,0.225990598,0.606240713,408,54,2251,265
0.318748740480,0.883116883,0.895071542,0.225654802,0.607142857,408,54,2252,264
0.319031993735,0.883116883,0.895468998,0.225319006,0.608047690,408,54,2253,263
0.320759857117,0.880952381,0.895468998,0.224983210,0.607462687,407,55,2253,263
0.320769296888,0.880952381,0.895866455,0.224647414,0.608370703,407,55,2254,262
0.321531616357,0.880952381,0.896263911,0.224311619,0.609281437,407,55,2255,261
0.323421346016,0.878787879,0.896263911,0.223975823,0.608695652,406,56,2255,261
0.323961240243,0.878787879,0.896661367,0.223640027,0.609609610,406,56,2256,260
0.325221752602,0.876623377,0.896661367,0.223304231,0.609022556,405,57,2256,260
0.325406796810,0.876623377,0.897058824,0.222968435,0.609939759,405,57,2257,259
0.325415524372,0.874458874,0.897058824,0.222632639,0.609351433,404,58,2257,259
0.325710108402,0.874458874,0.897456280,0.222296844,0.610271903,404,58,2258,258
0.326032654679,0.874458874,0.897853736,0.221961048,0.611195159,404,58,2259,257
0.326326221470,0.874458874,0.898251192,0.221625252,0.612121212,404,58,2260,256
0.326499059897,0.874458874,0.898648649,0.221289456,0.613050076,404,58,2261,255
0.328273773287,0.874458874,0.899046105,0.220953660,0.613981763,404,58,2262,254
0.329114151597,0.874458874,0.899443561,0.220617864,0.614916286,404,58,2263,253
0.330923326774,0.872294372,0.899443561,0.220282069,0.614329268,403,59,2263,253
0.331286665952,0.870129870,0.899443561,0.219946273,0.613740458,402,60,2263,253
0.331856935486,0.870129870,0.899841017,0.219610477,0.614678899,402,60,2264,252
0.333442363737,0.870129870,0.900238474,0.219274681,0.615620214,402,60,2265,251
0.333900000637,0.870129870,0.900635930,0.218938885,0.616564417,402,60,2266,250
0.335541463753,0.870129870,0.901033386,0.218603089,0.617511521,402,60,2267,249
0.337270931553,0.867965368,0.901033386,0.218267293,0.616923077,401,61,2267,249
0.337399398579,0.867965368,0.901430843,0.217931498,0.617873652,401,61,2268,248
0.337975040091,0.867965368,0.901828299,0.217595702,0.618827160,401,61,2269,247
0.338132192601,0.867965368,0.902225755,0.217259906,0.619783617,401,61,2270,246
0.338460043200,0.867965368,0.902623211,0.216924110,0.620743034,401,61,2271,245
0.338472927471,0.867965368,0.903020668,0.216588314,0.621705426,401,61,2272,244
0.340213506004,0.867965368,0.903418124,0.216252518,0.622670807,401,61,2273,243
0.340927364691,0.867965368,0.903815580,0.215916723,0.623639191,401,61,2274,242
0.341937676632,0.865800866,0.903815580,0.215580927,0.623052960,400,62,2274,242
0.342526345010,0.865800866,0.904213037,0.215245131,0.624024961,400,62,2275,241
0.342904276232,0.865800866,0.904610493,0.214909335,0.625000000,400,62,2276,240
0.343596845896,0.863636364,0.904610493,0.214573539,0.624413146,399,63,2276,240
0.345980707287,0.861471861,0.904610493,0.214237743,0.623824451,398,64,2276,240
0.347248122094,0.861471861,0.905007949,0.213901948,0.624803768,398,64,2277,239
0.348158221930,0.861471861,0.905405405,0.213566152,0.625786164,398,64,2278,238
0.348750987479,0.861471861,0.905802862,0.213230356,0.626771654,398,64,2279,237
0.349722134841,0.861471861,0.906200318,0.212894560,0.627760252,398,64,2280,236
0.353829025119,0.861471861,0.906597774,0.212558764,0.628751975,398,64,2281,235
0.354641843395,0.859307359,0.906597774,0.212222968,0.628164557,397,65,2281,235
0.354932953421,0.859307359,0.906995231,0.211887173,0.629160063,397,65,2282,234
0.355997263728,0.859307359,0.907392687,0.211551377,0.630158730,397,65,2283,233
0.357313340597,0.859307359,0.907790143,0.211215581,0.631160572,397,65,2284,232
0.357984185427,0.859307359,0.908187599,0.210879785,0.632165605,397,65,2285,231
0.360280372377,0.859307359,0.908585056,0.210543989,0.633173844,397,65,2286,230
0.360644385121,0.859307359,0.908982512,0.210208193,0.634185304,397,65,2287,229
0.360647960810,0.859307359,0.909379968,0.209872398,0.635200000,397,65,2288,228
0.361093959483,0.859307359,0.909777424,0.209536602,0.636217949,397,65,2289,227
0.361757170680,0.859307359,0.910174881,0.209200806,0.637239165,397,65,2290,226
0.362507437002,0.857142857,0.910174881,0.208865010,0.636655949,396,66,2290,226
0.364798325612,0.857142857,0.910572337,0.208529214,0.637681159,396,66,2291,225
0.366042476057,0.857142857,0.910969793,0.208193418,0.638709677,396,66,2292,224
0.366866400607,0.857142857,0.911367250,0.207857623,0.639741519,396,66,2293,223
0.367068859949,0.854978355,0.911367250,0.207521827,0.639158576,395,67,2293,223
0.367072019949,0.854978355,0.911764706,0.207186031,0.640194489,395,67,2294,222
0.368129474599,0.852813853,0.911764706,0.206850235,0.639610390,394,68,2294,222
0.368407852126,0.852813853,0.912162162,0.206514439,0.640650407,394,68,2295,221
0.369090463731,0.852813853,0.912559618,0.206178643,0.641693811,394,68,2296,220
0.370187627787,0.850649351,0.912559618,0.205842848,0.641109299,393,69,2296,220
0.370199402163,0.850649351,0.912957075,0.205507052,0.642156863,393,69,2297,219
0.371156066037,0.848484848,0.912957075,0.205171256,0.641571195,392,70,2297,219
0.371471664572,0.846320346,0.912957075,0.204835460,0.640983607,391,71,2297,219
0.373514972442,0.846320346,0.913354531,0.204499664,0.642036125,391,71,2298,218
0.374171513103,0.846320346,0.913751987,0.204163868,0.643092105,391,71,2299,217
0.374998648500,0.844155844,0.913751987,0.203828073,0.642504119,390,72,2299,217
0.376232941151,0.844155844,0.914149444,0.203492277,0.643564356,390,72,2300,216
0.378259605181,0.844155844,0.914546900,0.203156481,0.644628099,390,72,2301,215
0.378265122809,0.844155844,0.914944356,0.202820685,0.645695364,390,72,2302,214
0.378566389074,0.844155844,0.915341812,0.202484889,0.646766169,390,72,2303,213
0.379044999379,0.841991342,0.915341812,0.202149093,0.646179402,389,73,2303,213
0.382024664292,0.839826840,0.915341812,0.201813298,0.645590682,388,74,2303,213
0.383016935430,0.839826840,0.915739269,0.201477502,0.646666667,388,74,2304,212
0.384219573115,0.839826840,0.916136725,0.201141706,0.647746244,388,74,2305,211
0.384338480130,0.839826840,0.916534181,0.200805910,0.648829431,388,74,2306,210
0.387463644011,0.839826840,0.916931638,0.200470114,0.649916248,388,74,2307,209
0.387907270732,0.839826840,0.917329094,0.200134318,0.651006711,388,74,2308,208
0.387963258608,0.839826840,0.917726550,0.199798522,0.652100840,388,74,2309,207
0.388941704355,0.839826840,0.918124006,0.199462727,0.653198653,388,74,2310,206
0.390261933415,0.837662338,0.918124006,0.199126931,0.652613828,387,75,2310,206
0.390614122056,0.837662338,0.918521463,0.198791135,0.653716216,387,75,2311,205
0.391118542972,0.837662338,0.918918919,0.198455339,0.654822335,387,75,2312,204
0.393038748864,0.837662338,0.919316375,0.198119543,0.655932203,387,75,2313,203
0.393468078397,0.835497835,0.919316375,0.197783747,0.655348048,386,76,2313,203
0.394152835851,0.833333333,0.919316375,0.197447952,0.654761905,385,77,2313,203
0.394600094166,0.833333333,0.919713831,0.197112156,0.655877342,385,77,2314,202
0.395683585154,0.833333333,0.920111288,0.196776360,0.656996587,385,77,2315,201
0.396118634484,0.833333333,0.920508744,0.196440564,0.658119658,385,77,2316,200
0.396611841618,0.833333333,0.920906200,0.196104768,0.659246575,385,77,2317,199
0.396962889901,0.833333333,0.921303657,0.195768972,0.660377358,385,77,2318,198
0.397084508653,0.833333333,0.921701113,0.195433177,0.661512027,385,77,2319,197
0.397315108741,0.833333333,0.922098569,0.195097381,0.662650602,385,77,2320,196
0.398926220114,0.833333333,0.922496025,0.194761585,0.663793103,385,77,2321,195
0.401853727724,0.833333333,0.922893482,0.194425789,0.664939551,385,77,2322,194
0.402182966456,0.833333333,0.923290938,0.194089993,0.666089965,385,77,2323,193
0.403513326091,0.833333333,0.923688394,0.193754197,0.667244367,385,77,2324,192
0.403980211416,0.831168831,0.923688394,0.193418402,0.666666667,384,78,2324,192
0.404704474637,0.829004329,0.923688394,0.193082606,0.666086957,383,79,2324,192
0.407866504132,0.826839827,0.923688394,0.192746810,0.665505226,382,80,2324,192
0.409558154878,0.824675325,0.923688394,0.192411014,0.664921466,381,81,2324,192
0.411434608229,0.824675325,0.924085851,0.192075218,0.666083916,381,81,2325,191
0.411729349296,0.824675325,0.924483307,0.191739422,0.667250438,381,81,2326,190
0.413203046593,0.824675325,0.924880763,0.191403627,0.668421053,381,81,2327,189
0.413774642662,0.822510823,0.924880763,0.191067831,0.667838313,380,82,2327,189
0.413960613116,0.822510823,0.925278219,0.190732035,0.669014085,380,82,2328,188
0.414523712736,0.822510823,0.925675676,0.190396239,0.670194004,380,82,2329,187
0.415282602397,0.822510823,0.926073132,0.190060443,0.671378092,380,82,2330,186
0.417340461247,0.820346320,0.926073132,0.189724647,0.670796460,379,83,2330,186
0.417418152720,0.820346320,0.926470588,0.189388852,0.671985816,379,83,2331,185
0.418449104417,0.820346320,0.926868045,0.189053056,0.673179396,379,83,2332,184
0.418526264928,0.818181818,0.926868045,0.188717260,0.672597865,378,84,2332,184
0.418706434725,0.816017316,0.926868045,0.188381464,0.672014260,377,85,2332,184
0.419130459481,0.813852814,0.926868045,0.188045668,0.671428571,376,86,2332,184
0.419177568826,0.811688312,0.926868045,0.187709872,0.670840787,375,87,2332,184
0.420340775997,0.811688312,0.927265501,0.187374077,0.672043011,375,87,2333,183
0.421520187174,0.811688312,0.927662957,0.187038281,0.673249551,375,87,2334,182
0.423515582727,0.809523810,0.927662957,0.186702485,0.672661871,374,88,2334,182
0.425075783920,0.809523810,0.928060413,0.186366689,0.673873874,374,88,2335,181
0.425567421359,0.809523810,0.928457870,0.186030893,0.675090253,374,88,2336,180
0.426007222520,0.809523810,0.928855326,0.185695097,0.676311031,374,88,2337,179
0.427247280961,0.807359307,0.928855326,0.185359302,0.675724638,373,89,2337,179
0.427386698196,0.807359307,0.929252782,0.185023506,0.676950998,373,89,2338,178
0.427439228304,0.807359307,0.929650238,0.184687710,0.678181818,373,89,2339,177
0.428199138533,0.807359307,0.930047695,0.184351914,0.679417122,373,89,2340,176
0.431904700951,0.805194805,0.930047695,0.184016118,0.678832117,372,90,2340,176
0.433674189994,0.803030303,0.930047695,0.183680322,0.678244973,371,91,2340,176
0.435213871561,0.803030303,0.930445151,0.183344527,0.679487179,371,91,2341,175
0.435549134479,0.800865801,0.930445151,0.183008731,0.678899083,370,92,2341,175
0.436360656305,0.800865801,0.930842607,0.182672935,0.680147059,370,92,2342,174
0.436728798031,0.798701299,0.930842607,0.182337139,0.679558011,369,93,2342,174
0.437415108526,0.796536797,0.930842607,0.182001343,0.678966790,368,94,2342,174
0.438688891021,0.796536797,0.931240064,0.181665547,0.680221811,368,94,2343,173
0.439487375888,0.794372294,0.931240064,0.181329752,0.679629630,367,95,2343,173
0.439634341428,0.794372294,0.931637520,0.180993956,0.680890538,367,95,2344,172
0.440423595979,0.792207792,0.931637520,0.180658160,0.680297398,366,96,2344,172
0.440581934125,0.792207792,0.932034976,0.180322364,0.681564246,366,96,2345,171
0.440638555568,0.790043290,0.932034976,0.179986568,0.680970149,365,97,2345,171
0.440992273193,0.790043290,0.932432432,0.179650772,0.682242991,365,97,2346,170
0.441470502776,0.790043290,0.932829889,0.179314976,0.683520599,365,97,2347,169
0.442213841578,0.790043290,0.933227345,0.178979181,0.684803002,365,97,2348,168
0.443478724077,0.790043290,0.933624801,0.178643385,0.686090226,365,97,2349,167
0.443836286941,0.790043290,0.934022258,0.178307589,0.687382298,365,97,2350,166
0.444310209309,0.787878788,0.934022258,0.177971793,0.686792453,364,98,2350,166
0.445896145315,0.787878788,0.934419714,0.177635997,0.688090737,364,98,2351,165
0.445935523330,0.787878788,0.934817170,0.177300201,0.689393939,364,98,2352,164
0.445983706387,0.787878788,0.935214626,0.176964406,0.690702087,364,98,2353,163
0.446472424931,0.787878788,0.935612083,0.176628610,0.692015209,364,98,2354,162
0.448181656102,0.787878788,0.936009539,0.176292814,0.693333333,364,98,2355,161
0.448433123238,0.787878788,0.936406995,0.175957018,0.694656489,364,98,2356,160
0.448876365202,0.787878788,0.936804452,0.175621222,0.695984704,364,98,2357,159
0.449625118735,0.785714286,0.936804452,0.175285426,0.695402299,363,99,2357,159
0.449747123376,0.785714286,0.937201908,0.174949631,0.696737044,363,99,2358,158
0.451636051843,0.785714286,0.937599364,0.174613835,0.698076923,363,99,2359,157
0.452051701353,0.785714286,0.937996820,0.174278039,0.699421965,363,99,2360,156
0.452421940962,0.785714286,0.938394277,0.173942243,0.700772201,363,99,2361,155
0.452463865470,0.785714286,0.938791733,0.173606447,0.702127660,363,99,2362,154
0.453185128060,0.785714286,0.939189189,0.173270651,0.703488372,363,99,2363,153
0.454664439815,0.785714286,0.939586645,0.172934856,0.704854369,363,99,2364,152
0.455265654654,0.785714286,0.939984102,0.172599060,0.706225681,363,99,2365,151
0.456840639714,0.785714286,0.940381558,0.172263264,0.707602339,363,99,2366,150
0.456932270787,0.785714286,0.940779014,0.171927468,0.708984375,363,99,2367,149
0.457802422374,0.785714286,0.941176471,0.171591672,0.710371820,363,99,2368,148
0.461146719875,0.785714286,0.941573927,0.171255876,0.711764706,363,99,2369,147
0.462729901414,0.785714286,0.941971383,0.170920081,0.713163065,363,99,2370,146
0.463487461854,0.783549784,0.941971383,0.170584285,0.712598425,362,100,2370,146
0.465286541352,0.781385281,0.941971383,0.170248489,0.712031558,361,101,2370,146
0.466724286002,0.781385281,0.942368839,0.169912693,0.713438735,361,101,2371,145
0.468086868379,0.781385281,0.942766296,0.169576897,0.714851485,361,101,2372,144
0.468783538850,0.781385281,0.943163752,0.169241101,0.716269841,361,101,2373,143
0.470108040630,0.781385281,0.943561208,0.168905306,0.717693837,361,101,2374,142
0.474030283989,0.781385281,0.943958665,0.168569510,0.719123506,361,101,2375,141
0.475671697506,0.781385281,0.944356121,0.168233714,0.720558882,361,101,2376,140
0.475853058497,0.781385281,0.944753577,0.167897918,0.722000000,361,101,2377,139
0.476221924742,0.781385281,0.945151033,0.167562122,0.723446894,361,101,2378,138
0.476248766134,0.779220779,0.945151033,0.167226326,0.722891566,360,102,2378,138
0.477871364672,0.777056277,0.945151033,0.166890531,0.722334004,359,103,2378,138
0.478328385791,0.777056277,0.945548490,0.166554735,0.723790323,359,103,2379,137
0.479045160795,0.774891775,0.945548490,0.166218939,0.723232323,358,104,2379,137
0.479615482084,0.774891775,0.945945946,0.165883143,0.724696356,358,104,2380,136
0.479723047284,0.774891775,0.946343402,0.165547347,0.726166329,358,104,2381,135
0.481400541736,0.774891775,0.946740859,0.165211551,0.727642276,358,104,2382,134
0.481689115079,0.772727273,0.946740859,0.164875756,0.727087576,357,105,2382,134
0.481873773857,0.772727273,0.947138315,0.164539960,0.728571429,357,105,2383,133
0.482030937886,0.772727273,0.947535771,0.164204164,0.730061350,357,105,2384,132
0.483680174261,0.770562771,0.947535771,0.163868368,0.729508197,356,106,2384,132
0.485304928023,0.768398268,0.947535771,0.163532572,0.728952772,355,107,2384,132
0.486209196597,0.766233766,0.947535771,0.163196776,0.728395062,354,108,2384,132
0.486695225433,0.766233766,0.947933227,0.162860981,0.729896907,354,108,2385,131
0.487328979395,0.766233766,0.948330684,0.162525185,0.731404959,354,108,2386,130
0.488394450176,0.766233766,0.948728140,0.162189389,0.732919255,354,108,2387,129
0.490378962196,0.766233766,0.949125596,0.161853593,0.734439834,354,108,2388,128
0.493047344342,0.764069264,0.949125596,0.161517797,0.733887734,353,109,2388,128
0.493182124136,0.764069264,0.949523052,0.161182001,0.735416667,353,109,2389,127
0.493569662036,0.761904762,0.949523052,0.160846206,0.734864301,352,110,2389,127
0.494152568701,0.761904762,0.949920509,0.160510410,0.736401674,352,110,2390,126
0.496631929523,0.761904762,0.950317965,0.160174614,0.737945493,352,110,2391,125
0.496811918000,0.761904762,0.950715421,0.159838818,0.739495798,352,110,2392,124
0.497294498179,0.761904762,0.951112878,0.159503022,0.741052632,352,110,2393,123
0.498965162464,0.761904762,0.951510334,0.159167226,0.742616034,352,110,2394,122
0.500168614392,0.759740260,0.951510334,0.158831430,0.742071882,351,111,2394,122
0.501437498727,0.759740260,0.951907790,0.158495635,0.743644068,351,111,2395,121
0.504556076062,0.759740260,0.952305246,0.158159839,0.745222930,351,111,2396,120
0.504588019523,0.759740260,0.952702703,0.157824043,0.746808511,351,111,2397,119
0.508283973442,0.759740260,0.953100159,0.157488247,0.748400853,351,111,2398,118
0.510742126148,0.757575758,0.953100159,0.157152451,0.747863248,350,112,2398,118
0.510843129673,0.757575758,0.953497615,0.156816655,0.749464668,350,112,2399,117
0.513103582686,0.757575758,0.953895072,0.156480860,0.751072961,350,112,2400,116
0.513846328221,0.755411255,0.953895072,0.156145064,0.750537634,349,113,2400,116
0.514858370469,0.755411255,0.954292528,0.155809268,0.752155172,349,113,2401,115
0.516850865429,0.755411255,0.954689984,0.155473472,0.753779698,349,113,2402,114
0.517112797859,0.755411255,0.955087440,0.155137676,0.755411255,349,113,2403,113
0.519086057087,0.753246753,0.955087440,0.154801880,0.754880694,348,114,2403,113
0.520566347438,0.753246753,0.955484897,0.154466085,0.756521739,348,114,2404,112
0.520706452724,0.751082251,0.955484897,0.154130289,0.755991285,347,115,2404,112
0.521631925285,0.751082251,0.955882353,0.153794493,0.757641921,347,115,2405,111
0.523450692847,0.751082251,0.956279809,0.153458697,0.759299781,347,115,2406,110
0.524331785991,0.748917749,0.956279809,0.153122901,0.758771930,346,116,2406,110
0.524626279914,0.746753247,0.956279809,0.152787105,0.758241758,345,117,2406,110
0.525770272206,0.746753247,0.956677266,0.152451310,0.759911894,345,117,2407,109
0.527124033193,0.746753247,0.957074722,0.152115514,0.761589404,345,117,2408,108
0.527176212112,0.744588745,0.957074722,0.151779718,0.761061947,344,118,2408,108
0.529365623530,0.744588745,0.957472178,0.151443922,0.762749446,344,118,2409,107
0.531182109668,0.742424242,0.957472178,0.151108126,0.762222222,343,119,2409,107
0.531262158106,0.740259740,0.957472178,0.150772330,0.761692650,342,120,2409,107
0.531644390025,0.738095238,0.957472178,0.150436535,0.761160714,341,121,2409,107
0.532139530181,0.738095238,0.957869634,0.150100739,0.762863535,341,121,2410,106
0.532739448403,0.735930736,0.957869634,0.149764943,0.762331839,340,122,2410,106
0.536150497906,0.735930736,0.958267091,0.149429147,0.764044944,340,122,2411,105
0.537768484689,0.733766234,0.958267091,0.149093351,0.763513514,339,123,2411,105
0.537916051338,0.731601732,0.958267091,0.148757555,0.762979684,338,124,2411,105
0.539422063960,0.731601732,0.958664547,0.148421760,0.764705882,338,124,2412,104
0.539785597170,0.731601732,0.959062003,0.148085964,0.766439909,338,124,2413,103
0.540117608165,0.729437229,0.959062003,0.147750168,0.765909091,337,125,2413,103
0.541009099181,0.729437229,0.959459459,0.147414372,0.767653759,337,125,2414,102
0.541982811609,0.729437229,0.959856916,0.147078576,0.769406393,337,125,2415,101
0.543432627341,0.729437229,0.960254372,0.146742780,0.771167048,337,125,2416,100
0.543881935716,0.727272727,0.960254372,0.146406985,0.770642202,336,126,2416,100
0.547169576792,0.725108225,0.960254372,0.146071189,0.770114943,335,127,2416,100
0.548243402844,0.725108225,0.960651828,0.145735393,0.771889401,335,127,2417,99
0.550659019592,0.725108225,0.961049285,0.145399597,0.773672055,335,127,2418,98
0.551160857670,0.725108225,0.961446741,0.145063801,0.775462963,335,127,2419,97
0.555658634891,0.722943723,0.961446741,0.144728005,0.774941995,334,128,2419,97
0.558936998138,0.722943723,0.961844197,0.144392210,0.776744186,334,128,2420,96
0.560467680308,0.720779221,0.961844197,0.144056414,0.776223776,333,129,2420,96
0.561860910652,0.718614719,0.961844197,0.143720618,0.775700935,332,130,2420,96
0.561916875301,0.716450216,0.961844197,0.143384822,0.775175644,331,131,2420,96
0.562222075712,0.716450216,0.962241653,0.143049026,0.776995305,331,131,2421,95
0.562869846012,0.714285714,0.962241653,0.142713230,0.776470588,330,132,2421,95
0.563763712944,0.712121212,0.962241653,0.142377435,0.775943396,329,133,2421,95
0.566534036356,0.712121212,0.962639110,0.142041639,0.777777778,329,133,2422,94
0.566553925900,0.709956710,0.962639110,0.141705843,0.777251185,328,134,2422,94
0.567139594532,0.709956710,0.963036566,0.141370047,0.779097387,328,134,2423,93
0.569118775145,0.707792208,0.963036566,0.141034251,0.778571429,327,135,2423,93
0.569597082625,0.707792208,0.963434022,0.140698455,0.780429594,327,135,2424,92
0.570525765959,0.707792208,0.963831479,0.140362660,0.782296651,327,135,2425,91
0.571097261269,0.707792208,0.964228935,0.140026864,0.784172662,327,135,2426,90
0.574316593469,0.707792208,0.964626391,0.139691068,0.786057692,327,135,2427,89
0.574803860416,0.707792208,0.965023847,0.139355272,0.787951807,327,135,2428,88
0.575982597654,0.707792208,0.965421304,0.139019476,0.789855072,327,135,2429,87
0.577228323977,0.705627706,0.965421304,0.138683680,0.789346247,326,136,2429,87
0.577342446194,0.705627706,0.965818760,0.138347884,0.791262136,326,136,2430,86
0.581823150146,0.703463203,0.965818760,0.138012089,0.790754258,325,137,2430,86
0.582262494739,0.703463203,0.966216216,0.137676293,0.792682927,325,137,2431,85
0.583032496140,0.703463203,0.966613672,0.137340497,0.794621027,325,137,2432,84
0.584040546917,0.703463203,0.967011129,0.137004701,0.796568627,325,137,2433,83
0.584420530935,0.703463203,0.967408585,0.136668905,0.798525799,325,137,2434,82
0.585391312449,0.701298701,0.967408585,0.136333109,0.798029557,324,138,2434,82
0.586797005667,0.699134199,0.967408585,0.135997314,0.797530864,323,139,2434,82
0.588959825562,0.696969697,0.967408585,0.135661518,0.797029703,322,140,2434,82
0.589537011873,0.696969697,0.967806041,0.135325722,0.799007444,322,140,2435,81
0.592795402525,0.694805195,0.967806041,0.134989926,0.798507463,321,141,2435,81
0.597092222760,0.694805195,0.968203498,0.134654130,0.800498753,321,141,2436,80
0.597184550515,0.692640693,0.968203498,0.134318334,0.800000000,320,142,2436,80
0.597770199071,0.692640693,0.968600954,0.133982539,0.802005013,320,142,2437,79
0.598490830007,0.692640693,0.968998410,0.133646743,0.804020101,320,142,2438,78
0.600200726107,0.692640693,0.969395866,0.133310947,0.806045340,320,142,2439,77
0.600641132006,0.692640693,0.969793323,0.132975151,0.808080808,320,142,2440,76
0.602265047827,0.692640693,0.970190779,0.132639355,0.810126582,320,142,2441,75
0.603569948486,0.690476190,0.970190779,0.132303559,0.809644670,319,143,2441,75
0.604723400920,0.688311688,0.970190779,0.131967764,0.809160305,318,144,2441,75
0.607713839347,0.686147186,0.970190779,0.131631968,0.808673469,317,145,2441,75
0.608035823049,0.686147186,0.970588235,0.131296172,0.810741688,317,145,2442,74
0.608116536511,0.686147186,0.970985692,0.130960376,0.812820513,317,145,2443,73
0.610684521661,0.686147186,0.971383148,0.130624580,0.814910026,317,145,2444,72
0.616132881857,0.683982684,0.971383148,0.130288784,0.814432990,316,146,2444,72
0.616466201972,0.683982684,0.971780604,0.129952989,0.816537468,316,146,2445,71
0.619940501216,0.681818182,0.971780604,0.129617193,0.816062176,315,147,2445,71
0.624422014509,0.681818182,0.972178060,0.129281397,0.818181818,315,147,2446,70
0.624792407754,0.681818182,0.972575517,0.128945601,0.820312500,315,147,2447,69
0.625386813251,0.679653680,0.972575517,0.128609805,0.819843342,314,148,2447,69
0.626319301987,0.677489177,0.972575517,0.128274009,0.819371728,313,149,2447,69
0.627722697389,0.675324675,0.972575517,0.127938214,0.818897638,312,150,2447,69
0.628053172696,0.673160173,0.972575517,0.127602418,0.818421053,311,151,2447,69
0.628304366294,0.670995671,0.972575517,0.127266622,0.817941953,310,152,2447,69
0.629096194807,0.668831169,0.972575517,0.126930826,0.817460317,309,153,2447,69
0.629442017397,0.666666667,0.972575517,0.126595030,0.816976127,308,154,2447,69
0.630591500377,0.666666667,0.972972973,0.126259234,0.819148936,308,154,2448,68
0.633797791592,0.664502165,0.972972973,0.125923439,0.818666667,307,155,2448,68
0.636829630609,0.662337662,0.972972973,0.125587643,0.818181818,306,156,2448,68
0.640412743725,0.662337662,0.973370429,0.125251847,0.820375335,306,156,2449,67
0.646616765904,0.662337662,0.973767886,0.124916051,0.822580645,306,156,2450,66
0.649424212595,0.662337662,0.974165342,0.124580255,0.824797844,306,156,2451,65
0.651118469368,0.662337662,0.974562798,0.124244459,0.827027027,306,156,2452,64
0.652499896497,0.660173160,0.974562798,0.123908664,0.826558266,305,157,2452,64
0.653182959058,0.660173160,0.974960254,0.123572868,0.828804348,305,157,2453,63
0.653589676889,0.660173160,0.975357711,0.123237072,0.831062670,305,157,2454,62
0.656523026738,0.658008658,0.975357711,0.122901276,0.830601093,304,158,2454,62
0.656828793238,0.655844156,0.975357711,0.122565480,0.830136986,303,159,2454,62
0.657578411207,0.653679654,0.975357711,0.122229684,0.829670330,302,160,2454,62
0.660675909598,0.651515152,0.975357711,0.121893889,0.829201102,301,161,2454,62
0.663387684452,0.651515152,0.975755167,0.121558093,0.831491713,301,161,2455,61
0.664194150221,0.649350649,0.975755167,0.121222297,0.831024931,300,162,2455,61
0.664954242737,0.647186147,0.975755167,0.120886501,0.830555556,299,163,2455,61
0.665398422688,0.647186147,0.976152623,0.120550705,0.832869081,299,163,2456,60
0.666224453743,0.645021645,0.976152623,0.120214909,0.832402235,298,164,2456,60
0.666538778138,0.642857143,0.976152623,0.119879113,0.831932773,297,165,2456,60
0.669258187138,0.640692641,0.976152623,0.119543318,0.831460674,296,166,2456,60
0.669923261094,0.638528139,0.976152623,0.119207522,0.830985915,295,167,2456,60
0.670082362537,0.638528139,0.976550079,0.118871726,0.833333333,295,167,2457,59
0.671427540643,0.636363636,0.976550079,0.118535930,0.832861190,294,168,2457,59
0.672030616022,0.634199134,0.976550079,0.118200134,0.832386364,293,169,2457,59
0.672456877849,0.632034632,0.976550079,0.117864338,0.831908832,292,170,2457,59
0.673125614404,0.632034632,0.976947536,0.117528543,0.834285714,292,170,2458,58
0.673904346856,0.629870130,0.976947536,0.117192747,0.833810888,291,171,2458,58
0.674777462286,0.629870130,0.977344992,0.116856951,0.836206897,291,171,2459,57
0.674974843455,0.627705628,0.977344992,0.116521155,0.835734870,290,172,2459,57
0.674989631170,0.627705628,0.977742448,0.116185359,0.838150289,290,172,2460,56
0.680305263519,0.627705628,0.978139905,0.115849563,0.840579710,290,172,2461,55
0.680330924493,0.625541126,0.978139905,0.115513768,0.840116279,289,173,2461,55
0.681171226098,0.623376623,0.978139905,0.115177972,0.839650146,288,174,2461,55
0.683577186787,0.623376623,0.978537361,0.114842176,0.842105263,288,174,2462,54
0.684682334616,0.621212121,0.978537361,0.114506380,0.841642229,287,175,2462,54
0.686586974819,0.621212121,0.978934817,0.114170584,0.844117647,287,175,2463,53
0.690760611205,0.621212121,0.979332273,0.113834788,0.846607670,287,175,2464,52
0.691601418318,0.621212121,0.979729730,0.113498993,0.849112426,287,175,2465,51
0.693466542189,0.619047619,0.979729730,0.113163197,0.848664688,286,176,2465,51
0.693636682021,0.619047619,0.980127186,0.112827401,0.851190476,286,176,2466,50
0.695312866306,0.619047619,0.980524642,0.112491605,0.853731343,286,176,2467,49
0.697217796078,0.616883117,0.980524642,0.112155809,0.853293413,285,177,2467,49
0.697261709306,0.614718615,0.980524642,0.111820013,0.852852853,284,178,2467,49
0.697468728417,0.614718615,0.980922099,0.111484218,0.855421687,284,178,2468,48
0.699088603745,0.612554113,0.980922099,0.111148422,0.854984894,283,179,2468,48
0.699802812399,0.612554113,0.981319555,0.110812626,0.857575758,283,179,2469,47
0.701895339156,0.610389610,0.981319555,0.110476830,0.857142857,282,180,2469,47
0.702305467637,0.610389610,0.981717011,0.110141034,0.859756098,282,180,2470,46
0.705856133884,0.608225108,0.981717011,0.109805238,0.859327217,281,181,2470,46
0.706201754361,0.606060606,0.981717011,0.109469443,0.858895706,280,182,2470,46
0.706672333011,0.606060606,0.982114467,0.109133647,0.861538462,280,182,2471,45
0.707054036788,0.603896104,0.982114467,0.108797851,0.861111111,279,183,2471,45
0.711500974513,0.601731602,0.982114467,0.108462055,0.860681115,278,184,2471,45
0.715052862583,0.601731602,0.982511924,0.108126259,0.863354037,278,184,2472,44
0.716524361334,0.601731602,0.982909380,0.107790463,0.866043614,278,184,2473,43
0.717337189477,0.601731602,0.983306836,0.107454668,0.868750000,278,184,2474,42
0.718628390963,0.601731602,0.983704293,0.107118872,0.871473354,278,184,2475,41
0.719624566075,0.599567100,0.983704293,0.106783076,0.871069182,277,185,2475,41
0.719924084894,0.599567100,0.984101749,0.106447280,0.873817035,277,185,2476,40
0.721508886658,0.597402597,0.984101749,0.106111484,0.873417722,276,186,2476,40
0.721872741015,0.595238095,0.984101749,0.105775688,0.873015873,275,187,2476,40
0.724695357998,0.593073593,0.984101749,0.105439893,0.872611465,274,188,2476,40
0.725843701969,0.590909091,0.984101749,0.105104097,0.872204473,273,189,2476,40
0.726011119772,0.588744589,0.984101749,0.104768301,0.871794872,272,190,2476,40
0.729375425931,0.588744589,0.984499205,0.104432505,0.874598071,272,190,2477,39
0.729889807328,0.586580087,0.984499205,0.104096709,0.874193548,271,191,2477,39
0.730858523241,0.584415584,0.984499205,0.103760913,0.873786408,270,192,2477,39
0.731476339867,0.584415584,0.984896661,0.103425118,0.876623377,270,192,2478,38
0.731542352973,0.584415584,0.985294118,0.103089322,0.879478827,270,192,2479,37
0.733875699173,0.584415584,0.985691574,0.102753526,0.882352941,270,192,2480,36
0.734261203365,0.582251082,0.985691574,0.102417730,0.881967213,269,193,2480,36
0.734454636486,0.580086580,0.985691574,0.102081934,0.881578947,268,194,2480,36
0.736184133595,0.580086580,0.986089030,0.101746138,0.884488449,268,194,2481,35
0.738034206214,0.577922078,0.986089030,0.101410343,0.884105960,267,195,2481,35
0.744923535386,0.575757576,0.986089030,0.101074547,0.883720930,266,196,2481,35
0.746610478731,0.573593074,0.986089030,0.100738751,0.883333333,265,197,2481,35
0.747168255073,0.571428571,0.986089030,0.100402955,0.882943144,264,198,2481,35
0.749169022886,0.569264069,0.986089030,0.100067159,0.882550336,263,199,2481,35
0.749471990887,0.569264069,0.986486486,0.099731363,0.885521886,263,199,2482,34
0.751719481713,0.567099567,0.986486486,0.099395567,0.885135135,262,200,2482,34
0.753234440842,0.564935065,0.986486486,0.099059772,0.884745763,261,201,2482,34
0.756655728200,0.562770563,0.986486486,0.098723976,0.884353741,260,202,2482,34
0.756988559116,0.560606061,0.986486486,0.098388180,0.883959044,259,203,2482,34
0.758649130689,0.558441558,0.986486486,0.098052384,0.883561644,258,204,2482,34
0.759070047129,0.558441558,0.986883943,0.097716588,0.886597938,258,204,2483,33
0.759277440148,0.558441558,0.987281399,0.097380792,0.889655172,258,204,2484,32
0.760908335393,0.556277056,0.987281399,0.097044997,0.889273356,257,205,2484,32
0.761293728806,0.554112554,0.987281399,0.096709201,0.888888889,256,206,2484,32
0.761482106638,0.554112554,0.987678855,0.096373405,0.891986063,256,206,2485,31
0.763159332379,0.551948052,0.987678855,0.096037609,0.891608392,255,207,2485,31
0.764605469019,0.549783550,0.987678855,0.095701813,0.891228070,254,208,2485,31
0.765623927501,0.547619048,0.987678855,0.095366017,0.890845070,253,209,2485,31
0.766473766855,0.547619048,0.988076312,0.095030222,0.893992933,253,209,2486,30
0.767308592387,0.545454545,0.988076312,0.094694426,0.893617021,252,210,2486,30
0.767587801055,0.543290043,0.988076312,0.094358630,0.893238434,251,211,2486,30
0.769747446830,0.541125541,0.988076312,0.094022834,0.892857143,250,212,2486,30
0.770044074016,0.538961039,0.988076312,0.093687038,0.892473118,249,213,2486,30
0.770511068640,0.536796537,0.988076312,0.093351242,0.892086331,248,214,2486,30
0.770586247272,0.536796537,0.988473768,0.093015447,0.895306859,248,214,2487,29
0.771351864920,0.536796537,0.988871224,0.092679651,0.898550725,248,214,2488,28
0.772386460422,0.534632035,0.988871224,0.092343855,0.898181818,247,215,2488,28
0.775400457799,0.534632035,0.989268680,0.092008059,0.901459854,247,215,2489,27
0.776351450194,0.532467532,0.989268680,0.091672263,0.901098901,246,216,2489,27
0.778830495190,0.530303030,0.989268680,0.091336467,0.900735294,245,217,2489,27
0.778896983899,0.528138528,0.989268680,0.091000672,0.900369004,244,218,2489,27
0.779409496003,0.528138528,0.989666137,0.090664876,0.903703704,244,218,2490,26
0.782085013067,0.525974026,0.989666137,0.090329080,0.903345725,243,219,2490,26
0.783315909122,0.523809524,0.989666137,0.089993284,0.902985075,242,220,2490,26
0.783886572106,0.521645022,0.989666137,0.089657488,0.902621723,241,221,2490,26
0.784213269842,0.519480519,0.989666137,0.089321692,0.902255639,240,222,2490,26
0.785288319050,0.517316017,0.989666137,0.088985897,0.901886792,239,223,2490,26
0.786335410195,0.517316017,0.990063593,0.088650101,0.905303030,239,223,2491,25
0.787623288110,0.515151515,0.990063593,0.088314305,0.904942966,238,224,2491,25
0.788278057392,0.515151515,0.990461049,0.087978509,0.908396947,238,224,2492,24
0.789289087098,0.512987013,0.990461049,0.087642713,0.908045977,237,225,2492,24
0.790316055190,0.510822511,0.990461049,0.087306917,0.907692308,236,226,2492,24
0.790522208988,0.508658009,0.990461049,0.086971122,0.907335907,235,227,2492,24
0.790749196117,0.506493506,0.990461049,0.086635326,0.906976744,234,228,2492,24
0.791531774945,0.504329004,0.990461049,0.086299530,0.906614786,233,229,2492,24
0.791591536653,0.502164502,0.990461049,0.085963734,0.906250000,232,230,2492,24
0.791788662784,0.500000000,0.990461049,0.085627938,0.905882353,231,231,2492,24
0.795701516890,0.500000000,0.990858506,0.085292142,0.909448819,231,231,2493,23
0.796738571434,0.500000000,0.991255962,0.084956347,0.913043478,231,231,2494,22
0.796927900797,0.497835498,0.991255962,0.084620551,0.912698413,230,232,2494,22
0.799149365587,0.497835498,0.991653418,0.084284755,0.916334661,230,232,2495,21
0.799382871985,0.495670996,0.991653418,0.083948959,0.916000000,229,233,2495,21
0.799937908558,0.493506494,0.991653418,0.083613163,0.915662651,228,234,2495,21
0.799964750959,0.491341991,0.991653418,0.083277367,0.915322581,227,235,2495,21
0.800699809411,0.489177489,0.991653418,0.082941572,0.914979757,226,236,2495,21
0.802659044803,0.487012987,0.991653418,0.082605776,0.914634146,225,237,2495,21
0.803017387752,0.484848485,0.991653418,0.082269980,0.914285714,224,238,2495,21
0.803307264886,0.482683983,0.991653418,0.081934184,0.913934426,223,239,2495,21
0.804494367798,0.482683983,0.992050874,0.081598388,0.917695473,223,239,2496,20
0.805541436062,0.480519481,0.992050874,0.081262592,0.917355372,222,240,2496,20
0.809447468418,0.480519481,0.992448331,0.080926797,0.921161826,222,240,2497,19
0.809916662955,0.478354978,0.992448331,0.080591001,0.920833333,221,241,2497,19
0.810380972260,0.476190476,0.992448331,0.080255205,0.920502092,220,242,2497,19
0.810514632689,0.474025974,0.992448331,0.079919409,0.920168067,219,243,2497,19
0.810792489406,0.471861472,0.992448331,0.079583613,0.919831224,218,244,2497,19
0.811018526274,0.469696970,0.992448331,0.079247817,0.919491525,217,245,2497,19
0.813408928925,0.469696970,0.992845787,0.078912021,0.923404255,217,245,2498,18
0.813567962807,0.467532468,0.992845787,0.078576226,0.923076923,216,246,2498,18
0.813680277250,0.465367965,0.992845787,0.078240430,0.922746781,215,247,2498,18
0.813972447721,0.463203463,0.992845787,0.077904634,0.922413793,214,248,2498,18
0.814021587384,0.463203463,0.993243243,0.077568838,0.926406926,214,248,2499,17
0.814649754802,0.461038961,0.993243243,0.077233042,0.926086957,213,249,2499,17
0.815529347565,0.458874459,0.993243243,0.076897246,0.925764192,212,250,2499,17
0.816914594817,0.456709957,0.993243243,0.076561451,0.925438596,211,251,2499,17
0.817304514962,0.454545455,0.993243243,0.076225655,0.925110132,210,252,2499,17
0.819357657896,0.452380952,0.993243243,0.075889859,0.924778761,209,253,2499,17
0.821087007003,0.450216450,0.993243243,0.075554063,0.924444444,208,254,2499,17
0.821598778329,0.448051948,0.993243243,0.075218267,0.924107143,207,255,2499,17
0.822102404092,0.445887446,0.993243243,0.074882471,0.923766816,206,256,2499,17
0.827686651153,0.443722944,0.993243243,0.074546676,0.923423423,205,257,2499,17
0.827926034792,0.441558442,0.993243243,0.074210880,0.923076923,204,258,2499,17
0.828312561907,0.439393939,0.993243243,0.073875084,0.922727273,203,259,2499,17
0.829697743730,0.437229437,0.993243243,0.073539288,0.922374429,202,260,2499,17
0.831123761050,0.437229437,0.993640700,0.073203492,0.926605505,202,260,2500,16
0.834727814841,0.435064935,0.993640700,0.072867696,0.926267281,201,261,2500,16
0.835929729337,0.432900433,0.993640700,0.072531901,0.925925926,200,262,2500,16
0.836145052916,0.430735931,0.993640700,0.072196105,0.925581395,199,263,2500,16
0.837552276858,0.428571429,0.993640700,0.071860309,0.925233645,198,264,2500,16
0.837872093308,0.426406926,0.993640700,0.071524513,0.924882629,197,265,2500,16
0.838502298975,0.426406926,0.994038156,0.071188717,0.929245283,197,265,2501,15
0.839014146825,0.424242424,0.994038156,0.070852921,0.928909953,196,266,2501,15
0.839866453196,0.422077922,0.994038156,0.070517126,0.928571429,195,267,2501,15
0.840582982858,0.419913420,0.994038156,0.070181330,0.928229665,194,268,2501,15
0.841221522391,0.417748918,0.994038156,0.069845534,0.927884615,193,269,2501,15
0.841592617990,0.415584416,0.994038156,0.069509738,0.927536232,192,270,2501,15
0.842120405242,0.413419913,0.994038156,0.069173942,0.927184466,191,271,2501,15
0.843105942941,0.411255411,0.994038156,0.068838146,0.926829268,190,272,2501,15
0.844265220466,0.409090909,0.994038156,0.068502351,0.926470588,189,273,2501,15
0.844573392544,0.406926407,0.994038156,0.068166555,0.926108374,188,274,2501,15
0.844679184463,0.404761905,0.994038156,0.067830759,0.925742574,187,275,2501,15
0.848936093868,0.402597403,0.994038156,0.067494963,0.925373134,186,276,2501,15
0.849062811615,0.402597403,0.994435612,0.067159167,0.930000000,186,276,2502,14
0.851572514156,0.402597403,0.994833068,0.066823371,0.934673367,186,276,2503,13
0.852005545964,0.400432900,0.994833068,0.066487576,0.934343434,185,277,2503,13
0.852222032740,0.398268398,0.994833068,0.066151780,0.934010152,184,278,2503,13
0.854678945571,0.398268398,0.995230525,0.065815984,0.938775510,184,278,2504,12
0.855507235827,0.396103896,0.995230525,0.065480188,0.938461538,183,279,2504,12
0.855515228409,0.393939394,0.995230525,0.065144392,0.938144330,182,280,2504,12
0.855580379663,0.391774892,0.995230525,0.064808596,0.937823834,181,281,2504,12
0.855609070400,0.391774892,0.995627981,0.064472801,0.942708333,181,281,2505,11
0.856306250697,0.389610390,0.995627981,0.064137005,0.942408377,180,282,2505,11
0.856339596807,0.387445887,0.995627981,0.063801209,0.942105263,179,283,2505,11
0.857371797878,0.385281385,0.995627981,0.063465413,0.941798942,178,284,2505,11
0.857953661747,0.383116883,0.995627981,0.063129617,0.941489362,177,285,2505,11
0.857954100995,0.380952381,0.995627981,0.062793821,0.941176471,176,286,2505,11
0.858691835717,0.378787879,0.995627981,0.062458026,0.940860215,175,287,2505,11
0.859278693405,0.376623377,0.995627981,0.062122230,0.940540541,174,288,2505,11
0.859376957438,0.374458874,0.995627981,0.061786434,0.940217391,173,289,2505,11
0.861424830172,0.372294372,0.995627981,0.061450638,0.939890710,172,290,2505,11
0.862090363586,0.370129870,0.995627981,0.061114842,0.939560440,171,291,2505,11
0.862880699683,0.370129870,0.996025437,0.060779046,0.944751381,171,291,2506,10
0.863247365337,0.367965368,0.996025437,0.060443251,0.944444444,170,292,2506,10
0.864679080056,0.365800866,0.996025437,0.060107455,0.944134078,169,293,2506,10
0.865733912657,0.363636364,0.996025437,0.059771659,0.943820225,168,294,2506,10
0.866711504322,0.361471861,0.996025437,0.059435863,0.943502825,167,295,2506,10
0.867201149672,0.359307359,0.996025437,0.059100067,0.943181818,166,296,2506,10
0.868327076932,0.357142857,0.996025437,0.058764271,0.942857143,165,297,2506,10
0.868381966307,0.354978355,0.996025437,0.058428475,0.942528736,164,298,2506,10
0.869499280087,0.352813853,0.996025437,0.058092680,0.942196532,163,299,2506,10
0.869530126261,0.350649351,0.996025437,0.057756884,0.941860465,162,300,2506,10
0.870892489416,0.348484848,0.996025437,0.057421088,0.941520468,161,301,2506,10
0.872576248030,0.346320346,0.996025437,0.057085292,0.941176471,160,302,2506,10
0.874997068300,0.344155844,0.996025437,0.056749496,0.940828402,159,303,2506,10
0.875889997111,0.344155844,0.996422893,0.056413700,0.946428571,159,303,2507,9
0.876299569753,0.341991342,0.996422893,0.056077905,0.946107784,158,304,2507,9
0.876948207680,0.339826840,0.996422893,0.055742109,0.945783133,157,305,2507,9
0.878571064131,0.339826840,0.996820350,0.055406313,0.951515152,157,305,2508,8
0.879158447015,0.337662338,0.996820350,0.055070517,0.951219512,156,306,2508,8
0.879966851169,0.335497835,0.996820350,0.054734721,0.950920245,155,307,2508,8
0.882180702547,0.333333333,0.996820350,0.054398925,0.950617284,154,308,2508,8
0.882488396649,0.331168831,0.996820350,0.054063130,0.950310559,153,309,2508,8
0.883549184473,0.329004329,0.996820350,0.053727334,0.950000000,152,310,2508,8
0.883667263266,0.329004329,0.997217806,0.053391538,0.955974843,152,310,2509,7
0.883715237081,0.326839827,0.997217806,0.053055742,0.955696203,151,311,2509,7
0.886521825227,0.324675325,0.997217806,0.052719946,0.955414013,150,312,2509,7
0.886581086308,0.322510823,0.997217806,0.052384150,0.955128205,149,313,2509,7
0.889822411416,0.320346320,0.997217806,0.052048355,0.954838710,148,314,2509,7
0.890015502854,0.318181818,0.997217806,0.051712559,0.954545455,147,315,2509,7
0.890510722928,0.316017316,0.997217806,0.051376763,0.954248366,146,316,2509,7
0.890671738930,0.313852814,0.997217806,0.051040967,0.953947368,145,317,2509,7
0.890994694698,0.311688312,0.997217806,0.050705171,0.953642384,144,318,2509,7
0.891322781683,0.309523810,0.997217806,0.050369375,0.953333333,143,319,2509,7
0.891391238039,0.307359307,0.997217806,0.050033580,0.953020134,142,320,2509,7
0.891480305903,0.305194805,0.997217806,0.049697784,0.952702703,141,321,2509,7
0.892730570266,0.303030303,0.997217806,0.049361988,0.952380952,140,322,2509,7
0.893152817455,0.303030303,0.997615262,0.049026192,0.958904110,140,322,2510,6
0.893428025147,0.300865801,0.997615262,0.048690396,0.958620690,139,323,2510,6
0.894791704498,0.298701299,0.997615262,0.048354600,0.958333333,138,324,2510,6
0.896085448437,0.296536797,0.997615262,0.048018805,0.958041958,137,325,2510,6
0.897090237449,0.294372294,0.997615262,0.047683009,0.957746479,136,326,2510,6
0.897758730219,0.292207792,0.997615262,0.047347213,0.957446809,135,327,2510,6
0.898648208596,0.292207792,0.998012719,0.047011417,0.964285714,135,327,2511,5
0.898939299073,0.290043290,0.998012719,0.046675621,0.964028777,134,328,2511,5
0.899115453215,0.287878788,0.998012719,0.046339825,0.963768116,133,329,2511,5
0.899270886856,0.285714286,0.998012719,0.046004030,0.963503650,132,330,2511,5
0.899319523337,0.283549784,0.998012719,0.045668234,0.963235294,131,331,2511,5
0.899693274836,0.281385281,0.998012719,0.045332438,0.962962963,130,332,2511,5
0.899760206357,0.279220779,0.998012719,0.044996642,0.962686567,129,333,2511,5
0.899916075346,0.277056277,0.998012719,0.044660846,0.962406015,128,334,2511,5
0.900673027310,0.277056277,0.998410175,0.044325050,0.969696970,128,334,2512,4
0.900921405784,0.277056277,0.998807631,0.043989255,0.977099237,128,334,2513,3
0.901011402202,0.274891775,0.998807631,0.043653459,0.976923077,127,335,2513,3
0.902106693746,0.272727273,0.998807631,0.043317663,0.976744186,126,336,2513,3
0.903405045675,0.270562771,0.998807631,0.042981867,0.976562500,125,337,2513,3
0.903465124174,0.270562771,0.999205087,0.042646071,0.984251969,125,337,2514,2
0.903949048443,0.268398268,0.999205087,0.042310275,0.984126984,124,338,2514,2
0.903980144781,0.266233766,0.999205087,0.041974480,0.984000000,123,339,2514,2
0.904480963192,0.264069264,0.999205087,0.041638684,0.983870968,122,340,2514,2
0.904722374000,0.261904762,0.999205087,0.041302888,0.983739837,121,341,2514,2
0.904861626369,0.259740260,0.999205087,0.040967092,0.983606557,120,342,2514,2
0.905194430076,0.257575758,0.999205087,0.040631296,0.983471074,119,343,2514,2
0.905917298968,0.255411255,0.999205087,0.040295500,0.983333333,118,344,2514,2
0.906001295522,0.253246753,0.999205087,0.039959704,0.983193277,117,345,2514,2
0.906956151084,0.251082251,0.999205087,0.039623909,0.983050847,116,346,2514,2
0.909564837218,0.248917749,0.999205087,0.039288113,0.982905983,115,347,2514,2
0.910332939483,0.246753247,0.999205087,0.038952317,0.982758621,114,348,2514,2
0.910903916186,0.244588745,0.999205087,0.038616521,0.982608696,113,349,2514,2
0.910916385669,0.242424242,0.999205087,0.038280725,0.982456140,112,350,2514,2
0.911575380897,0.240259740,0.999205087,0.037944929,0.982300885,111,351,2514,2
0.912059191793,0.238095238,0.999205087,0.037609134,0.982142857,110,352,2514,2
0.912094289436,0.235930736,0.999205087,0.037273338,0.981981982,109,353,2514,2
0.913048853349,0.233766234,0.999205087,0.036937542,0.981818182,108,354,2514,2
0.913435674655,0.231601732,0.999205087,0.036601746,0.981651376,107,355,2514,2
0.913599251175,0.229437229,0.999205087,0.036265950,0.981481481,106,356,2514,2
0.913611221920,0.227272727,0.999205087,0.035930154,0.981308411,105,357,2514,2
0.913833198313,0.225108225,0.999205087,0.035594359,0.981132075,104,358,2514,2
0.914068479763,0.222943723,0.999205087,0.035258563,0.980952381,103,359,2514,2
0.914079121141,0.220779221,0.999205087,0.034922767,0.980769231,102,360,2514,2
0.914155737952,0.218614719,0.999205087,0.034586971,0.980582524,101,361,2514,2
0.915085058796,0.216450216,0.999205087,0.034251175,0.980392157,100,362,2514,2
0.915146456663,0.214285714,0.999205087,0.033915379,0.980198020,99,363,2514,2
0.915500501024,0.212121212,0.999205087,0.033579584,0.980000000,98,364,2514,2
0.917118499793,0.209956710,0.999205087,0.033243788,0.979797980,97,365,2514,2
0.917570247521,0.207792208,0.999205087,0.032907992,0.979591837,96,366,2514,2
0.918155445383,0.205627706,0.999205087,0.032572196,0.979381443,95,367,2514,2
0.918922201921,0.205627706,0.999602544,0.032236400,0.989583333,95,367,2515,1
0.919043954514,0.203463203,0.999602544,0.031900604,0.989473684,94,368,2515,1
0.919358882026,0.201298701,0.999602544,0.031564809,0.989361702,93,369,2515,1
0.919391634985,0.199134199,0.999602544,0.031229013,0.989247312,92,370,2515,1
0.920175539093,0.196969697,0.999602544,0.030893217,0.989130435,91,371,2515,1
0.920332361474,0.194805195,0.999602544,0.030557421,0.989010989,90,372,2515,1
0.921136979022,0.192640693,0.999602544,0.030221625,0.988888889,89,373,2515,1
0.921217832068,0.190476190,0.999602544,0.029885829,0.988764045,88,374,2515,1
0.921581924699,0.188311688,0.999602544,0.029550034,0.988636364,87,375,2515,1
0.922094507138,0.186147186,0.999602544,0.029214238,0.988505747,86,376,2515,1
0.922235604411,0.183982684,0.999602544,0.028878442,0.988372093,85,377,2515,1
0.923356391841,0.181818182,0.999602544,0.028542646,0.988235294,84,378,2515,1
0.923417379819,0.179653680,0.999602544,0.028206850,0.988095238,83,379,2515,1
0.923544260178,0.177489177,0.999602544,0.027871054,0.987951807,82,380,2515,1
0.924550494207,0.175324675,0.999602544,0.027535259,0.987804878,81,381,2515,1
0.924787629712,0.173160173,0.999602544,0.027199463,0.987654321,80,382,2515,1
0.926046224066,0.170995671,0.999602544,0.026863667,0.987500000,79,383,2515,1
0.926266029157,0.168831169,0.999602544,0.026527871,0.987341772,78,384,2515,1
0.927273259869,0.166666667,0.999602544,0.026192075,0.987179487,77,385,2515,1
0.927794847218,0.164502165,0.999602544,0.025856279,0.987012987,76,386,2515,1
0.927889799165,0.162337662,0.999602544,0.025520484,0.986842105,75,387,2515,1
0.928002107807,0.160173160,0.999602544,0.025184688,0.986666667,74,388,2515,1
0.929299411366,0.158008658,0.999602544,0.024848892,0.986486486,73,389,2515,1
0.930135752328,0.155844156,0.999602544,0.024513096,0.986301370,72,390,2515,1
0.930478494492,0.153679654,0.999602544,0.024177300,0.986111111,71,391,2515,1
0.930889587606,0.151515152,0.999602544,0.023841504,0.985915493,70,392,2515,1
0.931206579144,0.149350649,0.999602544,0.023505709,0.985714286,69,393,2515,1
0.931822605752,0.147186147,0.999602544,0.023169913,0.985507246,68,394,2515,1
0.932188700878,0.145021645,0.999602544,0.022834117,0.985294118,67,395,2515,1
0.932326033418,0.142857143,0.999602544,0.022498321,0.985074627,66,396,2515,1
0.933183910468,0.140692641,0.999602544,0.022162525,0.984848485,65,397,2515,1
0.933265312958,0.138528139,0.999602544,0.021826729,0.984615385,64,398,2515,1
0.934242599634,0.136363636,0.999602544,0.021490934,0.984375000,63,399,2515,1
0.934327831013,0.134199134,0.999602544,0.021155138,0.984126984,62,400,2515,1
0.934558081141,0.132034632,0.999602544,0.020819342,0.983870968,61,401,2515,1
0.935119687140,0.129870130,0.999602544,0.020483546,0.983606557,60,402,2515,1
0.935402718139,0.127705628,0.999602544,0.020147750,0.983333333,59,403,2515,1
0.935771388658,0.125541126,0.999602544,0.019811954,0.983050847,58,404,2515,1
0.936258309728,0.123376623,0.999602544,0.019476158,0.982758621,57,405,2515,1
0.936922851524,0.121212121,0.999602544,0.019140363,0.982456140,56,406,2515,1
0.937418545844,0.119047619,0.999602544,0.018804567,0.982142857,55,407,2515,1
0.937637814378,0.116883117,0.999602544,0.018468771,0.981818182,54,408,2515,1
0.937651969087,0.114718615,0.999602544,0.018132975,0.981481481,53,409,2515,1
0.937737030841,0.112554113,0.999602544,0.017797179,0.981132075,52,410,2515,1
0.938918043336,0.110389610,0.999602544,0.017461383,0.980769231,51,411,2515,1
0.939707356315,0.108225108,0.999602544,0.017125588,0.980392157,50,412,2515,1
0.939802476834,0.106060606,0.999602544,0.016789792,0.980000000,49,413,2515,1
0.941565344100,0.103896104,0.999602544,0.016453996,0.979591837,48,414,2515,1
0.942150656315,0.101731602,0.999602544,0.016118200,0.979166667,47,415,2515,1
0.942448864523,0.099567100,0.999602544,0.015782404,0.978723404,46,416,2515,1
0.943719424815,0.097402597,0.999602544,0.015446608,0.978260870,45,417,2515,1
0.944742285501,0.095238095,0.999602544,0.015110813,0.977777778,44,418,2515,1
0.945267790314,0.095238095,1.000000000,0.014775017,1.000000000,44,418,2516,0
0.946221744811,0.093073593,1.000000000,0.014439221,1.000000000,43,419,2516,0
0.946358693347,0.090909091,1.000000000,0.014103425,1.000000000,42,420,2516,0
0.946491483597,0.088744589,1.000000000,0.013767629,1.000000000,41,421,2516,0
0.946515410667,0.086580087,1.000000000,0.013431833,1.000000000,40,422,2516,0
0.946885093828,0.084415584,1.000000000,0.013096038,1.000000000,39,423,2516,0
0.947094652120,0.082251082,1.000000000,0.012760242,1.000000000,38,424,2516,0
0.947968730563,0.080086580,1.000000000,0.012424446,1.000000000,37,425,2516,0
0.948456798886,0.077922078,1.000000000,0.012088650,1.000000000,36,426,2516,0
0.948923555618,0.075757576,1.000000000,0.011752854,1.000000000,35,427,2516,0
0.950859062951,0.073593074,1.000000000,0.011417058,1.000000000,34,428,2516,0
0.951432434853,0.071428571,1.000000000,0.011081263,1.000000000,33,429,2516,0
0.951461124892,0.069264069,1.000000000,0.010745467,1.000000000,32,430,2516,0
0.951602414193,0.067099567,1.000000000,0.010409671,1.000000000,31,431,2516,0
0.951811870431,0.064935065,1.000000000,0.010073875,1.000000000,30,432,2516,0
0.952150393009,0.062770563,1.000000000,0.009738079,1.000000000,29,433,2516,0
0.953041743688,0.060606061,1.000000000,0.009402283,1.000000000,28,434,2516,0
0.955013429315,0.058441558,1.000000000,0.009066488,1.000000000,27,435,2516,0
0.955805910657,0.056277056,1.000000000,0.008730692,1.000000000,26,436,2516,0
0.956586945216,0.054112554,1.000000000,0.008394896,1.000000000,25,437,2516,0
0.956736547131,0.051948052,1.000000000,0.008059100,1.000000000,24,438,2516,0
0.956747690590,0.049783550,1.000000000,0.007723304,1.000000000,23,439,2516,0
0.957937528208,0.047619048,1.000000000,0.007387508,1.000000000,22,440,2516,0
0.959435416431,0.045454545,1.000000000,0.007051713,1.000000000,21,441,2516,0
0.961665010746,0.043290043,1.000000000,0.006715917,1.000000000,20,442,2516,0
0.961688045639,0.041125541,1.000000000,0.006380121,1.000000000,19,443,2516,0
0.961967300378,0.038961039,1.000000000,0.006044325,1.000000000,18,444,2516,0
0.962099210516,0.036796537,1.000000000,0.005708529,1.000000000,17,445,2516,0
0.963272173158,0.034632035,1.000000000,0.005372733,1.000000000,16,446,2516,0
0.963969873080,0.032467532,1.000000000,0.005036938,1.000000000,15,447,2516,0
0.964346254401,0.030303030,1.000000000,0.004701142,1.000000000,14,448,2516,0
0.964679274652,0.028138528,1.000000000,0.004365346,1.000000000,13,449,2516,0
0.965119566239,0.025974026,1.000000000,0.004029550,1.000000000,12,450,2516,0
0.966705044279,0.023809524,1.000000000,0.003693754,1.000000000,11,451,2516,0
0.967082825585,0.021645022,1.000000000,0.003357958,1.000000000,10,452,2516,0
0.968741472890,0.019480519,1.000000000,0.003022163,1.000000000,9,453,2516,0
0.970520616456,0.017316017,1.000000000,0.002686367,1.000000000,8,454,2516,0
0.970538456558,0.015151515,1.000000000,0.002350571,1.000000000,7,455,2516,0
0.970808981768,0.012987013,1.000000000,0.002014775,1.000000000,6,456,2516,0
0.974009422879,0.010822511,1.000000000,0.001678979,1.000000000,5,457,2516,0
0.974073241698,0.008658009,1.000000000,0.001343183,1.000000000,4,458,2516,0
0.975795520417,0.006493506,1.000000000,0.001007388,1.000000000,3,459,2516,0
0.976032075183,0.004329004,1.000000000,0.000671592,1.000000000,2,460,2516,0
0.976054584816,0.002164502,1.000000000,0.000335796,1.000000000,1,461,2516,0
1.000000000000,0.000000000,1.000000000,0.000000000,,0,462,2516,0
