threshold,recall,specificity,flag_rate,precision,tp,fn,tn,fp
0.000000000000,1.000000000,0.000000000,1.000000000,0.155137676,462,0,0,2516
0.000578239501,1.000000000,0.000000000,1.000000000,0.155137676,462,0,0,2516
0.000648512548,1.000000000,0.000397456,0.999664204,0.155189788,462,0,1,2515
0.000653001053,1.000000000,0.000794913,0.999328408,0.155241935,462,0,2,2514
0.000678227780,1.000000000,0.001192369,0.998992612,0.155294118,462,0,3,2513
0.000683832636,1.000000000,0.001589825,0.998656817,0.155346335,462,0,4,2512
0.000688046140,1.000000000,0.001987281,0.998321021,0.155398587,462,0,5,2511
0.000734242190,1.000000000,0.002384738,0.997985225,0.155450875,462,0,6,2510
0.000770456280,1.000000000,0.002782194,0.997649429,0.155503198,462,0,7,2509
0.000848240295,1.000000000,0.003179650,0.997313633,0.155555556,462,0,8,2508
0.000859318422,1.000000000,0.003577107,0.996977837,0.155607949,462,0,9,2507
0.000882269882,1.000000000,0.003974563,0.996642042,0.155660377,462,0,10,2506
0.000906002614,1.000000000,0.004372019,0.996306246,0.155712841,462,0,11,2505
0.000912840312,1.000000000,0.004769475,0.995970450,0.155765341,462,0,12,2504
0.000915676103,1.000000000,0.005166932,0.995634654,0.155817875,462,0,13,2503
0.000916421954,1.000000000,0.005564388,0.995298858,0.155870445,462,0,14,2502
0.000918170478,1.000000000,0.005961844,0.994963062,0.155923051,462,0,15,2501
0.000952373253,1.000000000,0.006359300,0.994627267,0.155975692,462,0,16,2500
0.000968974490,1.000000000,0.006756757,0.994291471,0.156028369,462,0,17,2499
0.000975673286,1.000000000,0.007154213,0.993955675,0.156081081,462,0,18,2498
0.000976250613,1.000000000,0.007551669,0.993619879,0.156133829,462,0,19,2497
0.000977832145,1.000000000,0.007949126,0.993284083,0.156186613,462,0,20,2496
0.000986017772,1.000000000,0.008346582,0.992948287,0.156239432,462,0,21,2495
0.000993206464,1.000000000,0.008744038,0.992612492,0.156292287,462,0,22,2494
0.000996924890,1.000000000,0.009141494,0.992276696,0.156345178,462,0,23,2493
0.001005872473,1.000000000,0.009538951,0.991940900,0.156398104,462,0,24,2492
0.001007943714,1.000000000,0.009936407,0.991605104,0.156451067,462,0,25,2491
0.001008845481,1.000000000,0.010333863,0.991269308,0.156504065,462,0,26,2490
0.001018584647,1.000000000,0.010731320,0.990933512,0.156557099,462,0,27,2489
0.001019122775,1.000000000,0.011128776,0.990597717,0.156610169,462,0,28,2488
0.001019452931,1.000000000,0.011526232,0.990261921,0.156663276,462,0,29,2487
0.001022841541,1.000000000,0.011923688,0.989926125,0.156716418,462,0,30,2486
0.001022844307,1.000000000,0.012321145,0.989590329,0.156769596,462,0,31,2485
0.001030742087,1.000000000,0.012718601,0.989254533,0.156822811,462,0,32,2484
0.001036161920,1.000000000,0.013116057,0.988918737,0.156876061,462,0,33,2483
0.001041753129,1.000000000,0.013513514,0.988582942,0.156929348,462,0,34,2482
0.001047267706,1.000000000,0.013910970,0.988247146,0.156982671,462,0,35,2481
0.001056411030,1.000000000,0.014308426,0.987911350,0.157036030,462,0,36,2480
0.001060191694,1.000000000,0.014705882,0.987575554,0.157089425,462,0,37,2479
0.001063277855,1.000000000,0.015103339,0.987239758,0.157142857,462,0,38,2478
0.001064511310,1.000000000,0.015500795,0.986903962,0.157196325,462,0,39,2477
0.001066039649,1.000000000,0.015898251,0.986568167,0.157249830,462,0,40,2476
0.001105487532,1.000000000,0.016295707,0.986232371,0.157303371,462,0,41,2475
0.001108087735,1.000000000,0.016693164,0.985896575,0.157356948,462,0,42,2474
0.001126859658,1.000000000,0.017090620,0.985560779,0.157410562,462,0,43,2473
0.001136508361,1.000000000,0.017488076,0.985224983,0.157464213,462,0,44,2472
0.001136622960,1.000000000,0.017885533,0.984889187,0.157517900,462,0,45,2471
0.001150179307,1.000000000,0.018282989,0.984553392,0.157571623,462,0,46,2470
0.001150507292,1.000000000,0.018680445,0.984217596,0.157625384,462,0,47,2469
0.001151639032,1.000000000,0.019077901,0.983881800,0.157679181,462,0,48,2468
0.001156858114,1.000000000,0.019475358,0.983546004,0.157733015,462,0,49,2467
0.001158486579,1.000000000,0.019872814,0.983210208,0.157786885,462,0,50,2466
0.001174314163,1.000000000,0.020270270,0.982874412,0.157840793,462,0,51,2465
0.001181863225,1.000000000,0.020667727,0.982538617,0.157894737,462,0,52,2464
0.001197394509,1.000000000,0.021065183,0.982202821,0.157948718,462,0,53,2463
0.001206426396,1.000000000,0.021462639,0.981867025,0.158002736,462,0,54,2462
0.001210435061,1.000000000,0.021860095,0.981531229,0.158056791,462,0,55,2461
0.001222325526,1.000000000,0.022257552,0.981195433,0.158110883,462,0,56,2460
0.001223951615,1.000000000,0.022655008,0.980859637,0.158165012,462,0,57,2459
0.001225097286,1.000000000,0.023052464,0.980523842,0.158219178,462,0,58,2458
0.001229192248,1.000000000,0.023449921,0.980188046,0.158273381,462,0,59,2457
0.001231484493,1.000000000,0.023847377,0.979852250,0.158327622,462,0,60,2456
0.001235784379,1.000000000,0.024244833,0.979516454,0.158381899,462,0,61,2455
0.001235843120,1.000000000,0.024642289,0.979180658,0.158436214,462,0,62,2454
0.001236319788,1.000000000,0.025039746,0.978844862,0.158490566,462,0,63,2453
0.001241889608,1.000000000,0.025437202,0.978509066,0.158544955,462,0,64,2452
0.001257374768,1.000000000,0.025834658,0.978173271,0.158599382,462,0,65,2451
0.001267636845,1.000000000,0.026232114,0.977837475,0.158653846,462,0,66,2450
0.001277821692,1.000000000,0.026629571,0.977501679,0.158708348,462,0,67,2449
0.001278947827,1.000000000,0.027027027,0.977165883,0.158762887,462,0,68,2448
0.001284449346,1.000000000,0.027424483,0.976830087,0.158817463,462,0,69,2447
0.001287715041,1.000000000,0.027821940,0.976494291,0.158872077,462,0,70,2446
0.001291427935,1.000000000,0.028219396,0.976158496,0.158926729,462,0,71,2445
0.001300469463,1.000000000,0.028616852,0.975822700,0.158981418,462,0,72,2444
0.001301414900,1.000000000,0.029014308,0.975486904,0.159036145,462,0,73,2443
0.001312349452,1.000000000,0.029411765,0.975151108,0.159090909,462,0,74,2442
0.001312983767,1.000000000,0.029809221,0.974815312,0.159145711,462,0,75,2441
0.001314271829,1.000000000,0.030206677,0.974479516,0.159200551,462,0,76,2440
0.001316904633,1.000000000,0.030604134,0.974143721,0.159255429,462,0,77,2439
0.001337808687,1.000000000,0.031001590,0.973807925,0.159310345,462,0,78,2438
0.001341204916,1.000000000,0.031399046,0.973472129,0.159365298,462,0,79,2437
0.001349485069,1.000000000,0.031796502,0.973136333,0.159420290,462,0,80,2436
0.001351301926,1.000000000,0.032193959,0.972800537,0.159475319,462,0,81,2435
0.001374961723,1.000000000,0.032591415,0.972464741,0.159530387,462,0,82,2434
0.001378641841,1.000000000,0.032988871,0.972128946,0.159585492,462,0,83,2433
0.001390735230,1.000000000,0.033386328,0.971793150,0.159640636,462,0,84,2432
0.001406616251,1.000000000,0.033783784,0.971457354,0.159695817,462,0,85,2431
0.001410618338,1.000000000,0.034181240,0.971121558,0.159751037,462,0,86,2430
0.001420683888,1.000000000,0.034578696,0.970785762,0.159806295,462,0,87,2429
0.001422966699,1.000000000,0.034976153,0.970449966,0.159861592,462,0,88,2428
0.001425589319,1.000000000,0.035373609,0.970114171,0.159916926,462,0,89,2427
0.001428620231,1.000000000,0.035771065,0.969778375,0.159972299,462,0,90,2426
0.001431390710,1.000000000,0.036168521,0.969442579,0.160027710,462,0,91,2425
0.001449955318,1.000000000,0.036565978,0.969106783,0.160083160,462,0,92,2424
0.001456266551,1.000000000,0.036963434,0.968770987,0.160138648,462,0,93,2423
0.001461973174,1.000000000,0.037360890,0.968435191,0.160194175,462,0,94,2422
0.001474095564,1.000000000,0.037758347,0.968099396,0.160249740,462,0,95,2421
0.001484081523,1.000000000,0.038155803,0.967763600,0.160305344,462,0,96,2420
0.001486006131,1.000000000,0.038553259,0.967427804,0.160360986,462,0,97,2419
0.001491549973,1.000000000,0.038950715,0.967092008,0.160416667,462,0,98,2418
0.001493524999,1.000000000,0.039348172,0.966756212,0.160472386,462,0,99,2417
0.001494796978,1.000000000,0.039745628,0.966420416,0.160528145,462,0,100,2416
0.001502000028,1.000000000,0.040143084,0.966084621,0.160583942,462,0,101,2415
0.001513026140,1.000000000,0.040540541,0.965748825,0.160639777,462,0,102,2414
0.001518791776,1.000000000,0.040937997,0.965413029,0.160695652,462,0,103,2413
0.001521931082,1.000000000,0.041335453,0.965077233,0.160751566,462,0,104,2412
0.001522102401,1.000000000,0.041732909,0.964741437,0.160807518,462,0,105,2411
0.001523140029,1.000000000,0.042130366,0.964405641,0.160863510,462,0,106,2410
0.001523826023,1.000000000,0.042527822,0.964069846,0.160919540,462,0,107,2409
0.001529120876,1.000000000,0.042925278,0.963734050,0.160975610,462,0,108,2408
0.001542484474,1.000000000,0.043322734,0.963398254,0.161031718,462,0,109,2407
0.001543773145,1.000000000,0.043720191,0.963062458,0.161087866,462,0,110,2406
0.001544370933,1.000000000,0.044117647,0.962726662,0.161144053,462,0,111,2405
0.001545833706,1.000000000,0.044515103,0.962390866,0.161200279,462,0,112,2404
0.001545866569,1.000000000,0.044912560,0.962055071,0.161256545,462,0,113,2403
0.001549534156,1.000000000,0.045310016,0.961719275,0.161312849,462,0,114,2402
0.001551607637,1.000000000,0.045707472,0.961383479,0.161369193,462,0,115,2401
0.001556679162,1.000000000,0.046104928,0.961047683,0.161425577,462,0,116,2400
0.001557955444,1.000000000,0.046502385,0.960711887,0.161481999,462,0,117,2399
0.001562855914,1.000000000,0.046899841,0.960376091,0.161538462,462,0,118,2398
0.001564826431,1.000000000,0.047297297,0.960040296,0.161594963,462,0,119,2397
0.001573112445,1.000000000,0.047694754,0.959704500,0.161651505,462,0,120,2396
0.001576615102,1.000000000,0.048092210,0.959368704,0.161708085,462,0,121,2395
0.001583442067,1.000000000,0.048489666,0.959032908,0.161764706,462,0,122,2394
0.001585690598,1.000000000,0.048887122,0.958697112,0.161821366,462,0,123,2393
0.001586688180,1.000000000,0.049284579,0.958361316,0.161878066,462,0,124,2392
0.001586948944,1.000000000,0.049682035,0.958025520,0.161934805,462,0,125,2391
0.001587573731,1.000000000,0.050079491,0.957689725,0.161991585,462,0,126,2390
0.001587907688,1.000000000,0.050476948,0.957353929,0.162048404,462,0,127,2389
0.001592397365,1.000000000,0.050874404,0.957018133,0.162105263,462,0,128,2388
0.001593023748,1.000000000,0.051271860,0.956682337,0.162162162,462,0,129,2387
0.001597051722,1.000000000,0.051669316,0.956346541,0.162219101,462,0,130,2386
0.001603756439,1.000000000,0.052066773,0.956010745,0.162276080,462,0,131,2385
0.001612490518,1.000000000,0.052464229,0.955674950,0.162333099,462,0,132,2384
0.001620255367,1.000000000,0.052861685,0.955339154,0.162390158,462,0,133,2383
0.001629237512,1.000000000,0.053259141,0.955003358,0.162447257,462,0,134,2382
0.001632757312,1.000000000,0.053656598,0.954667562,0.162504397,462,0,135,2381
0.001635460203,1.000000000,0.054054054,0.954331766,0.162561576,462,0,136,2380
0.001643646863,1.000000000,0.054451510,0.953995970,0.162618796,462,0,137,2379
0.001643667554,1.000000000,0.054848967,0.953660175,0.162676056,462,0,138,2378
0.001646686150,1.000000000,0.055246423,0.953324379,0.162733357,462,0,139,2377
0.001654382628,1.000000000,0.055643879,0.952988583,0.162790698,462,0,140,2376
0.001660071620,1.000000000,0.056041335,0.952652787,0.162848079,462,0,141,2375
0.001662559347,1.000000000,0.056438792,0.952316991,0.162905501,462,0,142,2374
0.001663152902,1.000000000,0.056836248,0.951981195,0.162962963,462,0,143,2373
0.001680631115,1.000000000,0.057233704,0.951645400,0.163020466,462,0,144,2372
0.001682395135,1.000000000,0.057631161,0.951309604,0.163078009,462,0,145,2371
0.001686054802,1.000000000,0.058028617,0.950973808,0.163135593,462,0,146,2370
0.001686268493,1.000000000,0.058426073,0.950638012,0.163193218,462,0,147,2369
0.001690162654,1.000000000,0.058823529,0.950302216,0.163250883,462,0,148,2368
0.001691666130,1.000000000,0.059220986,0.949966420,0.163308590,462,0,149,2367
0.001692861123,1.000000000,0.059618442,0.949630625,0.163366337,462,0,150,2366
0.001696310387,1.000000000,0.060015898,0.949294829,0.163424125,462,0,151,2365
0.001697004932,1.000000000,0.060413355,0.948959033,0.163481953,462,0,152,2364
0.001702263411,1.000000000,0.060810811,0.948623237,0.163539823,462,0,153,2363
0.001704759547,1.000000000,0.061208267,0.948287441,0.163597734,462,0,154,2362
0.001706720595,1.000000000,0.061605723,0.947951645,0.163655685,462,0,155,2361
0.001711580758,1.000000000,0.062003180,0.947615850,0.163713678,462,0,156,2360
0.001714615506,1.000000000,0.062400636,0.947280054,0.163771712,462,0,157,2359
0.001719018612,1.000000000,0.062798092,0.946944258,0.163829787,462,0,158,2358
0.001721391681,1.000000000,0.063195548,0.946608462,0.163887904,462,0,159,2357
0.001724267120,1.000000000,0.063593005,0.946272666,0.163946061,462,0,160,2356
0.001730114304,1.000000000,0.063990461,0.945936870,0.164004260,462,0,161,2355
0.001736752051,1.000000000,0.064387917,0.945601075,0.164062500,462,0,162,2354
0.001740286701,1.000000000,0.064785374,0.945265279,0.164120782,462,0,163,2353
0.001741210070,1.000000000,0.065182830,0.944929483,0.164179104,462,0,164,2352
0.001741565448,1.000000000,0.065580286,0.944593687,0.164237469,462,0,165,2351
0.001742662085,1.000000000,0.065977742,0.944257891,0.164295875,462,0,166,2350
0.001745703495,1.000000000,0.066375199,0.943922095,0.164354322,462,0,167,2349
0.001756765665,1.000000000,0.066772655,0.943586300,0.164412811,462,0,168,2348
0.001760730840,1.000000000,0.067170111,0.943250504,0.164471342,462,0,169,2347
0.001763939377,1.000000000,0.067567568,0.942914708,0.164529915,462,0,170,2346
0.001765495914,1.000000000,0.067965024,0.942578912,0.164588529,462,0,171,2345
0.001771570458,1.000000000,0.068362480,0.942243116,0.164647185,462,0,172,2344
0.001776109772,1.000000000,0.068759936,0.941907320,0.164705882,462,0,173,2343
0.001776316597,1.000000000,0.069157393,0.941571525,0.164764622,462,0,174,2342
0.001776919016,1.000000000,0.069554849,0.941235729,0.164823403,462,0,175,2341
0.001780182574,1.000000000,0.069952305,0.940899933,0.164882227,462,0,176,2340
0.001783650740,1.000000000,0.070349762,0.940564137,0.164941092,462,0,177,2339
0.001784888840,1.000000000,0.070747218,0.940228341,0.165000000,462,0,178,2338
0.001787823322,1.000000000,0.071144674,0.939892545,0.165058950,462,0,179,2337
0.001802579134,1.000000000,0.071542130,0.939556749,0.165117941,462,0,180,2336
0.001802920670,1.000000000,0.071939587,0.939220954,0.165176975,462,0,181,2335
0.001807386707,1.000000000,0.072337043,0.938885158,0.165236052,462,0,182,2334
0.001817216071,1.000000000,0.072734499,0.938549362,0.165295170,462,0,183,2333
0.001819471108,1.000000000,0.073131955,0.938213566,0.165354331,462,0,184,2332
0.001831375787,1.000000000,0.073529412,0.937877770,0.165413534,462,0,185,2331
0.001840211598,1.000000000,0.073926868,0.937541974,0.165472779,462,0,186,2330
0.001840590916,1.000000000,0.074324324,0.937206179,0.165532067,462,0,187,2329
0.001845621018,1.000000000,0.074721781,0.936870383,0.165591398,462,0,188,2328
0.001856318585,1.000000000,0.075119237,0.936534587,0.165650771,462,0,189,2327
0.001857050879,1.000000000,0.075516693,0.936198791,0.165710187,462,0,190,2326
0.001881382013,1.000000000,0.075914149,0.935862995,0.165769645,462,0,191,2325
0.001882084897,1.000000000,0.076311606,0.935527199,0.165829146,462,0,192,2324
0.001882783280,1.000000000,0.076709062,0.935191404,0.165888689,462,0,193,2323
0.001884064668,1.000000000,0.077106518,0.934855608,0.165948276,462,0,194,2322
0.001889416134,1.000000000,0.077503975,0.934519812,0.166007905,462,0,195,2321
0.001891443476,1.000000000,0.077901431,0.934184016,0.166067577,462,0,196,2320
0.001894601911,1.000000000,0.078298887,0.933848220,0.166127292,462,0,197,2319
0.001897111370,1.000000000,0.078696343,0.933512424,0.166187050,462,0,198,2318
0.001903078102,1.000000000,0.079093800,0.933176629,0.166246851,462,0,199,2317
0.001919469109,1.000000000,0.079491256,0.932840833,0.166306695,462,0,200,2316
0.001921710060,1.000000000,0.079888712,0.932505037,0.166366583,462,0,201,2315
0.001923501365,1.000000000,0.080286169,0.932169241,0.166426513,462,0,202,2314
0.001935318556,1.000000000,0.080683625,0.931833445,0.166486486,462,0,203,2313
0.001951547214,1.000000000,0.081081081,0.931497649,0.166546503,462,0,204,2312
0.001956718560,1.000000000,0.081478537,0.931161854,0.166606563,462,0,205,2311
0.001959868769,1.000000000,0.081875994,0.930826058,0.166666667,462,0,206,2310
0.001961742640,1.000000000,0.082273450,0.930490262,0.166726813,462,0,207,2309
0.001966349098,1.000000000,0.082670906,0.930154466,0.166787004,462,0,208,2308
0.001971814176,1.000000000,0.083068362,0.929818670,0.166847237,462,0,209,2307
0.001972305804,1.000000000,0.083465819,0.929482874,0.166907514,462,0,210,2306
0.001975641153,1.000000000,0.083863275,0.929147079,0.166967835,462,0,211,2305
0.001977817582,1.000000000,0.084260731,0.928811283,0.167028200,462,0,212,2304
0.001981868805,1.000000000,0.084658188,0.928475487,0.167088608,462,0,213,2303
0.001985312788,1.000000000,0.085055644,0.928139691,0.167149059,462,0,214,2302
0.001986322169,1.000000000,0.085453100,0.927803895,0.167209555,462,0,215,2301
0.001986948626,1.000000000,0.085850556,0.927468099,0.167270094,462,0,216,2300
0.001987236253,1.000000000,0.086248013,0.927132304,0.167330677,462,0,217,2299
0.002010923452,1.000000000,0.086645469,0.926796508,0.167391304,462,0,218,2298
0.002024600842,1.000000000,0.087042925,0.926460712,0.167451975,462,0,219,2297
0.002034181223,1.000000000,0.087440382,0.926124916,0.167512690,462,0,220,2296
0.002036294700,1.000000000,0.087837838,0.925789120,0.167573449,462,0,221,2295
0.002039340794,1.000000000,0.088235294,0.925453324,0.167634253,462,0,222,2294
0.002042084718,1.000000000,0.088632750,0.925117529,0.167695100,462,0,223,2293
0.002050068420,1.000000000,0.089030207,0.924781733,0.167755991,462,0,224,2292
0.002059089899,1.000000000,0.089427663,0.924445937,0.167816927,462,0,225,2291
0.002068406674,1.000000000,0.089825119,0.924110141,0.167877907,462,0,226,2290
0.002069662550,1.000000000,0.090222576,0.923774345,0.167938931,462,0,227,2289
0.002070906999,1.000000000,0.090620032,0.923438549,0.168000000,462,0,228,2288
0.002075170648,1.000000000,0.091017488,0.923102754,0.168061113,462,0,229,2287
0.002078383116,1.000000000,0.091414944,0.922766958,0.168122271,462,0,230,2286
0.002080158999,1.000000000,0.091812401,0.922431162,0.168183473,462,0,231,2285
0.002085498567,1.000000000,0.092209857,0.922095366,0.168244720,462,0,232,2284
0.002085853045,1.000000000,0.092607313,0.921759570,0.168306011,462,0,233,2283
0.002086857553,1.000000000,0.093004769,0.921423774,0.168367347,462,0,234,2282
0.002091163760,1.000000000,0.093402226,0.921087979,0.168428728,462,0,235,2281
0.002099582591,1.000000000,0.093799682,0.920752183,0.168490153,462,0,236,2280
0.002104651851,1.000000000,0.094197138,0.920416387,0.168551623,462,0,237,2279
0.002104800334,1.000000000,0.094594595,0.920080591,0.168613139,462,0,238,2278
0.002104868475,1.000000000,0.094992051,0.919744795,0.168674699,462,0,239,2277
0.002106857947,1.000000000,0.095389507,0.919408999,0.168736304,462,0,240,2276
0.002107303941,1.000000000,0.095786963,0.919073203,0.168797954,462,0,241,2275
0.002112895194,1.000000000,0.096184420,0.918737408,0.168859649,462,0,242,2274
0.002122221479,1.000000000,0.096581876,0.918401612,0.168921389,462,0,243,2273
0.002126269234,1.000000000,0.096979332,0.918065816,0.168983175,462,0,244,2272
0.002134934653,1.000000000,0.097376789,0.917730020,0.169045005,462,0,245,2271
0.002139664179,1.000000000,0.097774245,0.917394224,0.169106881,462,0,246,2270
0.002149149787,1.000000000,0.098171701,0.917058428,0.169168803,462,0,247,2269
0.002163963770,1.000000000,0.098569157,0.916722633,0.169230769,462,0,248,2268
0.002176776102,1.000000000,0.098966614,0.916386837,0.169292781,462,0,249,2267
0.002176778387,1.000000000,0.099364070,0.916051041,0.169354839,462,0,250,2266
0.002190609742,1.000000000,0.099761526,0.915715245,0.169416942,462,0,251,2265
0.002191659034,1.000000000,0.100158983,0.915379449,0.169479090,462,0,252,2264
0.002201638191,1.000000000,0.100556439,0.915043653,0.169541284,462,0,253,2263
0.002202998330,1.000000000,0.100953895,0.914707858,0.169603524,462,0,254,2262
0.002211811853,1.000000000,0.101351351,0.914372062,0.169665810,462,0,255,2261
0.002212914523,1.000000000,0.101748808,0.914036266,0.169728141,462,0,256,2260
0.002218092464,1.000000000,0.102146264,0.913700470,0.169790518,462,0,257,2259
0.002232996821,1.000000000,0.102543720,0.913364674,0.169852941,462,0,258,2258
0.002248824482,1.000000000,0.102941176,0.913028878,0.169915410,462,0,259,2257
0.002256393147,1.000000000,0.103338633,0.912693083,0.169977925,462,0,260,2256
0.002257753398,1.000000000,0.103736089,0.912357287,0.170040486,462,0,261,2255
0.002265919715,1.000000000,0.104133545,0.912021491,0.170103093,462,0,262,2254
0.002267420170,1.000000000,0.104531002,0.911685695,0.170165746,462,0,263,2253
0.002272939822,1.000000000,0.104928458,0.911349899,0.170228445,462,0,264,2252
0.002281531129,1.000000000,0.105325914,0.911014103,0.170291191,462,0,265,2251
0.002282699577,1.000000000,0.105723370,0.910678308,0.170353982,462,0,266,2250
0.002283324188,1.000000000,0.106120827,0.910342512,0.170416820,462,0,267,2249
0.002291034581,1.000000000,0.106518283,0.910006716,0.170479705,462,0,268,2248
0.002291936692,1.000000000,0.106915739,0.909670920,0.170542636,462,0,269,2247
0.002295217007,1.000000000,0.107313196,0.909335124,0.170605613,462,0,270,2246
0.002299833883,1.000000000,0.107710652,0.908999328,0.170668637,462,0,271,2245
0.002308365683,1.000000000,0.108108108,0.908663533,0.170731707,462,0,272,2244
0.002321102626,1.000000000,0.108505564,0.908327737,0.170794824,462,0,273,2243
0.002321373645,1.000000000,0.108903021,0.907991941,0.170857988,462,0,274,2242
0.002321750893,1.000000000,0.109300477,0.907656145,0.170921199,462,0,275,2241
0.002321864269,1.000000000,0.109697933,0.907320349,0.170984456,462,0,276,2240
0.002323882869,1.000000000,0.110095390,0.906984553,0.171047760,462,0,277,2239
0.002324500880,1.000000000,0.110492846,0.906648758,0.171111111,462,0,278,2238
0.002329851699,1.000000000,0.110890302,0.906312962,0.171174509,462,0,279,2237
0.002361848450,1.000000000,0.111287758,0.905977166,0.171237954,462,0,280,2236
0.002368211025,1.000000000,0.111685215,0.905641370,0.171301446,462,0,281,2235
0.002369411006,1.000000000,0.112082671,0.905305574,0.171364985,462,0,282,2234
0.002370114880,1.000000000,0.112480127,0.904969778,0.171428571,462,0,283,2233
0.002373305767,1.000000000,0.112877583,0.904633983,0.171492205,462,0,284,2232
0.002374199182,1.000000000,0.113275040,0.904298187,0.171555886,462,0,285,2231
0.002374892754,1.000000000,0.113672496,0.903962391,0.171619614,462,0,286,2230
0.002376154423,1.000000000,0.114069952,0.903626595,0.171683389,462,0,287,2229
0.002376342971,1.000000000,0.114467409,0.903290799,0.171747212,462,0,288,2228
0.002376621321,1.000000000,0.114864865,0.902955003,0.171811082,462,0,289,2227
0.002376833986,1.000000000,0.115262321,0.902619208,0.171875000,462,0,290,2226
0.002376939314,1.000000000,0.115659777,0.902283412,0.171938965,462,0,291,2225
0.002377131671,1.000000000,0.116057234,0.901947616,0.172002978,462,0,292,2224
0.002378889074,1.000000000,0.116454690,0.901611820,0.172067039,462,0,293,2223
0.002392675992,1.000000000,0.116852146,0.901276024,0.172131148,462,0,294,2222
0.002411612684,1.000000000,0.117249603,0.900940228,0.172195304,462,0,295,2221
0.002417411289,1.000000000,0.117647059,0.900604433,0.172259508,462,0,296,2220
0.002433805654,1.000000000,0.118044515,0.900268637,0.172323760,462,0,297,2219
0.002441047166,1.000000000,0.118441971,0.899932841,0.172388060,462,0,298,2218
0.002444933411,1.000000000,0.118839428,0.899597045,0.172452408,462,0,299,2217
0.002447747144,1.000000000,0.119236884,0.899261249,0.172516804,462,0,300,2216
0.002448311690,1.000000000,0.119634340,0.898925453,0.172581248,462,0,301,2215
0.002448917151,1.000000000,0.120031797,0.898589657,0.172645740,462,0,302,2214
0.002460160091,1.000000000,0.120429253,0.898253862,0.172710280,462,0,303,2213
0.002460266588,1.000000000,0.120826709,0.897918066,0.172774869,462,0,304,2212
0.002461784947,1.000000000,0.121224165,0.897582270,0.172839506,462,0,305,2211
0.002472850254,1.000000000,0.121621622,0.897246474,0.172904192,462,0,306,2210
0.002488896384,1.000000000,0.122019078,0.896910678,0.172968925,462,0,307,2209
0.002501157284,1.000000000,0.122416534,0.896574882,0.173033708,462,0,308,2208
0.002508183735,1.000000000,0.122813990,0.896239087,0.173098539,462,0,309,2207
0.002511446384,1.000000000,0.123211447,0.895903291,0.173163418,462,0,310,2206
0.002516266539,1.000000000,0.123608903,0.895567495,0.173228346,462,0,311,2205
0.002520182949,1.000000000,0.124006359,0.895231699,0.173293323,462,0,312,2204
0.002520658625,1.000000000,0.124403816,0.894895903,0.173358349,462,0,313,2203
0.002523755740,1.000000000,0.124801272,0.894560107,0.173423423,462,0,314,2202
0.002528572632,1.000000000,0.125198728,0.894224312,0.173488547,462,0,315,2201
0.002538511215,1.000000000,0.125596184,0.893888516,0.173553719,462,0,316,2200
0.002546300211,1.000000000,0.125993641,0.893552720,0.173618940,462,0,317,2199
0.002546877998,1.000000000,0.126391097,0.893216924,0.173684211,462,0,318,2198
0.002560335668,1.000000000,0.126788553,0.892881128,0.173749530,462,0,319,2197
0.002565410209,1.000000000,0.127186010,0.892545332,0.173814898,462,0,320,2196
0.002567028570,1.000000000,0.127583466,0.892209537,0.173880316,462,0,321,2195
0.002568440616,1.000000000,0.127980922,0.891873741,0.173945783,462,0,322,2194
0.002569201965,1.000000000,0.128378378,0.891537945,0.174011299,462,0,323,2193
0.002571399313,1.000000000,0.128775835,0.891202149,0.174076865,462,0,324,2192
0.002582345079,1.000000000,0.129173291,0.890866353,0.174142480,462,0,325,2191
0.002587709485,1.000000000,0.129570747,0.890530557,0.174208145,462,0,326,2190
0.002595313485,1.000000000,0.129968203,0.890194762,0.174273859,462,0,327,2189
0.002599384937,1.000000000,0.130365660,0.889858966,0.174339623,462,0,328,2188
0.002604707022,1.000000000,0.130763116,0.889523170,0.174405436,462,0,329,2187
0.002617003404,1.000000000,0.131160572,0.889187374,0.174471299,462,0,330,2186
0.002619263768,1.000000000,0.131558029,0.888851578,0.174537212,462,0,331,2185
0.002623338527,1.000000000,0.131955485,0.888515782,0.174603175,462,0,332,2184
0.002626133793,1.000000000,0.132352941,0.888179987,0.174669187,462,0,333,2183
0.002641214937,1.000000000,0.132750397,0.887844191,0.174735250,462,0,334,2182
0.002643827556,1.000000000,0.133147854,0.887508395,0.174801362,462,0,335,2181
0.002649549003,1.000000000,0.133545310,0.887172599,0.174867525,462,0,336,2180
0.002650107026,1.000000000,0.133942766,0.886836803,0.174933737,462,0,337,2179
0.002656399250,1.000000000,0.134340223,0.886501007,0.175000000,462,0,338,2178
0.002660334883,1.000000000,0.134737679,0.886165212,0.175066313,462,0,339,2177
0.002668015052,1.000000000,0.135135135,0.885829416,0.175132676,462,0,340,2176
0.002673007775,1.000000000,0.135532591,0.885493620,0.175199090,462,0,341,2175
0.002675938128,1.000000000,0.135930048,0.885157824,0.175265554,462,0,342,2174
0.002678148129,1.000000000,0.136327504,0.884822028,0.175332068,462,0,343,2173
0.002680961454,1.000000000,0.136724960,0.884486232,0.175398633,462,0,344,2172
0.002688664600,1.000000000,0.137122417,0.884150437,0.175465249,462,0,345,2171
0.002691269402,1.000000000,0.137519873,0.883814641,0.175531915,462,0,346,2170
0.002702559993,1.000000000,0.137917329,0.883478845,0.175598632,462,0,347,2169
0.002709154946,1.000000000,0.138314785,0.883143049,0.175665399,462,0,348,2168
0.002711796449,1.000000000,0.138712242,0.882807253,0.175732218,462,0,349,2167
0.002712999991,1.000000000,0.139109698,0.882471457,0.175799087,462,0,350,2166
0.002714923759,1.000000000,0.139507154,0.882135662,0.175866007,462,0,351,2165
0.002721550284,1.000000000,0.139904610,0.881799866,0.175932978,462,0,352,2164
0.002723806129,1.000000000,0.140302067,0.881464070,0.176000000,462,0,353,2163
0.002725961965,1.000000000,0.140699523,0.881128274,0.176067073,462,0,354,2162
0.002735774473,1.000000000,0.141096979,0.880792478,0.176134197,462,0,355,2161
0.002736380444,1.000000000,0.141494436,0.880456682,0.176201373,462,0,356,2160
0.002748733321,1.000000000,0.141891892,0.880120887,0.176268600,462,0,357,2159
0.002751617287,1.000000000,0.142289348,0.879785091,0.176335878,462,0,358,2158
0.002753601135,1.000000000,0.142686804,0.879449295,0.176403207,462,0,359,2157
0.002753940858,1.000000000,0.143084261,0.879113499,0.176470588,462,0,360,2156
0.002757006628,1.000000000,0.143481717,0.878777703,0.176538021,462,0,361,2155
0.002758289642,1.000000000,0.143879173,0.878441907,0.176605505,462,0,362,2154
0.002760616810,1.000000000,0.144276630,0.878106111,0.176673040,462,0,363,2153
0.002774828683,1.000000000,0.144674086,0.877770316,0.176740627,462,0,364,2152
0.002777183494,1.000000000,0.145071542,0.877434520,0.176808266,462,0,365,2151
0.002784086325,1.000000000,0.145468998,0.877098724,0.176875957,462,0,366,2150
0.002811572499,1.000000000,0.145866455,0.876762928,0.176943700,462,0,367,2149
0.002822518757,1.000000000,0.146263911,0.876427132,0.177011494,462,0,368,2148
0.002826798169,1.000000000,0.146661367,0.876091336,0.177079341,462,0,369,2147
0.002827081332,1.000000000,0.147058824,0.875755541,0.177147239,462,0,370,2146
0.002835445639,1.000000000,0.147456280,0.875419745,0.177215190,462,0,371,2145
0.002847755107,1.000000000,0.147853736,0.875083949,0.177283193,462,0,372,2144
0.002850292238,1.000000000,0.148251192,0.874748153,0.177351248,462,0,373,2143
0.002851658142,1.000000000,0.148648649,0.874412357,0.177419355,462,0,374,2142
0.002855392387,1.000000000,0.149046105,0.874076561,0.177487514,462,0,375,2141
0.002858249143,1.000000000,0.149443561,0.873740766,0.177555726,462,0,376,2140
0.002859753226,1.000000000,0.149841017,0.873404970,0.177623991,462,0,377,2139
0.002868334177,1.000000000,0.150238474,0.873069174,0.177692308,462,0,378,2138
0.002873637625,1.000000000,0.150635930,0.872733378,0.177760677,462,0,379,2137
0.002880679321,1.000000000,0.151033386,0.872397582,0.177829099,462,0,380,2136
0.002885990364,1.000000000,0.151430843,0.872061786,0.177897574,462,0,381,2135
0.002887035324,1.000000000,0.151828299,0.871725991,0.177966102,462,0,382,2134
0.002889891891,1.000000000,0.152225755,0.871390195,0.178034682,462,0,383,2133
0.002890329189,1.000000000,0.152623211,0.871054399,0.178103315,462,0,384,2132
0.002891329652,1.000000000,0.153020668,0.870718603,0.178172002,462,0,385,2131
0.002891606042,1.000000000,0.153418124,0.870382807,0.178240741,462,0,386,2130
0.002892334221,1.000000000,0.153815580,0.870047011,0.178309533,462,0,387,2129
0.002898831346,1.000000000,0.154213037,0.869711216,0.178378378,462,0,388,2128
0.002904605360,1.000000000,0.154610493,0.869375420,0.178447277,462,0,389,2127
0.002909530159,1.000000000,0.155007949,0.869039624,0.178516229,462,0,390,2126
0.002910284816,1.000000000,0.155405405,0.868703828,0.178585234,462,0,391,2125
0.002921507437,1.000000000,0.155802862,0.868368032,0.178654292,462,0,392,2124
0.002930016098,1.000000000,0.156200318,0.868032236,0.178723404,462,0,393,2123
0.002934538867,1.000000000,0.156597774,0.867696441,0.178792570,462,0,394,2122
0.002935093489,1.000000000,0.156995231,0.867360645,0.178861789,462,0,395,2121
0.002939201849,1.000000000,0.157392687,0.867024849,0.178931061,462,0,396,2120
0.002943615219,1.000000000,0.157790143,0.866689053,0.179000387,462,0,397,2119
0.002955460754,1.000000000,0.158187599,0.866353257,0.179069767,462,0,398,2118
0.002960693892,1.000000000,0.158585056,0.866017461,0.179139201,462,0,399,2117
0.002964459816,1.000000000,0.158982512,0.865681666,0.179208689,462,0,400,2116
0.002972462358,1.000000000,0.159379968,0.865345870,0.179278231,462,0,401,2115
0.002974332455,1.000000000,0.159777424,0.865010074,0.179347826,462,0,402,2114
0.002974704232,1.000000000,0.160174881,0.864674278,0.179417476,462,0,403,2113
0.002983825467,1.000000000,0.160572337,0.864338482,0.179487179,462,0,404,2112
0.002991647750,1.000000000,0.160969793,0.864002686,0.179556937,462,0,405,2111
0.002999439116,1.000000000,0.161367250,0.863666891,0.179626750,462,0,406,2110
0.002999944165,1.000000000,0.161764706,0.863331095,0.179696616,462,0,407,2109
0.003011587041,1.000000000,0.162162162,0.862995299,0.179766537,462,0,408,2108
0.003021561423,1.000000000,0.162559618,0.862659503,0.179836512,462,0,409,2107
0.003033359148,1.000000000,0.162957075,0.862323707,0.179906542,462,0,410,2106
0.003033681360,1.000000000,0.163354531,0.861987911,0.179976626,462,0,411,2105
0.003040038309,1.000000000,0.163751987,0.861652116,0.180046765,462,0,412,2104
0.003044846364,1.000000000,0.164149444,0.861316320,0.180116959,462,0,413,2103
0.003050578137,1.000000000,0.164546900,0.860980524,0.180187207,462,0,414,2102
0.003057932019,1.000000000,0.164944356,0.860644728,0.180257511,462,0,415,2101
0.003064312984,1.000000000,0.165341812,0.860308932,0.180327869,462,0,416,2100
0.003075097156,1.000000000,0.165739269,0.859973136,0.180398282,462,0,417,2099
0.003079289844,1.000000000,0.166136725,0.859637340,0.180468750,462,0,418,2098
0.003086282844,1.000000000,0.166534181,0.859301545,0.180539273,462,0,419,2097
0.003089044920,1.000000000,0.166931638,0.858965749,0.180609851,462,0,420,2096
0.003093361494,1.000000000,0.167329094,0.858629953,0.180680485,462,0,421,2095
0.003100066477,1.000000000,0.167726550,0.858294157,0.180751174,462,0,422,2094
0.003100187026,1.000000000,0.168124006,0.857958361,0.180821918,462,0,423,2093
0.003102109670,1.000000000,0.168521463,0.857622565,0.180892717,462,0,424,2092
0.003102972499,1.000000000,0.168918919,0.857286770,0.180963572,462,0,425,2091
0.003105438367,1.000000000,0.169316375,0.856950974,0.181034483,462,0,426,2090
0.003108260389,1.000000000,0.169713831,0.856615178,0.181105449,462,0,427,2089
0.003121513864,1.000000000,0.170111288,0.856279382,0.181176471,462,0,428,2088
0.003122600529,1.000000000,0.170508744,0.855943586,0.181247548,462,0,429,2087
0.003132788946,1.000000000,0.170906200,0.855607790,0.181318681,462,0,430,2086
0.003138994443,1.000000000,0.171303657,0.855271995,0.181389870,462,0,431,2085
0.003145739971,1.000000000,0.171701113,0.854936199,0.181461115,462,0,432,2084
0.003153903880,1.000000000,0.172098569,0.854600403,0.181532417,462,0,433,2083
0.003154739516,1.000000000,0.172496025,0.854264607,0.181603774,462,0,434,2082
0.003157590237,1.000000000,0.172893482,0.853928811,0.181675187,462,0,435,2081
0.003161662187,1.000000000,0.173290938,0.853593015,0.181746656,462,0,436,2080
0.003179590430,1.000000000,0.173688394,0.853257220,0.181818182,462,0,437,2079
0.003180386113,1.000000000,0.174085851,0.852921424,0.181889764,462,0,438,2078
0.003182666747,1.000000000,0.174483307,0.852585628,0.181961402,462,0,439,2077
0.003186805002,1.000000000,0.174880763,0.852249832,0.182033097,462,0,440,2076
0.003202168444,1.000000000,0.175278219,0.851914036,0.182104848,462,0,441,2075
0.003219778318,1.000000000,0.175675676,0.851578240,0.182176656,462,0,442,2074
0.003229956500,1.000000000,0.176073132,0.851242445,0.182248521,462,0,443,2073
0.003239797705,1.000000000,0.176470588,0.850906649,0.182320442,462,0,444,2072
0.003245747532,1.000000000,0.176868045,0.850570853,0.182392420,462,0,445,2071
0.003248003494,1.000000000,0.177265501,0.850235057,0.182464455,462,0,446,2070
0.003266355871,1.000000000,0.177662957,0.849899261,0.182536547,462,0,447,2069
0.003268995283,1.000000000,0.178060413,0.849563465,0.182608696,462,0,448,2068
0.003288485717,1.000000000,0.178457870,0.849227670,0.182680902,462,0,449,2067
0.003291545322,1.000000000,0.178855326,0.848891874,0.182753165,462,0,450,2066
0.003301358800,1.000000000,0.179252782,0.848556078,0.182825485,462,0,451,2065
0.003304812145,1.000000000,0.179650238,0.848220282,0.182897862,462,0,452,2064
0.003314575088,1.000000000,0.180047695,0.847884486,0.182970297,462,0,453,2063
0.003314835064,1.000000000,0.180445151,0.847548690,0.183042789,462,0,454,2062
0.003326898727,1.000000000,0.180842607,0.847212895,0.183115339,462,0,455,2061
0.003326924244,1.000000000,0.181240064,0.846877099,0.183187946,462,0,456,2060
0.003332504910,1.000000000,0.181637520,0.846541303,0.183260611,462,0,457,2059
0.003332940385,1.000000000,0.182034976,0.846205507,0.183333333,462,0,458,2058
0.003334611896,1.000000000,0.182432432,0.845869711,0.183406114,462,0,459,2057
0.003334756828,1.000000000,0.182829889,0.845533915,0.183478952,462,0,460,2056
0.003335821307,1.000000000,0.183227345,0.845198120,0.183551847,462,0,461,2055
0.003338376129,1.000000000,0.183624801,0.844862324,0.183624801,462,0,462,2054
0.003340875022,1.000000000,0.184022258,0.844526528,0.183697813,462,0,463,2053
0.003348296029,1.000000000,0.184419714,0.844190732,0.183770883,462,0,464,2052
0.003368334601,1.000000000,0.184817170,0.843854936,0.183844011,462,0,465,2051
0.003368545139,1.000000000,0.185214626,0.843519140,0.183917197,462,0,466,2050
0.003377590929,1.000000000,0.185612083,0.843183345,0.183990442,462,0,467,2049
0.003379570485,1.000000000,0.186009539,0.842847549,0.184063745,462,0,468,2048
0.003402589480,1.000000000,0.186406995,0.842511753,0.184137106,462,0,469,2047
0.003407794075,1.000000000,0.186804452,0.842175957,0.184210526,462,0,470,2046
0.003428994578,1.000000000,0.187201908,0.841840161,0.184284005,462,0,471,2045
0.003435531935,1.000000000,0.187599364,0.841504365,0.184357542,462,0,472,2044
0.003435614156,1.000000000,0.187996820,0.841168570,0.184431138,462,0,473,2043
0.003436186384,1.000000000,0.188394277,0.840832774,0.184504792,462,0,474,2042
0.003443402346,1.000000000,0.188791733,0.840496978,0.184578506,462,0,475,2041
0.003444749378,1.000000000,0.189189189,0.840161182,0.184652278,462,0,476,2040
0.003445467793,1.000000000,0.189586645,0.839825386,0.184726110,462,0,477,2039
0.003448972298,1.000000000,0.189984102,0.839489590,0.184800000,462,0,478,2038
0.003449292554,1.000000000,0.190381558,0.839153794,0.184873950,462,0,479,2037
0.003452821360,1.000000000,0.190779014,0.838817999,0.184947958,462,0,480,2036
0.003453633248,1.000000000,0.191176471,0.838482203,0.185022026,462,0,481,2035
0.003455236927,1.000000000,0.191573927,0.838146407,0.185096154,462,0,482,2034
0.003480766751,1.000000000,0.191971383,0.837810611,0.185170341,462,0,483,2033
0.003482326720,1.000000000,0.192368839,0.837474815,0.185244587,462,0,484,2032
0.003491261153,1.000000000,0.192766296,0.837139019,0.185318893,462,0,485,2031
0.003491541308,1.000000000,0.193163752,0.836803224,0.185393258,462,0,486,2030
0.003492993631,1.000000000,0.193561208,0.836467428,0.185467684,462,0,487,2029
0.003499037893,1.000000000,0.193958665,0.836131632,0.185542169,462,0,488,2028
0.003509617475,1.000000000,0.194356121,0.835795836,0.185616714,462,0,489,2027
0.003516803509,1.000000000,0.194753577,0.835460040,0.185691318,462,0,490,2026
0.003533511769,1.000000000,0.195151033,0.835124244,0.185765983,462,0,491,2025
0.003533728616,1.000000000,0.195548490,0.834788449,0.185840708,462,0,492,2024
0.003541796762,1.000000000,0.195945946,0.834452653,0.185915493,462,0,493,2023
0.003552277170,1.000000000,0.196343402,0.834116857,0.185990338,462,0,494,2022
0.003568479345,1.000000000,0.196740859,0.833781061,0.186065244,462,0,495,2021
0.003571726589,1.000000000,0.197138315,0.833445265,0.186140210,462,0,496,2020
0.003576837726,1.000000000,0.197535771,0.833109469,0.186215236,462,0,497,2019
0.003582798104,1.000000000,0.197933227,0.832773674,0.186290323,462,0,498,2018
0.003584206282,1.000000000,0.198330684,0.832437878,0.186365470,462,0,499,2017
0.003585458351,1.000000000,0.198728140,0.832102082,0.186440678,462,0,500,2016
0.003592648451,1.000000000,0.199125596,0.831766286,0.186515947,462,0,501,2015
0.003617358046,1.000000000,0.199523052,0.831430490,0.186591276,462,0,502,2014
0.003622381033,1.000000000,0.199920509,0.831094694,0.186666667,462,0,503,2013
0.003627226392,1.000000000,0.200317965,0.830758899,0.186742118,462,0,504,2012
0.003632819538,1.000000000,0.200715421,0.830423103,0.186817630,462,0,505,2011
0.003638568258,1.000000000,0.201112878,0.830087307,0.186893204,462,0,506,2010
0.003664380886,1.000000000,0.201510334,0.829751511,0.186968839,462,0,507,2009
0.003694005250,1.000000000,0.201907790,0.829415715,0.187044534,462,0,508,2008
0.003705749589,1.000000000,0.202305246,0.829079919,0.187120292,462,0,509,2007
0.003711315688,1.000000000,0.202702703,0.828744124,0.187196110,462,0,510,2006
0.003713399887,1.000000000,0.203100159,0.828408328,0.187271990,462,0,511,2005
0.003714753470,1.000000000,0.203497615,0.828072532,0.187347932,462,0,512,2004
0.003717700492,1.000000000,0.203895072,0.827736736,0.187423935,462,0,513,2003
0.003720702947,1.000000000,0.204292528,0.827400940,0.187500000,462,0,514,2002
0.003726069998,1.000000000,0.204689984,0.827065144,0.187576127,462,0,515,2001
0.003743076713,1.000000000,0.205087440,0.826729349,0.187652315,462,0,516,2000
0.003771882722,1.000000000,0.205484897,0.826393553,0.187728566,462,0,517,1999
0.003786476945,1.000000000,0.205882353,0.826057757,0.187804878,462,0,518,1998
0.003803499923,1.000000000,0.206279809,0.825721961,0.187881253,462,0,519,1997
0.003804047454,1.000000000,0.206677266,0.825386165,0.187957689,462,0,520,1996
0.003809667954,1.000000000,0.207074722,0.825050369,0.188034188,462,0,521,1995
0.003815123190,1.000000000,0.207472178,0.824714574,0.188110749,462,0,522,1994
0.003822534332,1.000000000,0.207869634,0.824378778,0.188187373,462,0,523,1993
0.003845917039,1.000000000,0.208267091,0.824042982,0.188264059,462,0,524,1992
0.003852045938,1.000000000,0.208664547,0.823707186,0.188340807,462,0,525,1991
0.003859640153,1.000000000,0.209062003,0.823371390,0.188417618,462,0,526,1990
0.003859918599,1.000000000,0.209459459,0.823035594,0.188494492,462,0,527,1989
0.003862567770,1.000000000,0.209856916,0.822699799,0.188571429,462,0,528,1988
0.003866254385,1.000000000,0.210254372,0.822364003,0.188648428,462,0,529,1987
0.003884054717,1.000000000,0.210651828,0.822028207,0.188725490,462,0,530,1986
0.003892850313,1.000000000,0.211049285,0.821692411,0.188802615,462,0,531,1985
0.003898406725,1.000000000,0.211446741,0.821356615,0.188879804,462,0,532,1984
0.003918865371,1.000000000,0.211844197,0.821020819,0.188957055,462,0,533,1983
0.003920652666,1.000000000,0.212241653,0.820685024,0.189034370,462,0,534,1982
0.003924464855,1.000000000,0.212639110,0.820349228,0.189111748,462,0,535,1981
0.003938709370,1.000000000,0.213036566,0.820013432,0.189189189,462,0,536,1980
0.003947596977,1.000000000,0.213434022,0.819677636,0.189266694,462,0,537,1979
0.003948743899,1.000000000,0.213831479,0.819341840,0.189344262,462,0,538,1978
0.003971050392,1.000000000,0.214228935,0.819006044,0.189421894,462,0,539,1977
0.003975930594,1.000000000,0.214626391,0.818670248,0.189499590,462,0,540,1976
0.003984407952,1.000000000,0.215023847,0.818334453,0.189577349,462,0,541,1975
0.003987550692,1.000000000,0.215421304,0.817998657,0.189655172,462,0,542,1974
0.004001527292,1.000000000,0.215818760,0.817662861,0.189733060,462,0,543,1973
0.004005748173,1.000000000,0.216216216,0.817327065,0.189811011,462,0,544,1972
0.004006206659,1.000000000,0.216613672,0.816991269,0.189889026,462,0,545,1971
0.004015596552,1.000000000,0.217011129,0.816655473,0.189967105,462,0,546,1970
0.004023005621,1.000000000,0.217408585,0.816319678,0.190045249,462,0,547,1969
0.004023947366,1.000000000,0.217806041,0.815983882,0.190123457,462,0,548,1968
0.004043548615,1.000000000,0.218203498,0.815648086,0.190201729,462,0,549,1967
0.004045859602,1.000000000,0.218600954,0.815312290,0.190280066,462,0,550,1966
0.004050599626,1.000000000,0.218998410,0.814976494,0.190358467,462,0,551,1965
0.004052364858,1.000000000,0.219395866,0.814640698,0.190436933,462,0,552,1964
0.004053431700,1.000000000,0.219793323,0.814304903,0.190515464,462,0,553,1963
0.004055263120,1.000000000,0.220190779,0.813969107,0.190594059,462,0,554,1962
0.004059736283,1.000000000,0.220588235,0.813633311,0.190672720,462,0,555,1961
0.004060389634,1.000000000,0.220985692,0.813297515,0.190751445,462,0,556,1960
0.004065224262,1.000000000,0.221383148,0.812961719,0.190830235,462,0,557,1959
0.004086020680,1.000000000,0.221780604,0.812625923,0.190909091,462,0,558,1958
0.004091580432,1.000000000,0.222178060,0.812290128,0.190988012,462,0,559,1957
0.004094279892,1.000000000,0.222575517,0.811954332,0.191066998,462,0,560,1956
0.004099742271,1.000000000,0.222972973,0.811618536,0.191146049,462,0,561,1955
0.004102305492,1.000000000,0.223370429,0.811282740,0.191225166,462,0,562,1954
0.004105153502,1.000000000,0.223767886,0.810946944,0.191304348,462,0,563,1953
0.004112711542,1.000000000,0.224165342,0.810611148,0.191383596,462,0,564,1952
0.004125075330,1.000000000,0.224562798,0.810275353,0.191462909,462,0,565,1951
0.004126045180,1.000000000,0.224960254,0.809939557,0.191542289,462,0,566,1950
0.004144960218,1.000000000,0.225357711,0.809603761,0.191621734,462,0,567,1949
0.004158752208,1.000000000,0.225755167,0.809267965,0.191701245,462,0,568,1948
0.004167927835,1.000000000,0.226152623,0.808932169,0.191780822,462,0,569,1947
0.004187557578,1.000000000,0.226550079,0.808596373,0.191860465,462,0,570,1946
0.004203265491,1.000000000,0.226947536,0.808260578,0.191940174,462,0,571,1945
0.004210245789,1.000000000,0.227344992,0.807924782,0.192019950,462,0,572,1944
0.004210454722,1.000000000,0.227742448,0.807588986,0.192099792,462,0,573,1943
0.004227870625,1.000000000,0.228139905,0.807253190,0.192179700,462,0,574,1942
0.004234302826,1.000000000,0.228537361,0.806917394,0.192259675,462,0,575,1941
0.004238689222,1.000000000,0.228934817,0.806581598,0.192339717,462,0,576,1940
0.004251752666,1.000000000,0.229332273,0.806245803,0.192419825,462,0,577,1939
0.004255716273,1.000000000,0.229729730,0.805910007,0.192500000,462,0,578,1938
0.004264309229,1.000000000,0.230127186,0.805574211,0.192580242,462,0,579,1937
0.004271882749,1.000000000,0.230524642,0.805238415,0.192660550,462,0,580,1936
0.004275388196,1.000000000,0.230922099,0.804902619,0.192740926,462,0,581,1935
0.004277467510,1.000000000,0.231319555,0.804566823,0.192821369,462,0,582,1934
0.004287579370,1.000000000,0.231717011,0.804231028,0.192901879,462,0,583,1933
0.004292277215,1.000000000,0.232114467,0.803895232,0.192982456,462,0,584,1932
0.004296776127,1.000000000,0.232511924,0.803559436,0.193063101,462,0,585,1931
0.004308141380,1.000000000,0.232909380,0.803223640,0.193143813,462,0,586,1930
0.004335207588,1.000000000,0.233306836,0.802887844,0.193224592,462,0,587,1929
0.004336112241,1.000000000,0.233704293,0.802552048,0.193305439,462,0,588,1928
0.004353380512,1.000000000,0.234101749,0.802216253,0.193386354,462,0,589,1927
0.004357087283,1.000000000,0.234499205,0.801880457,0.193467337,462,0,590,1926
0.004368363973,1.000000000,0.234896661,0.801544661,0.193548387,462,0,591,1925
0.004379793286,1.000000000,0.235294118,0.801208865,0.193629505,462,0,592,1924
0.004388987908,1.000000000,0.235691574,0.800873069,0.193710692,462,0,593,1923
0.004415253347,1.000000000,0.236089030,0.800537273,0.193791946,462,0,594,1922
0.004436274977,1.000000000,0.236486486,0.800201478,0.193873269,462,0,595,1921
0.004438068590,1.000000000,0.236883943,0.799865682,0.193954660,462,0,596,1920
0.004438426041,1.000000000,0.237281399,0.799529886,0.194036119,462,0,597,1919
0.004442492318,1.000000000,0.237678855,0.799194090,0.194117647,462,0,598,1918
0.004448278674,1.000000000,0.238076312,0.798858294,0.194199243,462,0,599,1917
0.004452594080,1.000000000,0.238473768,0.798522498,0.194280908,462,0,600,1916
0.004473025044,1.000000000,0.238871224,0.798186702,0.194362642,462,0,601,1915
0.004475957024,1.000000000,0.239268680,0.797850907,0.194444444,462,0,602,1914
0.004479715703,1.000000000,0.239666137,0.797515111,0.194526316,462,0,603,1913
0.004484682704,1.000000000,0.240063593,0.797179315,0.194608256,462,0,604,1912
0.004497900272,1.000000000,0.240461049,0.796843519,0.194690265,462,0,605,1911
0.004498496448,1.000000000,0.240858506,0.796507723,0.194772344,462,0,606,1910
0.004528547305,1.000000000,0.241255962,0.796171927,0.194854492,462,0,607,1909
0.004536164515,1.000000000,0.241653418,0.795836132,0.194936709,462,0,608,1908
0.004555235517,1.000000000,0.242050874,0.795500336,0.195018995,462,0,609,1907
0.004565322841,1.000000000,0.242448331,0.795164540,0.195101351,462,0,610,1906
0.004581103550,1.000000000,0.242845787,0.794828744,0.195183777,462,0,611,1905
0.004589751565,1.000000000,0.243243243,0.794492948,0.195266272,462,0,612,1904
0.004592945478,1.000000000,0.243640700,0.794157152,0.195348837,462,0,613,1903
0.004615769386,1.000000000,0.244038156,0.793821357,0.195431472,462,0,614,1902
0.004629261356,1.000000000,0.244435612,0.793485561,0.195514177,462,0,615,1901
0.004632945805,1.000000000,0.244833068,0.793149765,0.195596952,462,0,616,1900
0.004637953019,1.000000000,0.245230525,0.792813969,0.195679797,462,0,617,1899
0.004667750543,1.000000000,0.245627981,0.792478173,0.195762712,462,0,618,1898
0.004672535066,1.000000000,0.246025437,0.792142377,0.195845697,462,0,619,1897
0.004695720202,1.000000000,0.246422893,0.791806582,0.195928753,462,0,620,1896
0.004695857004,1.000000000,0.246820350,0.791470786,0.196011880,462,0,621,1895
0.004697693913,1.000000000,0.247217806,0.791134990,0.196095076,462,0,622,1894
0.004711515027,1.000000000,0.247615262,0.790799194,0.196178344,462,0,623,1893
0.004722128827,1.000000000,0.248012719,0.790463398,0.196261682,462,0,624,1892
0.004728255912,1.000000000,0.248410175,0.790127602,0.196345091,462,0,625,1891
0.004732357250,1.000000000,0.248807631,0.789791807,0.196428571,462,0,626,1890
0.004738340082,1.000000000,0.249205087,0.789456011,0.196512123,462,0,627,1889
0.004752180606,1.000000000,0.249602544,0.789120215,0.196595745,462,0,628,1888
0.004761895293,1.000000000,0.250000000,0.788784419,0.196679438,462,0,629,1887
0.004765829197,1.000000000,0.250397456,0.788448623,0.196763203,462,0,630,1886
0.004791167291,1.000000000,0.250794913,0.788112827,0.196847039,462,0,631,1885
0.004797282492,1.000000000,0.251192369,0.787777032,0.196930946,462,0,632,1884
0.004812006013,1.000000000,0.251589825,0.787441236,0.197014925,462,0,633,1883
0.004813771525,1.000000000,0.251987281,0.787105440,0.197098976,462,0,634,1882
0.004869210952,1.000000000,0.252384738,0.786769644,0.197183099,462,0,635,1881
0.004875530021,1.000000000,0.252782194,0.786433848,0.197267293,462,0,636,1880
0.004886128541,1.000000000,0.253179650,0.786098052,0.197351559,462,0,637,1879
0.004889340213,1.000000000,0.253577107,0.785762257,0.197435897,462,0,638,1878
0.004904422600,1.000000000,0.253974563,0.785426461,0.197520308,462,0,639,1877
0.004908908856,1.000000000,0.254372019,0.785090665,0.197604790,462,0,640,1876
0.004918824058,1.000000000,0.254769475,0.784754869,0.197689345,462,0,641,1875
0.004921758132,1.000000000,0.255166932,0.784419073,0.197773973,462,0,642,1874
0.004927356555,1.000000000,0.255564388,0.784083277,0.197858672,462,0,643,1873
0.004948979582,1.000000000,0.255961844,0.783747482,0.197943445,462,0,644,1872
0.004952187049,1.000000000,0.256359300,0.783411686,0.198028290,462,0,645,1871
0.004963126549,1.000000000,0.256756757,0.783075890,0.198113208,462,0,646,1870
0.004973499532,1.000000000,0.257154213,0.782740094,0.198198198,462,0,647,1869
0.004980426459,1.000000000,0.257551669,0.782404298,0.198283262,462,0,648,1868
0.004999816933,1.000000000,0.257949126,0.782068502,0.198368398,462,0,649,1867
0.005004118143,1.000000000,0.258346582,0.781732707,0.198453608,462,0,650,1866
0.005007620809,1.000000000,0.258744038,0.781396911,0.198538891,462,0,651,1865
0.005011146813,1.000000000,0.259141494,0.781061115,0.198624248,462,0,652,1864
0.005018256203,1.000000000,0.259538951,0.780725319,0.198709677,462,0,653,1863
0.005020436295,1.000000000,0.259936407,0.780389523,0.198795181,462,0,654,1862
0.005028690961,1.000000000,0.260333863,0.780053727,0.198880758,462,0,655,1861
0.005041362206,1.000000000,0.260731320,0.779717931,0.198966408,462,0,656,1860
0.005074609437,1.000000000,0.261128776,0.779382136,0.199052133,462,0,657,1859
0.005082497177,1.000000000,0.261526232,0.779046340,0.199137931,462,0,658,1858
0.005083035505,1.000000000,0.261923688,0.778710544,0.199223803,462,0,659,1857
0.005122744447,1.000000000,0.262321145,0.778374748,0.199309750,462,0,660,1856
0.005141454345,1.000000000,0.262718601,0.778038952,0.199395770,462,0,661,1855
0.005142217150,1.000000000,0.263116057,0.777703156,0.199481865,462,0,662,1854
0.005150527508,1.000000000,0.263513514,0.777367361,0.199568035,462,0,663,1853
0.005151611237,1.000000000,0.263910970,0.777031565,0.199654278,462,0,664,1852
0.005181646448,1.000000000,0.264308426,0.776695769,0.199740597,462,0,665,1851
0.005223808821,1.000000000,0.264705882,0.776359973,0.199826990,462,0,666,1850
0.005232092155,1.000000000,0.265103339,0.776024177,0.199913457,462,0,667,1849
0.005233316582,1.000000000,0.265500795,0.775688381,0.200000000,462,0,668,1848
0.005270448543,1.000000000,0.265898251,0.775352586,0.200086618,462,0,669,1847
0.005272583078,1.000000000,0.266295707,0.775016790,0.200173310,462,0,670,1846
0.005281425493,1.000000000,0.266693164,0.774680994,0.200260078,462,0,671,1845
0.005284517762,1.000000000,0.267090620,0.774345198,0.200346921,462,0,672,1844
0.005308556777,1.000000000,0.267488076,0.774009402,0.200433839,462,0,673,1843
0.005336141857,1.000000000,0.267885533,0.773673606,0.200520833,462,0,674,1842
0.005339772075,1.000000000,0.268282989,0.773337811,0.200607903,462,0,675,1841
0.005345384653,1.000000000,0.268680445,0.773002015,0.200695048,462,0,676,1840
0.005349595641,1.000000000,0.269077901,0.772666219,0.200782269,462,0,677,1839
0.005355847408,1.000000000,0.269475358,0.772330423,0.200869565,462,0,678,1838
0.005360114976,1.000000000,0.269872814,0.771994627,0.200956938,462,0,679,1837
0.005375092172,1.000000000,0.270270270,0.771658831,0.201044386,462,0,680,1836
0.005386150663,1.000000000,0.270667727,0.771323036,0.201131911,462,0,681,1835
0.005407083768,1.000000000,0.271065183,0.770987240,0.201219512,462,0,682,1834
0.005456892519,1.000000000,0.271462639,0.770651444,0.201307190,462,0,683,1833
0.005461860105,1.000000000,0.271860095,0.770315648,0.201394943,462,0,684,1832
0.005469343610,1.000000000,0.272257552,0.769979852,0.201482774,462,0,685,1831
0.005482587654,1.000000000,0.272655008,0.769644056,0.201570681,462,0,686,1830
0.005500576355,1.000000000,0.273052464,0.769308261,0.201658664,462,0,687,1829
0.005508795771,1.000000000,0.273449921,0.768972465,0.201746725,462,0,688,1828
0.005530135116,1.000000000,0.273847377,0.768636669,0.201834862,462,0,689,1827
0.005532481330,1.000000000,0.274244833,0.768300873,0.201923077,462,0,690,1826
0.005535833066,1.000000000,0.274642289,0.767965077,0.202011369,462,0,691,1825
0.005550980242,1.000000000,0.275039746,0.767629281,0.202099738,462,0,692,1824
0.005562579627,1.000000000,0.275437202,0.767293486,0.202188184,462,0,693,1823
0.005579513729,1.000000000,0.275834658,0.766957690,0.202276708,462,0,694,1822
0.005610966472,1.000000000,0.276232114,0.766621894,0.202365309,462,0,695,1821
0.005617250522,1.000000000,0.276629571,0.766286098,0.202453988,462,0,696,1820
0.005623121943,1.000000000,0.277027027,0.765950302,0.202542744,462,0,697,1819
0.005639819140,1.000000000,0.277424483,0.765614506,0.202631579,462,0,698,1818
0.005643719712,1.000000000,0.277821940,0.765278711,0.202720491,462,0,699,1817
0.005646104328,1.000000000,0.278219396,0.764942915,0.202809482,462,0,700,1816
0.005649282736,1.000000000,0.278616852,0.764607119,0.202898551,462,0,701,1815
0.005654394964,1.000000000,0.279014308,0.764271323,0.202987698,462,0,702,1814
0.005670641595,1.000000000,0.279411765,0.763935527,0.203076923,462,0,703,1813
0.005673042533,1.000000000,0.279809221,0.763599731,0.203166227,462,0,704,1812
0.005729970211,1.000000000,0.280206677,0.763263936,0.203255609,462,0,705,1811
0.005746680199,1.000000000,0.280604134,0.762928140,0.203345070,462,0,706,1810
0.005761451896,1.000000000,0.281001590,0.762592344,0.203434610,462,0,707,1809
0.005764407580,1.000000000,0.281399046,0.762256548,0.203524229,462,0,708,1808
0.005781568584,1.000000000,0.281796502,0.761920752,0.203613927,462,0,709,1807
0.005797692809,1.000000000,0.282193959,0.761584956,0.203703704,462,0,710,1806
0.005801312666,1.000000000,0.282591415,0.761249161,0.203793560,462,0,711,1805
0.005805581033,1.000000000,0.282988871,0.760913365,0.203883495,462,0,712,1804
0.005812161850,1.000000000,0.283386328,0.760577569,0.203973510,462,0,713,1803
0.005833272826,1.000000000,0.283783784,0.760241773,0.204063604,462,0,714,1802
0.005841338349,1.000000000,0.284181240,0.759905977,0.204153778,462,0,715,1801
0.005847076085,1.000000000,0.284578696,0.759570181,0.204244032,462,0,716,1800
0.005850517418,1.000000000,0.284976153,0.759234385,0.204334365,462,0,717,1799
0.005850536595,1.000000000,0.285373609,0.758898590,0.204424779,462,0,718,1798
0.005860486701,1.000000000,0.285771065,0.758562794,0.204515272,462,0,719,1797
0.005886911859,1.000000000,0.286168521,0.758226998,0.204605846,462,0,720,1796
0.005888122614,1.000000000,0.286565978,0.757891202,0.204696500,462,0,721,1795
0.005917674940,1.000000000,0.286963434,0.757555406,0.204787234,462,0,722,1794
0.005939135366,1.000000000,0.287360890,0.757219610,0.204878049,462,0,723,1793
0.005948603195,1.000000000,0.287758347,0.756883815,0.204968944,462,0,724,1792
0.005963001157,1.000000000,0.288155803,0.756548019,0.205059920,462,0,725,1791
0.006021516126,1.000000000,0.288553259,0.756212223,0.205150977,462,0,726,1790
0.006051348723,1.000000000,0.288950715,0.755876427,0.205242115,462,0,727,1789
0.006066103393,1.000000000,0.289348172,0.755540631,0.205333333,462,0,728,1788
0.006069488633,1.000000000,0.289745628,0.755204835,0.205424633,462,0,729,1787
0.006120132230,1.000000000,0.290143084,0.754869040,0.205516014,462,0,730,1786
0.006138247182,1.000000000,0.290540541,0.754533244,0.205607477,462,0,731,1785
0.006153664941,1.000000000,0.290937997,0.754197448,0.205699020,462,0,732,1784
0.006163674482,1.000000000,0.291335453,0.753861652,0.205790646,462,0,733,1783
0.006165577431,1.000000000,0.291732909,0.753525856,0.205882353,462,0,734,1782
0.006174498542,1.000000000,0.292130366,0.753190060,0.205974142,462,0,735,1781
0.006234402865,1.000000000,0.292527822,0.752854265,0.206066012,462,0,736,1780
0.006236054202,1.000000000,0.292925278,0.752518469,0.206157965,462,0,737,1779
0.006265426744,1.000000000,0.293322734,0.752182673,0.206250000,462,0,738,1778
0.006277122435,1.000000000,0.293720191,0.751846877,0.206342117,462,0,739,1777
0.006282198985,1.000000000,0.294117647,0.751511081,0.206434316,462,0,740,1776
0.006292015054,1.000000000,0.294515103,0.751175285,0.206526598,462,0,741,1775
0.006306089562,1.000000000,0.294912560,0.750839490,0.206618962,462,0,742,1774
0.006315341119,1.000000000,0.295310016,0.750503694,0.206711409,462,0,743,1773
0.006353758063,1.000000000,0.295707472,0.750167898,0.206803939,462,0,744,1772
0.006377863073,1.000000000,0.296104928,0.749832102,0.206896552,462,0,745,1771
0.006382107325,1.000000000,0.296502385,0.749496306,0.206989247,462,0,746,1770
0.006397982752,1.000000000,0.296899841,0.749160510,0.207082026,462,0,747,1769
0.006417543335,1.000000000,0.297297297,0.748824715,0.207174888,462,0,748,1768
0.006442641206,1.000000000,0.297694754,0.748488919,0.207267833,462,0,749,1767
0.006450648438,1.000000000,0.298092210,0.748153123,0.207360862,462,0,750,1766
0.006474865287,1.000000000,0.298489666,0.747817327,0.207453974,462,0,751,1765
0.006515756871,1.000000000,0.298887122,0.747481531,0.207547170,462,0,752,1764
0.006525759636,1.000000000,0.299284579,0.747145735,0.207640449,462,0,753,1763
0.006532484561,1.000000000,0.299682035,0.746809940,0.207733813,462,0,754,1762
0.006547004139,1.000000000,0.300079491,0.746474144,0.207827260,462,0,755,1761
0.006549880908,1.000000000,0.300476948,0.746138348,0.207920792,462,0,756,1760
0.006552426401,1.000000000,0.300874404,0.745802552,0.208014408,462,0,757,1759
0.006557512554,1.000000000,0.301271860,0.745466756,0.208108108,462,0,758,1758
0.006575640061,1.000000000,0.301669316,0.745130960,0.208201893,462,0,759,1757
0.006591467106,1.000000000,0.302066773,0.744795165,0.208295762,462,0,760,1756
0.006612153002,1.000000000,0.302464229,0.744459369,0.208389716,462,0,761,1755
0.006632031862,1.000000000,0.302861685,0.744123573,0.208483755,462,0,762,1754
0.006667498446,1.000000000,0.303259141,0.743787777,0.208577878,462,0,763,1753
0.006692597647,1.000000000,0.303656598,0.743451981,0.208672087,462,0,764,1752
0.006696281592,1.000000000,0.304054054,0.743116185,0.208766380,462,0,765,1751
0.006718089513,1.000000000,0.304451510,0.742780390,0.208860759,462,0,766,1750
0.006724439982,1.000000000,0.304848967,0.742444594,0.208955224,462,0,767,1749
0.006733457644,1.000000000,0.305246423,0.742108798,0.209049774,462,0,768,1748
0.006749869921,1.000000000,0.305643879,0.741773002,0.209144409,462,0,769,1747
0.006837772999,1.000000000,0.306041335,0.741437206,0.209239130,462,0,770,1746
0.006846144028,1.000000000,0.306438792,0.741101410,0.209333937,462,0,771,1745
0.006865346463,1.000000000,0.306836248,0.740765615,0.209428830,462,0,772,1744
0.006874620971,1.000000000,0.307233704,0.740429819,0.209523810,462,0,773,1743
0.006904895984,1.000000000,0.307631161,0.740094023,0.209618875,462,0,774,1742
0.006926327057,1.000000000,0.308028617,0.739758227,0.209714026,462,0,775,1741
0.006933018049,1.000000000,0.308426073,0.739422431,0.209809264,462,0,776,1740
0.006956637038,1.000000000,0.308823529,0.739086635,0.209904589,462,0,777,1739
0.006976247496,1.000000000,0.309220986,0.738750839,0.210000000,462,0,778,1738
0.007015684910,1.000000000,0.309618442,0.738415044,0.210095498,462,0,779,1737
0.007018866091,1.000000000,0.310015898,0.738079248,0.210191083,462,0,780,1736
0.007043224809,1.000000000,0.310413355,0.737743452,0.210286755,462,0,781,1735
0.007065137590,1.000000000,0.310810811,0.737407656,0.210382514,462,0,782,1734
0.007122155042,1.000000000,0.311208267,0.737071860,0.210478360,462,0,783,1733
0.007139068268,1.000000000,0.311605723,0.736736064,0.210574294,462,0,784,1732
0.007140792581,1.000000000,0.312003180,0.736400269,0.210670315,462,0,785,1731
0.007153167743,1.000000000,0.312400636,0.736064473,0.210766423,462,0,786,1730
0.007159007516,1.000000000,0.312798092,0.735728677,0.210862620,462,0,787,1729
0.007165912426,1.000000000,0.313195548,0.735392881,0.210958904,462,0,788,1728
0.007172862943,1.000000000,0.313593005,0.735057085,0.211055276,462,0,789,1727
0.007177006833,1.000000000,0.313990461,0.734721289,0.211151737,462,0,790,1726
0.007186636699,1.000000000,0.314387917,0.734385494,0.211248285,462,0,791,1725
0.007192534176,1.000000000,0.314785374,0.734049698,0.211344922,462,0,792,1724
0.007192534979,1.000000000,0.315182830,0.733713902,0.211441648,462,0,793,1723
0.007217125513,1.000000000,0.315580286,0.733378106,0.211538462,462,0,794,1722
0.007219652066,1.000000000,0.315977742,0.733042310,0.211635364,462,0,795,1721
0.007224460761,1.000000000,0.316375199,0.732706514,0.211732356,462,0,796,1720
0.007229890426,1.000000000,0.316772655,0.732370719,0.211829436,462,0,797,1719
0.007241267061,1.000000000,0.317170111,0.732034923,0.211926606,462,0,798,1718
0.007306528417,1.000000000,0.317567568,0.731699127,0.212023864,462,0,799,1717
0.007314012181,1.000000000,0.317965024,0.731363331,0.212121212,462,0,800,1716
0.007322781003,1.000000000,0.318362480,0.731027535,0.212218650,462,0,801,1715
0.007341802425,1.000000000,0.318759936,0.730691739,0.212316176,462,0,802,1714
0.007347675802,1.000000000,0.319157393,0.730355944,0.212413793,462,0,803,1713
0.007361121848,1.000000000,0.319554849,0.730020148,0.212511500,462,0,804,1712
0.007364605989,1.000000000,0.319952305,0.729684352,0.212609296,462,0,805,1711
0.007377510014,1.000000000,0.320349762,0.729348556,0.212707182,462,0,806,1710
0.007393304985,1.000000000,0.320747218,0.729012760,0.212805159,462,0,807,1709
0.007411267500,1.000000000,0.321144674,0.728676964,0.212903226,462,0,808,1708
0.007413310081,1.000000000,0.321542130,0.728341169,0.213001383,462,0,809,1707
0.007413547529,1.000000000,0.321939587,0.728005373,0.213099631,462,0,810,1706
0.007414153395,1.000000000,0.322337043,0.727669577,0.213197970,462,0,811,1705
0.007417546021,1.000000000,0.322734499,0.727333781,0.213296399,462,0,812,1704
0.007421964157,1.000000000,0.323131955,0.726997985,0.213394919,462,0,813,1703
0.007520025150,1.000000000,0.323529412,0.726662189,0.213493530,462,0,814,1702
0.007535600777,1.000000000,0.323926868,0.726326394,0.213592233,462,0,815,1701
0.007562579688,1.000000000,0.324324324,0.725990598,0.213691027,462,0,816,1700
0.007630707176,1.000000000,0.324721781,0.725654802,0.213789912,462,0,817,1699
0.007630927357,1.000000000,0.325119237,0.725319006,0.213888889,462,0,818,1698
0.007650276520,1.000000000,0.325516693,0.724983210,0.213987957,462,0,819,1697
0.007705487847,1.000000000,0.325914149,0.724647414,0.214087118,462,0,820,1696
0.007717498372,1.000000000,0.326311606,0.724311619,0.214186370,462,0,821,1695
0.007724787693,1.000000000,0.326709062,0.723975823,0.214285714,462,0,822,1694
0.007733905119,1.000000000,0.327106518,0.723640027,0.214385151,462,0,823,1693
0.007782195154,1.000000000,0.327503975,0.723304231,0.214484680,462,0,824,1692
0.007831396620,1.000000000,0.327901431,0.722968435,0.214584301,462,0,825,1691
0.007848262041,1.000000000,0.328298887,0.722632639,0.214684015,462,0,826,1690
0.007857343340,1.000000000,0.328696343,0.722296844,0.214783821,462,0,827,1689
0.007866772133,1.000000000,0.329093800,0.721961048,0.214883721,462,0,828,1688
0.007874706871,1.000000000,0.329491256,0.721625252,0.214983713,462,0,829,1687
0.007877327986,1.000000000,0.329888712,0.721289456,0.215083799,462,0,830,1686
0.007890584411,1.000000000,0.330286169,0.720953660,0.215183978,462,0,831,1685
0.007900722476,1.000000000,0.330683625,0.720617864,0.215284250,462,0,832,1684
0.007913153048,1.000000000,0.331081081,0.720282069,0.215384615,462,0,833,1683
0.007918489457,1.000000000,0.331478537,0.719946273,0.215485075,462,0,834,1682
0.007972579309,1.000000000,0.331875994,0.719610477,0.215585628,462,0,835,1681
0.007999564527,1.000000000,0.332273450,0.719274681,0.215686275,462,0,836,1680
0.007999734493,1.000000000,0.332670906,0.718938885,0.215787015,462,0,837,1679
0.008023989589,1.000000000,0.333068362,0.718603089,0.215887850,462,0,838,1678
0.008032809609,1.000000000,0.333465819,0.718267293,0.215988780,462,0,839,1677
0.008049264665,1.000000000,0.333863275,0.717931498,0.216089804,462,0,840,1676
0.008053334958,1.000000000,0.334260731,0.717595702,0.216190922,462,0,841,1675
0.008130756927,1.000000000,0.334658188,0.717259906,0.216292135,462,0,842,1674
0.008151389731,1.000000000,0.335055644,0.716924110,0.216393443,462,0,843,1673
0.008163013591,1.000000000,0.335453100,0.716588314,0.216494845,462,0,844,1672
0.008254916023,1.000000000,0.335850556,0.716252518,0.216596343,462,0,845,1671
0.008280559629,1.000000000,0.336248013,0.715916723,0.216697936,462,0,846,1670
0.008281333481,1.000000000,0.336645469,0.715580927,0.216799625,462,0,847,1669
0.008310068120,1.000000000,0.337042925,0.715245131,0.216901408,462,0,848,1668
0.008317984168,1.000000000,0.337440382,0.714909335,0.217003288,462,0,849,1667
0.008327085112,1.000000000,0.337837838,0.714573539,0.217105263,462,0,850,1666
0.008361967578,1.000000000,0.338235294,0.714237743,0.217207334,462,0,851,1665
0.008380906736,1.000000000,0.338632750,0.713901948,0.217309501,462,0,852,1664
0.008381736382,1.000000000,0.339030207,0.713566152,0.217411765,462,0,853,1663
0.008382389292,1.000000000,0.339427663,0.713230356,0.217514124,462,0,854,1662
0.008393954529,1.000000000,0.339825119,0.712894560,0.217616580,462,0,855,1661
0.008402860589,1.000000000,0.340222576,0.712558764,0.217719133,462,0,856,1660
0.008408805474,1.000000000,0.340620032,0.712222968,0.217821782,462,0,857,1659
0.008436337650,1.000000000,0.341017488,0.711887173,0.217924528,462,0,858,1658
0.008445640040,1.000000000,0.341414944,0.711551377,0.218027371,462,0,859,1657
0.008472101173,1.000000000,0.341812401,0.711215581,0.218130312,462,0,860,1656
0.008482059622,1.000000000,0.342209857,0.710879785,0.218233349,462,0,861,1655
0.008503704561,1.000000000,0.342607313,0.710543989,0.218336484,462,0,862,1654
0.008531252696,1.000000000,0.343004769,0.710208193,0.218439716,462,0,863,1653
0.008548848809,1.000000000,0.343402226,0.709872398,0.218543046,462,0,864,1652
0.008552874880,1.000000000,0.343799682,0.709536602,0.218646474,462,0,865,1651
0.008553553216,1.000000000,0.344197138,0.709200806,0.218750000,462,0,866,1650
0.008604775253,1.000000000,0.344594595,0.708865010,0.218853624,462,0,867,1649
0.008610427067,1.000000000,0.344992051,0.708529214,0.218957346,462,0,868,1648
0.008734542148,1.000000000,0.345389507,0.708193418,0.219061166,462,0,869,1647
0.008739481077,1.000000000,0.345786963,0.707857623,0.219165085,462,0,870,1646
0.008740056491,1.000000000,0.346184420,0.707521827,0.219269103,462,0,871,1645
0.008756226786,1.000000000,0.346581876,0.707186031,0.219373219,462,0,872,1644
0.008782007732,1.000000000,0.346979332,0.706850235,0.219477435,462,0,873,1643
0.008816209778,1.000000000,0.347376789,0.706514439,0.219581749,462,0,874,1642
0.008829749047,1.000000000,0.347774245,0.706178643,0.219686163,462,0,875,1641
0.008915753314,1.000000000,0.348171701,0.705842848,0.219790676,462,0,876,1640
0.008916988803,1.000000000,0.348569157,0.705507052,0.219895288,462,0,877,1639
0.008923523812,1.000000000,0.348966614,0.705171256,0.220000000,462,0,878,1638
0.008925935166,1.000000000,0.349364070,0.704835460,0.220104812,462,0,879,1637
0.008972993921,1.000000000,0.349761526,0.704499664,0.220209724,462,0,880,1636
0.008994310709,1.000000000,0.350158983,0.704163868,0.220314735,462,0,881,1635
0.008999897158,1.000000000,0.350556439,0.703828073,0.220419847,462,0,882,1634
0.009023024579,1.000000000,0.350953895,0.703492277,0.220525060,462,0,883,1633
0.009116534437,1.000000000,0.351351351,0.703156481,0.220630372,462,0,884,1632
0.009130042671,1.000000000,0.351748808,0.702820685,0.220735786,462,0,885,1631
0.009155168995,1.000000000,0.352146264,0.702484889,0.220841300,462,0,886,1630
0.009166846045,1.000000000,0.352543720,0.702149093,0.220946915,462,0,887,1629
0.009179241003,1.000000000,0.352941176,0.701813298,0.221052632,462,0,888,1628
0.009204460214,1.000000000,0.353338633,0.701477502,0.221158449,462,0,889,1627
0.009205091324,1.000000000,0.353736089,0.701141706,0.221264368,462,0,890,1626
0.009208852695,1.000000000,0.354133545,0.700805910,0.221370388,462,0,891,1625
0.009226618071,1.000000000,0.354531002,0.700470114,0.221476510,462,0,892,1624
0.009234540304,1.000000000,0.354928458,0.700134318,0.221582734,462,0,893,1623
0.009247259973,1.000000000,0.355325914,0.699798522,0.221689060,462,0,894,1622
0.009260160471,1.000000000,0.355723370,0.699462727,0.221795487,462,0,895,1621
0.009270934446,1.000000000,0.356120827,0.699126931,0.221902017,462,0,896,1620
0.009308932261,1.000000000,0.356518283,0.698791135,0.222008650,462,0,897,1619
0.009313506904,1.000000000,0.356915739,0.698455339,0.222115385,462,0,898,1618
0.009332616328,1.000000000,0.357313196,0.698119543,0.222222222,462,0,899,1617
0.009366717636,1.000000000,0.357710652,0.697783747,0.222329163,462,0,900,1616
0.009426221305,1.000000000,0.358108108,0.697447952,0.222436206,462,0,901,1615
0.009488132147,1.000000000,0.358505564,0.697112156,0.222543353,462,0,902,1614
0.009503713311,1.000000000,0.358903021,0.696776360,0.222650602,462,0,903,1613
0.009534819404,1.000000000,0.359300477,0.696440564,0.222757956,462,0,904,1612
0.009565510178,1.000000000,0.359697933,0.696104768,0.222865412,462,0,905,1611
0.009570172710,1.000000000,0.360095390,0.695768972,0.222972973,462,0,906,1610
0.009620925483,1.000000000,0.360492846,0.695433177,0.223080637,462,0,907,1609
0.009650817052,1.000000000,0.360890302,0.695097381,0.223188406,462,0,908,1608
0.009652530507,1.000000000,0.361287758,0.694761585,0.223296278,462,0,909,1607
0.009697888497,1.000000000,0.361685215,0.694425789,0.223404255,462,0,910,1606
0.009715567731,1.000000000,0.362082671,0.694089993,0.223512337,462,0,911,1605
0.009734478673,1.000000000,0.362480127,0.693754197,0.223620523,462,0,912,1604
0.009742360868,1.000000000,0.362877583,0.693418402,0.223728814,462,0,913,1603
0.009750544694,1.000000000,0.363275040,0.693082606,0.223837209,462,0,914,1602
0.009771910818,1.000000000,0.363672496,0.692746810,0.223945710,462,0,915,1601
0.009789440171,1.000000000,0.364069952,0.692411014,0.224054316,462,0,916,1600
0.009820590773,1.000000000,0.364467409,0.692075218,0.224163028,462,0,917,1599
0.009842821214,1.000000000,0.364864865,0.691739422,0.224271845,462,0,918,1598
0.009908736127,1.000000000,0.365262321,0.691403627,0.224380767,462,0,919,1597
0.009920035866,1.000000000,0.365659777,0.691067831,0.224489796,462,0,920,1596
0.009936419665,1.000000000,0.366057234,0.690732035,0.224598930,462,0,921,1595
0.009949364048,1.000000000,0.366454690,0.690396239,0.224708171,462,0,922,1594
0.009975043843,1.000000000,0.366852146,0.690060443,0.224817518,462,0,923,1593
0.010025537623,1.000000000,0.367249603,0.689724647,0.224926972,462,0,924,1592
0.010039541170,1.000000000,0.367647059,0.689388852,0.225036532,462,0,925,1591
0.010042587265,1.000000000,0.368044515,0.689053056,0.225146199,462,0,926,1590
0.010057463172,1.000000000,0.368441971,0.688717260,0.225255973,462,0,927,1589
0.010063316497,1.000000000,0.368839428,0.688381464,0.225365854,462,0,928,1588
0.010100709741,1.000000000,0.369236884,0.688045668,0.225475842,462,0,929,1587
0.010115848613,1.000000000,0.369634340,0.687709872,0.225585938,462,0,930,1586
0.010173321639,1.000000000,0.370031797,0.687374077,0.225696141,462,0,931,1585
0.010175375044,1.000000000,0.370429253,0.687038281,0.225806452,462,0,932,1584
0.010218042319,1.000000000,0.370826709,0.686702485,0.225916870,462,0,933,1583
0.010232569184,1.000000000,0.371224165,0.686366689,0.226027397,462,0,934,1582
0.010234280222,1.000000000,0.371621622,0.686030893,0.226138032,462,0,935,1581
0.010260710721,1.000000000,0.372019078,0.685695097,0.226248776,462,0,936,1580
0.010274193290,1.000000000,0.372416534,0.685359302,0.226359628,462,0,937,1579
0.010361941845,1.000000000,0.372813990,0.685023506,0.226470588,462,0,938,1578
0.010368433199,1.000000000,0.373211447,0.684687710,0.226581658,462,0,939,1577
0.010380753461,1.000000000,0.373608903,0.684351914,0.226692836,462,0,940,1576
0.010454392405,1.000000000,0.374006359,0.684016118,0.226804124,462,0,941,1575
0.010519433398,1.000000000,0.374403816,0.683680322,0.226915521,462,0,942,1574
0.010527492153,1.000000000,0.374801272,0.683344527,0.227027027,462,0,943,1573
0.010570072270,1.000000000,0.375198728,0.683008731,0.227138643,462,0,944,1572
0.010587732899,1.000000000,0.375596184,0.682672935,0.227250369,462,0,945,1571
0.010638639594,1.000000000,0.375993641,0.682337139,0.227362205,462,0,946,1570
0.010652675010,1.000000000,0.376391097,0.682001343,0.227474151,462,0,947,1569
0.010658257017,1.000000000,0.376788553,0.681665547,0.227586207,462,0,948,1568
0.010667182602,1.000000000,0.377186010,0.681329752,0.227698374,462,0,949,1567
0.010682806597,1.000000000,0.377583466,0.680993956,0.227810651,462,0,950,1566
0.010711523840,1.000000000,0.377980922,0.680658160,0.227923039,462,0,951,1565
0.010733936120,1.000000000,0.378378378,0.680322364,0.228035538,462,0,952,1564
0.010784268099,1.000000000,0.378775835,0.679986568,0.228148148,462,0,953,1563
0.010827622339,1.000000000,0.379173291,0.679650772,0.228260870,462,0,954,1562
0.010833263921,1.000000000,0.379570747,0.679314976,0.228373702,462,0,955,1561
0.010839651327,1.000000000,0.379968203,0.678979181,0.228486647,462,0,956,1560
0.010848827452,1.000000000,0.380365660,0.678643385,0.228599703,462,0,957,1559
0.010858091192,1.000000000,0.380763116,0.678307589,0.228712871,462,0,958,1558
0.010863708981,1.000000000,0.381160572,0.677971793,0.228826152,462,0,959,1557
0.010869535623,1.000000000,0.381558029,0.677635997,0.228939544,462,0,960,1556
0.010883229327,1.000000000,0.381955485,0.677300201,0.229053049,462,0,961,1555
0.010895386281,1.000000000,0.382352941,0.676964406,0.229166667,462,0,962,1554
0.010904309938,1.000000000,0.382750397,0.676628610,0.229280397,462,0,963,1553
0.010951226679,1.000000000,0.383147854,0.676292814,0.229394240,462,0,964,1552
0.011031899240,1.000000000,0.383545310,0.675957018,0.229508197,462,0,965,1551
0.011070451219,1.000000000,0.383942766,0.675621222,0.229622266,462,0,966,1550
0.011087988763,1.000000000,0.384340223,0.675285426,0.229736450,462,0,967,1549
0.011092644911,1.000000000,0.384737679,0.674949631,0.229850746,462,0,968,1548
0.011106606067,1.000000000,0.385135135,0.674613835,0.229965157,462,0,969,1547
0.011116134748,1.000000000,0.385532591,0.674278039,0.230079681,462,0,970,1546
0.011136233541,1.000000000,0.385930048,0.673942243,0.230194320,462,0,971,1545
0.011146409168,1.000000000,0.386327504,0.673606447,0.230309073,462,0,972,1544
0.011153707530,1.000000000,0.386724960,0.673270651,0.230423940,462,0,973,1543
0.011225181833,1.000000000,0.387122417,0.672934856,0.230538922,462,0,974,1542
0.011234285699,1.000000000,0.387519873,0.672599060,0.230654019,462,0,975,1541
0.011243532842,1.000000000,0.387917329,0.672263264,0.230769231,462,0,976,1540
0.011252828681,1.000000000,0.388314785,0.671927468,0.230884558,462,0,977,1539
0.011257210018,1.000000000,0.388712242,0.671591672,0.231000000,462,0,978,1538
0.011298285076,1.000000000,0.389109698,0.671255876,0.231115558,462,0,979,1537
0.011307213515,1.000000000,0.389507154,0.670920081,0.231231231,462,0,980,1536
0.011309605745,1.000000000,0.389904610,0.670584285,0.231347021,462,0,981,1535
0.011361344996,1.000000000,0.390302067,0.670248489,0.231462926,462,0,982,1534
0.011380004234,1.000000000,0.390699523,0.669912693,0.231578947,462,0,983,1533
0.011439822145,1.000000000,0.391096979,0.669576897,0.231695085,462,0,984,1532
0.011448405399,1.000000000,0.391494436,0.669241101,0.231811340,462,0,985,1531
0.011469512846,1.000000000,0.391891892,0.668905306,0.231927711,462,0,986,1530
0.011483075680,1.000000000,0.392289348,0.668569510,0.232044199,462,0,987,1529
0.011494907776,1.000000000,0.392686804,0.668233714,0.232160804,462,0,988,1528
0.011528772370,1.000000000,0.393084261,0.667897918,0.232277526,462,0,989,1527
0.011549950264,1.000000000,0.393481717,0.667562122,0.232394366,462,0,990,1526
0.011560366759,1.000000000,0.393879173,0.667226326,0.232511324,462,0,991,1525
0.011568015919,1.000000000,0.394276630,0.666890531,0.232628399,462,0,992,1524
0.011572090395,1.000000000,0.394674086,0.666554735,0.232745592,462,0,993,1523
0.011576229758,1.000000000,0.395071542,0.666218939,0.232862903,462,0,994,1522
0.011605559181,1.000000000,0.395468998,0.665883143,0.232980333,462,0,995,1521
0.011607967421,1.000000000,0.395866455,0.665547347,0.233097881,462,0,996,1520
0.011647923572,1.000000000,0.396263911,0.665211551,0.233215548,462,0,997,1519
0.011670373205,1.000000000,0.396661367,0.664875756,0.233333333,462,0,998,1518
0.011671981977,1.000000000,0.397058824,0.664539960,0.233451238,462,0,999,1517
0.011690649636,1.000000000,0.397456280,0.664204164,0.233569262,462,0,1000,1516
0.011759627481,1.000000000,0.397853736,0.663868368,0.233687405,462,0,1001,1515
0.011777227916,1.000000000,0.398251192,0.663532572,0.233805668,462,0,1002,1514
0.011777635226,1.000000000,0.398648649,0.663196776,0.233924051,462,0,1003,1513
0.011803856668,1.000000000,0.399046105,0.662860981,0.234042553,462,0,1004,1512
0.011810808264,1.000000000,0.399443561,0.662525185,0.234161176,462,0,1005,1511
0.011832167554,1.000000000,0.399841017,0.662189389,0.234279919,462,0,1006,1510
0.011957444531,1.000000000,0.400238474,0.661853593,0.234398782,462,0,1007,1509
0.012046686237,1.000000000,0.400635930,0.661517797,0.234517766,462,0,1008,1508
0.012050428218,1.000000000,0.401033386,0.661182001,0.234636872,462,0,1009,1507
0.012064620971,1.000000000,0.401430843,0.660846206,0.234756098,462,0,1010,1506
0.012070633913,1.000000000,0.401828299,0.660510410,0.234875445,462,0,1011,1505
0.012126041381,1.000000000,0.402225755,0.660174614,0.234994914,462,0,1012,1504
0.012132796536,1.000000000,0.402623211,0.659838818,0.235114504,462,0,1013,1503
0.012148950094,1.000000000,0.403020668,0.659503022,0.235234216,462,0,1014,1502
0.012190456970,1.000000000,0.403418124,0.659167226,0.235354050,462,0,1015,1501
0.012206707274,1.000000000,0.403815580,0.658831430,0.235474006,462,0,1016,1500
0.012235758032,1.000000000,0.404213037,0.658495635,0.235594085,462,0,1017,1499
0.012262153693,1.000000000,0.404610493,0.658159839,0.235714286,462,0,1018,1498
0.012336058785,1.000000000,0.405007949,0.657824043,0.235834609,462,0,1019,1497
0.012348493027,1.000000000,0.405405405,0.657488247,0.235955056,462,0,1020,1496
0.012362256350,1.000000000,0.405802862,0.657152451,0.236075626,462,0,1021,1495
0.012373488341,1.000000000,0.406200318,0.656816655,0.236196319,462,0,1022,1494
0.012387694467,1.000000000,0.406597774,0.656480860,0.236317136,462,0,1023,1493
0.012449753031,1.000000000,0.406995231,0.656145064,0.236438076,462,0,1024,1492
0.012579237689,1.000000000,0.407392687,0.655809268,0.236559140,462,0,1025,1491
0.012618989464,1.000000000,0.407790143,0.655473472,0.236680328,462,0,1026,1490
0.012632574149,1.000000000,0.408187599,0.655137676,0.236801640,462,0,1027,1489
0.012723559956,1.000000000,0.408585056,0.654801880,0.236923077,462,0,1028,1488
0.012737901657,1.000000000,0.408982512,0.654466085,0.237044638,462,0,1029,1487
0.012756569140,1.000000000,0.409379968,0.654130289,0.237166324,462,0,1030,1486
0.012803135118,1.000000000,0.409777424,0.653794493,0.237288136,462,0,1031,1485
0.012826287507,1.000000000,0.410174881,0.653458697,0.237410072,462,0,1032,1484
0.012836024559,1.000000000,0.410572337,0.653122901,0.237532134,462,0,1033,1483
0.012963397491,1.000000000,0.410969793,0.652787105,0.237654321,462,0,1034,1482
0.012999105929,1.000000000,0.411367250,0.652451310,0.237776634,462,0,1035,1481
0.013081170045,1.000000000,0.411764706,0.652115514,0.237899073,462,0,1036,1480
0.013169933896,1.000000000,0.412162162,0.651779718,0.238021638,462,0,1037,1479
0.013188690223,1.000000000,0.412559618,0.651443922,0.238144330,462,0,1038,1478
0.013279368661,1.000000000,0.412957075,0.651108126,0.238267148,462,0,1039,1477
0.013301856579,1.000000000,0.413354531,0.650772330,0.238390093,462,0,1040,1476
0.013324354507,1.000000000,0.413751987,0.650436535,0.238513165,462,0,1041,1475
0.013352399617,1.000000000,0.414149444,0.650100739,0.238636364,462,0,1042,1474
0.013425653552,1.000000000,0.414546900,0.649764943,0.238759690,462,0,1043,1473
0.013454217641,1.000000000,0.414944356,0.649429147,0.238883144,462,0,1044,1472
0.013479560136,1.000000000,0.415341812,0.649093351,0.239006725,462,0,1045,1471
0.013521465710,1.000000000,0.415739269,0.648757555,0.239130435,462,0,1046,1470
0.013548524179,1.000000000,0.416136725,0.648421760,0.239254272,462,0,1047,1469
0.013550994105,1.000000000,0.416534181,0.648085964,0.239378238,462,0,1048,1468
0.013558337859,1.000000000,0.416931638,0.647750168,0.239502333,462,0,1049,1467
0.013652834626,1.000000000,0.417329094,0.647414372,0.239626556,462,0,1050,1466
0.013657263816,1.000000000,0.417726550,0.647078576,0.239750908,462,0,1051,1465
0.013668854165,1.000000000,0.418124006,0.646742780,0.239875389,462,0,1052,1464
0.013679125431,1.000000000,0.418521463,0.646406985,0.240000000,462,0,1053,1463
0.013753056433,1.000000000,0.418918919,0.646071189,0.240124740,462,0,1054,1462
0.013799466903,1.000000000,0.419316375,0.645735393,0.240249610,462,0,1055,1461
0.013803404525,1.000000000,0.419713831,0.645399597,0.240374610,462,0,1056,1460
0.013877533400,1.000000000,0.420111288,0.645063801,0.240499740,462,0,1057,1459
0.013879846011,1.000000000,0.420508744,0.644728005,0.240625000,462,0,1058,1458
0.013914399342,1.000000000,0.420906200,0.644392210,0.240750391,462,0,1059,1457
0.013950342801,1.000000000,0.421303657,0.644056414,0.240875912,462,0,1060,1456
0.013955529617,1.000000000,0.421701113,0.643720618,0.241001565,462,0,1061,1455
0.013969040105,1.000000000,0.422098569,0.643384822,0.241127349,462,0,1062,1454
0.014036592025,1.000000000,0.422496025,0.643049026,0.241253264,462,0,1063,1453
0.014068056652,1.000000000,0.422893482,0.642713230,0.241379310,462,0,1064,1452
0.014146986630,1.000000000,0.423290938,0.642377435,0.241505489,462,0,1065,1451
0.014160487075,1.000000000,0.423688394,0.642041639,0.241631799,462,0,1066,1450
0.014169306996,1.000000000,0.424085851,0.641705843,0.241758242,462,0,1067,1449
0.014170150874,1.000000000,0.424483307,0.641370047,0.241884817,462,0,1068,1448
0.014236203086,1.000000000,0.424880763,0.641034251,0.242011524,462,0,1069,1447
0.014261367361,1.000000000,0.425278219,0.640698455,0.242138365,462,0,1070,1446
0.014329936358,1.000000000,0.425675676,0.640362660,0.242265338,462,0,1071,1445
0.014358045538,1.000000000,0.426073132,0.640026864,0.242392445,462,0,1072,1444
0.014366261801,1.000000000,0.426470588,0.639691068,0.242519685,462,0,1073,1443
0.014387648897,1.000000000,0.426868045,0.639355272,0.242647059,462,0,1074,1442
0.014469682792,1.000000000,0.427265501,0.639019476,0.242774566,462,0,1075,1441
0.014479992880,1.000000000,0.427662957,0.638683680,0.242902208,462,0,1076,1440
0.014541856719,1.000000000,0.428060413,0.638347884,0.243029984,462,0,1077,1439
0.014548891039,1.000000000,0.428457870,0.638012089,0.243157895,462,0,1078,1438
0.014657819853,1.000000000,0.428855326,0.637676293,0.243285940,462,0,1079,1437
0.014751894097,1.000000000,0.429252782,0.637340497,0.243414120,462,0,1080,1436
0.014769360650,1.000000000,0.429650238,0.637004701,0.243542435,462,0,1081,1435
0.014788162905,1.000000000,0.430047695,0.636668905,0.243670886,462,0,1082,1434
0.014826718974,1.000000000,0.430445151,0.636333109,0.243799472,462,0,1083,1433
0.014839221899,1.000000000,0.430842607,0.635997314,0.243928194,462,0,1084,1432
0.014864402432,1.000000000,0.431240064,0.635661518,0.244057052,462,0,1085,1431
0.014873978028,1.000000000,0.431637520,0.635325722,0.244186047,462,0,1086,1430
0.014907266619,1.000000000,0.432034976,0.634989926,0.244315177,462,0,1087,1429
0.014909939499,1.000000000,0.432432432,0.634654130,0.244444444,462,0,1088,1428
0.014910287575,1.000000000,0.432829889,0.634318334,0.244573849,462,0,1089,1427
0.014989915021,1.000000000,0.433227345,0.633982539,0.244703390,462,0,1090,1426
0.015063443058,1.000000000,0.433624801,0.633646743,0.244833068,462,0,1091,1425
0.015104761133,1.000000000,0.434022258,0.633310947,0.244962884,462,0,1092,1424
0.015120873114,1.000000000,0.434419714,0.632975151,0.245092838,462,0,1093,1423
0.015165800987,1.000000000,0.434817170,0.632639355,0.245222930,462,0,1094,1422
0.015216535070,1.000000000,0.435214626,0.632303559,0.245353160,462,0,1095,1421
0.015233876722,1.000000000,0.435612083,0.631967764,0.245483528,462,0,1096,1420
0.015236864034,1.000000000,0.436009539,0.631631968,0.245614035,462,0,1097,1419
0.015281800472,1.000000000,0.436406995,0.631296172,0.245744681,462,0,1098,1418
0.015313420990,1.000000000,0.436804452,0.630960376,0.245875466,462,0,1099,1417
0.015333166628,1.000000000,0.437201908,0.630624580,0.246006390,462,0,1100,1416
0.015397997375,1.000000000,0.437599364,0.630288784,0.246137453,462,0,1101,1415
0.015536552691,1.000000000,0.437996820,0.629952989,0.246268657,462,0,1102,1414
0.015545821716,1.000000000,0.438394277,0.629617193,0.246400000,462,0,1103,1413
0.015574218257,1.000000000,0.438791733,0.629281397,0.246531483,462,0,1104,1412
0.015582514489,1.000000000,0.439189189,0.628945601,0.246663107,462,0,1105,1411
0.015653739451,1.000000000,0.439586645,0.628609805,0.246794872,462,0,1106,1410
0.015713365232,1.000000000,0.439984102,0.628274009,0.246926777,462,0,1107,1409
0.015762990870,1.000000000,0.440381558,0.627938214,0.247058824,462,0,1108,1408
0.015800733920,1.000000000,0.440779014,0.627602418,0.247191011,462,0,1109,1407
0.015863443395,1.000000000,0.441176471,0.627266622,0.247323340,462,0,1110,1406
0.015938713939,1.000000000,0.441573927,0.626930826,0.247455811,462,0,1111,1405
0.016064411727,1.000000000,0.441971383,0.626595030,0.247588424,462,0,1112,1404
0.016067903063,1.000000000,0.442368839,0.626259234,0.247721180,462,0,1113,1403
0.016332231170,1.000000000,0.442766296,0.625923439,0.247854077,462,0,1114,1402
0.016354218854,1.000000000,0.443163752,0.625587643,0.247987118,462,0,1115,1401
0.016373725789,1.000000000,0.443561208,0.625251847,0.248120301,462,0,1116,1400
0.016445941628,1.000000000,0.443958665,0.624916051,0.248253627,462,0,1117,1399
0.016472179399,1.000000000,0.444356121,0.624580255,0.248387097,462,0,1118,1398
0.016537180523,1.000000000,0.444753577,0.624244459,0.248520710,462,0,1119,1397
0.016543591267,1.000000000,0.445151033,0.623908664,0.248654467,462,0,1120,1396
0.016574034073,1.000000000,0.445548490,0.623572868,0.248788368,462,0,1121,1395
0.016605669486,1.000000000,0.445945946,0.623237072,0.248922414,462,0,1122,1394
0.016652894729,1.000000000,0.446343402,0.622901276,0.249056604,462,0,1123,1393
0.016678386518,1.000000000,0.446740859,0.622565480,0.249190939,462,0,1124,1392
0.016678641568,1.000000000,0.447138315,0.622229684,0.249325418,462,0,1125,1391
0.016680641582,1.000000000,0.447535771,0.621893889,0.249460043,462,0,1126,1390
0.016869329865,1.000000000,0.447933227,0.621558093,0.249594814,462,0,1127,1389
0.016898635732,1.000000000,0.448330684,0.621222297,0.249729730,462,0,1128,1388
0.016908646273,1.000000000,0.448728140,0.620886501,0.249864792,462,0,1129,1387
0.016977038929,1.000000000,0.449125596,0.620550705,0.250000000,462,0,1130,1386
0.017019396237,1.000000000,0.449523052,0.620214909,0.250135355,462,0,1131,1385
0.017037377432,1.000000000,0.449920509,0.619879113,0.250270856,462,0,1132,1384
0.017076173890,1.000000000,0.450317965,0.619543318,0.250406504,462,0,1133,1383
0.017097280554,1.000000000,0.450715421,0.619207522,0.250542299,462,0,1134,1382
0.017228466285,1.000000000,0.451112878,0.618871726,0.250678242,462,0,1135,1381
0.017239230816,1.000000000,0.451510334,0.618535930,0.250814332,462,0,1136,1380
0.017287827236,1.000000000,0.451907790,0.618200134,0.250950570,462,0,1137,1379
0.017327440642,1.000000000,0.452305246,0.617864338,0.251086957,462,0,1138,1378
0.017502688292,1.000000000,0.452702703,0.617528543,0.251223491,462,0,1139,1377
0.017550498067,1.000000000,0.453100159,0.617192747,0.251360174,462,0,1140,1376
0.017570369306,1.000000000,0.453497615,0.616856951,0.251497006,462,0,1141,1375
0.017601384667,1.000000000,0.453895072,0.616521155,0.251633987,462,0,1142,1374
0.017633515586,1.000000000,0.454292528,0.616185359,0.251771117,462,0,1143,1373
0.017771008019,1.000000000,0.454689984,0.615849563,0.251908397,462,0,1144,1372
0.017826670507,1.000000000,0.455087440,0.615513768,0.252045827,462,0,1145,1371
0.017890363962,1.000000000,0.455484897,0.615177972,0.252183406,462,0,1146,1370
0.017907695400,1.000000000,0.455882353,0.614842176,0.252321136,462,0,1147,1369
0.018096230223,1.000000000,0.456279809,0.614506380,0.252459016,462,0,1148,1368
0.018103612775,1.000000000,0.456677266,0.614170584,0.252597048,462,0,1149,1367
0.018158822965,1.000000000,0.457074722,0.613834788,0.252735230,462,0,1150,1366
0.018208794901,1.000000000,0.457472178,0.613498993,0.252873563,462,0,1151,1365
0.018303229251,1.000000000,0.457869634,0.613163197,0.253012048,462,0,1152,1364
0.018358689710,1.000000000,0.458267091,0.612827401,0.253150685,462,0,1153,1363
0.018520940894,1.000000000,0.458664547,0.612491605,0.253289474,462,0,1154,1362
0.018528038629,1.000000000,0.459062003,0.612155809,0.253428415,462,0,1155,1361
0.018602285199,1.000000000,0.459459459,0.611820013,0.253567508,462,0,1156,1360
0.018758245622,1.000000000,0.459856916,0.611484218,0.253706755,462,0,1157,1359
0.018825587748,1.000000000,0.460254372,0.611148422,0.253846154,462,0,1158,1358
0.018830929394,1.000000000,0.460651828,0.610812626,0.253985706,462,0,1159,1357
0.018911118322,1.000000000,0.461049285,0.610476830,0.254125413,462,0,1160,1356
0.018914762511,1.000000000,0.461446741,0.610141034,0.254265272,462,0,1161,1355
0.019045379875,1.000000000,0.461844197,0.609805238,0.254405286,462,0,1162,1354
0.019069280922,1.000000000,0.462241653,0.609469443,0.254545455,462,0,1163,1353
0.019125788426,1.000000000,0.462639110,0.609133647,0.254685777,462,0,1164,1352
0.019136153806,1.000000000,0.463036566,0.608797851,0.254826255,462,0,1165,1351
0.019158188936,1.000000000,0.463434022,0.608462055,0.254966887,462,0,1166,1350
0.019239854699,1.000000000,0.463831479,0.608126259,0.255107675,462,0,1167,1349
0.019243700327,1.000000000,0.464228935,0.607790463,0.255248619,462,0,1168,1348
0.019273755528,1.000000000,0.464626391,0.607454668,0.255389718,462,0,1169,1347
0.019278940768,1.000000000,0.465023847,0.607118872,0.255530973,462,0,1170,1346
0.019282612769,1.000000000,0.465421304,0.606783076,0.255672385,462,0,1171,1345
0.019382226556,1.000000000,0.465818760,0.606447280,0.255813953,462,0,1172,1344
0.019435099258,1.000000000,0.466216216,0.606111484,0.255955679,462,0,1173,1343
0.019527359738,1.000000000,0.466613672,0.605775688,0.256097561,462,0,1174,1342
0.019534147981,1.000000000,0.467011129,0.605439893,0.256239601,462,0,1175,1341
0.019534396058,1.000000000,0.467408585,0.605104097,0.256381798,462,0,1176,1340
0.019608378549,1.000000000,0.467806041,0.604768301,0.256524153,462,0,1177,1339
0.019614979784,1.000000000,0.468203498,0.604432505,0.256666667,462,0,1178,1338
0.019615898141,1.000000000,0.468600954,0.604096709,0.256809339,462,0,1179,1337
0.019616877725,1.000000000,0.468998410,0.603760913,0.256952169,462,0,1180,1336
0.019678570765,1.000000000,0.469395866,0.603425118,0.257095159,462,0,1181,1335
0.019709982703,1.000000000,0.469793323,0.603089322,0.257238307,462,0,1182,1334
0.019761786763,1.000000000,0.470190779,0.602753526,0.257381616,462,0,1183,1333
0.019796998828,1.000000000,0.470588235,0.602417730,0.257525084,462,0,1184,1332
0.019895607082,1.000000000,0.470985692,0.602081934,0.257668712,462,0,1185,1331
0.019921481561,1.000000000,0.471383148,0.601746138,0.257812500,462,0,1186,1330
0.019942208034,1.000000000,0.471780604,0.601410343,0.257956449,462,0,1187,1329
0.019944404313,1.000000000,0.472178060,0.601074547,0.258100559,462,0,1188,1328
0.020045808803,1.000000000,0.472575517,0.600738751,0.258244830,462,0,1189,1327
0.020143565062,1.000000000,0.472972973,0.600402955,0.258389262,462,0,1190,1326
0.020237547346,1.000000000,0.473370429,0.600067159,0.258533856,462,0,1191,1325
0.020262341576,1.000000000,0.473767886,0.599731363,0.258678611,462,0,1192,1324
0.020307546966,1.000000000,0.474165342,0.599395567,0.258823529,462,0,1193,1323
0.020383440840,1.000000000,0.474562798,0.599059772,0.258968610,462,0,1194,1322
0.020432746565,1.000000000,0.474960254,0.598723976,0.259113853,462,0,1195,1321
0.020444925796,1.000000000,0.475357711,0.598388180,0.259259259,462,0,1196,1320
0.020456461357,1.000000000,0.475755167,0.598052384,0.259404829,462,0,1197,1319
0.020561005332,1.000000000,0.476152623,0.597716588,0.259550562,462,0,1198,1318
0.020566278956,1.000000000,0.476550079,0.597380792,0.259696459,462,0,1199,1317
0.020632511985,1.000000000,0.476947536,0.597044997,0.259842520,462,0,1200,1316
0.020652051793,1.000000000,0.477344992,0.596709201,0.259988745,462,0,1201,1315
0.020740997057,1.000000000,0.477742448,0.596373405,0.260135135,462,0,1202,1314
0.020845502711,1.000000000,0.478139905,0.596037609,0.260281690,462,0,1203,1313
0.020857555932,1.000000000,0.478537361,0.595701813,0.260428410,462,0,1204,1312
0.020939854983,1.000000000,0.478934817,0.595366017,0.260575296,462,0,1205,1311
0.020952322379,1.000000000,0.479332273,0.595030222,0.260722348,462,0,1206,1310
0.021035568209,1.000000000,0.479729730,0.594694426,0.260869565,462,0,1207,1309
0.021084264384,1.000000000,0.480127186,0.594358630,0.261016949,462,0,1208,1308
0.021102938233,1.000000000,0.480524642,0.594022834,0.261164500,462,0,1209,1307
0.021133371439,1.000000000,0.480922099,0.593687038,0.261312217,462,0,1210,1306
0.021153674051,1.000000000,0.481319555,0.593351242,0.261460102,462,0,1211,1305
0.021172062795,1.000000000,0.481717011,0.593015447,0.261608154,462,0,1212,1304
0.021194586367,1.000000000,0.482114467,0.592679651,0.261756374,462,0,1213,1303
0.021200133948,1.000000000,0.482511924,0.592343855,0.261904762,462,0,1214,1302
0.021226274753,1.000000000,0.482909380,0.592008059,0.262053318,462,0,1215,1301
0.021256275486,1.000000000,0.483306836,0.591672263,0.262202043,462,0,1216,1300
0.021267922922,1.000000000,0.483704293,0.591336467,0.262350937,462,0,1217,1299
0.021287160138,1.000000000,0.484101749,0.591000672,0.262500000,462,0,1218,1298
0.021495251595,1.000000000,0.484499205,0.590664876,0.262649233,462,0,1219,1297
0.021529696200,1.000000000,0.484896661,0.590329080,0.262798635,462,0,1220,1296
0.021636655640,1.000000000,0.485294118,0.589993284,0.262948207,462,0,1221,1295
0.021704393563,1.000000000,0.485691574,0.589657488,0.263097950,462,0,1222,1294
0.021711296366,1.000000000,0.486089030,0.589321692,0.263247863,462,0,1223,1293
0.021742900141,1.000000000,0.486486486,0.588985897,0.263397948,462,0,1224,1292
0.021872933313,1.000000000,0.486883943,0.588650101,0.263548203,462,0,1225,1291
0.021917069602,1.000000000,0.487281399,0.588314305,0.263698630,462,0,1226,1290
0.021946017584,1.000000000,0.487678855,0.587978509,0.263849229,462,0,1227,1289
0.021952910372,1.000000000,0.488076312,0.587642713,0.264000000,462,0,1228,1288
0.021994281636,1.000000000,0.488473768,0.587306917,0.264150943,462,0,1229,1287
0.022070938744,1.000000000,0.488871224,0.586971122,0.264302059,462,0,1230,1286
0.022185453666,1.000000000,0.489268680,0.586635326,0.264453349,462,0,1231,1285
0.022264505645,1.000000000,0.489666137,0.586299530,0.264604811,462,0,1232,1284
0.022283340802,1.000000000,0.490063593,0.585963734,0.264756447,462,0,1233,1283
0.022352146601,1.000000000,0.490461049,0.585627938,0.264908257,462,0,1234,1282
0.022541151338,1.000000000,0.490858506,0.585292142,0.265060241,462,0,1235,1281
0.022583102463,1.000000000,0.491255962,0.584956347,0.265212400,462,0,1236,1280
0.022669432429,1.000000000,0.491653418,0.584620551,0.265364733,462,0,1237,1279
0.022689738559,1.000000000,0.492050874,0.584284755,0.265517241,462,0,1238,1278
0.022697728371,1.000000000,0.492448331,0.583948959,0.265669925,462,0,1239,1277
0.022712987117,1.000000000,0.492845787,0.583613163,0.265822785,462,0,1240,1276
0.022877120965,1.000000000,0.493243243,0.583277367,0.265975820,462,0,1241,1275
0.022941125285,1.000000000,0.493640700,0.582941572,0.266129032,462,0,1242,1274
0.022943872053,1.000000000,0.494038156,0.582605776,0.266282421,462,0,1243,1273
0.022975869559,1.000000000,0.494435612,0.582269980,0.266435986,462,0,1244,1272
0.023072357132,1.000000000,0.494833068,0.581934184,0.266589729,462,0,1245,1271
0.023143462670,1.000000000,0.495230525,0.581598388,0.266743649,462,0,1246,1270
0.023167539379,1.000000000,0.495627981,0.581262592,0.266897747,462,0,1247,1269
0.023170625279,1.000000000,0.496025437,0.580926797,0.267052023,462,0,1248,1268
0.023215984381,1.000000000,0.496422893,0.580591001,0.267206478,462,0,1249,1267
0.023316396697,1.000000000,0.496820350,0.580255205,0.267361111,462,0,1250,1266
0.023331800734,1.000000000,0.497217806,0.579919409,0.267515924,462,0,1251,1265
0.023342828936,1.000000000,0.497615262,0.579583613,0.267670915,462,0,1252,1264
0.023351096916,1.000000000,0.498012719,0.579247817,0.267826087,462,0,1253,1263
0.023363276649,1.000000000,0.498410175,0.578912021,0.267981439,462,0,1254,1262
0.023536311386,1.000000000,0.498807631,0.578576226,0.268136970,462,0,1255,1261
0.023558208741,1.000000000,0.499205087,0.578240430,0.268292683,462,0,1256,1260
0.023563276761,1.000000000,0.499602544,0.577904634,0.268448576,462,0,1257,1259
0.023572574260,1.000000000,0.500000000,0.577568838,0.268604651,462,0,1258,1258
0.023632556655,1.000000000,0.500397456,0.577233042,0.268760908,462,0,1259,1257
0.023677857075,1.000000000,0.500794913,0.576897246,0.268917346,462,0,1260,1256
0.023762804282,1.000000000,0.501192369,0.576561451,0.269073966,462,0,1261,1255
0.023770499585,1.000000000,0.501589825,0.576225655,0.269230769,462,0,1262,1254
0.023823211603,1.000000000,0.501987281,0.575889859,0.269387755,462,0,1263,1253
0.023872478521,1.000000000,0.502384738,0.575554063,0.269544924,462,0,1264,1252
0.023909397021,1.000000000,0.502782194,0.575218267,0.269702277,462,0,1265,1251
0.023926568934,1.000000000,0.503179650,0.574882471,0.269859813,462,0,1266,1250
0.023937679287,1.000000000,0.503577107,0.574546676,0.270017534,462,0,1267,1249
0.023951558539,1.000000000,0.503974563,0.574210880,0.270175439,462,0,1268,1248
0.023982169302,1.000000000,0.504372019,0.573875084,0.270333528,462,0,1269,1247
0.024045143371,1.000000000,0.504769475,0.573539288,0.270491803,462,0,1270,1246
0.024049194806,1.000000000,0.505166932,0.573203492,0.270650264,462,0,1271,1245
0.024126680792,1.000000000,0.505564388,0.572867696,0.270808910,462,0,1272,1244
0.024155990937,1.000000000,0.505961844,0.572531901,0.270967742,462,0,1273,1243
0.024382801244,1.000000000,0.506359300,0.572196105,0.271126761,462,0,1274,1242
0.024456798440,1.000000000,0.506756757,0.571860309,0.271285966,462,0,1275,1241
0.024500741829,1.000000000,0.507154213,0.571524513,0.271445358,462,0,1276,1240
0.024569990324,1.000000000,0.507551669,0.571188717,0.271604938,462,0,1277,1239
0.024603186027,1.000000000,0.507949126,0.570852921,0.271764706,462,0,1278,1238
0.024691701670,1.000000000,0.508346582,0.570517126,0.271924662,462,0,1279,1237
0.024703538406,1.000000000,0.508744038,0.570181330,0.272084806,462,0,1280,1236
0.024720660857,1.000000000,0.509141494,0.569845534,0.272245138,462,0,1281,1235
0.024724681956,1.000000000,0.509538951,0.569509738,0.272405660,462,0,1282,1234
0.024933020958,1.000000000,0.509936407,0.569173942,0.272566372,462,0,1283,1233
0.024994647638,1.000000000,0.510333863,0.568838146,0.272727273,462,0,1284,1232
0.025025428303,1.000000000,0.510731320,0.568502351,0.272888364,462,0,1285,1231
0.025053486095,1.000000000,0.511128776,0.568166555,0.273049645,462,0,1286,1230
0.025158894470,1.000000000,0.511526232,0.567830759,0.273211118,462,0,1287,1229
0.025174892371,1.000000000,0.511923688,0.567494963,0.273372781,462,0,1288,1228
0.025388056591,1.000000000,0.512321145,0.567159167,0.273534636,462,0,1289,1227
0.025506012485,1.000000000,0.512718601,0.566823371,0.273696682,462,0,1290,1226
0.025534155293,1.000000000,0.513116057,0.566487576,0.273858921,462,0,1291,1225
0.025650647739,1.000000000,0.513513514,0.566151780,0.274021352,462,0,1292,1224
0.026090651562,1.000000000,0.513910970,0.565815984,0.274183976,462,0,1293,1223
0.026109985227,1.000000000,0.514308426,0.565480188,0.274346793,462,0,1294,1222
0.026286904177,1.000000000,0.514705882,0.565144392,0.274509804,462,0,1295,1221
0.026287139860,1.000000000,0.515103339,0.564808596,0.274673008,462,0,1296,1220
0.026301826037,1.000000000,0.515500795,0.564472801,0.274836407,462,0,1297,1219
0.026445462484,1.000000000,0.515898251,0.564137005,0.275000000,462,0,1298,1218
0.026518888804,1.000000000,0.516295707,0.563801209,0.275163788,462,0,1299,1217
0.026620257308,1.000000000,0.516693164,0.563465413,0.275327771,462,0,1300,1216
0.026624117094,1.000000000,0.517090620,0.563129617,0.275491950,462,0,1301,1215
0.026772663754,1.000000000,0.517488076,0.562793821,0.275656325,462,0,1302,1214
0.026817317965,1.000000000,0.517885533,0.562458026,0.275820896,462,0,1303,1213
0.026841357252,1.000000000,0.518282989,0.562122230,0.275985663,462,0,1304,1212
0.026850878147,1.000000000,0.518680445,0.561786434,0.276150628,462,0,1305,1211
0.026971228578,1.000000000,0.519077901,0.561450638,0.276315789,462,0,1306,1210
0.026997381613,1.000000000,0.519475358,0.561114842,0.276481149,462,0,1307,1209
0.027007438659,1.000000000,0.519872814,0.560779046,0.276646707,462,0,1308,1208
0.027151435645,1.000000000,0.520270270,0.560443251,0.276812463,462,0,1309,1207
0.027271937924,1.000000000,0.520667727,0.560107455,0.276978417,462,0,1310,1206
0.027362800598,1.000000000,0.521065183,0.559771659,0.277144571,462,0,1311,1205
0.027390534656,1.000000000,0.521462639,0.559435863,0.277310924,462,0,1312,1204
0.027412011537,1.000000000,0.521860095,0.559100067,0.277477477,462,0,1313,1203
0.027565193548,1.000000000,0.522257552,0.558764271,0.277644231,462,0,1314,1202
0.027670247008,1.000000000,0.522655008,0.558428475,0.277811185,462,0,1315,1201
0.027719289900,1.000000000,0.523052464,0.558092680,0.277978339,462,0,1316,1200
0.027796743392,1.000000000,0.523449921,0.557756884,0.278145695,462,0,1317,1199
0.027856881701,1.000000000,0.523847377,0.557421088,0.278313253,462,0,1318,1198
0.027868117613,1.000000000,0.524244833,0.557085292,0.278481013,462,0,1319,1197
0.027904349709,1.000000000,0.524642289,0.556749496,0.278648975,462,0,1320,1196
0.027911291205,1.000000000,0.525039746,0.556413700,0.278817139,462,0,1321,1195
0.027993686147,1.000000000,0.525437202,0.556077905,0.278985507,462,0,1322,1194
0.027997184764,1.000000000,0.525834658,0.555742109,0.279154079,462,0,1323,1193
0.028025224925,1.000000000,0.526232114,0.555406313,0.279322854,462,0,1324,1192
0.028076418376,1.000000000,0.526629571,0.555070517,0.279491833,462,0,1325,1191
0.028113624097,1.000000000,0.527027027,0.554734721,0.279661017,462,0,1326,1190
0.028145844676,1.000000000,0.527424483,0.554398925,0.279830406,462,0,1327,1189
0.028420649187,1.000000000,0.527821940,0.554063130,0.280000000,462,0,1328,1188
0.028520798034,1.000000000,0.528219396,0.553727334,0.280169800,462,0,1329,1187
0.028615043320,1.000000000,0.528616852,0.553391538,0.280339806,462,0,1330,1186
0.028634203869,1.000000000,0.529014308,0.553055742,0.280510018,462,0,1331,1185
0.028853709554,1.000000000,0.529411765,0.552719946,0.280680437,462,0,1332,1184
0.028930199451,1.000000000,0.529809221,0.552384150,0.280851064,462,0,1333,1183
0.028947443750,1.000000000,0.530206677,0.552048355,0.281021898,462,0,1334,1182
0.029127084835,1.000000000,0.530604134,0.551712559,0.281192940,462,0,1335,1181
0.029138902816,1.000000000,0.531001590,0.551376763,0.281364190,462,0,1336,1180
0.029172205203,1.000000000,0.531399046,0.551040967,0.281535649,462,0,1337,1179
0.029333411503,1.000000000,0.531796502,0.550705171,0.281707317,462,0,1338,1178
0.029347076210,1.000000000,0.532193959,0.550369375,0.281879195,462,0,1339,1177
0.029384058161,1.000000000,0.532591415,0.550033580,0.282051282,462,0,1340,1176
0.029415660627,1.000000000,0.532988871,0.549697784,0.282223580,462,0,1341,1175
0.029540303094,1.000000000,0.533386328,0.549361988,0.282396088,462,0,1342,1174
0.029566617299,1.000000000,0.533783784,0.549026192,0.282568807,462,0,1343,1173
0.029582516024,1.000000000,0.534181240,0.548690396,0.282741738,462,0,1344,1172
0.029591589246,1.000000000,0.534578696,0.548354600,0.282914881,462,0,1345,1171
0.029631324000,1.000000000,0.534976153,0.548018805,0.283088235,462,0,1346,1170
0.029711732070,1.000000000,0.535373609,0.547683009,0.283261803,462,0,1347,1169
0.029916629617,1.000000000,0.535771065,0.547347213,0.283435583,462,0,1348,1168
0.030039887634,1.000000000,0.536168521,0.547011417,0.283609576,462,0,1349,1167
0.030192293683,1.000000000,0.536565978,0.546675621,0.283783784,462,0,1350,1166
0.030196826404,1.000000000,0.536963434,0.546339825,0.283958205,462,0,1351,1165
0.030265663949,1.000000000,0.537360890,0.546004030,0.284132841,462,0,1352,1164
0.030445783687,1.000000000,0.537758347,0.545668234,0.284307692,462,0,1353,1163
0.030468207277,1.000000000,0.538155803,0.545332438,0.284482759,462,0,1354,1162
0.030470732458,1.000000000,0.538553259,0.544996642,0.284658041,462,0,1355,1161
0.030527613109,1.000000000,0.538950715,0.544660846,0.284833539,462,0,1356,1160
0.030741410329,1.000000000,0.539348172,0.544325050,0.285009254,462,0,1357,1159
0.030869229736,1.000000000,0.539745628,0.543989255,0.285185185,462,0,1358,1158
0.031035604103,1.000000000,0.540143084,0.543653459,0.285361334,462,0,1359,1157
0.031054135336,1.000000000,0.540540541,0.543317663,0.285537701,462,0,1360,1156
0.031092677621,1.000000000,0.540937997,0.542981867,0.285714286,462,0,1361,1155
0.031245717178,1.000000000,0.541335453,0.542646071,0.285891089,462,0,1362,1154
0.031272380769,1.000000000,0.541732909,0.542310275,0.286068111,462,0,1363,1153
0.031314529151,1.000000000,0.542130366,0.541974480,0.286245353,462,0,1364,1152
0.031365950159,1.000000000,0.542527822,0.541638684,0.286422815,462,0,1365,1151
0.031377100139,1.000000000,0.542925278,0.541302888,0.286600496,462,0,1366,1150
0.031408722817,1.000000000,0.543322734,0.540967092,0.286778399,462,0,1367,1149
0.031480779259,1.000000000,0.543720191,0.540631296,0.286956522,462,0,1368,1148
0.031526553676,1.000000000,0.544117647,0.540295500,0.287134866,462,0,1369,1147
0.031601138369,1.000000000,0.544515103,0.539959704,0.287313433,462,0,1370,1146
0.031667216669,1.000000000,0.544912560,0.539623909,0.287492222,462,0,1371,1145
0.031749132975,1.000000000,0.545310016,0.539288113,0.287671233,462,0,1372,1144
0.031827413394,1.000000000,0.545707472,0.538952317,0.287850467,462,0,1373,1143
0.031972249283,1.000000000,0.546104928,0.538616521,0.288029925,462,0,1374,1142
0.032127166842,1.000000000,0.546502385,0.538280725,0.288209607,462,0,1375,1141
0.032180209145,1.000000000,0.546899841,0.537944929,0.288389513,462,0,1376,1140
0.032379034773,1.000000000,0.547297297,0.537609134,0.288569644,462,0,1377,1139
0.032670635734,1.000000000,0.547694754,0.537273338,0.288750000,462,0,1378,1138
0.032720374783,1.000000000,0.548092210,0.536937542,0.288930582,462,0,1379,1137
0.032726185757,1.000000000,0.548489666,0.536601746,0.289111389,462,0,1380,1136
0.032824111599,1.000000000,0.548887122,0.536265950,0.289292423,462,0,1381,1135
0.032870781195,1.000000000,0.549284579,0.535930154,0.289473684,462,0,1382,1134
0.032876603497,1.000000000,0.549682035,0.535594359,0.289655172,462,0,1383,1133
0.033021326874,1.000000000,0.550079491,0.535258563,0.289836888,462,0,1384,1132
0.033059996475,1.000000000,0.550476948,0.534922767,0.290018832,462,0,1385,1131
0.033063157319,1.000000000,0.550874404,0.534586971,0.290201005,462,0,1386,1130
0.033117336503,1.000000000,0.551271860,0.534251175,0.290383407,462,0,1387,1129
0.033167598229,1.000000000,0.551669316,0.533915379,0.290566038,462,0,1388,1128
0.033292942516,1.000000000,0.552066773,0.533579584,0.290748899,462,0,1389,1127
0.033371580562,1.000000000,0.552464229,0.533243788,0.290931990,462,0,1390,1126
0.033560099466,1.000000000,0.552861685,0.532907992,0.291115312,462,0,1391,1125
0.033622108272,1.000000000,0.553259141,0.532572196,0.291298865,462,0,1392,1124
0.033631439611,1.000000000,0.553656598,0.532236400,0.291482650,462,0,1393,1123
0.033635323745,1.000000000,0.554054054,0.531900604,0.291666667,462,0,1394,1122
0.033883596397,1.000000000,0.554451510,0.531564809,0.291850916,462,0,1395,1121
0.033884161247,1.000000000,0.554848967,0.531229013,0.292035398,462,0,1396,1120
0.034089595174,1.000000000,0.555246423,0.530893217,0.292220114,462,0,1397,1119
0.034092996417,1.000000000,0.555643879,0.530557421,0.292405063,462,0,1398,1118
0.034222657240,1.000000000,0.556041335,0.530221625,0.292590247,462,0,1399,1117
0.034315191425,1.000000000,0.556438792,0.529885829,0.292775665,462,0,1400,1116
0.034598899218,1.000000000,0.556836248,0.529550034,0.292961319,462,0,1401,1115
0.034848364226,1.000000000,0.557233704,0.529214238,0.293147208,462,0,1402,1114
0.034866668418,1.000000000,0.557631161,0.528878442,0.293333333,462,0,1403,1113
0.035012150907,1.000000000,0.558028617,0.528542646,0.293519695,462,0,1404,1112
0.035142266027,1.000000000,0.558426073,0.528206850,0.293706294,462,0,1405,1111
0.035217516264,1.000000000,0.558823529,0.527871054,0.293893130,462,0,1406,1110
0.035302007480,1.000000000,0.559220986,0.527535259,0.294080204,462,0,1407,1109
0.035339244624,1.000000000,0.559618442,0.527199463,0.294267516,462,0,1408,1108
0.035385349073,1.000000000,0.560015898,0.526863667,0.294455067,462,0,1409,1107
0.035850375884,1.000000000,0.560413355,0.526527871,0.294642857,462,0,1410,1106
0.035998995056,1.000000000,0.560810811,0.526192075,0.294830887,462,0,1411,1105
0.036209305452,1.000000000,0.561208267,0.525856279,0.295019157,462,0,1412,1104
0.036349285837,1.000000000,0.561605723,0.525520484,0.295207668,462,0,1413,1103
0.036431622490,1.000000000,0.562003180,0.525184688,0.295396419,462,0,1414,1102
0.036443686425,1.000000000,0.562400636,0.524848892,0.295585413,462,0,1415,1101
0.036572009168,1.000000000,0.562798092,0.524513096,0.295774648,462,0,1416,1100
0.036621160185,1.000000000,0.563195548,0.524177300,0.295964126,462,0,1417,1099
0.036682414687,1.000000000,0.563593005,0.523841504,0.296153846,462,0,1418,1098
0.036691356024,1.000000000,0.563990461,0.523505709,0.296343810,462,0,1419,1097
0.036824239462,1.000000000,0.564387917,0.523169913,0.296534018,462,0,1420,1096
0.036848720513,1.000000000,0.564785374,0.522834117,0.296724470,462,0,1421,1095
0.036992143376,1.000000000,0.565182830,0.522498321,0.296915167,462,0,1422,1094
0.037123929037,1.000000000,0.565580286,0.522162525,0.297106109,462,0,1423,1093
0.037193891567,1.000000000,0.565977742,0.521826729,0.297297297,462,0,1424,1092
0.037205352597,1.000000000,0.566375199,0.521490934,0.297488731,462,0,1425,1091
0.037248895333,1.000000000,0.566772655,0.521155138,0.297680412,462,0,1426,1090
0.037349066256,1.000000000,0.567170111,0.520819342,0.297872340,462,0,1427,1089
0.037423478037,1.000000000,0.567567568,0.520483546,0.298064516,462,0,1428,1088
0.037516169425,1.000000000,0.567965024,0.520147750,0.298256940,462,0,1429,1087
0.037517923529,1.000000000,0.568362480,0.519811954,0.298449612,462,0,1430,1086
0.037522328750,1.000000000,0.568759936,0.519476158,0.298642534,462,0,1431,1085
0.037611169661,1.000000000,0.569157393,0.519140363,0.298835705,462,0,1432,1084
0.037627413316,1.000000000,0.569554849,0.518804567,0.299029126,462,0,1433,1083
0.037792478784,1.000000000,0.569952305,0.518468771,0.299222798,462,0,1434,1082
0.037797766977,1.000000000,0.570349762,0.518132975,0.299416721,462,0,1435,1081
0.037981933483,1.000000000,0.570747218,0.517797179,0.299610895,462,0,1436,1080
0.038046962118,1.000000000,0.571144674,0.517461383,0.299805321,462,0,1437,1079
0.038086769795,1.000000000,0.571542130,0.517125588,0.300000000,462,0,1438,1078
0.038090676221,1.000000000,0.571939587,0.516789792,0.300194932,462,0,1439,1077
0.038127670463,1.000000000,0.572337043,0.516453996,0.300390117,462,0,1440,1076
0.038145958066,1.000000000,0.572734499,0.516118200,0.300585556,462,0,1441,1075
0.038148038787,1.000000000,0.573131955,0.515782404,0.300781250,462,0,1442,1074
0.038418068308,1.000000000,0.573529412,0.515446608,0.300977199,462,0,1443,1073
0.038620948482,1.000000000,0.573926868,0.515110813,0.301173403,462,0,1444,1072
0.038657441564,1.000000000,0.574324324,0.514775017,0.301369863,462,0,1445,1071
0.038775426882,1.000000000,0.574721781,0.514439221,0.301566580,462,0,1446,1070
0.038795246933,1.000000000,0.575119237,0.514103425,0.301763553,462,0,1447,1069
0.039875128194,1.000000000,0.575516693,0.513767629,0.301960784,462,0,1448,1068
0.039902484703,1.000000000,0.575914149,0.513431833,0.302158273,462,0,1449,1067
0.039938111935,1.000000000,0.576311606,0.513096038,0.302356021,462,0,1450,1066
0.040111617994,1.000000000,0.576709062,0.512760242,0.302554028,462,0,1451,1065
0.040150280402,1.000000000,0.577106518,0.512424446,0.302752294,462,0,1452,1064
0.040193000837,1.000000000,0.577503975,0.512088650,0.302950820,462,0,1453,1063
0.040322274234,1.000000000,0.577901431,0.511752854,0.303149606,462,0,1454,1062
0.040374399153,1.000000000,0.578298887,0.511417058,0.303348654,462,0,1455,1061
0.040419382616,1.000000000,0.578696343,0.511081263,0.303547963,462,0,1456,1060
0.040627268974,1.000000000,0.579093800,0.510745467,0.303747535,462,0,1457,1059
0.040635529070,1.000000000,0.579491256,0.510409671,0.303947368,462,0,1458,1058
0.040685765285,1.000000000,0.579888712,0.510073875,0.304147465,462,0,1459,1057
0.040738585363,1.000000000,0.580286169,0.509738079,0.304347826,462,0,1460,1056
0.040919487261,1.000000000,0.580683625,0.509402283,0.304548451,462,0,1461,1055
0.040943646606,1.000000000,0.581081081,0.509066488,0.304749340,462,0,1462,1054
0.041202524664,1.000000000,0.581478537,0.508730692,0.304950495,462,0,1463,1053
0.041434255751,1.000000000,0.581875994,0.508394896,0.305151915,462,0,1464,1052
0.042030412293,1.000000000,0.582273450,0.508059100,0.305353602,462,0,1465,1051
0.042086172573,1.000000000,0.582670906,0.507723304,0.305555556,462,0,1466,1050
0.042152025318,1.000000000,0.583068362,0.507387508,0.305757776,462,0,1467,1049
0.042251287936,1.000000000,0.583465819,0.507051713,0.305960265,462,0,1468,1048
0.042395930173,1.000000000,0.583863275,0.506715917,0.306163022,462,0,1469,1047
0.042474818664,1.000000000,0.584260731,0.506380121,0.306366048,462,0,1470,1046
0.042554263660,1.000000000,0.584658188,0.506044325,0.306569343,462,0,1471,1045
0.042596253734,1.000000000,0.585055644,0.505708529,0.306772908,462,0,1472,1044
0.042643441358,1.000000000,0.585453100,0.505372733,0.306976744,462,0,1473,1043
0.042838228897,1.000000000,0.585850556,0.505036938,0.307180851,462,0,1474,1042
0.042906389670,1.000000000,0.586248013,0.504701142,0.307385230,462,0,1475,1041
0.043316598813,1.000000000,0.586645469,0.504365346,0.307589880,462,0,1476,1040
0.043680026902,1.000000000,0.587042925,0.504029550,0.307794803,462,0,1477,1039
0.043837388805,1.000000000,0.587440382,0.503693754,0.308000000,462,0,1478,1038
0.044241359102,1.000000000,0.587837838,0.503357958,0.308205470,462,0,1479,1037
0.044251701829,1.000000000,0.588235294,0.503022163,0.308411215,462,0,1480,1036
0.044305703319,1.000000000,0.588632750,0.502686367,0.308617234,462,0,1481,1035
0.044377426407,1.000000000,0.589030207,0.502350571,0.308823529,462,0,1482,1034
0.044393001533,1.000000000,0.589427663,0.502014775,0.309030100,462,0,1483,1033
0.044449872931,1.000000000,0.589825119,0.501678979,0.309236948,462,0,1484,1032
0.044456966696,1.000000000,0.590222576,0.501343183,0.309444072,462,0,1485,1031
0.044736291475,1.000000000,0.590620032,0.501007388,0.309651475,462,0,1486,1030
0.044811873156,1.000000000,0.591017488,0.500671592,0.309859155,462,0,1487,1029
0.044860127575,1.000000000,0.591414944,0.500335796,0.310067114,462,0,1488,1028
0.045128256293,1.000000000,0.591812401,0.500000000,0.310275353,462,0,1489,1027
0.045241192635,1.000000000,0.592209857,0.499664204,0.310483871,462,0,1490,1026
0.045363766037,1.000000000,0.592607313,0.499328408,0.310692670,462,0,1491,1025
0.045462439019,1.000000000,0.593004769,0.498992612,0.310901750,462,0,1492,1024
0.045573609882,1.000000000,0.593402226,0.498656817,0.311111111,462,0,1493,1023
0.045625336847,1.000000000,0.593799682,0.498321021,0.311320755,462,0,1494,1022
0.045650173387,1.000000000,0.594197138,0.497985225,0.311530681,462,0,1495,1021
0.045653872905,1.000000000,0.594594595,0.497649429,0.311740891,462,0,1496,1020
0.045664615070,1.000000000,0.594992051,0.497313633,0.311951384,462,0,1497,1019
0.045867262473,1.000000000,0.595389507,0.496977837,0.312162162,462,0,1498,1018
0.046075684121,1.000000000,0.595786963,0.496642042,0.312373225,462,0,1499,1017
0.046162346960,1.000000000,0.596184420,0.496306246,0.312584574,462,0,1500,1016
0.046408539382,1.000000000,0.596581876,0.495970450,0.312796209,462,0,1501,1015
0.046586383658,1.000000000,0.596979332,0.495634654,0.313008130,462,0,1502,1014
0.046876197034,1.000000000,0.597376789,0.495298858,0.313220339,462,0,1503,1013
0.046994212513,1.000000000,0.597774245,0.494963062,0.313432836,462,0,1504,1012
0.047089593466,1.000000000,0.598171701,0.494627267,0.313645621,462,0,1505,1011
0.047292015410,1.000000000,0.598569157,0.494291471,0.313858696,462,0,1506,1010
0.047375561433,1.000000000,0.598966614,0.493955675,0.314072060,462,0,1507,1009
0.047508455140,1.000000000,0.599364070,0.493619879,0.314285714,462,0,1508,1008
0.047565574266,1.000000000,0.599761526,0.493284083,0.314499660,462,0,1509,1007
0.047603735924,1.000000000,0.600158983,0.492948287,0.314713896,462,0,1510,1006
0.047667272816,0.997835498,0.600158983,0.492612492,0.314246762,461,1,1510,1006
0.047866563042,0.997835498,0.600556439,0.492276696,0.314461119,461,1,1511,1005
0.047945547241,0.997835498,0.600953895,0.491940900,0.314675768,461,1,1512,1004
0.048007928537,0.995670996,0.600953895,0.491605104,0.314207650,460,2,1512,1004
0.048239174719,0.995670996,0.601351351,0.491269308,0.314422420,460,2,1513,1003
0.048269302969,0.995670996,0.601748808,0.490933512,0.314637483,460,2,1514,1002
0.048306659415,0.995670996,0.602146264,0.490597717,0.314852841,460,2,1515,1001
0.048431699433,0.995670996,0.602543720,0.490261921,0.315068493,460,2,1516,1000
0.048456535128,0.995670996,0.602941176,0.489926125,0.315284441,460,2,1517,999
0.048806002125,0.995670996,0.603338633,0.489590329,0.315500686,460,2,1518,998
0.048846685213,0.995670996,0.603736089,0.489254533,0.315717227,460,2,1519,997
0.049056788780,0.995670996,0.604133545,0.488918737,0.315934066,460,2,1520,996
0.049059601677,0.995670996,0.604531002,0.488582942,0.316151203,460,2,1521,995
0.049112987804,0.995670996,0.604928458,0.488247146,0.316368638,460,2,1522,994
0.049127323350,0.995670996,0.605325914,0.487911350,0.316586373,460,2,1523,993
0.049158715151,0.993506494,0.605325914,0.487575554,0.316115702,459,3,1523,993
0.049227963229,0.993506494,0.605723370,0.487239758,0.316333563,459,3,1524,992
0.049266560596,0.993506494,0.606120827,0.486903962,0.316551724,459,3,1525,991
0.049380650472,0.993506494,0.606518283,0.486568167,0.316770186,459,3,1526,990
0.049491254784,0.993506494,0.606915739,0.486232371,0.316988950,459,3,1527,989
0.049623350087,0.993506494,0.607313196,0.485896575,0.317208017,459,3,1528,988
0.049915994309,0.993506494,0.607710652,0.485560779,0.317427386,459,3,1529,987
0.049976810150,0.993506494,0.608108108,0.485224983,0.317647059,459,3,1530,986
0.050255065012,0.993506494,0.608505564,0.484889187,0.317867036,459,3,1531,985
0.050462419396,0.993506494,0.608903021,0.484553392,0.318087318,459,3,1532,984
0.050648956966,0.993506494,0.609300477,0.484217596,0.318307906,459,3,1533,983
0.050701620407,0.993506494,0.609697933,0.483881800,0.318528799,459,3,1534,982
0.050868770095,0.993506494,0.610095390,0.483546004,0.318750000,459,3,1535,981
0.051013988214,0.993506494,0.610492846,0.483210208,0.318971508,459,3,1536,980
0.051056827319,0.993506494,0.610890302,0.482874412,0.319193324,459,3,1537,979
0.051096461393,0.993506494,0.611287758,0.482538617,0.319415449,459,3,1538,978
0.051126859153,0.993506494,0.611685215,0.482202821,0.319637883,459,3,1539,977
0.051245129378,0.993506494,0.612082671,0.481867025,0.319860627,459,3,1540,976
0.051658321707,0.993506494,0.612480127,0.481531229,0.320083682,459,3,1541,975
0.051876020550,0.993506494,0.612877583,0.481195433,0.320307048,459,3,1542,974
0.051905661470,0.993506494,0.613275040,0.480859637,0.320530726,459,3,1543,973
0.052197759173,0.993506494,0.613672496,0.480523842,0.320754717,459,3,1544,972
0.052246008680,0.993506494,0.614069952,0.480188046,0.320979021,459,3,1545,971
0.052493953256,0.993506494,0.614467409,0.479852250,0.321203639,459,3,1546,970
0.053009191602,0.993506494,0.614864865,0.479516454,0.321428571,459,3,1547,969
0.053087239025,0.993506494,0.615262321,0.479180658,0.321653819,459,3,1548,968
0.053109996217,0.993506494,0.615659777,0.478844862,0.321879383,459,3,1549,967
0.053193038543,0.993506494,0.616057234,0.478509066,0.322105263,459,3,1550,966
0.053273166331,0.993506494,0.616454690,0.478173271,0.322331461,459,3,1551,965
0.053336440121,0.993506494,0.616852146,0.477837475,0.322557976,459,3,1552,964
0.053353138010,0.993506494,0.617249603,0.477501679,0.322784810,459,3,1553,963
0.053513345555,0.993506494,0.617647059,0.477165883,0.323011963,459,3,1554,962
0.053726889082,0.993506494,0.618044515,0.476830087,0.323239437,459,3,1555,961
0.054422451122,0.993506494,0.618441971,0.476494291,0.323467230,459,3,1556,960
0.054450310515,0.993506494,0.618839428,0.476158496,0.323695346,459,3,1557,959
0.054522643883,0.993506494,0.619236884,0.475822700,0.323923783,459,3,1558,958
0.054804460662,0.993506494,0.619634340,0.475486904,0.324152542,459,3,1559,957
0.054919535634,0.993506494,0.620031797,0.475151108,0.324381625,459,3,1560,956
0.055041723982,0.993506494,0.620429253,0.474815312,0.324611033,459,3,1561,955
0.055419821408,0.993506494,0.620826709,0.474479516,0.324840764,459,3,1562,954
0.055480296501,0.993506494,0.621224165,0.474143721,0.325070822,459,3,1563,953
0.055988275374,0.993506494,0.621621622,0.473807925,0.325301205,459,3,1564,952
0.056038778678,0.993506494,0.622019078,0.473472129,0.325531915,459,3,1565,951
0.056080317170,0.993506494,0.622416534,0.473136333,0.325762952,459,3,1566,950
0.056103053368,0.993506494,0.622813990,0.472800537,0.325994318,459,3,1567,949
0.056178299007,0.993506494,0.623211447,0.472464741,0.326226013,459,3,1568,948
0.056197720402,0.993506494,0.623608903,0.472128946,0.326458037,459,3,1569,947
0.056506848637,0.993506494,0.624006359,0.471793150,0.326690391,459,3,1570,946
0.056901813047,0.993506494,0.624403816,0.471457354,0.326923077,459,3,1571,945
0.056936159975,0.993506494,0.624801272,0.471121558,0.327156094,459,3,1572,944
0.057045594177,0.993506494,0.625198728,0.470785762,0.327389444,459,3,1573,943
0.057097663146,0.993506494,0.625596184,0.470449966,0.327623126,459,3,1574,942
0.057298676898,0.993506494,0.625993641,0.470114171,0.327857143,459,3,1575,941
0.057331364772,0.993506494,0.626391097,0.469778375,0.328091494,459,3,1576,940
0.057397116565,0.993506494,0.626788553,0.469442579,0.328326180,459,3,1577,939
0.057489594162,0.993506494,0.627186010,0.469106783,0.328561203,459,3,1578,938
0.057669309955,0.993506494,0.627583466,0.468770987,0.328796562,459,3,1579,937
0.057752821331,0.993506494,0.627980922,0.468435191,0.329032258,459,3,1580,936
0.057766370000,0.993506494,0.628378378,0.468099396,0.329268293,459,3,1581,935
0.057844584843,0.993506494,0.628775835,0.467763600,0.329504666,459,3,1582,934
0.058301575453,0.993506494,0.629173291,0.467427804,0.329741379,459,3,1583,933
0.058628797631,0.993506494,0.629570747,0.467092008,0.329978433,459,3,1584,932
0.059051484498,0.993506494,0.629968203,0.466756212,0.330215827,459,3,1585,931
0.059270093821,0.993506494,0.630365660,0.466420416,0.330453564,459,3,1586,930
0.059284955452,0.993506494,0.630763116,0.466084621,0.330691643,459,3,1587,929
0.059481559635,0.993506494,0.631160572,0.465748825,0.330930065,459,3,1588,928
0.059599675635,0.993506494,0.631558029,0.465413029,0.331168831,459,3,1589,927
0.059626089684,0.993506494,0.631955485,0.465077233,0.331407942,459,3,1590,926
0.059722635426,0.993506494,0.632352941,0.464741437,0.331647399,459,3,1591,925
0.059768793230,0.993506494,0.632750397,0.464405641,0.331887202,459,3,1592,924
0.059857343436,0.993506494,0.633147854,0.464069846,0.332127352,459,3,1593,923
0.059879885811,0.993506494,0.633545310,0.463734050,0.332367849,459,3,1594,922
0.059945285602,0.993506494,0.633942766,0.463398254,0.332608696,459,3,1595,921
0.060169195466,0.993506494,0.634340223,0.463062458,0.332849891,459,3,1596,920
0.060186399662,0.993506494,0.634737679,0.462726662,0.333091437,459,3,1597,919
0.060282476991,0.993506494,0.635135135,0.462390866,0.333333333,459,3,1598,918
0.060325768066,0.993506494,0.635532591,0.462055071,0.333575581,459,3,1599,917
0.060395580127,0.993506494,0.635930048,0.461719275,0.333818182,459,3,1600,916
0.060597704109,0.993506494,0.636327504,0.461383479,0.334061135,459,3,1601,915
0.060691224928,0.993506494,0.636724960,0.461047683,0.334304443,459,3,1602,914
0.060943398283,0.993506494,0.637122417,0.460711887,0.334548105,459,3,1603,913
0.061129206094,0.993506494,0.637519873,0.460376091,0.334792123,459,3,1604,912
0.061647791110,0.993506494,0.637917329,0.460040296,0.335036496,459,3,1605,911
0.061799444197,0.993506494,0.638314785,0.459704500,0.335281227,459,3,1606,910
0.061815666887,0.993506494,0.638712242,0.459368704,0.335526316,459,3,1607,909
0.061998556114,0.993506494,0.639109698,0.459032908,0.335771763,459,3,1608,908
0.062063582404,0.993506494,0.639507154,0.458697112,0.336017570,459,3,1609,907
0.062066492160,0.991341991,0.639507154,0.458361316,0.335531136,458,4,1609,907
0.062199059727,0.991341991,0.639904610,0.458025520,0.335777126,458,4,1610,906
0.062252373243,0.991341991,0.640302067,0.457689725,0.336023478,458,4,1611,905
0.062532519794,0.991341991,0.640699523,0.457353929,0.336270191,458,4,1612,904
0.062565727189,0.991341991,0.641096979,0.457018133,0.336517267,458,4,1613,903
0.062647375636,0.991341991,0.641494436,0.456682337,0.336764706,458,4,1614,902
0.063220837978,0.991341991,0.641891892,0.456346541,0.337012509,458,4,1615,901
0.063228213176,0.991341991,0.642289348,0.456010745,0.337260677,458,4,1616,900
0.063248593470,0.991341991,0.642686804,0.455674950,0.337509211,458,4,1617,899
0.063387954281,0.991341991,0.643084261,0.455339154,0.337758112,458,4,1618,898
0.063505675438,0.991341991,0.643481717,0.455003358,0.338007380,458,4,1619,897
0.063543909358,0.991341991,0.643879173,0.454667562,0.338257016,458,4,1620,896
0.063546320352,0.991341991,0.644276630,0.454331766,0.338507021,458,4,1621,895
0.063576475954,0.991341991,0.644674086,0.453995970,0.338757396,458,4,1622,894
0.063691436561,0.991341991,0.645071542,0.453660175,0.339008142,458,4,1623,893
0.063834645244,0.991341991,0.645468998,0.453324379,0.339259259,458,4,1624,892
0.064062378492,0.991341991,0.645866455,0.452988583,0.339510749,458,4,1625,891
0.064337480182,0.991341991,0.646263911,0.452652787,0.339762611,458,4,1626,890
0.064541024080,0.989177489,0.646263911,0.452316991,0.339272457,457,5,1626,890
0.064807079380,0.989177489,0.646661367,0.451981195,0.339524517,457,5,1627,889
0.064814870610,0.989177489,0.647058824,0.451645400,0.339776952,457,5,1628,888
0.065200751282,0.989177489,0.647456280,0.451309604,0.340029762,457,5,1629,887
0.065233874969,0.989177489,0.647853736,0.450973808,0.340282949,457,5,1630,886
0.065436777346,0.989177489,0.648251192,0.450638012,0.340536513,457,5,1631,885
0.065448097888,0.989177489,0.648648649,0.450302216,0.340790455,457,5,1632,884
0.065646367101,0.989177489,0.649046105,0.449966420,0.341044776,457,5,1633,883
0.065659286268,0.989177489,0.649443561,0.449630625,0.341299477,457,5,1634,882
0.065749313287,0.989177489,0.649841017,0.449294829,0.341554559,457,5,1635,881
0.065756175294,0.989177489,0.650238474,0.448959033,0.341810022,457,5,1636,880
0.066025446802,0.989177489,0.650635930,0.448623237,0.342065868,457,5,1637,879
0.066113304382,0.989177489,0.651033386,0.448287441,0.342322097,457,5,1638,878
0.066136649600,0.989177489,0.651430843,0.447951645,0.342578711,457,5,1639,877
0.066165584444,0.989177489,0.651828299,0.447615850,0.342835709,457,5,1640,876
0.066278621919,0.989177489,0.652225755,0.447280054,0.343093093,457,5,1641,875
0.066396640282,0.989177489,0.652623211,0.446944258,0.343350864,457,5,1642,874
0.066538678324,0.989177489,0.653020668,0.446608462,0.343609023,457,5,1643,873
0.066623660747,0.989177489,0.653418124,0.446272666,0.343867570,457,5,1644,872
0.066706656599,0.989177489,0.653815580,0.445936870,0.344126506,457,5,1645,871
0.066871530672,0.989177489,0.654213037,0.445601075,0.344385833,457,5,1646,870
0.067058955619,0.989177489,0.654610493,0.445265279,0.344645551,457,5,1647,869
0.067136264075,0.989177489,0.655007949,0.444929483,0.344905660,457,5,1648,868
0.067519914162,0.989177489,0.655405405,0.444593687,0.345166163,457,5,1649,867
0.067598808392,0.989177489,0.655802862,0.444257891,0.345427060,457,5,1650,866
0.068070681768,0.989177489,0.656200318,0.443922095,0.345688351,457,5,1651,865
0.068143176006,0.989177489,0.656597774,0.443586300,0.345950038,457,5,1652,864
0.068263544472,0.987012987,0.656597774,0.443250504,0.345454545,456,6,1652,864
0.068542572207,0.987012987,0.656995231,0.442914708,0.345716452,456,6,1653,863
0.068647197227,0.987012987,0.657392687,0.442578912,0.345978756,456,6,1654,862
0.069147793202,0.987012987,0.657790143,0.442243116,0.346241458,456,6,1655,861
0.069243778468,0.987012987,0.658187599,0.441907320,0.346504559,456,6,1656,860
0.069351252296,0.987012987,0.658585056,0.441571525,0.346768061,456,6,1657,859
0.069646700681,0.987012987,0.658982512,0.441235729,0.347031963,456,6,1658,858
0.069892393394,0.987012987,0.659379968,0.440899933,0.347296268,456,6,1659,857
0.069901709719,0.987012987,0.659777424,0.440564137,0.347560976,456,6,1660,856
0.070251306934,0.987012987,0.660174881,0.440228341,0.347826087,456,6,1661,855
0.070430101774,0.987012987,0.660572337,0.439892545,0.348091603,456,6,1662,854
0.070438082400,0.987012987,0.660969793,0.439556749,0.348357525,456,6,1663,853
0.070584211353,0.987012987,0.661367250,0.439220954,0.348623853,456,6,1664,852
0.070720343709,0.987012987,0.661764706,0.438885158,0.348890589,456,6,1665,851
0.070750921630,0.987012987,0.662162162,0.438549362,0.349157734,456,6,1666,850
0.070758370716,0.987012987,0.662559618,0.438213566,0.349425287,456,6,1667,849
0.070761723320,0.987012987,0.662957075,0.437877770,0.349693252,456,6,1668,848
0.070812543482,0.987012987,0.663354531,0.437541974,0.349961627,456,6,1669,847
0.070845060404,0.987012987,0.663751987,0.437206179,0.350230415,456,6,1670,846
0.071042749481,0.987012987,0.664149444,0.436870383,0.350499616,456,6,1671,845
0.071188016260,0.987012987,0.664546900,0.436534587,0.350769231,456,6,1672,844
0.071250162868,0.987012987,0.664944356,0.436198791,0.351039261,456,6,1673,843
0.071255024756,0.987012987,0.665341812,0.435862995,0.351309707,456,6,1674,842
0.071503892411,0.987012987,0.665739269,0.435527199,0.351580571,456,6,1675,841
0.071521000479,0.987012987,0.666136725,0.435191404,0.351851852,456,6,1676,840
0.071773286676,0.987012987,0.666534181,0.434855608,0.352123552,456,6,1677,839
0.072078421586,0.987012987,0.666931638,0.434519812,0.352395672,456,6,1678,838
0.072162484309,0.987012987,0.667329094,0.434184016,0.352668213,456,6,1679,837
0.073244748583,0.987012987,0.667726550,0.433848220,0.352941176,456,6,1680,836
0.073645286081,0.987012987,0.668124006,0.433512424,0.353214562,456,6,1681,835
0.073979974945,0.987012987,0.668521463,0.433176629,0.353488372,456,6,1682,834
0.074315865218,0.987012987,0.668918919,0.432840833,0.353762607,456,6,1683,833
0.074668193798,0.987012987,0.669316375,0.432505037,0.354037267,456,6,1684,832
0.074718241195,0.987012987,0.669713831,0.432169241,0.354312354,456,6,1685,831
0.074814331780,0.987012987,0.670111288,0.431833445,0.354587869,456,6,1686,830
0.075105262149,0.987012987,0.670508744,0.431497649,0.354863813,456,6,1687,829
0.076239711953,0.987012987,0.670906200,0.431161854,0.355140187,456,6,1688,828
0.076504025942,0.987012987,0.671303657,0.430826058,0.355416991,456,6,1689,827
0.076530803116,0.987012987,0.671701113,0.430490262,0.355694228,456,6,1690,826
0.076668595766,0.987012987,0.672098569,0.430154466,0.355971897,456,6,1691,825
0.076922947452,0.987012987,0.672496025,0.429818670,0.356250000,456,6,1692,824
0.076966507264,0.987012987,0.672893482,0.429482874,0.356528538,456,6,1693,823
0.077086412965,0.987012987,0.673290938,0.429147079,0.356807512,456,6,1694,822
0.077094019841,0.987012987,0.673688394,0.428811283,0.357086922,456,6,1695,821
0.077164575107,0.987012987,0.674085851,0.428475487,0.357366771,456,6,1696,820
0.077244407188,0.987012987,0.674483307,0.428139691,0.357647059,456,6,1697,819
0.078405515037,0.987012987,0.674880763,0.427803895,0.357927786,456,6,1698,818
0.078765952913,0.987012987,0.675278219,0.427468099,0.358208955,456,6,1699,817
0.078838245014,0.987012987,0.675675676,0.427132304,0.358490566,456,6,1700,816
0.079223266655,0.987012987,0.676073132,0.426796508,0.358772620,456,6,1701,815
0.079433740242,0.984848485,0.676073132,0.426460712,0.358267717,455,7,1701,815
0.079671337451,0.984848485,0.676470588,0.426124916,0.358550039,455,7,1702,814
0.079895386843,0.984848485,0.676868045,0.425789120,0.358832808,455,7,1703,813
0.079939675221,0.984848485,0.677265501,0.425453324,0.359116022,455,7,1704,812
0.080017270016,0.984848485,0.677662957,0.425117529,0.359399684,455,7,1705,811
0.080017392008,0.984848485,0.678060413,0.424781733,0.359683794,455,7,1706,810
0.080034968997,0.984848485,0.678457870,0.424445937,0.359968354,455,7,1707,809
0.080312502251,0.984848485,0.678855326,0.424110141,0.360253365,455,7,1708,808
0.080544135217,0.984848485,0.679252782,0.423774345,0.360538827,455,7,1709,807
0.080663312439,0.984848485,0.679650238,0.423438549,0.360824742,455,7,1710,806
0.080757453902,0.984848485,0.680047695,0.423102754,0.361111111,455,7,1711,805
0.080976864170,0.984848485,0.680445151,0.422766958,0.361397935,455,7,1712,804
0.081151673823,0.984848485,0.680842607,0.422431162,0.361685215,455,7,1713,803
0.081280438831,0.984848485,0.681240064,0.422095366,0.361972951,455,7,1714,802
0.081328517234,0.984848485,0.681637520,0.421759570,0.362261146,455,7,1715,801
0.081863366343,0.984848485,0.682034976,0.421423774,0.362549801,455,7,1716,800
0.082277224247,0.984848485,0.682432432,0.421087979,0.362838915,455,7,1717,799
0.082285284114,0.984848485,0.682829889,0.420752183,0.363128492,455,7,1718,798
0.082385800786,0.984848485,0.683227345,0.420416387,0.363418530,455,7,1719,797
0.082410101911,0.984848485,0.683624801,0.420080591,0.363709033,455,7,1720,796
0.082603394386,0.984848485,0.684022258,0.419744795,0.364000000,455,7,1721,795
0.082858033030,0.984848485,0.684419714,0.419408999,0.364291433,455,7,1722,794
0.083161378593,0.984848485,0.684817170,0.419073203,0.364583333,455,7,1723,793
0.083412548499,0.982683983,0.684817170,0.418737408,0.364073777,454,8,1723,793
0.083837313352,0.982683983,0.685214626,0.418401612,0.364365971,454,8,1724,792
0.083841514240,0.982683983,0.685612083,0.418065816,0.364658635,454,8,1725,791
0.084048263124,0.982683983,0.686009539,0.417730020,0.364951768,454,8,1726,790
0.084300327363,0.982683983,0.686406995,0.417394224,0.365245374,454,8,1727,789
0.084888531191,0.982683983,0.686804452,0.417058428,0.365539452,454,8,1728,788
0.085086199720,0.982683983,0.687201908,0.416722633,0.365834005,454,8,1729,787
0.085319533355,0.982683983,0.687599364,0.416386837,0.366129032,454,8,1730,786
0.085412391025,0.982683983,0.687996820,0.416051041,0.366424536,454,8,1731,785
0.085684929562,0.982683983,0.688394277,0.415715245,0.366720517,454,8,1732,784
0.085968928997,0.982683983,0.688791733,0.415379449,0.367016977,454,8,1733,783
0.086138223744,0.982683983,0.689189189,0.415043653,0.367313916,454,8,1734,782
0.086497603432,0.982683983,0.689586645,0.414707858,0.367611336,454,8,1735,781
0.086957253250,0.982683983,0.689984102,0.414372062,0.367909238,454,8,1736,780
0.086975786374,0.982683983,0.690381558,0.414036266,0.368207624,454,8,1737,779
0.087266883745,0.982683983,0.690779014,0.413700470,0.368506494,454,8,1738,778
0.087503209130,0.982683983,0.691176471,0.413364674,0.368805849,454,8,1739,777
0.087790540516,0.982683983,0.691573927,0.413028878,0.369105691,454,8,1740,776
0.088135541240,0.980519481,0.691573927,0.412693083,0.368592352,453,9,1740,776
0.088640639036,0.980519481,0.691971383,0.412357287,0.368892508,453,9,1741,775
0.088680639040,0.980519481,0.692368839,0.412021491,0.369193154,453,9,1742,774
0.088827690602,0.980519481,0.692766296,0.411685695,0.369494290,453,9,1743,773
0.089245970222,0.980519481,0.693163752,0.411349899,0.369795918,453,9,1744,772
0.089345751601,0.980519481,0.693561208,0.411014103,0.370098039,453,9,1745,771
0.089609997127,0.980519481,0.693958665,0.410678308,0.370400654,453,9,1746,770
0.089841924047,0.980519481,0.694356121,0.410342512,0.370703764,453,9,1747,769
0.090119967640,0.980519481,0.694753577,0.410006716,0.371007371,453,9,1748,768
0.090183347279,0.980519481,0.695151033,0.409670920,0.371311475,453,9,1749,767
0.090336369288,0.980519481,0.695548490,0.409335124,0.371616079,453,9,1750,766
0.090481129473,0.980519481,0.695945946,0.408999328,0.371921182,453,9,1751,765
0.090712703466,0.980519481,0.696343402,0.408663533,0.372226787,453,9,1752,764
0.090832545488,0.980519481,0.696740859,0.408327737,0.372532895,453,9,1753,763
0.090959327544,0.980519481,0.697138315,0.407991941,0.372839506,453,9,1754,762
0.090971924544,0.980519481,0.697535771,0.407656145,0.373146623,453,9,1755,761
0.091141689996,0.980519481,0.697933227,0.407320349,0.373454246,453,9,1756,760
0.091684696187,0.980519481,0.698330684,0.406984553,0.373762376,453,9,1757,759
0.091737178718,0.980519481,0.698728140,0.406648758,0.374071016,453,9,1758,758
0.092069931505,0.980519481,0.699125596,0.406312962,0.374380165,453,9,1759,757
0.092243777602,0.980519481,0.699523052,0.405977166,0.374689826,453,9,1760,756
0.092904119447,0.980519481,0.699920509,0.405641370,0.375000000,453,9,1761,755
0.093324274602,0.980519481,0.700317965,0.405305574,0.375310688,453,9,1762,754
0.093428076039,0.980519481,0.700715421,0.404969778,0.375621891,453,9,1763,753
0.093505916754,0.980519481,0.701112878,0.404633983,0.375933610,453,9,1764,752
0.093651055493,0.980519481,0.701510334,0.404298187,0.376245847,453,9,1765,751
0.093694024074,0.980519481,0.701907790,0.403962391,0.376558603,453,9,1766,750
0.094054526147,0.980519481,0.702305246,0.403626595,0.376871880,453,9,1767,749
0.094550995715,0.980519481,0.702702703,0.403290799,0.377185679,453,9,1768,748
0.095412907244,0.980519481,0.703100159,0.402955003,0.377500000,453,9,1769,747
0.095471236314,0.980519481,0.703497615,0.402619208,0.377814846,453,9,1770,746
0.095514677488,0.980519481,0.703895072,0.402283412,0.378130217,453,9,1771,745
0.095578279322,0.980519481,0.704292528,0.401947616,0.378446115,453,9,1772,744
0.095743765415,0.980519481,0.704689984,0.401611820,0.378762542,453,9,1773,743
0.096161337358,0.980519481,0.705087440,0.401276024,0.379079498,453,9,1774,742
0.096174389154,0.980519481,0.705484897,0.400940228,0.379396985,453,9,1775,741
0.097051246537,0.978354978,0.705484897,0.400604433,0.378876781,452,10,1775,741
0.097071758357,0.978354978,0.705882353,0.400268637,0.379194631,452,10,1776,740
0.097094583878,0.978354978,0.706279809,0.399932841,0.379513014,452,10,1777,739
0.097316875058,0.978354978,0.706677266,0.399597045,0.379831933,452,10,1778,738
0.097395552318,0.978354978,0.707074722,0.399261249,0.380151388,452,10,1779,737
0.097877620892,0.978354978,0.707472178,0.398925453,0.380471380,452,10,1780,736
0.097896960466,0.978354978,0.707869634,0.398589657,0.380791912,452,10,1781,735
0.098054116717,0.978354978,0.708267091,0.398253862,0.381112985,452,10,1782,734
0.098302689347,0.978354978,0.708664547,0.397918066,0.381434599,452,10,1783,733
0.098491064855,0.978354978,0.709062003,0.397582270,0.381756757,452,10,1784,732
0.098977381332,0.978354978,0.709459459,0.397246474,0.382079459,452,10,1785,731
0.099034036019,0.978354978,0.709856916,0.396910678,0.382402707,452,10,1786,730
0.099342014151,0.978354978,0.710254372,0.396574882,0.382726503,452,10,1787,729
0.099386550237,0.976190476,0.710254372,0.396239087,0.382203390,451,11,1787,729
0.099556887740,0.976190476,0.710651828,0.395903291,0.382527566,451,11,1788,728
0.099589108444,0.976190476,0.711049285,0.395567495,0.382852292,451,11,1789,727
0.099868033698,0.974025974,0.711049285,0.395231699,0.382327952,450,12,1789,727
0.100397106962,0.974025974,0.711446741,0.394895903,0.382653061,450,12,1790,726
0.100408712222,0.974025974,0.711844197,0.394560107,0.382978723,450,12,1791,725
0.100483349946,0.974025974,0.712241653,0.394224312,0.383304940,450,12,1792,724
0.100560724127,0.974025974,0.712639110,0.393888516,0.383631714,450,12,1793,723
0.101008512125,0.974025974,0.713036566,0.393552720,0.383959044,450,12,1794,722
0.101028949933,0.974025974,0.713434022,0.393216924,0.384286934,450,12,1795,721
0.101333366979,0.974025974,0.713831479,0.392881128,0.384615385,450,12,1796,720
0.101458527397,0.974025974,0.714228935,0.392545332,0.384944397,450,12,1797,719
0.101474660169,0.974025974,0.714626391,0.392209537,0.385273973,450,12,1798,718
0.101537385446,0.974025974,0.715023847,0.391873741,0.385604113,450,12,1799,717
0.101761608439,0.974025974,0.715421304,0.391537945,0.385934820,450,12,1800,716
0.101771379545,0.974025974,0.715818760,0.391202149,0.386266094,450,12,1801,715
0.101898044701,0.974025974,0.716216216,0.390866353,0.386597938,450,12,1802,714
0.102429234319,0.974025974,0.716613672,0.390530557,0.386930353,450,12,1803,713
0.102639437667,0.974025974,0.717011129,0.390194762,0.387263339,450,12,1804,712
0.102729145350,0.974025974,0.717408585,0.389858966,0.387596899,450,12,1805,711
0.103035552691,0.974025974,0.717806041,0.389523170,0.387931034,450,12,1806,710
0.103144728000,0.974025974,0.718203498,0.389187374,0.388265746,450,12,1807,709
0.103226414677,0.974025974,0.718600954,0.388851578,0.388601036,450,12,1808,708
0.103291881353,0.974025974,0.718998410,0.388515782,0.388936906,450,12,1809,707
0.103419062897,0.974025974,0.719395866,0.388179987,0.389273356,450,12,1810,706
0.103522256251,0.974025974,0.719793323,0.387844191,0.389610390,450,12,1811,705
0.103679450805,0.974025974,0.720190779,0.387508395,0.389948007,450,12,1812,704
0.103802741368,0.974025974,0.720588235,0.387172599,0.390286210,450,12,1813,703
0.104224262124,0.974025974,0.720985692,0.386836803,0.390625000,450,12,1814,702
0.104862018345,0.974025974,0.721383148,0.386501007,0.390964379,450,12,1815,701
0.104914812467,0.974025974,0.721780604,0.386165212,0.391304348,450,12,1816,700
0.105001232833,0.974025974,0.722178060,0.385829416,0.391644909,450,12,1817,699
0.105101365592,0.974025974,0.722575517,0.385493620,0.391986063,450,12,1818,698
0.105577300584,0.974025974,0.722972973,0.385157824,0.392327812,450,12,1819,697
0.105705397951,0.974025974,0.723370429,0.384822028,0.392670157,450,12,1820,696
0.105796742320,0.974025974,0.723767886,0.384486232,0.393013100,450,12,1821,695
0.105801945112,0.974025974,0.724165342,0.384150437,0.393356643,450,12,1822,694
0.106242158725,0.974025974,0.724562798,0.383814641,0.393700787,450,12,1823,693
0.106466623741,0.974025974,0.724960254,0.383478845,0.394045534,450,12,1824,692
0.106563493100,0.974025974,0.725357711,0.383143049,0.394390885,450,12,1825,691
0.106875863740,0.974025974,0.725755167,0.382807253,0.394736842,450,12,1826,690
0.107116646322,0.974025974,0.726152623,0.382471457,0.395083406,450,12,1827,689
0.107350126967,0.974025974,0.726550079,0.382135662,0.395430580,450,12,1828,688
0.107560706051,0.971861472,0.726550079,0.381799866,0.394898857,449,13,1828,688
0.107984749314,0.971861472,0.726947536,0.381464070,0.395246479,449,13,1829,687
0.108596837154,0.971861472,0.727344992,0.381128274,0.395594714,449,13,1830,686
0.108648681722,0.971861472,0.727742448,0.380792478,0.395943563,449,13,1831,685
0.108718815316,0.971861472,0.728139905,0.380456682,0.396293027,449,13,1832,684
0.109260063409,0.971861472,0.728537361,0.380120887,0.396643110,449,13,1833,683
0.109544679876,0.971861472,0.728934817,0.379785091,0.396993811,449,13,1834,682
0.109614921576,0.971861472,0.729332273,0.379449295,0.397345133,449,13,1835,681
0.109700313545,0.971861472,0.729729730,0.379113499,0.397697077,449,13,1836,680
0.110018187391,0.969696970,0.729729730,0.378777703,0.397163121,448,14,1836,680
0.110396894345,0.969696970,0.730127186,0.378441907,0.397515528,448,14,1837,679
0.110492742054,0.969696970,0.730524642,0.378106111,0.397868561,448,14,1838,678
0.111081453235,0.969696970,0.730922099,0.377770316,0.398222222,448,14,1839,677
0.111269763607,0.969696970,0.731319555,0.377434520,0.398576512,448,14,1840,676
0.111714479811,0.969696970,0.731717011,0.377098724,0.398931434,448,14,1841,675
0.112020781340,0.969696970,0.732114467,0.376762928,0.399286988,448,14,1842,674
0.112072588879,0.969696970,0.732511924,0.376427132,0.399643176,448,14,1843,673
0.112132110038,0.969696970,0.732909380,0.376091336,0.400000000,448,14,1844,672
0.112793515275,0.969696970,0.733306836,0.375755541,0.400357462,448,14,1845,671
0.112836386668,0.969696970,0.733704293,0.375419745,0.400715564,448,14,1846,670
0.112871735872,0.969696970,0.734101749,0.375083949,0.401074306,448,14,1847,669
0.113043773937,0.969696970,0.734499205,0.374748153,0.401433692,448,14,1848,668
0.113205849690,0.969696970,0.734896661,0.374412357,0.401793722,448,14,1849,667
0.113221973506,0.969696970,0.735294118,0.374076561,0.402154399,448,14,1850,666
0.113399493353,0.969696970,0.735691574,0.373740766,0.402515723,448,14,1851,665
0.113478174582,0.969696970,0.736089030,0.373404970,0.402877698,448,14,1852,664
0.113965542321,0.969696970,0.736486486,0.373069174,0.403240324,448,14,1853,663
0.114214431249,0.969696970,0.736883943,0.372733378,0.403603604,448,14,1854,662
0.114377671336,0.969696970,0.737281399,0.372397582,0.403967538,448,14,1855,661
0.114408031816,0.969696970,0.737678855,0.372061786,0.404332130,448,14,1856,660
0.114543582779,0.969696970,0.738076312,0.371725991,0.404697380,448,14,1857,659
0.114707728998,0.969696970,0.738473768,0.371390195,0.405063291,448,14,1858,658
0.114991587080,0.969696970,0.738871224,0.371054399,0.405429864,448,14,1859,657
0.115289924783,0.969696970,0.739268680,0.370718603,0.405797101,448,14,1860,656
0.115374249077,0.969696970,0.739666137,0.370382807,0.406165005,448,14,1861,655
0.116215455686,0.967532468,0.739666137,0.370047011,0.405626134,447,15,1861,655
0.116298984640,0.967532468,0.740063593,0.369711216,0.405994550,447,15,1862,654
0.116367128754,0.967532468,0.740461049,0.369375420,0.406363636,447,15,1863,653
0.116659386003,0.967532468,0.740858506,0.369039624,0.406733394,447,15,1864,652
0.116877937979,0.967532468,0.741255962,0.368703828,0.407103825,447,15,1865,651
0.117088878115,0.967532468,0.741653418,0.368368032,0.407474932,447,15,1866,650
0.117226673395,0.967532468,0.742050874,0.368032236,0.407846715,447,15,1867,649
0.117508693961,0.967532468,0.742448331,0.367696441,0.408219178,447,15,1868,648
0.117732319297,0.967532468,0.742845787,0.367360645,0.408592322,447,15,1869,647
0.117898532821,0.967532468,0.743243243,0.367024849,0.408966148,447,15,1870,646
0.118208533719,0.967532468,0.743640700,0.366689053,0.409340659,447,15,1871,645
0.118629120522,0.967532468,0.744038156,0.366353257,0.409715857,447,15,1872,644
0.118774476038,0.967532468,0.744435612,0.366017461,0.410091743,447,15,1873,643
0.118873577561,0.967532468,0.744833068,0.365681666,0.410468320,447,15,1874,642
0.119287209129,0.967532468,0.745230525,0.365345870,0.410845588,447,15,1875,641
0.119419524454,0.967532468,0.745627981,0.365010074,0.411223551,447,15,1876,640
0.119423358474,0.967532468,0.746025437,0.364674278,0.411602210,447,15,1877,639
0.119521174289,0.967532468,0.746422893,0.364338482,0.411981567,447,15,1878,638
0.119795133316,0.967532468,0.746820350,0.364002686,0.412361624,447,15,1879,637
0.119944714180,0.967532468,0.747217806,0.363666891,0.412742382,447,15,1880,636
0.120058695775,0.965367965,0.747217806,0.363331095,0.412199630,446,16,1880,636
0.120194838771,0.965367965,0.747615262,0.362995299,0.412580944,446,16,1881,635
0.120210609519,0.965367965,0.748012719,0.362659503,0.412962963,446,16,1882,634
0.120792829057,0.965367965,0.748410175,0.362323707,0.413345690,446,16,1883,633
0.120842961138,0.965367965,0.748807631,0.361987911,0.413729128,446,16,1884,632
0.121863376792,0.965367965,0.749205087,0.361652116,0.414113278,446,16,1885,631
0.121937114517,0.965367965,0.749602544,0.361316320,0.414498141,446,16,1886,630
0.122012008283,0.965367965,0.750000000,0.360980524,0.414883721,446,16,1887,629
0.122058596398,0.965367965,0.750397456,0.360644728,0.415270019,446,16,1888,628
0.122137038743,0.965367965,0.750794913,0.360308932,0.415657036,446,16,1889,627
0.122688962487,0.965367965,0.751192369,0.359973136,0.416044776,446,16,1890,626
0.122977050562,0.965367965,0.751589825,0.359637340,0.416433240,446,16,1891,625
0.123013163018,0.965367965,0.751987281,0.359301545,0.416822430,446,16,1892,624
0.123267036493,0.965367965,0.752384738,0.358965749,0.417212348,446,16,1893,623
0.123288458110,0.965367965,0.752782194,0.358629953,0.417602996,446,16,1894,622
0.123626267664,0.965367965,0.753179650,0.358294157,0.417994377,446,16,1895,621
0.124039952642,0.965367965,0.753577107,0.357958361,0.418386492,446,16,1896,620
0.124433314977,0.965367965,0.753974563,0.357622565,0.418779343,446,16,1897,619
0.124794002697,0.965367965,0.754372019,0.357286770,0.419172932,446,16,1898,618
0.125628295756,0.965367965,0.754769475,0.356950974,0.419567262,446,16,1899,617
0.125739775935,0.965367965,0.755166932,0.356615178,0.419962335,446,16,1900,616
0.125948396947,0.965367965,0.755564388,0.356279382,0.420358153,446,16,1901,615
0.126677631791,0.965367965,0.755961844,0.355943586,0.420754717,446,16,1902,614
0.126712403195,0.965367965,0.756359300,0.355607790,0.421152030,446,16,1903,613
0.127064189253,0.965367965,0.756756757,0.355271995,0.421550095,446,16,1904,612
0.127092505743,0.965367965,0.757154213,0.354936199,0.421948912,446,16,1905,611
0.127189705755,0.965367965,0.757551669,0.354600403,0.422348485,446,16,1906,610
0.127473573426,0.965367965,0.757949126,0.354264607,0.422748815,446,16,1907,609
0.128214936800,0.965367965,0.758346582,0.353928811,0.423149905,446,16,1908,608
0.128304310386,0.965367965,0.758744038,0.353593015,0.423551757,446,16,1909,607
0.128665192572,0.965367965,0.759141494,0.353257220,0.423954373,446,16,1910,606
0.128749688848,0.965367965,0.759538951,0.352921424,0.424357755,446,16,1911,605
0.128889681532,0.965367965,0.759936407,0.352585628,0.424761905,446,16,1912,604
0.129298923852,0.965367965,0.760333863,0.352249832,0.425166826,446,16,1913,603
0.129380932083,0.965367965,0.760731320,0.351914036,0.425572519,446,16,1914,602
0.129398393558,0.965367965,0.761128776,0.351578240,0.425978988,446,16,1915,601
0.129521458913,0.965367965,0.761526232,0.351242445,0.426386233,446,16,1916,600
0.129539414578,0.965367965,0.761923688,0.350906649,0.426794258,446,16,1917,599
0.129614890689,0.965367965,0.762321145,0.350570853,0.427203065,446,16,1918,598
0.129873649397,0.965367965,0.762718601,0.350235057,0.427612656,446,16,1919,597
0.130464446001,0.965367965,0.763116057,0.349899261,0.428023033,446,16,1920,596
0.130503106002,0.965367965,0.763513514,0.349563465,0.428434198,446,16,1921,595
0.130529359650,0.965367965,0.763910970,0.349227670,0.428846154,446,16,1922,594
0.130667545392,0.963203463,0.763910970,0.348891874,0.428296439,445,17,1922,594
0.130908339663,0.963203463,0.764308426,0.348556078,0.428709056,445,17,1923,593
0.131053268331,0.963203463,0.764705882,0.348220282,0.429122469,445,17,1924,592
0.131084006965,0.963203463,0.765103339,0.347884486,0.429536680,445,17,1925,591
0.131189269036,0.963203463,0.765500795,0.347548690,0.429951691,445,17,1926,590
0.132249399141,0.963203463,0.765898251,0.347212895,0.430367505,445,17,1927,589
0.132435612950,0.963203463,0.766295707,0.346877099,0.430784124,445,17,1928,588
0.132437178150,0.963203463,0.766693164,0.346541303,0.431201550,445,17,1929,587
0.133264140609,0.963203463,0.767090620,0.346205507,0.431619787,445,17,1930,586
0.133301401761,0.963203463,0.767488076,0.345869711,0.432038835,445,17,1931,585
0.133651838560,0.963203463,0.767885533,0.345533915,0.432458698,445,17,1932,584
0.133792963005,0.963203463,0.768282989,0.345198120,0.432879377,445,17,1933,583
0.133946023021,0.963203463,0.768680445,0.344862324,0.433300876,445,17,1934,582
0.134037550590,0.963203463,0.769077901,0.344526528,0.433723197,445,17,1935,581
0.135125562422,0.963203463,0.769475358,0.344190732,0.434146341,445,17,1936,580
0.135130514021,0.963203463,0.769872814,0.343854936,0.434570312,445,17,1937,579
0.135151494984,0.963203463,0.770270270,0.343519140,0.434995112,445,17,1938,578
0.135152124132,0.963203463,0.770667727,0.343183345,0.435420744,445,17,1939,577
0.135258205583,0.963203463,0.771065183,0.342847549,0.435847209,445,17,1940,576
0.135561602181,0.961038961,0.771065183,0.342511753,0.435294118,444,18,1940,576
0.135837667032,0.961038961,0.771462639,0.342175957,0.435721295,444,18,1941,575
0.135995505830,0.961038961,0.771860095,0.341840161,0.436149312,444,18,1942,574
0.136185955362,0.961038961,0.772257552,0.341504365,0.436578171,444,18,1943,573
0.136422945640,0.961038961,0.772655008,0.341168570,0.437007874,444,18,1944,572
0.136904921074,0.961038961,0.773052464,0.340832774,0.437438424,444,18,1945,571
0.137264377051,0.961038961,0.773449921,0.340496978,0.437869822,444,18,1946,570
0.137289157647,0.961038961,0.773847377,0.340161182,0.438302073,444,18,1947,569
0.137431160237,0.961038961,0.774244833,0.339825386,0.438735178,444,18,1948,568
0.137606065420,0.961038961,0.774642289,0.339489590,0.439169139,444,18,1949,567
0.137879100846,0.961038961,0.775039746,0.339153794,0.439603960,444,18,1950,566
0.138860835178,0.961038961,0.775437202,0.338817999,0.440039643,444,18,1951,565
0.139128476793,0.961038961,0.775834658,0.338482203,0.440476190,444,18,1952,564
0.139306022811,0.961038961,0.776232114,0.338146407,0.440913605,444,18,1953,563
0.139891788263,0.961038961,0.776629571,0.337810611,0.441351889,444,18,1954,562
0.140090690777,0.958874459,0.776629571,0.337474815,0.440796020,443,19,1954,562
0.140100176649,0.958874459,0.777027027,0.337139019,0.441235060,443,19,1955,561
0.140683487125,0.958874459,0.777424483,0.336803224,0.441674975,443,19,1956,560
0.140836863817,0.958874459,0.777821940,0.336467428,0.442115768,443,19,1957,559
0.140951006415,0.958874459,0.778219396,0.336131632,0.442557443,443,19,1958,558
0.141002069468,0.958874459,0.778616852,0.335795836,0.443000000,443,19,1959,557
0.141493205978,0.958874459,0.779014308,0.335460040,0.443443443,443,19,1960,556
0.141631199142,0.958874459,0.779411765,0.335124244,0.443887776,443,19,1961,555
0.142025877319,0.958874459,0.779809221,0.334788449,0.444332999,443,19,1962,554
0.142077352091,0.958874459,0.780206677,0.334452653,0.444779116,443,19,1963,553
0.142261652008,0.958874459,0.780604134,0.334116857,0.445226131,443,19,1964,552
0.142342847679,0.958874459,0.781001590,0.333781061,0.445674044,443,19,1965,551
0.142585852183,0.958874459,0.781399046,0.333445265,0.446122860,443,19,1966,550
0.142612833667,0.958874459,0.781796502,0.333109469,0.446572581,443,19,1967,549
0.142659579140,0.958874459,0.782193959,0.332773674,0.447023209,443,19,1968,548
0.143058851712,0.958874459,0.782591415,0.332437878,0.447474747,443,19,1969,547
0.143134221601,0.958874459,0.782988871,0.332102082,0.447927199,443,19,1970,546
0.143432607080,0.958874459,0.783386328,0.331766286,0.448380567,443,19,1971,545
0.144560150042,0.958874459,0.783783784,0.331430490,0.448834853,443,19,1972,544
0.145354194786,0.958874459,0.784181240,0.331094694,0.449290061,443,19,1973,543
0.145632447396,0.958874459,0.784578696,0.330758899,0.449746193,443,19,1974,542
0.145782133066,0.958874459,0.784976153,0.330423103,0.450203252,443,19,1975,541
0.146203328538,0.958874459,0.785373609,0.330087307,0.450661241,443,19,1976,540
0.146228746441,0.958874459,0.785771065,0.329751511,0.451120163,443,19,1977,539
0.146490323732,0.958874459,0.786168521,0.329415715,0.451580020,443,19,1978,538
0.146494642609,0.958874459,0.786565978,0.329079919,0.452040816,443,19,1979,537
0.146807979488,0.958874459,0.786963434,0.328744124,0.452502554,443,19,1980,536
0.146813044710,0.958874459,0.787360890,0.328408328,0.452965235,443,19,1981,535
0.147655610612,0.958874459,0.787758347,0.328072532,0.453428864,443,19,1982,534
0.147944866680,0.958874459,0.788155803,0.327736736,0.453893443,443,19,1983,533
0.148060238763,0.958874459,0.788553259,0.327400940,0.454358974,443,19,1984,532
0.148660696822,0.958874459,0.788950715,0.327065144,0.454825462,443,19,1985,531
0.148904043746,0.958874459,0.789348172,0.326729349,0.455292909,443,19,1986,530
0.149993428580,0.958874459,0.789745628,0.326393553,0.455761317,443,19,1987,529
0.150227567657,0.958874459,0.790143084,0.326057757,0.456230690,443,19,1988,528
0.150729353325,0.958874459,0.790540541,0.325721961,0.456701031,443,19,1989,527
0.150865540358,0.958874459,0.790937997,0.325386165,0.457172343,443,19,1990,526
0.151622008702,0.958874459,0.791335453,0.325050369,0.457644628,443,19,1991,525
0.152305770724,0.958874459,0.791732909,0.324714574,0.458117890,443,19,1992,524
0.153589018602,0.958874459,0.792130366,0.324378778,0.458592133,443,19,1993,523
0.153962486233,0.958874459,0.792527822,0.324042982,0.459067358,443,19,1994,522
0.154337948287,0.958874459,0.792925278,0.323707186,0.459543568,443,19,1995,521
0.154384427772,0.958874459,0.793322734,0.323371390,0.460020768,443,19,1996,520
0.154578855174,0.958874459,0.793720191,0.323035594,0.460498960,443,19,1997,519
0.154768534367,0.958874459,0.794117647,0.322699799,0.460978148,443,19,1998,518
0.154779273300,0.958874459,0.794515103,0.322364003,0.461458333,443,19,1999,517
0.155210366094,0.956709957,0.794515103,0.322028207,0.460896767,442,20,1999,517
0.155367874405,0.956709957,0.794912560,0.321692411,0.461377871,442,20,2000,516
0.155591070357,0.954545455,0.794912560,0.321356615,0.460815047,441,21,2000,516
0.156466438841,0.954545455,0.795310016,0.321020819,0.461297071,441,21,2001,515
0.156966187750,0.954545455,0.795707472,0.320685024,0.461780105,441,21,2002,514
0.156975175256,0.954545455,0.796104928,0.320349228,0.462264151,441,21,2003,513
0.157845205707,0.954545455,0.796502385,0.320013432,0.462749213,441,21,2004,512
0.158071063742,0.954545455,0.796899841,0.319677636,0.463235294,441,21,2005,511
0.158345290919,0.952380952,0.796899841,0.319341840,0.462670873,440,22,2005,511
0.158574444479,0.952380952,0.797297297,0.319006044,0.463157895,440,22,2006,510
0.158958076072,0.952380952,0.797694754,0.318670248,0.463645943,440,22,2007,509
0.159485704392,0.952380952,0.798092210,0.318334453,0.464135021,440,22,2008,508
0.159519072988,0.952380952,0.798489666,0.317998657,0.464625132,440,22,2009,507
0.160380996245,0.952380952,0.798887122,0.317662861,0.465116279,440,22,2010,506
0.160789974264,0.952380952,0.799284579,0.317327065,0.465608466,440,22,2011,505
0.161057944635,0.952380952,0.799682035,0.316991269,0.466101695,440,22,2012,504
0.161228971601,0.952380952,0.800079491,0.316655473,0.466595970,440,22,2013,503
0.161348014490,0.952380952,0.800476948,0.316319678,0.467091295,440,22,2014,502
0.161882679417,0.952380952,0.800874404,0.315983882,0.467587673,440,22,2015,501
0.162315682366,0.952380952,0.801271860,0.315648086,0.468085106,440,22,2016,500
0.163772320669,0.952380952,0.801669316,0.315312290,0.468583600,440,22,2017,499
0.163891293269,0.950216450,0.801669316,0.314976494,0.468017058,439,23,2017,499
0.164662592272,0.950216450,0.802066773,0.314640698,0.468516542,439,23,2018,498
0.165036595639,0.950216450,0.802464229,0.314304903,0.469017094,439,23,2019,497
0.165143931775,0.950216450,0.802861685,0.313969107,0.469518717,439,23,2020,496
0.166320973002,0.950216450,0.803259141,0.313633311,0.470021413,439,23,2021,495
0.166523061666,0.948051948,0.803259141,0.313297515,0.469453376,438,24,2021,495
0.166844074336,0.948051948,0.803656598,0.312961719,0.469957082,438,24,2022,494
0.166878911838,0.948051948,0.804054054,0.312625923,0.470461869,438,24,2023,493
0.167227645652,0.948051948,0.804451510,0.312290128,0.470967742,438,24,2024,492
0.167671410497,0.948051948,0.804848967,0.311954332,0.471474704,438,24,2025,491
0.168029739011,0.948051948,0.805246423,0.311618536,0.471982759,438,24,2026,490
0.168114667511,0.948051948,0.805643879,0.311282740,0.472491909,438,24,2027,489
0.168207506466,0.948051948,0.806041335,0.310946944,0.473002160,438,24,2028,488
0.169085660582,0.948051948,0.806438792,0.310611148,0.473513514,438,24,2029,487
0.169284344103,0.948051948,0.806836248,0.310275353,0.474025974,438,24,2030,486
0.169310748179,0.948051948,0.807233704,0.309939557,0.474539545,438,24,2031,485
0.169951761316,0.948051948,0.807631161,0.309603761,0.475054230,438,24,2032,484
0.170412541143,0.948051948,0.808028617,0.309267965,0.475570033,438,24,2033,483
0.170525907300,0.945887446,0.808028617,0.308932169,0.475000000,437,25,2033,483
0.170617146450,0.945887446,0.808426073,0.308596373,0.475516866,437,25,2034,482
0.171082762272,0.945887446,0.808823529,0.308260578,0.476034858,437,25,2035,481
0.171263273459,0.945887446,0.809220986,0.307924782,0.476553980,437,25,2036,480
0.171268280304,0.945887446,0.809618442,0.307588986,0.477074236,437,25,2037,479
0.171289362696,0.945887446,0.810015898,0.307253190,0.477595628,437,25,2038,478
0.171512284439,0.945887446,0.810413355,0.306917394,0.478118162,437,25,2039,477
0.171600071373,0.945887446,0.810810811,0.306581598,0.478641840,437,25,2040,476
0.171946898675,0.945887446,0.811208267,0.306245803,0.479166667,437,25,2041,475
0.171968346879,0.945887446,0.811605723,0.305910007,0.479692645,437,25,2042,474
0.171978474369,0.943722944,0.811605723,0.305574211,0.479120879,436,26,2042,474
0.172137319290,0.943722944,0.812003180,0.305238415,0.479647965,436,26,2043,473
0.172299878466,0.943722944,0.812400636,0.304902619,0.480176211,436,26,2044,472
0.175094983855,0.943722944,0.812798092,0.304566823,0.480705623,436,26,2045,471
0.177027963767,0.943722944,0.813195548,0.304231028,0.481236203,436,26,2046,470
0.177111357023,0.943722944,0.813593005,0.303895232,0.481767956,436,26,2047,469
0.177113492995,0.943722944,0.813990461,0.303559436,0.482300885,436,26,2048,468
0.177542022423,0.941558442,0.813990461,0.303223640,0.481727575,435,27,2048,468
0.178516258265,0.941558442,0.814387917,0.302887844,0.482261641,435,27,2049,467
0.178542653956,0.941558442,0.814785374,0.302552048,0.482796892,435,27,2050,466
0.178881969174,0.941558442,0.815182830,0.302216253,0.483333333,435,27,2051,465
0.179256355866,0.941558442,0.815580286,0.301880457,0.483870968,435,27,2052,464
0.179365358517,0.941558442,0.815977742,0.301544661,0.484409800,435,27,2053,463
0.179725003057,0.941558442,0.816375199,0.301208865,0.484949833,435,27,2054,462
0.180197490037,0.941558442,0.816772655,0.300873069,0.485491071,435,27,2055,461
0.180350862524,0.941558442,0.817170111,0.300537273,0.486033520,435,27,2056,460
0.180376386820,0.939393939,0.817170111,0.300201478,0.485458613,434,28,2056,460
0.180415746790,0.939393939,0.817567568,0.299865682,0.486002240,434,28,2057,459
0.180829493209,0.937229437,0.817567568,0.299529886,0.485426009,433,29,2057,459
0.181363298073,0.937229437,0.817965024,0.299194090,0.485970819,433,29,2058,458
0.182028608569,0.937229437,0.818362480,0.298858294,0.486516854,433,29,2059,457
0.182401258232,0.937229437,0.818759936,0.298522498,0.487064117,433,29,2060,456
0.182422240957,0.937229437,0.819157393,0.298186702,0.487612613,433,29,2061,455
0.182451056816,0.935064935,0.819157393,0.297850907,0.487034949,432,30,2061,455
0.184000959674,0.935064935,0.819554849,0.297515111,0.487584650,432,30,2062,454
0.185731578575,0.935064935,0.819952305,0.297179315,0.488135593,432,30,2063,453
0.186235423671,0.935064935,0.820349762,0.296843519,0.488687783,432,30,2064,452
0.186675761856,0.935064935,0.820747218,0.296507723,0.489241223,432,30,2065,451
0.188076397188,0.935064935,0.821144674,0.296171927,0.489795918,432,30,2066,450
0.188399163670,0.935064935,0.821542130,0.295836132,0.490351873,432,30,2067,449
0.189091917788,0.932900433,0.821542130,0.295500336,0.489772727,431,31,2067,449
0.189907536117,0.932900433,0.821939587,0.295164540,0.490329920,431,31,2068,448
0.190015662754,0.932900433,0.822337043,0.294828744,0.490888383,431,31,2069,447
0.190681118370,0.932900433,0.822734499,0.294492948,0.491448119,431,31,2070,446
0.191149448530,0.932900433,0.823131955,0.294157152,0.492009132,431,31,2071,445
0.191355286777,0.932900433,0.823529412,0.293821357,0.492571429,431,31,2072,444
0.191633518258,0.932900433,0.823926868,0.293485561,0.493135011,431,31,2073,443
0.192007584930,0.932900433,0.824324324,0.293149765,0.493699885,431,31,2074,442
0.192286414855,0.932900433,0.824721781,0.292813969,0.494266055,431,31,2075,441
0.192566148572,0.932900433,0.825119237,0.292478173,0.494833525,431,31,2076,440
0.192704557917,0.932900433,0.825516693,0.292142377,0.495402299,431,31,2077,439
0.192841313365,0.932900433,0.825914149,0.291806582,0.495972382,431,31,2078,438
0.194693818660,0.932900433,0.826311606,0.291470786,0.496543779,431,31,2079,437
0.194878392609,0.932900433,0.826709062,0.291134990,0.497116494,431,31,2080,436
0.194894529449,0.932900433,0.827106518,0.290799194,0.497690531,431,31,2081,435
0.195441000255,0.932900433,0.827503975,0.290463398,0.498265896,431,31,2082,434
0.197258773656,0.932900433,0.827901431,0.290127602,0.498842593,431,31,2083,433
0.197531825025,0.932900433,0.828298887,0.289791807,0.499420626,431,31,2084,432
0.198077193602,0.932900433,0.828696343,0.289456011,0.500000000,431,31,2085,431
0.198605775456,0.932900433,0.829093800,0.289120215,0.500580720,431,31,2086,430
0.200000198080,0.930735931,0.829093800,0.288784419,0.500000000,430,32,2086,430
0.201240231349,0.930735931,0.829491256,0.288448623,0.500582072,430,32,2087,429
0.201653532681,0.930735931,0.829888712,0.288112827,0.501165501,430,32,2088,428
0.202197654171,0.928571429,0.829888712,0.287777032,0.500583431,429,33,2088,428
0.202481309594,0.928571429,0.830286169,0.287441236,0.501168224,429,33,2089,427
0.202486329204,0.928571429,0.830683625,0.287105440,0.501754386,429,33,2090,426
0.202958441259,0.928571429,0.831081081,0.286769644,0.502341920,429,33,2091,425
0.202968286434,0.928571429,0.831478537,0.286433848,0.502930832,429,33,2092,424
0.203694820807,0.928571429,0.831875994,0.286098052,0.503521127,429,33,2093,423
0.203728890252,0.928571429,0.832273450,0.285762257,0.504112808,429,33,2094,422
0.203868484063,0.928571429,0.832670906,0.285426461,0.504705882,429,33,2095,421
0.204847354145,0.928571429,0.833068362,0.285090665,0.505300353,429,33,2096,420
0.205248971289,0.928571429,0.833465819,0.284754869,0.505896226,429,33,2097,419
0.205350544132,0.928571429,0.833863275,0.284419073,0.506493506,429,33,2098,418
0.205442901101,0.928571429,0.834260731,0.284083277,0.507092199,429,33,2099,417
0.205989887250,0.928571429,0.834658188,0.283747482,0.507692308,429,33,2100,416
0.206049274049,0.928571429,0.835055644,0.283411686,0.508293839,429,33,2101,415
0.206725182798,0.928571429,0.835453100,0.283075890,0.508896797,429,33,2102,414
0.207341272281,0.928571429,0.835850556,0.282740094,0.509501188,429,33,2103,413
0.207802507045,0.928571429,0.836248013,0.282404298,0.510107015,429,33,2104,412
0.208349417027,0.928571429,0.836645469,0.282068502,0.510714286,429,33,2105,411
0.208988885875,0.928571429,0.837042925,0.281732707,0.511323004,429,33,2106,410
0.209707825645,0.928571429,0.837440382,0.281396911,0.511933174,429,33,2107,409
0.210463533683,0.928571429,0.837837838,0.281061115,0.512544803,429,33,2108,408
0.211842501901,0.928571429,0.838235294,0.280725319,0.513157895,429,33,2109,407
0.212437050282,0.928571429,0.838632750,0.280389523,0.513772455,429,33,2110,406
0.212517663100,0.928571429,0.839030207,0.280053727,0.514388489,429,33,2111,405
0.212981317288,0.928571429,0.839427663,0.279717931,0.515006002,429,33,2112,404
0.214444012208,0.928571429,0.839825119,0.279382136,0.515625000,429,33,2113,403
0.214451952145,0.928571429,0.840222576,0.279046340,0.516245487,429,33,2114,402
0.214883807367,0.928571429,0.840620032,0.278710544,0.516867470,429,33,2115,401
0.215889610949,0.928571429,0.841017488,0.278374748,0.517490953,429,33,2116,400
0.215956378977,0.928571429,0.841414944,0.278038952,0.518115942,429,33,2117,399
0.216126143335,0.928571429,0.841812401,0.277703156,0.518742443,429,33,2118,398
0.216298063404,0.928571429,0.842209857,0.277367361,0.519370460,429,33,2119,397
0.216771106918,0.928571429,0.842607313,0.277031565,0.520000000,429,33,2120,396
0.217609903771,0.928571429,0.843004769,0.276695769,0.520631068,429,33,2121,395
0.218863656842,0.928571429,0.843402226,0.276359973,0.521263670,429,33,2122,394
0.219653828595,0.928571429,0.843799682,0.276024177,0.521897810,429,33,2123,393
0.220333310800,0.928571429,0.844197138,0.275688381,0.522533496,429,33,2124,392
0.220802795923,0.928571429,0.844594595,0.275352586,0.523170732,429,33,2125,391
0.221637027277,0.928571429,0.844992051,0.275016790,0.523809524,429,33,2126,390
0.222086983262,0.926406926,0.844992051,0.274680994,0.523227384,428,34,2126,390
0.222517295027,0.926406926,0.845389507,0.274345198,0.523867809,428,34,2127,389
0.223142194093,0.926406926,0.845786963,0.274009402,0.524509804,428,34,2128,388
0.223191328838,0.926406926,0.846184420,0.273673606,0.525153374,428,34,2129,387
0.223919231738,0.926406926,0.846581876,0.273337811,0.525798526,428,34,2130,386
0.224729943085,0.926406926,0.846979332,0.273002015,0.526445264,428,34,2131,385
0.224807284915,0.926406926,0.847376789,0.272666219,0.527093596,428,34,2132,384
0.225392625926,0.926406926,0.847774245,0.272330423,0.527743527,428,34,2133,383
0.225759855381,0.924242424,0.847774245,0.271994627,0.527160494,427,35,2133,383
0.226800372422,0.924242424,0.848171701,0.271658831,0.527812114,427,35,2134,382
0.227614926407,0.924242424,0.848569157,0.271323036,0.528465347,427,35,2135,381
0.228356442340,0.924242424,0.848966614,0.270987240,0.529120198,427,35,2136,380
0.228393364630,0.924242424,0.849364070,0.270651444,0.529776675,427,35,2137,379
0.228592837286,0.924242424,0.849761526,0.270315648,0.530434783,427,35,2138,378
0.230252368901,0.924242424,0.850158983,0.269979852,0.531094527,427,35,2139,377
0.230624915701,0.922077922,0.850158983,0.269644056,0.530510585,426,36,2139,377
0.230701808693,0.922077922,0.850556439,0.269308261,0.531172070,426,36,2140,376
0.231578185051,0.922077922,0.850953895,0.268972465,0.531835206,426,36,2141,375
0.231618446007,0.922077922,0.851351351,0.268636669,0.532500000,426,36,2142,374
0.232352285756,0.922077922,0.851748808,0.268300873,0.533166458,426,36,2143,373
0.233102712418,0.922077922,0.852146264,0.267965077,0.533834586,426,36,2144,372
0.233353982241,0.922077922,0.852543720,0.267629281,0.534504391,426,36,2145,371
0.234279051758,0.922077922,0.852941176,0.267293486,0.535175879,426,36,2146,370
0.235100712641,0.922077922,0.853338633,0.266957690,0.535849057,426,36,2147,369
0.235740878764,0.922077922,0.853736089,0.266621894,0.536523929,426,36,2148,368
0.236374845622,0.922077922,0.854133545,0.266286098,0.537200504,426,36,2149,367
0.236804115280,0.922077922,0.854531002,0.265950302,0.537878788,426,36,2150,366
0.237638578313,0.922077922,0.854928458,0.265614506,0.538558786,426,36,2151,365
0.238724800146,0.922077922,0.855325914,0.265278711,0.539240506,426,36,2152,364
0.238822177865,0.922077922,0.855723370,0.264942915,0.539923954,426,36,2153,363
0.238945003543,0.922077922,0.856120827,0.264607119,0.540609137,426,36,2154,362
0.239728267505,0.922077922,0.856518283,0.264271323,0.541296061,426,36,2155,361
0.240533122456,0.922077922,0.856915739,0.263935527,0.541984733,426,36,2156,360
0.241165074119,0.922077922,0.857313196,0.263599731,0.542675159,426,36,2157,359
0.241345959407,0.922077922,0.857710652,0.263263936,0.543367347,426,36,2158,358
0.242805630726,0.922077922,0.858108108,0.262928140,0.544061303,426,36,2159,357
0.243408366902,0.922077922,0.858505564,0.262592344,0.544757033,426,36,2160,356
0.243425056099,0.922077922,0.858903021,0.262256548,0.545454545,426,36,2161,355
0.243658322285,0.922077922,0.859300477,0.261920752,0.546153846,426,36,2162,354
0.244163932860,0.922077922,0.859697933,0.261584956,0.546854942,426,36,2163,353
0.246554043302,0.922077922,0.860095390,0.261249161,0.547557841,426,36,2164,352
0.246850003639,0.922077922,0.860492846,0.260913365,0.548262548,426,36,2165,351
0.247464686596,0.922077922,0.860890302,0.260577569,0.548969072,426,36,2166,350
0.248927536378,0.922077922,0.861287758,0.260241773,0.549677419,426,36,2167,349
0.249485789688,0.919913420,0.861287758,0.259905977,0.549095607,425,37,2167,349
0.249797627430,0.919913420,0.861685215,0.259570181,0.549805951,425,37,2168,348
0.249976505800,0.919913420,0.862082671,0.259234385,0.550518135,425,37,2169,347
0.250621751649,0.919913420,0.862480127,0.258898590,0.551232166,425,37,2170,346
0.251390102589,0.919913420,0.862877583,0.258562794,0.551948052,425,37,2171,345
0.251655239699,0.917748918,0.862877583,0.258226998,0.551365410,424,38,2171,345
0.253325830709,0.917748918,0.863275040,0.257891202,0.552083333,424,38,2172,344
0.254968371669,0.917748918,0.863672496,0.257555406,0.552803129,424,38,2173,343
0.255288098595,0.917748918,0.864069952,0.257219610,0.553524804,424,38,2174,342
0.255293701852,0.917748918,0.864467409,0.256883815,0.554248366,424,38,2175,341
0.255867234559,0.917748918,0.864864865,0.256548019,0.554973822,424,38,2176,340
0.256970032056,0.917748918,0.865262321,0.256212223,0.555701180,424,38,2177,339
0.257127864719,0.917748918,0.865659777,0.255876427,0.556430446,424,38,2178,338
0.257350313890,0.915584416,0.865659777,0.255540631,0.555847569,423,39,2178,338
0.257551150334,0.915584416,0.866057234,0.255204835,0.556578947,423,39,2179,337
0.257728681311,0.915584416,0.866454690,0.254869040,0.557312253,423,39,2180,336
0.259580938594,0.913419913,0.866454690,0.254533244,0.556728232,422,40,2180,336
0.259882099474,0.913419913,0.866852146,0.254197448,0.557463672,422,40,2181,335
0.259982904800,0.913419913,0.867249603,0.253861652,0.558201058,422,40,2182,334
0.260305579397,0.913419913,0.867647059,0.253525856,0.558940397,422,40,2183,333
0.260654882584,0.913419913,0.868044515,0.253190060,0.559681698,422,40,2184,332
0.261102510631,0.913419913,0.868441971,0.252854265,0.560424967,422,40,2185,331
0.261176758437,0.911255411,0.868441971,0.252518469,0.559840426,421,41,2185,331
0.261343539204,0.911255411,0.868839428,0.252182673,0.560585885,421,41,2186,330
0.261501085024,0.911255411,0.869236884,0.251846877,0.561333333,421,41,2187,329
0.262221577851,0.911255411,0.869634340,0.251511081,0.562082777,421,41,2188,328
0.262366273034,0.911255411,0.870031797,0.251175285,0.562834225,421,41,2189,327
0.262614052367,0.909090909,0.870031797,0.250839490,0.562248996,420,42,2189,327
0.263374233770,0.909090909,0.870429253,0.250503694,0.563002681,420,42,2190,326
0.263513106405,0.909090909,0.870826709,0.250167898,0.563758389,420,42,2191,325
0.264039035930,0.909090909,0.871224165,0.249832102,0.564516129,420,42,2192,324
0.264322558785,0.909090909,0.871621622,0.249496306,0.565275908,420,42,2193,323
0.266204627915,0.909090909,0.872019078,0.249160510,0.566037736,420,42,2194,322
0.266207239853,0.909090909,0.872416534,0.248824715,0.566801619,420,42,2195,321
0.266891758724,0.909090909,0.872813990,0.248488919,0.567567568,420,42,2196,320
0.269300101532,0.909090909,0.873211447,0.248153123,0.568335589,420,42,2197,319
0.269340838165,0.909090909,0.873608903,0.247817327,0.569105691,420,42,2198,318
0.269997006746,0.909090909,0.874006359,0.247481531,0.569877883,420,42,2199,317
0.270260414643,0.909090909,0.874403816,0.247145735,0.570652174,420,42,2200,316
0.270867309105,0.909090909,0.874801272,0.246809940,0.571428571,420,42,2201,315
0.271082132624,0.906926407,0.874801272,0.246474144,0.570844687,419,43,2201,315
0.272211643747,0.906926407,0.875198728,0.246138348,0.571623465,419,43,2202,314
0.273940243162,0.906926407,0.875596184,0.245802552,0.572404372,419,43,2203,313
0.274217798290,0.906926407,0.875993641,0.245466756,0.573187415,419,43,2204,312
0.274649025565,0.906926407,0.876391097,0.245130960,0.573972603,419,43,2205,311
0.275059980405,0.906926407,0.876788553,0.244795165,0.574759945,419,43,2206,310
0.275508302816,0.906926407,0.877186010,0.244459369,0.575549451,419,43,2207,309
0.276402669369,0.906926407,0.877583466,0.244123573,0.576341128,419,43,2208,308
0.277192629926,0.906926407,0.877980922,0.243787777,0.577134986,419,43,2209,307
0.277609204281,0.906926407,0.878378378,0.243451981,0.577931034,419,43,2210,306
0.278405675370,0.906926407,0.878775835,0.243116185,0.578729282,419,43,2211,305
0.279914339136,0.904761905,0.878775835,0.242780390,0.578146611,418,44,2211,305
0.279922757053,0.902597403,0.878775835,0.242444594,0.577562327,417,45,2211,305
0.279937113521,0.902597403,0.879173291,0.242108798,0.578363384,417,45,2212,304
0.282308809053,0.902597403,0.879570747,0.241773002,0.579166667,417,45,2213,303
0.284182204517,0.902597403,0.879968203,0.241437206,0.579972184,417,45,2214,302
0.284616021692,0.902597403,0.880365660,0.241101410,0.580779944,417,45,2215,301
0.284840793423,0.902597403,0.880763116,0.240765615,0.581589958,417,45,2216,300
0.284892323407,0.902597403,0.881160572,0.240429819,0.582402235,417,45,2217,299
0.284997377688,0.902597403,0.881558029,0.240094023,0.583216783,417,45,2218,298
0.285671340283,0.902597403,0.881955485,0.239758227,0.584033613,417,45,2219,297
0.286636120117,0.902597403,0.882352941,0.239422431,0.584852735,417,45,2220,296
0.287181332876,0.902597403,0.882750397,0.239086635,0.585674157,417,45,2221,295
0.287212894696,0.902597403,0.883147854,0.238750839,0.586497890,417,45,2222,294
0.287438684609,0.902597403,0.883545310,0.238415044,0.587323944,417,45,2223,293
0.287525471293,0.902597403,0.883942766,0.238079248,0.588152327,417,45,2224,292
0.287770552371,0.902597403,0.884340223,0.237743452,0.588983051,417,45,2225,291
0.289138998745,0.902597403,0.884737679,0.237407656,0.589816124,417,45,2226,290
0.290260637148,0.902597403,0.885135135,0.237071860,0.590651558,417,45,2227,289
0.290554758980,0.902597403,0.885532591,0.236736064,0.591489362,417,45,2228,288
0.291125117641,0.900432900,0.885532591,0.236400269,0.590909091,416,46,2228,288
0.291185588153,0.900432900,0.885930048,0.236064473,0.591749644,416,46,2229,287
0.291427797794,0.900432900,0.886327504,0.235728677,0.592592593,416,46,2230,286
0.291700926475,0.900432900,0.886724960,0.235392881,0.593437946,416,46,2231,285
0.291951597064,0.900432900,0.887122417,0.235057085,0.594285714,416,46,2232,284
0.293288918973,0.900432900,0.887519873,0.234721289,0.595135908,416,46,2233,283
0.293475978087,0.898268398,0.887519873,0.234385494,0.594555874,415,47,2233,283
0.294147584212,0.898268398,0.887917329,0.234049698,0.595408895,415,47,2234,282
0.295009026791,0.896103896,0.887917329,0.233713902,0.594827586,414,48,2234,282
0.295918713076,0.896103896,0.888314785,0.233378106,0.595683453,414,48,2235,281
0.296251467280,0.896103896,0.888712242,0.233042310,0.596541787,414,48,2236,280
0.296562929726,0.896103896,0.889109698,0.232706514,0.597402597,414,48,2237,279
0.297373687536,0.893939394,0.889109698,0.232370719,0.596820809,413,49,2237,279
0.297490504595,0.893939394,0.889507154,0.232034923,0.597684515,413,49,2238,278
0.297669208924,0.893939394,0.889904610,0.231699127,0.598550725,413,49,2239,277
0.298360892199,0.893939394,0.890302067,0.231363331,0.599419448,413,49,2240,276
0.298470139727,0.891774892,0.890302067,0.231027535,0.598837209,412,50,2240,276
0.300585548193,0.891774892,0.890699523,0.230691739,0.599708879,412,50,2241,275
0.302412669674,0.889610390,0.890699523,0.230355944,0.599125364,411,51,2241,275
0.302701618710,0.887445887,0.890699523,0.230020148,0.598540146,410,52,2241,275
0.303673227493,0.887445887,0.891096979,0.229684352,0.599415205,410,52,2242,274
0.304330482592,0.887445887,0.891494436,0.229348556,0.600292826,410,52,2243,273
0.304544983343,0.887445887,0.891891892,0.229012760,0.601173021,410,52,2244,272
0.305512869556,0.887445887,0.892289348,0.228676964,0.602055800,410,52,2245,271
0.306893489169,0.885281385,0.892289348,0.228341169,0.601470588,409,53,2245,271
0.307513370627,0.885281385,0.892686804,0.228005373,0.602356406,409,53,2246,270
0.308071485684,0.885281385,0.893084261,0.227669577,0.603244838,409,53,2247,269
0.308698469197,0.885281385,0.893481717,0.227333781,0.604135894,409,53,2248,268
0.309133869618,0.885281385,0.893879173,0.226997985,0.605029586,409,53,2249,267
0.310404058067,0.883116883,0.893879173,0.226662189,0.604444444,408,54,2249,267
0.310828886627,0.883116883,0.894276630,0.226326394,0.605341246,408,54,2250,266
0.311319880353,0.880952381,0.894276630,0.225990598,0.604754829,407,55,2250,266
0.313165355742,0.880952381,0.894674086,0.225654802,0.605654762,407,55,2251,265
0.313578655351,0.880952381,0.895071542,0.225319006,0.606557377,407,55,2252,264
0.314421028269,0.878787879,0.895071542,0.224983210,0.605970149,406,56,2252,264
0.315204493366,0.876623377,0.895071542,0.224647414,0.605381166,405,57,2252,264
0.315264908576,0.876623377,0.895468998,0.224311619,0.606287425,405,57,2253,263
0.315699037982,0.876623377,0.895866455,0.223975823,0.607196402,405,57,2254,262
0.315886497433,0.876623377,0.896263911,0.223640027,0.608108108,405,57,2255,261
0.316089658167,0.876623377,0.896661367,0.223304231,0.609022556,405,57,2256,260
0.316322026972,0.874458874,0.896661367,0.222968435,0.608433735,404,58,2256,260
0.318862307246,0.874458874,0.897058824,0.222632639,0.609351433,404,58,2257,259
0.319257373361,0.874458874,0.897456280,0.222296844,0.610271903,404,58,2258,258
0.320204832394,0.872294372,0.897456280,0.221961048,0.609682300,403,59,2258,258
0.320374125619,0.872294372,0.897853736,0.221625252,0.610606061,403,59,2259,257
0.321872865223,0.872294372,0.898251192,0.221289456,0.611532625,403,59,2260,256
0.322153015828,0.872294372,0.898648649,0.220953660,0.612462006,403,59,2261,255
0.322607344329,0.872294372,0.899046105,0.220617864,0.613394216,403,59,2262,254
0.323556208365,0.872294372,0.899443561,0.220282069,0.614329268,403,59,2263,253
0.324996819350,0.872294372,0.899841017,0.219946273,0.615267176,403,59,2264,252
0.325406411976,0.872294372,0.900238474,0.219610477,0.616207951,403,59,2265,251
0.326412144933,0.872294372,0.900635930,0.219274681,0.617151608,403,59,2266,250
0.326698349227,0.872294372,0.901033386,0.218938885,0.618098160,403,59,2267,249
0.327900440379,0.872294372,0.901430843,0.218603089,0.619047619,403,59,2268,248
0.329935368578,0.872294372,0.901828299,0.218267293,0.620000000,403,59,2269,247
0.330564109180,0.872294372,0.902225755,0.217931498,0.620955316,403,59,2270,246
0.333118421745,0.872294372,0.902623211,0.217595702,0.621913580,403,59,2271,245
0.334432620118,0.872294372,0.903020668,0.217259906,0.622874807,403,59,2272,244
0.334831892480,0.872294372,0.903418124,0.216924110,0.623839009,403,59,2273,243
0.335664998119,0.872294372,0.903815580,0.216588314,0.624806202,403,59,2274,242
0.337329818517,0.872294372,0.904213037,0.216252518,0.625776398,403,59,2275,241
0.337518569091,0.872294372,0.904610493,0.215916723,0.626749611,403,59,2276,240
0.337978296767,0.872294372,0.905007949,0.215580927,0.627725857,403,59,2277,239
0.339517498452,0.872294372,0.905405405,0.215245131,0.628705148,403,59,2278,238
0.339606919132,0.872294372,0.905802862,0.214909335,0.629687500,403,59,2279,237
0.341750434303,0.870129870,0.905802862,0.214573539,0.629107981,402,60,2279,237
0.342200491975,0.867965368,0.905802862,0.214237743,0.628526646,401,61,2279,237
0.345215450618,0.867965368,0.906200318,0.213901948,0.629513344,401,61,2280,236
0.345670053479,0.867965368,0.906597774,0.213566152,0.630503145,401,61,2281,235
0.345793256699,0.867965368,0.906995231,0.213230356,0.631496063,401,61,2282,234
0.347348245230,0.867965368,0.907392687,0.212894560,0.632492114,401,61,2283,233
0.347563293467,0.865800866,0.907392687,0.212558764,0.631911532,400,62,2283,233
0.349560263561,0.865800866,0.907790143,0.212222968,0.632911392,400,62,2284,232
0.349743947304,0.865800866,0.908187599,0.211887173,0.633914422,400,62,2285,231
0.350329953977,0.865800866,0.908585056,0.211551377,0.634920635,400,62,2286,230
0.350759131390,0.865800866,0.908982512,0.211215581,0.635930048,400,62,2287,229
0.351135773344,0.863636364,0.908982512,0.210879785,0.635350318,399,63,2287,229
0.351183327427,0.863636364,0.909379968,0.210543989,0.636363636,399,63,2288,228
0.351202514037,0.863636364,0.909777424,0.210208193,0.637380192,399,63,2289,227
0.352488066894,0.863636364,0.910174881,0.209872398,0.638400000,399,63,2290,226
0.353297676778,0.861471861,0.910174881,0.209536602,0.637820513,398,64,2290,226
0.353788989415,0.859307359,0.910174881,0.209200806,0.637239165,397,65,2290,226
0.353865024434,0.859307359,0.910572337,0.208865010,0.638263666,397,65,2291,225
0.358600205155,0.859307359,0.910969793,0.208529214,0.639291465,397,65,2292,224
0.358740361182,0.857142857,0.910969793,0.208193418,0.638709677,396,66,2292,224
0.358899218296,0.854978355,0.910969793,0.207857623,0.638126010,395,67,2292,224
0.358994475230,0.854978355,0.911367250,0.207521827,0.639158576,395,67,2293,223
0.360651131688,0.852813853,0.911367250,0.207186031,0.638573744,394,68,2293,223
0.362891047286,0.850649351,0.911367250,0.206850235,0.637987013,393,69,2293,223
0.363038724650,0.850649351,0.911764706,0.206514439,0.639024390,393,69,2294,222
0.363420615528,0.850649351,0.912162162,0.206178643,0.640065147,393,69,2295,221
0.363696561745,0.850649351,0.912559618,0.205842848,0.641109299,393,69,2296,220
0.365864453581,0.850649351,0.912957075,0.205507052,0.642156863,393,69,2297,219
0.366666996520,0.850649351,0.913354531,0.205171256,0.643207856,393,69,2298,218
0.366741820386,0.850649351,0.913751987,0.204835460,0.644262295,393,69,2299,217
0.366976938760,0.850649351,0.914149444,0.204499664,0.645320197,393,69,2300,216
0.367952628970,0.850649351,0.914546900,0.204163868,0.646381579,393,69,2301,215
0.368563990799,0.848484848,0.914546900,0.203828073,0.645799012,392,70,2301,215
0.368975174301,0.846320346,0.914546900,0.203492277,0.645214521,391,71,2301,215
0.369016311549,0.846320346,0.914944356,0.203156481,0.646280992,391,71,2302,214
0.369624796822,0.846320346,0.915341812,0.202820685,0.647350993,391,71,2303,213
0.374767160753,0.844155844,0.915341812,0.202484889,0.646766169,390,72,2303,213
0.374901932248,0.844155844,0.915739269,0.202149093,0.647840532,390,72,2304,212
0.375241095246,0.844155844,0.916136725,0.201813298,0.648918469,390,72,2305,211
0.376272166651,0.844155844,0.916534181,0.201477502,0.650000000,390,72,2306,210
0.377776426778,0.844155844,0.916931638,0.201141706,0.651085142,390,72,2307,209
0.378157727472,0.841991342,0.916931638,0.200805910,0.650501672,389,73,2307,209
0.379338629048,0.839826840,0.916931638,0.200470114,0.649916248,388,74,2307,209
0.379643022867,0.839826840,0.917329094,0.200134318,0.651006711,388,74,2308,208
0.380537710513,0.837662338,0.917329094,0.199798522,0.650420168,387,75,2308,208
0.380626780023,0.837662338,0.917726550,0.199462727,0.651515152,387,75,2309,207
0.381208319025,0.835497835,0.917726550,0.199126931,0.650927487,386,76,2309,207
0.382043690067,0.833333333,0.917726550,0.198791135,0.650337838,385,77,2309,207
0.383070925119,0.833333333,0.918124006,0.198455339,0.651438240,385,77,2310,206
0.383318724167,0.833333333,0.918521463,0.198119543,0.652542373,385,77,2311,205
0.385565250823,0.833333333,0.918918919,0.197783747,0.653650255,385,77,2312,204
0.387412441874,0.831168831,0.918918919,0.197447952,0.653061224,384,78,2312,204
0.387665885024,0.831168831,0.919316375,0.197112156,0.654173765,384,78,2313,203
0.388103177942,0.831168831,0.919713831,0.196776360,0.655290102,384,78,2314,202
0.388445007339,0.831168831,0.920111288,0.196440564,0.656410256,384,78,2315,201
0.388671516201,0.831168831,0.920508744,0.196104768,0.657534247,384,78,2316,200
0.388770990022,0.831168831,0.920906200,0.195768972,0.658662093,384,78,2317,199
0.391168882486,0.829004329,0.920906200,0.195433177,0.658075601,383,79,2317,199
0.395623691187,0.826839827,0.920906200,0.195097381,0.657487091,382,80,2317,199
0.396463231894,0.826839827,0.921303657,0.194761585,0.658620690,382,80,2318,198
0.396570916224,0.824675325,0.921303657,0.194425789,0.658031088,381,81,2318,198
0.396671395484,0.824675325,0.921701113,0.194089993,0.659169550,381,81,2319,197
0.396839539168,0.824675325,0.922098569,0.193754197,0.660311958,381,81,2320,196
0.397289635364,0.824675325,0.922496025,0.193418402,0.661458333,381,81,2321,195
0.397479659279,0.824675325,0.922893482,0.193082606,0.662608696,381,81,2322,194
0.399437080486,0.824675325,0.923290938,0.192746810,0.663763066,381,81,2323,193
0.400127786643,0.822510823,0.923290938,0.192411014,0.663176265,380,82,2323,193
0.400199904445,0.822510823,0.923688394,0.192075218,0.664335664,380,82,2324,192
0.400585936500,0.822510823,0.924085851,0.191739422,0.665499124,380,82,2325,191
0.403390893813,0.822510823,0.924483307,0.191403627,0.666666667,380,82,2326,190
0.403527920484,0.822510823,0.924880763,0.191067831,0.667838313,380,82,2327,189
0.405004570111,0.820346320,0.924880763,0.190732035,0.667253521,379,83,2327,189
0.406997268395,0.818181818,0.924880763,0.190396239,0.666666667,378,84,2327,189
0.408532575377,0.816017316,0.924880763,0.190060443,0.666077739,377,85,2327,189
0.409373225719,0.816017316,0.925278219,0.189724647,0.667256637,377,85,2328,188
0.409960550408,0.816017316,0.925675676,0.189388852,0.668439716,377,85,2329,187
0.409983014030,0.816017316,0.926073132,0.189053056,0.669626998,377,85,2330,186
0.410623125092,0.816017316,0.926470588,0.188717260,0.670818505,377,85,2331,185
0.411309298226,0.813852814,0.926470588,0.188381464,0.670231729,376,86,2331,185
0.411693460003,0.811688312,0.926470588,0.188045668,0.669642857,375,87,2331,185
0.412592362894,0.811688312,0.926868045,0.187709872,0.670840787,375,87,2332,184
0.413280242842,0.811688312,0.927265501,0.187374077,0.672043011,375,87,2333,183
0.413396390486,0.811688312,0.927662957,0.187038281,0.673249551,375,87,2334,182
0.415374221200,0.809523810,0.927662957,0.186702485,0.672661871,374,88,2334,182
0.416718428832,0.809523810,0.928060413,0.186366689,0.673873874,374,88,2335,181
0.416770000532,0.809523810,0.928457870,0.186030893,0.675090253,374,88,2336,180
0.418090199259,0.807359307,0.928457870,0.185695097,0.674502712,373,89,2336,180
0.419753130225,0.807359307,0.928855326,0.185359302,0.675724638,373,89,2337,179
0.420230192354,0.807359307,0.929252782,0.185023506,0.676950998,373,89,2338,178
0.420706672324,0.807359307,0.929650238,0.184687710,0.678181818,373,89,2339,177
0.420889830214,0.805194805,0.929650238,0.184351914,0.677595628,372,90,2339,177
0.424058908482,0.805194805,0.930047695,0.184016118,0.678832117,372,90,2340,176
0.424225744945,0.805194805,0.930445151,0.183680322,0.680073126,372,90,2341,175
0.425272505501,0.803030303,0.930445151,0.183344527,0.679487179,371,91,2341,175
0.427694313638,0.803030303,0.930842607,0.183008731,0.680733945,371,91,2342,174
0.428118336066,0.800865801,0.930842607,0.182672935,0.680147059,370,92,2342,174
0.429622064400,0.800865801,0.931240064,0.182337139,0.681399632,370,92,2343,173
0.429968275476,0.800865801,0.931637520,0.182001343,0.682656827,370,92,2344,172
0.430031539948,0.800865801,0.932034976,0.181665547,0.683918669,370,92,2345,171
0.430361398076,0.798701299,0.932034976,0.181329752,0.683333333,369,93,2345,171
0.431547684946,0.798701299,0.932432432,0.180993956,0.684601113,369,93,2346,170
0.433121915873,0.798701299,0.932829889,0.180658160,0.685873606,369,93,2347,169
0.435183224000,0.798701299,0.933227345,0.180322364,0.687150838,369,93,2348,168
0.436585390952,0.798701299,0.933624801,0.179986568,0.688432836,369,93,2349,167
0.436623639234,0.798701299,0.934022258,0.179650772,0.689719626,369,93,2350,166
0.436961696840,0.798701299,0.934419714,0.179314976,0.691011236,369,93,2351,165
0.437238226104,0.798701299,0.934817170,0.178979181,0.692307692,369,93,2352,164
0.437971547413,0.798701299,0.935214626,0.178643385,0.693609023,369,93,2353,163
0.438336080433,0.798701299,0.935612083,0.178307589,0.694915254,369,93,2354,162
0.438582636632,0.798701299,0.936009539,0.177971793,0.696226415,369,93,2355,161
0.439208759027,0.796536797,0.936009539,0.177635997,0.695652174,368,94,2355,161
0.440731512130,0.796536797,0.936406995,0.177300201,0.696969697,368,94,2356,160
0.442160602694,0.796536797,0.936804452,0.176964406,0.698292220,368,94,2357,159
0.443873935325,0.796536797,0.937201908,0.176628610,0.699619772,368,94,2358,158
0.443934041227,0.796536797,0.937599364,0.176292814,0.700952381,368,94,2359,157
0.444544398219,0.796536797,0.937996820,0.175957018,0.702290076,368,94,2360,156
0.445521323857,0.796536797,0.938394277,0.175621222,0.703632887,368,94,2361,155
0.447709714145,0.794372294,0.938394277,0.175285426,0.703065134,367,95,2361,155
0.448319504455,0.794372294,0.938791733,0.174949631,0.704414587,367,95,2362,154
0.449621386097,0.792207792,0.938791733,0.174613835,0.703846154,366,96,2362,154
0.449762339155,0.790043290,0.938791733,0.174278039,0.703275530,365,97,2362,154
0.450442718378,0.790043290,0.939189189,0.173942243,0.704633205,365,97,2363,153
0.451070400100,0.790043290,0.939586645,0.173606447,0.705996132,365,97,2364,152
0.451556268570,0.790043290,0.939984102,0.173270651,0.707364341,365,97,2365,151
0.452430865368,0.790043290,0.940381558,0.172934856,0.708737864,365,97,2366,150
0.453269952801,0.787878788,0.940381558,0.172599060,0.708171206,364,98,2366,150
0.454980603559,0.787878788,0.940779014,0.172263264,0.709551657,364,98,2367,149
0.456181941565,0.787878788,0.941176471,0.171927468,0.710937500,364,98,2368,148
0.456870844626,0.787878788,0.941573927,0.171591672,0.712328767,364,98,2369,147
0.457497951768,0.787878788,0.941971383,0.171255876,0.713725490,364,98,2370,146
0.457943159757,0.787878788,0.942368839,0.170920081,0.715127701,364,98,2371,145
0.459139224399,0.785714286,0.942368839,0.170584285,0.714566929,363,99,2371,145
0.460681019865,0.785714286,0.942766296,0.170248489,0.715976331,363,99,2372,144
0.462536763798,0.783549784,0.942766296,0.169912693,0.715415020,362,100,2372,144
0.462679924364,0.781385281,0.942766296,0.169576897,0.714851485,361,101,2372,144
0.463130019073,0.781385281,0.943163752,0.169241101,0.716269841,361,101,2373,143
0.463495593442,0.781385281,0.943561208,0.168905306,0.717693837,361,101,2374,142
0.464436709573,0.779220779,0.943561208,0.168569510,0.717131474,360,102,2374,142
0.464441491550,0.779220779,0.943958665,0.168233714,0.718562874,360,102,2375,141
0.465399040091,0.777056277,0.943958665,0.167897918,0.718000000,359,103,2375,141
0.466477587699,0.777056277,0.944356121,0.167562122,0.719438878,359,103,2376,140
0.467692446206,0.777056277,0.944753577,0.167226326,0.720883534,359,103,2377,139
0.468568086455,0.774891775,0.944753577,0.166890531,0.720321932,358,104,2377,139
0.468585907395,0.774891775,0.945151033,0.166554735,0.721774194,358,104,2378,138
0.469641673364,0.774891775,0.945548490,0.166218939,0.723232323,358,104,2379,137
0.471082242248,0.774891775,0.945945946,0.165883143,0.724696356,358,104,2380,136
0.471287223011,0.774891775,0.946343402,0.165547347,0.726166329,358,104,2381,135
0.472272466072,0.774891775,0.946740859,0.165211551,0.727642276,358,104,2382,134
0.473113780650,0.772727273,0.946740859,0.164875756,0.727087576,357,105,2382,134
0.473364775385,0.772727273,0.947138315,0.164539960,0.728571429,357,105,2383,133
0.473635405483,0.772727273,0.947535771,0.164204164,0.730061350,357,105,2384,132
0.475075167924,0.770562771,0.947535771,0.163868368,0.729508197,356,106,2384,132
0.475681428337,0.768398268,0.947535771,0.163532572,0.728952772,355,107,2384,132
0.475944700518,0.768398268,0.947933227,0.163196776,0.730452675,355,107,2385,131
0.478089387307,0.768398268,0.948330684,0.162860981,0.731958763,355,107,2386,130
0.479489592699,0.768398268,0.948728140,0.162525185,0.733471074,355,107,2387,129
0.479975605793,0.768398268,0.949125596,0.162189389,0.734989648,355,107,2388,128
0.481786720526,0.766233766,0.949125596,0.161853593,0.734439834,354,108,2388,128
0.483377747359,0.766233766,0.949523052,0.161517797,0.735966736,354,108,2389,127
0.486976139174,0.766233766,0.949920509,0.161182001,0.737500000,354,108,2390,126
0.488237894720,0.766233766,0.950317965,0.160846206,0.739039666,354,108,2391,125
0.489410016324,0.766233766,0.950715421,0.160510410,0.740585774,354,108,2392,124
0.489633781222,0.764069264,0.950715421,0.160174614,0.740041929,353,109,2392,124
0.489944468924,0.764069264,0.951112878,0.159838818,0.741596639,353,109,2393,123
0.491646765085,0.764069264,0.951510334,0.159503022,0.743157895,353,109,2394,122
0.491757551319,0.761904762,0.951510334,0.159167226,0.742616034,352,110,2394,122
0.493891439407,0.761904762,0.951907790,0.158831430,0.744186047,352,110,2395,121
0.495725754855,0.759740260,0.951907790,0.158495635,0.743644068,351,111,2395,121
0.497086474273,0.759740260,0.952305246,0.158159839,0.745222930,351,111,2396,120
0.497635753659,0.759740260,0.952702703,0.157824043,0.746808511,351,111,2397,119
0.497717326349,0.757575758,0.952702703,0.157488247,0.746268657,350,112,2397,119
0.499659000396,0.757575758,0.953100159,0.157152451,0.747863248,350,112,2398,118
0.504054025769,0.757575758,0.953497615,0.156816655,0.749464668,350,112,2399,117
0.505277704092,0.755411255,0.953497615,0.156480860,0.748927039,349,113,2399,117
0.505457431938,0.755411255,0.953895072,0.156145064,0.750537634,349,113,2400,116
0.507615653498,0.755411255,0.954292528,0.155809268,0.752155172,349,113,2401,115
0.509157810200,0.755411255,0.954689984,0.155473472,0.753779698,349,113,2402,114
0.509306332299,0.755411255,0.955087440,0.155137676,0.755411255,349,113,2403,113
0.509909359475,0.755411255,0.955484897,0.154801880,0.757049892,349,113,2404,112
0.511470463189,0.755411255,0.955882353,0.154466085,0.758695652,349,113,2405,111
0.511666823639,0.755411255,0.956279809,0.154130289,0.760348584,349,113,2406,110
0.512186263219,0.755411255,0.956677266,0.153794493,0.762008734,349,113,2407,109
0.512371751477,0.755411255,0.957074722,0.153458697,0.763676149,349,113,2408,108
0.512431170713,0.753246753,0.957074722,0.153122901,0.763157895,348,114,2408,108
0.513631321304,0.753246753,0.957472178,0.152787105,0.764835165,348,114,2409,107
0.515439438247,0.751082251,0.957472178,0.152451310,0.764317181,347,115,2409,107
0.516705077404,0.751082251,0.957869634,0.152115514,0.766004415,347,115,2410,106
0.518386687853,0.748917749,0.957869634,0.151779718,0.765486726,346,116,2410,106
0.518834560755,0.746753247,0.957869634,0.151443922,0.764966741,345,117,2410,106
0.519857664133,0.744588745,0.957869634,0.151108126,0.764444444,344,118,2410,106
0.520095631612,0.742424242,0.957869634,0.150772330,0.763919822,343,119,2410,106
0.520993211664,0.742424242,0.958267091,0.150436535,0.765625000,343,119,2411,105
0.521037447489,0.742424242,0.958664547,0.150100739,0.767337808,343,119,2412,104
0.522044926044,0.742424242,0.959062003,0.149764943,0.769058296,343,119,2413,103
0.527023533341,0.742424242,0.959459459,0.149429147,0.770786517,343,119,2414,102
0.527623835708,0.742424242,0.959856916,0.149093351,0.772522523,343,119,2415,101
0.529192979220,0.742424242,0.960254372,0.148757555,0.774266366,343,119,2416,100
0.530896254867,0.742424242,0.960651828,0.148421760,0.776018100,343,119,2417,99
0.536477690299,0.740259740,0.960651828,0.148085964,0.775510204,342,120,2417,99
0.537940800610,0.740259740,0.961049285,0.147750168,0.777272727,342,120,2418,98
0.538156635053,0.740259740,0.961446741,0.147414372,0.779043280,342,120,2419,97
0.538618127193,0.740259740,0.961844197,0.147078576,0.780821918,342,120,2420,96
0.539064324583,0.738095238,0.961844197,0.146742780,0.780320366,341,121,2420,96
0.539523356476,0.738095238,0.962241653,0.146406985,0.782110092,341,121,2421,95
0.539940209698,0.738095238,0.962639110,0.146071189,0.783908046,341,121,2422,94
0.540048888623,0.735930736,0.962639110,0.145735393,0.783410138,340,122,2422,94
0.540927402266,0.735930736,0.963036566,0.145399597,0.785219400,340,122,2423,93
0.541362815083,0.735930736,0.963434022,0.145063801,0.787037037,340,122,2424,92
0.542444281235,0.733766234,0.963434022,0.144728005,0.786542923,339,123,2424,92
0.544615439604,0.731601732,0.963434022,0.144392210,0.786046512,338,124,2424,92
0.544738448249,0.729437229,0.963434022,0.144056414,0.785547786,337,125,2424,92
0.546098241546,0.729437229,0.963831479,0.143720618,0.787383178,337,125,2425,91
0.547130429506,0.727272727,0.963831479,0.143384822,0.786885246,336,126,2425,91
0.547331128494,0.727272727,0.964228935,0.143049026,0.788732394,336,126,2426,90
0.548171074664,0.727272727,0.964626391,0.142713230,0.790588235,336,126,2427,89
0.548270671702,0.725108225,0.964626391,0.142377435,0.790094340,335,127,2427,89
0.549304804175,0.725108225,0.965023847,0.142041639,0.791962175,335,127,2428,88
0.551129092693,0.722943723,0.965023847,0.141705843,0.791469194,334,128,2428,88
0.551445759459,0.720779221,0.965023847,0.141370047,0.790973872,333,129,2428,88
0.552652472211,0.720779221,0.965421304,0.141034251,0.792857143,333,129,2429,87
0.554240054120,0.718614719,0.965421304,0.140698455,0.792362768,332,130,2429,87
0.558514025561,0.716450216,0.965421304,0.140362660,0.791866029,331,131,2429,87
0.559412426610,0.716450216,0.965818760,0.140026864,0.793764988,331,131,2430,86
0.559469268661,0.716450216,0.966216216,0.139691068,0.795673077,331,131,2431,85
0.559597421003,0.716450216,0.966613672,0.139355272,0.797590361,331,131,2432,84
0.560221307522,0.714285714,0.966613672,0.139019476,0.797101449,330,132,2432,84
0.564310955643,0.712121212,0.966613672,0.138683680,0.796610169,329,133,2432,84
0.564454520823,0.709956710,0.966613672,0.138347884,0.796116505,328,134,2432,84
0.566680701086,0.707792208,0.966613672,0.138012089,0.795620438,327,135,2432,84
0.567417367379,0.705627706,0.966613672,0.137676293,0.795121951,326,136,2432,84
0.567536056886,0.703463203,0.966613672,0.137340497,0.794621027,325,137,2432,84
0.567682917362,0.703463203,0.967011129,0.137004701,0.796568627,325,137,2433,83
0.570199570238,0.703463203,0.967408585,0.136668905,0.798525799,325,137,2434,82
0.570752728511,0.703463203,0.967806041,0.136333109,0.800492611,325,137,2435,81
0.571865764006,0.703463203,0.968203498,0.135997314,0.802469136,325,137,2436,80
0.572257065047,0.703463203,0.968600954,0.135661518,0.804455446,325,137,2437,79
0.573679794892,0.703463203,0.968998410,0.135325722,0.806451613,325,137,2438,78
0.574078891393,0.703463203,0.969395866,0.134989926,0.808457711,325,137,2439,77
0.575468521253,0.703463203,0.969793323,0.134654130,0.810473815,325,137,2440,76
0.575650333727,0.703463203,0.970190779,0.134318334,0.812500000,325,137,2441,75
0.578265086191,0.701298701,0.970190779,0.133982539,0.812030075,324,138,2441,75
0.578869720484,0.699134199,0.970190779,0.133646743,0.811557789,323,139,2441,75
0.583305561500,0.696969697,0.970190779,0.133310947,0.811083123,322,140,2441,75
0.584009017888,0.696969697,0.970588235,0.132975151,0.813131313,322,140,2442,74
0.586552068660,0.696969697,0.970985692,0.132639355,0.815189873,322,140,2443,73
0.586998767870,0.694805195,0.970985692,0.132303559,0.814720812,321,141,2443,73
0.590575332873,0.694805195,0.971383148,0.131967764,0.816793893,321,141,2444,72
0.593669386587,0.694805195,0.971780604,0.131631968,0.818877551,321,141,2445,71
0.594606611600,0.692640693,0.971780604,0.131296172,0.818414322,320,142,2445,71
0.595104219415,0.690476190,0.971780604,0.130960376,0.817948718,319,143,2445,71
0.595929820994,0.688311688,0.971780604,0.130624580,0.817480720,318,144,2445,71
0.596681623338,0.688311688,0.972178060,0.130288784,0.819587629,318,144,2446,70
0.597093806079,0.686147186,0.972178060,0.129952989,0.819121447,317,145,2446,70
0.597670027609,0.683982684,0.972178060,0.129617193,0.818652850,316,146,2446,70
0.599097005973,0.683982684,0.972575517,0.129281397,0.820779221,316,146,2447,69
0.599656975128,0.683982684,0.972972973,0.128945601,0.822916667,316,146,2448,68
0.600196085129,0.681818182,0.972972973,0.128609805,0.822454308,315,147,2448,68
0.601165486860,0.681818182,0.973370429,0.128274009,0.824607330,315,147,2449,67
0.601267868199,0.681818182,0.973767886,0.127938214,0.826771654,315,147,2450,66
0.605461226844,0.679653680,0.973767886,0.127602418,0.826315789,314,148,2450,66
0.607670552531,0.677489177,0.973767886,0.127266622,0.825857520,313,149,2450,66
0.607929647176,0.675324675,0.973767886,0.126930826,0.825396825,312,150,2450,66
0.608608595876,0.673160173,0.973767886,0.126595030,0.824933687,311,151,2450,66
0.609422137607,0.670995671,0.973767886,0.126259234,0.824468085,310,152,2450,66
0.609428075032,0.668831169,0.973767886,0.125923439,0.824000000,309,153,2450,66
0.612691524480,0.668831169,0.974165342,0.125587643,0.826203209,309,153,2451,65
0.615275726905,0.666666667,0.974165342,0.125251847,0.825737265,308,154,2451,65
0.615626325550,0.664502165,0.974165342,0.124916051,0.825268817,307,155,2451,65
0.616690950467,0.662337662,0.974165342,0.124580255,0.824797844,306,156,2451,65
0.616726495183,0.662337662,0.974562798,0.124244459,0.827027027,306,156,2452,64
0.617354881063,0.662337662,0.974960254,0.123908664,0.829268293,306,156,2453,63
0.617847407272,0.660173160,0.974960254,0.123572868,0.828804348,305,157,2453,63
0.619102419703,0.660173160,0.975357711,0.123237072,0.831062670,305,157,2454,62
0.620422034175,0.660173160,0.975755167,0.122901276,0.833333333,305,157,2455,61
0.620654525586,0.658008658,0.975755167,0.122565480,0.832876712,304,158,2455,61
0.621446896994,0.655844156,0.975755167,0.122229684,0.832417582,303,159,2455,61
0.624482423869,0.655844156,0.976152623,0.121893889,0.834710744,303,159,2456,60
0.625864512877,0.653679654,0.976152623,0.121558093,0.834254144,302,160,2456,60
0.627459780196,0.653679654,0.976550079,0.121222297,0.836565097,302,160,2457,59
0.628828317387,0.651515152,0.976550079,0.120886501,0.836111111,301,161,2457,59
0.629667925814,0.651515152,0.976947536,0.120550705,0.838440111,301,161,2458,58
0.632288069134,0.651515152,0.977344992,0.120214909,0.840782123,301,161,2459,57
0.634647980965,0.649350649,0.977344992,0.119879113,0.840336134,300,162,2459,57
0.634854891326,0.647186147,0.977344992,0.119543318,0.839887640,299,163,2459,57
0.636196012986,0.645021645,0.977344992,0.119207522,0.839436620,298,164,2459,57
0.637083145147,0.642857143,0.977344992,0.118871726,0.838983051,297,165,2459,57
0.639338011784,0.640692641,0.977344992,0.118535930,0.838526912,296,166,2459,57
0.640188446843,0.640692641,0.977742448,0.118200134,0.840909091,296,166,2460,56
0.642003584751,0.638528139,0.977742448,0.117864338,0.840455840,295,167,2460,56
0.647027688751,0.638528139,0.978139905,0.117528543,0.842857143,295,167,2461,55
0.650156746310,0.638528139,0.978537361,0.117192747,0.845272206,295,167,2462,54
0.653655899862,0.638528139,0.978934817,0.116856951,0.847701149,295,167,2463,53
0.653803033545,0.638528139,0.979332273,0.116521155,0.850144092,295,167,2464,52
0.653861099085,0.636363636,0.979332273,0.116185359,0.849710983,294,168,2464,52
0.654211766617,0.634199134,0.979332273,0.115849563,0.849275362,293,169,2464,52
0.654697987027,0.632034632,0.979332273,0.115513768,0.848837209,292,170,2464,52
0.655160399911,0.629870130,0.979332273,0.115177972,0.848396501,291,171,2464,52
0.657032627464,0.627705628,0.979332273,0.114842176,0.847953216,290,172,2464,52
0.657244345167,0.627705628,0.979729730,0.114506380,0.850439883,290,172,2465,51
0.658810278070,0.625541126,0.979729730,0.114170584,0.850000000,289,173,2465,51
0.659535376956,0.623376623,0.979729730,0.113834788,0.849557522,288,174,2465,51
0.660434790511,0.621212121,0.979729730,0.113498993,0.849112426,287,175,2465,51
0.661111127510,0.621212121,0.980127186,0.113163197,0.851632047,287,175,2466,50
0.663313794997,0.621212121,0.980524642,0.112827401,0.854166667,287,175,2467,49
0.664183586118,0.619047619,0.980524642,0.112491605,0.853731343,286,176,2467,49
0.664961382880,0.619047619,0.980922099,0.112155809,0.856287425,286,176,2468,48
0.665268388541,0.616883117,0.980922099,0.111820013,0.855855856,285,177,2468,48
0.665509573997,0.616883117,0.981319555,0.111484218,0.858433735,285,177,2469,47
0.667038070145,0.616883117,0.981717011,0.111148422,0.861027190,285,177,2470,46
0.667994957266,0.614718615,0.981717011,0.110812626,0.860606061,284,178,2470,46
0.671227902592,0.614718615,0.982114467,0.110476830,0.863221884,284,178,2471,45
0.671977888761,0.612554113,0.982114467,0.110141034,0.862804878,283,179,2471,45
0.673736954418,0.610389610,0.982114467,0.109805238,0.862385321,282,180,2471,45
0.675385812645,0.610389610,0.982511924,0.109469443,0.865030675,282,180,2472,44
0.675431446781,0.610389610,0.982909380,0.109133647,0.867692308,282,180,2473,43
0.679589360858,0.608225108,0.982909380,0.108797851,0.867283951,281,181,2473,43
0.680620163267,0.606060606,0.982909380,0.108462055,0.866873065,280,182,2473,43
0.683123166836,0.606060606,0.983306836,0.108126259,0.869565217,280,182,2474,42
0.683464651993,0.603896104,0.983306836,0.107790463,0.869158879,279,183,2474,42
0.683552761149,0.601731602,0.983306836,0.107454668,0.868750000,278,184,2474,42
0.684268232399,0.601731602,0.983704293,0.107118872,0.871473354,278,184,2475,41
0.687095789543,0.599567100,0.983704293,0.106783076,0.871069182,277,185,2475,41
0.687388567623,0.597402597,0.983704293,0.106447280,0.870662461,276,186,2475,41
0.687699152006,0.595238095,0.983704293,0.106111484,0.870253165,275,187,2475,41
0.687968946535,0.595238095,0.984101749,0.105775688,0.873015873,275,187,2476,40
0.689445769933,0.595238095,0.984499205,0.105439893,0.875796178,275,187,2477,39
0.690981428944,0.593073593,0.984499205,0.105104097,0.875399361,274,188,2477,39
0.691002967121,0.593073593,0.984896661,0.104768301,0.878205128,274,188,2478,38
0.692082999045,0.590909091,0.984896661,0.104432505,0.877813505,273,189,2478,38
0.701706833171,0.590909091,0.985294118,0.104096709,0.880645161,273,189,2479,37
0.702945351797,0.590909091,0.985691574,0.103760913,0.883495146,273,189,2480,36
0.703495490882,0.590909091,0.986089030,0.103425118,0.886363636,273,189,2481,35
0.707961858283,0.588744589,0.986089030,0.103089322,0.885993485,272,190,2481,35
0.708125262218,0.586580087,0.986089030,0.102753526,0.885620915,271,191,2481,35
0.709352369537,0.584415584,0.986089030,0.102417730,0.885245902,270,192,2481,35
0.709428949135,0.582251082,0.986089030,0.102081934,0.884868421,269,193,2481,35
0.709658817536,0.580086580,0.986089030,0.101746138,0.884488449,268,194,2481,35
0.710315010160,0.580086580,0.986486486,0.101410343,0.887417219,268,194,2482,34
0.711647606105,0.577922078,0.986486486,0.101074547,0.887043189,267,195,2482,34
0.712529481244,0.577922078,0.986883943,0.100738751,0.890000000,267,195,2483,33
0.713100746993,0.575757576,0.986883943,0.100402955,0.889632107,266,196,2483,33
0.713738764878,0.573593074,0.986883943,0.100067159,0.889261745,265,197,2483,33
0.714525308924,0.571428571,0.986883943,0.099731363,0.888888889,264,198,2483,33
0.715818352805,0.569264069,0.986883943,0.099395567,0.888513514,263,199,2483,33
0.719084296859,0.569264069,0.987281399,0.099059772,0.891525424,263,199,2484,32
0.721048789639,0.567099567,0.987281399,0.098723976,0.891156463,262,200,2484,32
0.721463380963,0.564935065,0.987281399,0.098388180,0.890784983,261,201,2484,32
0.721735264250,0.562770563,0.987281399,0.098052384,0.890410959,260,202,2484,32
0.724934347194,0.560606061,0.987281399,0.097716588,0.890034364,259,203,2484,32
0.729487269538,0.558441558,0.987281399,0.097380792,0.889655172,258,204,2484,32
0.729834272540,0.558441558,0.987678855,0.097044997,0.892733564,258,204,2485,31
0.731872958358,0.556277056,0.987678855,0.096709201,0.892361111,257,205,2485,31
0.732379382879,0.554112554,0.987678855,0.096373405,0.891986063,256,206,2485,31
0.738914449665,0.554112554,0.988076312,0.096037609,0.895104895,256,206,2486,30
0.740214702612,0.551948052,0.988076312,0.095701813,0.894736842,255,207,2486,30
0.743736131694,0.549783550,0.988076312,0.095366017,0.894366197,254,208,2486,30
0.744119547180,0.549783550,0.988473768,0.095030222,0.897526502,254,208,2487,29
0.744811420339,0.549783550,0.988871224,0.094694426,0.900709220,254,208,2488,28
0.748388045538,0.547619048,0.988871224,0.094358630,0.900355872,253,209,2488,28
0.750622794952,0.545454545,0.988871224,0.094022834,0.900000000,252,210,2488,28
0.751007095961,0.545454545,0.989268680,0.093687038,0.903225806,252,210,2489,27
0.752612198634,0.545454545,0.989666137,0.093351242,0.906474820,252,210,2490,26
0.753714685607,0.543290043,0.989666137,0.093015447,0.906137184,251,211,2490,26
0.754126677056,0.541125541,0.989666137,0.092679651,0.905797101,250,212,2490,26
0.755253282916,0.538961039,0.989666137,0.092343855,0.905454545,249,213,2490,26
0.756834965824,0.536796537,0.989666137,0.092008059,0.905109489,248,214,2490,26
0.759117635866,0.534632035,0.989666137,0.091672263,0.904761905,247,215,2490,26
0.761323413268,0.534632035,0.990063593,0.091336467,0.908088235,247,215,2491,25
0.761605135117,0.532467532,0.990063593,0.091000672,0.907749077,246,216,2491,25
0.765664505372,0.530303030,0.990063593,0.090664876,0.907407407,245,217,2491,25
0.767694427583,0.530303030,0.990461049,0.090329080,0.910780669,245,217,2492,24
0.767854582739,0.528138528,0.990461049,0.089993284,0.910447761,244,218,2492,24
0.768635935234,0.525974026,0.990461049,0.089657488,0.910112360,243,219,2492,24
0.769046870620,0.523809524,0.990461049,0.089321692,0.909774436,242,220,2492,24
0.769909513864,0.521645022,0.990461049,0.088985897,0.909433962,241,221,2492,24
0.771593016696,0.519480519,0.990461049,0.088650101,0.909090909,240,222,2492,24
0.772178412286,0.519480519,0.990858506,0.088314305,0.912547529,240,222,2493,23
0.777721072044,0.517316017,0.990858506,0.087978509,0.912213740,239,223,2493,23
0.777816810490,0.515151515,0.990858506,0.087642713,0.911877395,238,224,2493,23
0.778168058677,0.515151515,0.991255962,0.087306917,0.915384615,238,224,2494,22
0.780608380979,0.512987013,0.991255962,0.086971122,0.915057915,237,225,2494,22
0.781259228157,0.510822511,0.991255962,0.086635326,0.914728682,236,226,2494,22
0.784948248361,0.508658009,0.991255962,0.086299530,0.914396887,235,227,2494,22
0.788829776840,0.506493506,0.991255962,0.085963734,0.914062500,234,228,2494,22
0.790037763621,0.504329004,0.991255962,0.085627938,0.913725490,233,229,2494,22
0.791504703471,0.502164502,0.991255962,0.085292142,0.913385827,232,230,2494,22
0.799610439682,0.500000000,0.991255962,0.084956347,0.913043478,231,231,2494,22
0.800078850240,0.497835498,0.991255962,0.084620551,0.912698413,230,232,2494,22
0.805382014067,0.497835498,0.991653418,0.084284755,0.916334661,230,232,2495,21
0.805889475926,0.495670996,0.991653418,0.083948959,0.916000000,229,233,2495,21
0.806195136552,0.495670996,0.992050874,0.083613163,0.919678715,229,233,2496,20
0.806656595060,0.493506494,0.992050874,0.083277367,0.919354839,228,234,2496,20
0.811896727228,0.491341991,0.992050874,0.082941572,0.919028340,227,235,2496,20
0.812119831675,0.489177489,0.992050874,0.082605776,0.918699187,226,236,2496,20
0.814220333115,0.489177489,0.992448331,0.082269980,0.922448980,226,236,2497,19
0.814525318369,0.487012987,0.992448331,0.081934184,0.922131148,225,237,2497,19
0.817838133257,0.484848485,0.992448331,0.081598388,0.921810700,224,238,2497,19
0.820349655352,0.484848485,0.992845787,0.081262592,0.925619835,224,238,2498,18
0.821346683951,0.482683983,0.992845787,0.080926797,0.925311203,223,239,2498,18
0.821731885161,0.480519481,0.992845787,0.080591001,0.925000000,222,240,2498,18
0.823859047239,0.478354978,0.992845787,0.080255205,0.924686192,221,241,2498,18
0.825399005649,0.476190476,0.992845787,0.079919409,0.924369748,220,242,2498,18
0.825757685185,0.474025974,0.992845787,0.079583613,0.924050633,219,243,2498,18
0.826208962775,0.471861472,0.992845787,0.079247817,0.923728814,218,244,2498,18
0.828145230725,0.469696970,0.992845787,0.078912021,0.923404255,217,245,2498,18
0.828430507738,0.467532468,0.992845787,0.078576226,0.923076923,216,246,2498,18
0.829139610568,0.465367965,0.992845787,0.078240430,0.922746781,215,247,2498,18
0.830533412624,0.465367965,0.993243243,0.077904634,0.926724138,215,247,2499,17
0.832903129999,0.463203463,0.993243243,0.077568838,0.926406926,214,248,2499,17
0.835502940867,0.461038961,0.993243243,0.077233042,0.926086957,213,249,2499,17
0.836145373615,0.458874459,0.993243243,0.076897246,0.925764192,212,250,2499,17
0.836686322639,0.458874459,0.993640700,0.076561451,0.929824561,212,250,2500,16
0.837781844378,0.456709957,0.993640700,0.076225655,0.929515419,211,251,2500,16
0.838295050843,0.456709957,0.994038156,0.075889859,0.933628319,211,251,2501,15
0.839634147283,0.454545455,0.994038156,0.075554063,0.933333333,210,252,2501,15
0.841737381610,0.452380952,0.994038156,0.075218267,0.933035714,209,253,2501,15
0.842025332735,0.450216450,0.994038156,0.074882471,0.932735426,208,254,2501,15
0.843480115304,0.448051948,0.994038156,0.074546676,0.932432432,207,255,2501,15
0.848991454622,0.445887446,0.994038156,0.074210880,0.932126697,206,256,2501,15
0.849029707209,0.443722944,0.994038156,0.073875084,0.931818182,205,257,2501,15
0.849921866698,0.443722944,0.994435612,0.073539288,0.936073059,205,257,2502,14
0.852401315140,0.441558442,0.994435612,0.073203492,0.935779817,204,258,2502,14
0.852908630341,0.439393939,0.994435612,0.072867696,0.935483871,203,259,2502,14
0.853744101194,0.437229437,0.994435612,0.072531901,0.935185185,202,260,2502,14
0.854500860702,0.435064935,0.994435612,0.072196105,0.934883721,201,261,2502,14
0.854616009880,0.432900433,0.994435612,0.071860309,0.934579439,200,262,2502,14
0.854699686120,0.430735931,0.994435612,0.071524513,0.934272300,199,263,2502,14
0.854988403857,0.428571429,0.994435612,0.071188717,0.933962264,198,264,2502,14
0.858438620395,0.426406926,0.994435612,0.070852921,0.933649289,197,265,2502,14
0.858987779044,0.424242424,0.994435612,0.070517126,0.933333333,196,266,2502,14
0.861022041163,0.422077922,0.994435612,0.070181330,0.933014354,195,267,2502,14
0.862625053891,0.419913420,0.994435612,0.069845534,0.932692308,194,268,2502,14
0.863407947021,0.417748918,0.994435612,0.069509738,0.932367150,193,269,2502,14
0.863972906596,0.415584416,0.994435612,0.069173942,0.932038835,192,270,2502,14
0.864923935837,0.413419913,0.994435612,0.068838146,0.931707317,191,271,2502,14
0.865290359674,0.411255411,0.994435612,0.068502351,0.931372549,190,272,2502,14
0.865885501464,0.411255411,0.994833068,0.068166555,0.935960591,190,272,2503,13
0.866563080069,0.409090909,0.994833068,0.067830759,0.935643564,189,273,2503,13
0.868119633956,0.406926407,0.994833068,0.067494963,0.935323383,188,274,2503,13
0.869209550169,0.404761905,0.994833068,0.067159167,0.935000000,187,275,2503,13
0.874332235869,0.402597403,0.994833068,0.066823371,0.934673367,186,276,2503,13
0.874857629937,0.402597403,0.995230525,0.066487576,0.939393939,186,276,2504,12
0.880534395584,0.400432900,0.995230525,0.066151780,0.939086294,185,277,2504,12
0.884780943877,0.398268398,0.995230525,0.065815984,0.938775510,184,278,2504,12
0.887554655443,0.396103896,0.995230525,0.065480188,0.938461538,183,279,2504,12
0.890001828586,0.393939394,0.995230525,0.065144392,0.938144330,182,280,2504,12
0.890634866428,0.391774892,0.995230525,0.064808596,0.937823834,181,281,2504,12
0.891797455857,0.389610390,0.995230525,0.064472801,0.937500000,180,282,2504,12
0.891859000011,0.387445887,0.995230525,0.064137005,0.937172775,179,283,2504,12
0.892335001831,0.385281385,0.995230525,0.063801209,0.936842105,178,284,2504,12
0.894286101902,0.383116883,0.995230525,0.063465413,0.936507937,177,285,2504,12
0.894709592092,0.383116883,0.995627981,0.063129617,0.941489362,177,285,2505,11
0.895164557900,0.380952381,0.995627981,0.062793821,0.941176471,176,286,2505,11
0.895766732303,0.378787879,0.995627981,0.062458026,0.940860215,175,287,2505,11
0.897989230098,0.376623377,0.995627981,0.062122230,0.940540541,174,288,2505,11
0.898835062942,0.376623377,0.996025437,0.061786434,0.945652174,174,288,2506,10
0.901724830647,0.374458874,0.996025437,0.061450638,0.945355191,173,289,2506,10
0.901849560727,0.372294372,0.996025437,0.061114842,0.945054945,172,290,2506,10
0.903468869906,0.370129870,0.996025437,0.060779046,0.944751381,171,291,2506,10
0.905475792251,0.367965368,0.996025437,0.060443251,0.944444444,170,292,2506,10
0.906567639609,0.367965368,0.996422893,0.060107455,0.949720670,170,292,2507,9
0.907691636390,0.365800866,0.996422893,0.059771659,0.949438202,169,293,2507,9
0.907989868024,0.363636364,0.996422893,0.059435863,0.949152542,168,294,2507,9
0.909191611090,0.363636364,0.996820350,0.059100067,0.954545455,168,294,2508,8
0.909398962572,0.361471861,0.996820350,0.058764271,0.954285714,167,295,2508,8
0.909871416148,0.359307359,0.996820350,0.058428475,0.954022989,166,296,2508,8
0.910639805161,0.357142857,0.996820350,0.058092680,0.953757225,165,297,2508,8
0.911888085604,0.354978355,0.996820350,0.057756884,0.953488372,164,298,2508,8
0.912605312874,0.352813853,0.996820350,0.057421088,0.953216374,163,299,2508,8
0.914694275953,0.350649351,0.996820350,0.057085292,0.952941176,162,300,2508,8
0.915665872925,0.348484848,0.996820350,0.056749496,0.952662722,161,301,2508,8
0.918428842000,0.346320346,0.996820350,0.056413700,0.952380952,160,302,2508,8
0.918631063507,0.344155844,0.996820350,0.056077905,0.952095808,159,303,2508,8
0.919462195926,0.341991342,0.996820350,0.055742109,0.951807229,158,304,2508,8
0.923744790512,0.339826840,0.996820350,0.055406313,0.951515152,157,305,2508,8
0.924667421380,0.337662338,0.996820350,0.055070517,0.951219512,156,306,2508,8
0.924683254109,0.335497835,0.996820350,0.054734721,0.950920245,155,307,2508,8
0.925054162868,0.333333333,0.996820350,0.054398925,0.950617284,154,308,2508,8
0.925294609905,0.331168831,0.996820350,0.054063130,0.950310559,153,309,2508,8
0.926994868012,0.331168831,0.997217806,0.053727334,0.956250000,153,309,2509,7
0.927229248235,0.331168831,0.997615262,0.053391538,0.962264151,153,309,2510,6
0.927730951342,0.329004329,0.997615262,0.053055742,0.962025316,152,310,2510,6
0.929652925691,0.326839827,0.997615262,0.052719946,0.961783439,151,311,2510,6
0.932978550526,0.324675325,0.997615262,0.052384150,0.961538462,150,312,2510,6
0.933013732253,0.322510823,0.997615262,0.052048355,0.961290323,149,313,2510,6
0.933567443139,0.320346320,0.997615262,0.051712559,0.961038961,148,314,2510,6
0.934734004924,0.318181818,0.997615262,0.051376763,0.960784314,147,315,2510,6
0.934759172667,0.318181818,0.998012719,0.051040967,0.967105263,147,315,2511,5
0.934860838495,0.316017316,0.998012719,0.050705171,0.966887417,146,316,2511,5
0.936603292899,0.313852814,0.998012719,0.050369375,0.966666667,145,317,2511,5
0.936707877814,0.311688312,0.998012719,0.050033580,0.966442953,144,318,2511,5
0.939369162200,0.309523810,0.998012719,0.049697784,0.966216216,143,319,2511,5
0.939434666986,0.307359307,0.998012719,0.049361988,0.965986395,142,320,2511,5
0.940626730427,0.305194805,0.998012719,0.049026192,0.965753425,141,321,2511,5
0.940942219606,0.303030303,0.998012719,0.048690396,0.965517241,140,322,2511,5
0.941162399172,0.303030303,0.998410175,0.048354600,0.972222222,140,322,2512,4
0.941987049092,0.300865801,0.998410175,0.048018805,0.972027972,139,323,2512,4
0.943625642932,0.298701299,0.998410175,0.047683009,0.971830986,138,324,2512,4
0.943720140042,0.298701299,0.998807631,0.047347213,0.978723404,138,324,2513,3
0.943890511001,0.296536797,0.998807631,0.047011417,0.978571429,137,325,2513,3
0.944624786992,0.294372294,0.998807631,0.046675621,0.978417266,136,326,2513,3
0.944760369584,0.292207792,0.998807631,0.046339825,0.978260870,135,327,2513,3
0.945793105880,0.290043290,0.998807631,0.046004030,0.978102190,134,328,2513,3
0.946694671063,0.287878788,0.998807631,0.045668234,0.977941176,133,329,2513,3
0.947811255224,0.285714286,0.998807631,0.045332438,0.977777778,132,330,2513,3
0.948552292440,0.283549784,0.998807631,0.044996642,0.977611940,131,331,2513,3
0.948776646148,0.281385281,0.998807631,0.044660846,0.977443609,130,332,2513,3
0.949090353653,0.279220779,0.998807631,0.044325050,0.977272727,129,333,2513,3
0.949671111406,0.277056277,0.998807631,0.043989255,0.977099237,128,334,2513,3
0.949875590116,0.274891775,0.998807631,0.043653459,0.976923077,127,335,2513,3
0.951351255410,0.272727273,0.998807631,0.043317663,0.976744186,126,336,2513,3
0.951494586153,0.270562771,0.998807631,0.042981867,0.976562500,125,337,2513,3
0.952802486249,0.268398268,0.998807631,0.042646071,0.976377953,124,338,2513,3
0.953416933625,0.266233766,0.998807631,0.042310275,0.976190476,123,339,2513,3
0.953517665529,0.264069264,0.998807631,0.041974480,0.976000000,122,340,2513,3
0.953729917183,0.261904762,0.998807631,0.041638684,0.975806452,121,341,2513,3
0.953978817762,0.259740260,0.998807631,0.041302888,0.975609756,120,342,2513,3
0.954163297929,0.257575758,0.998807631,0.040967092,0.975409836,119,343,2513,3
0.955945104874,0.255411255,0.998807631,0.040631296,0.975206612,118,344,2513,3
0.956958250928,0.253246753,0.998807631,0.040295500,0.975000000,117,345,2513,3
0.958551652771,0.251082251,0.998807631,0.039959704,0.974789916,116,346,2513,3
0.959161890272,0.248917749,0.998807631,0.039623909,0.974576271,115,347,2513,3
0.960178337238,0.246753247,0.998807631,0.039288113,0.974358974,114,348,2513,3
0.961377548036,0.244588745,0.998807631,0.038952317,0.974137931,113,349,2513,3
0.962213745935,0.242424242,0.998807631,0.038616521,0.973913043,112,350,2513,3
0.962310001674,0.240259740,0.998807631,0.038280725,0.973684211,111,351,2513,3
0.962871999015,0.238095238,0.998807631,0.037944929,0.973451327,110,352,2513,3
0.963427701445,0.235930736,0.998807631,0.037609134,0.973214286,109,353,2513,3
0.963891038732,0.233766234,0.998807631,0.037273338,0.972972973,108,354,2513,3
0.963906516338,0.231601732,0.998807631,0.036937542,0.972727273,107,355,2513,3
0.964769572738,0.229437229,0.998807631,0.036601746,0.972477064,106,356,2513,3
0.965019059742,0.227272727,0.998807631,0.036265950,0.972222222,105,357,2513,3
0.965310331083,0.225108225,0.998807631,0.035930154,0.971962617,104,358,2513,3
0.966287155300,0.222943723,0.998807631,0.035594359,0.971698113,103,359,2513,3
0.967623871228,0.220779221,0.998807631,0.035258563,0.971428571,102,360,2513,3
0.968075820371,0.218614719,0.998807631,0.034922767,0.971153846,101,361,2513,3
0.968607564436,0.216450216,0.998807631,0.034586971,0.970873786,100,362,2513,3
0.969341498682,0.214285714,0.998807631,0.034251175,0.970588235,99,363,2513,3
0.969985120947,0.212121212,0.998807631,0.033915379,0.970297030,98,364,2513,3
0.970728667053,0.212121212,0.999205087,0.033579584,0.980000000,98,364,2514,2
0.970749062661,0.209956710,0.999205087,0.033243788,0.979797980,97,365,2514,2
0.970830712563,0.207792208,0.999205087,0.032907992,0.979591837,96,366,2514,2
0.971247268589,0.205627706,0.999205087,0.032572196,0.979381443,95,367,2514,2
0.971387499413,0.203463203,0.999205087,0.032236400,0.979166667,94,368,2514,2
0.972181460918,0.201298701,0.999205087,0.031900604,0.978947368,93,369,2514,2
0.973242689007,0.199134199,0.999205087,0.031564809,0.978723404,92,370,2514,2
0.973975037655,0.196969697,0.999205087,0.031229013,0.978494624,91,371,2514,2
0.974079493523,0.194805195,0.999205087,0.030893217,0.978260870,90,372,2514,2
0.974534065121,0.192640693,0.999205087,0.030557421,0.978021978,89,373,2514,2
0.974857206276,0.190476190,0.999205087,0.030221625,0.977777778,88,374,2514,2
0.975360008782,0.188311688,0.999205087,0.029885829,0.977528090,87,375,2514,2
0.975509372408,0.186147186,0.999205087,0.029550034,0.977272727,86,376,2514,2
0.976131382493,0.183982684,0.999205087,0.029214238,0.977011494,85,377,2514,2
0.976790684145,0.181818182,0.999205087,0.028878442,0.976744186,84,378,2514,2
0.976949751684,0.179653680,0.999205087,0.028542646,0.976470588,83,379,2514,2
0.976952647303,0.177489177,0.999205087,0.028206850,0.976190476,82,380,2514,2
0.977882923640,0.175324675,0.999205087,0.027871054,0.975903614,81,381,2514,2
0.978161874088,0.173160173,0.999205087,0.027535259,0.975609756,80,382,2514,2
0.978762001505,0.173160173,0.999602544,0.027199463,0.987654321,80,382,2515,1
0.978934855299,0.170995671,0.999602544,0.026863667,0.987500000,79,383,2515,1
0.978994947543,0.168831169,0.999602544,0.026527871,0.987341772,78,384,2515,1
0.979506343747,0.166666667,0.999602544,0.026192075,0.987179487,77,385,2515,1
0.980428584401,0.164502165,0.999602544,0.025856279,0.987012987,76,386,2515,1
0.980915597385,0.162337662,0.999602544,0.025520484,0.986842105,75,387,2515,1
0.981057094268,0.160173160,0.999602544,0.025184688,0.986666667,74,388,2515,1
0.981148231922,0.158008658,0.999602544,0.024848892,0.986486486,73,389,2515,1
0.981318105270,0.155844156,0.999602544,0.024513096,0.986301370,72,390,2515,1
0.982203010721,0.153679654,0.999602544,0.024177300,0.986111111,71,391,2515,1
0.982651784170,0.151515152,0.999602544,0.023841504,0.985915493,70,392,2515,1
0.983056435619,0.149350649,0.999602544,0.023505709,0.985714286,69,393,2515,1
0.983252165940,0.147186147,0.999602544,0.023169913,0.985507246,68,394,2515,1
0.983419953640,0.145021645,0.999602544,0.022834117,0.985294118,67,395,2515,1
0.983641186060,0.142857143,0.999602544,0.022498321,0.985074627,66,396,2515,1
0.983867270391,0.140692641,0.999602544,0.022162525,0.984848485,65,397,2515,1
0.983889544203,0.138528139,0.999602544,0.021826729,0.984615385,64,398,2515,1
0.984153776199,0.136363636,0.999602544,0.021490934,0.984375000,63,399,2515,1
0.984519522781,0.134199134,0.999602544,0.021155138,0.984126984,62,400,2515,1
0.985571414414,0.132034632,0.999602544,0.020819342,0.983870968,61,401,2515,1
0.985903728167,0.129870130,0.999602544,0.020483546,0.983606557,60,402,2515,1
0.986034615525,0.127705628,0.999602544,0.020147750,0.983333333,59,403,2515,1
0.986500106982,0.125541126,0.999602544,0.019811954,0.983050847,58,404,2515,1
0.986552699224,0.123376623,0.999602544,0.019476158,0.982758621,57,405,2515,1
0.987019432153,0.121212121,0.999602544,0.019140363,0.982456140,56,406,2515,1
0.987029477155,0.119047619,0.999602544,0.018804567,0.982142857,55,407,2515,1
0.988284228776,0.116883117,0.999602544,0.018468771,0.981818182,54,408,2515,1
0.988316922098,0.114718615,0.999602544,0.018132975,0.981481481,53,409,2515,1
0.988445572712,0.112554113,0.999602544,0.017797179,0.981132075,52,410,2515,1
0.988480559966,0.110389610,0.999602544,0.017461383,0.980769231,51,411,2515,1
0.988510377577,0.108225108,0.999602544,0.017125588,0.980392157,50,412,2515,1
0.988591014697,0.106060606,0.999602544,0.016789792,0.980000000,49,413,2515,1
0.988744126664,0.103896104,0.999602544,0.016453996,0.979591837,48,414,2515,1
0.988840929135,0.101731602,0.999602544,0.016118200,0.979166667,47,415,2515,1
0.989117738214,0.099567100,0.999602544,0.015782404,0.978723404,46,416,2515,1
0.989254207086,0.097402597,0.999602544,0.015446608,0.978260870,45,417,2515,1
0.989278365041,0.095238095,0.999602544,0.015110813,0.977777778,44,418,2515,1
0.989437527954,0.093073593,0.999602544,0.014775017,0.977272727,43,419,2515,1
0.989878688723,0.090909091,0.999602544,0.014439221,0.976744186,42,420,2515,1
0.990249145699,0.088744589,0.999602544,0.014103425,0.976190476,41,421,2515,1
0.990258416675,0.086580087,0.999602544,0.013767629,0.975609756,40,422,2515,1
0.990563026485,0.084415584,0.999602544,0.013431833,0.975000000,39,423,2515,1
0.990831405723,0.082251082,0.999602544,0.013096038,0.974358974,38,424,2515,1
0.990839947050,0.080086580,0.999602544,0.012760242,0.973684211,37,425,2515,1
0.990997629906,0.077922078,0.999602544,0.012424446,0.972972973,36,426,2515,1
0.991295563746,0.075757576,0.999602544,0.012088650,0.972222222,35,427,2515,1
0.991428841439,0.073593074,0.999602544,0.011752854,0.971428571,34,428,2515,1
0.991518190062,0.071428571,0.999602544,0.011417058,0.970588235,33,429,2515,1
0.992166622904,0.069264069,0.999602544,0.011081263,0.969696970,32,430,2515,1
0.992499041598,0.069264069,1.000000000,0.010745467,1.000000000,32,430,2516,0
0.992509262946,0.067099567,1.000000000,0.010409671,1.000000000,31,431,2516,0
0.992551056010,0.064935065,1.000000000,0.010073875,1.000000000,30,432,2516,0
0.992625857118,0.062770563,1.000000000,0.009738079,1.000000000,29,433,2516,0
0.992646571963,0.060606061,1.000000000,0.009402283,1.000000000,28,434,2516,0
0.992762415851,0.058441558,1.000000000,0.009066488,1.000000000,27,435,2516,0
0.992790641218,0.056277056,1.000000000,0.008730692,1.000000000,26,436,2516,0
0.992835568698,0.054112554,1.000000000,0.008394896,1.000000000,25,437,2516,0
0.992952509637,0.051948052,1.000000000,0.008059100,1.000000000,24,438,2516,0
0.992974731028,0.049783550,1.000000000,0.007723304,1.000000000,23,439,2516,0
0.993124783891,0.047619048,1.000000000,0.007387508,1.000000000,22,440,2516,0
0.993297917072,0.045454545,1.000000000,0.007051713,1.000000000,21,441,2516,0
0.993500471474,0.043290043,1.000000000,0.006715917,1.000000000,20,442,2516,0
0.993756038802,0.041125541,1.000000000,0.006380121,1.000000000,19,443,2516,0
0.993847866984,0.038961039,1.000000000,0.006044325,1.000000000,18,444,2516,0
0.993920147941,0.036796537,1.000000000,0.005708529,1.000000000,17,445,2516,0
0.994271600892,0.034632035,1.000000000,0.005372733,1.000000000,16,446,2516,0
0.994460520817,0.032467532,1.000000000,0.005036938,1.000000000,15,447,2516,0
0.994472793398,0.030303030,1.000000000,0.004701142,1.000000000,14,448,2516,0
0.994745015639,0.028138528,1.000000000,0.004365346,1.000000000,13,449,2516,0
0.994906903842,0.025974026,1.000000000,0.004029550,1.000000000,12,450,2516,0
0.995167189366,0.023809524,1.000000000,0.003693754,1.000000000,11,451,2516,0
0.995167534983,0.021645022,1.000000000,0.003357958,1.000000000,10,452,2516,0
0.995543337171,0.019480519,1.000000000,0.003022163,1.000000000,9,453,2516,0
0.995664395308,0.017316017,1.000000000,0.002686367,1.000000000,8,454,2516,0
0.995776519499,0.015151515,1.000000000,0.002350571,1.000000000,7,455,2516,0
0.996164578651,0.012987013,1.000000000,0.002014775,1.000000000,6,456,2516,0
0.996308250502,0.010822511,1.000000000,0.001678979,1.000000000,5,457,2516,0
0.996578042970,0.008658009,1.000000000,0.001343183,1.000000000,4,458,2516,0
0.996626532091,0.006493506,1.000000000,0.001007388,1.000000000,3,459,2516,0
0.996834722397,0.004329004,1.000000000,0.000671592,1.000000000,2,460,2516,0
0.997129081007,0.002164502,1.000000000,0.000335796,1.000000000,1,461,2516,0
1.000000000000,0.000000000,1.000000000,0.000000000,,0,462,2516,0
