threshold,recall,specificity,flag_rate,precision,tp,fn,tn,fp
0.000000000000,1.000000000,0.000000000,1.000000000,0.155137676,462,0,0,2516
0.000639364700,1.000000000,0.000000000,1.000000000,0.155137676,462,0,0,2516
0.000736241337,1.000000000,0.000397456,0.999664204,0.155189788,462,0,1,2515
0.000750013834,1.000000000,0.000794913,0.999328408,0.155241935,462,0,2,2514
0.000796822838,1.000000000,0.001192369,0.998992612,0.155294118,462,0,3,2513
0.000802153287,1.000000000,0.001589825,0.998656817,0.155346335,462,0,4,2512
0.000860321636,1.000000000,0.001987281,0.998321021,0.155398587,462,0,5,2511
0.000864759837,1.000000000,0.002384738,0.997985225,0.155450875,462,0,6,2510
0.000870181738,1.000000000,0.002782194,0.997649429,0.155503198,462,0,7,2509
0.001008111629,1.000000000,0.003179650,0.997313633,0.155555556,462,0,8,2508
0.001030780175,1.000000000,0.003577107,0.996977837,0.155607949,462,0,9,2507
0.001031617313,1.000000000,0.003974563,0.996642042,0.155660377,462,0,10,2506
0.001065778640,1.000000000,0.004372019,0.996306246,0.155712841,462,0,11,2505
0.001072344648,1.000000000,0.004769475,0.995970450,0.155765341,462,0,12,2504
0.001076347408,1.000000000,0.005166932,0.995634654,0.155817875,462,0,13,2503
0.001081938921,1.000000000,0.005564388,0.995298858,0.155870445,462,0,14,2502
0.001106711953,1.000000000,0.005961844,0.994963062,0.155923051,462,0,15,2501
0.001163666245,1.000000000,0.006359300,0.994627267,0.155975692,462,0,16,2500
0.001175534256,1.000000000,0.006756757,0.994291471,0.156028369,462,0,17,2499
0.001236957682,1.000000000,0.007154213,0.993955675,0.156081081,462,0,18,2498
0.001238697256,1.000000000,0.007551669,0.993619879,0.156133829,462,0,19,2497
0.001263697904,1.000000000,0.007949126,0.993284083,0.156186613,462,0,20,2496
0.001265628949,1.000000000,0.008346582,0.992948287,0.156239432,462,0,21,2495
0.001270542205,1.000000000,0.008744038,0.992612492,0.156292287,462,0,22,2494
0.001274764879,1.000000000,0.009141494,0.992276696,0.156345178,462,0,23,2493
0.001280464376,1.000000000,0.009538951,0.991940900,0.156398104,462,0,24,2492
0.001289388212,1.000000000,0.009936407,0.991605104,0.156451067,462,0,25,2491
0.001300858889,1.000000000,0.010333863,0.991269308,0.156504065,462,0,26,2490
0.001301772197,1.000000000,0.010731320,0.990933512,0.156557099,462,0,27,2489
0.001306985551,1.000000000,0.011128776,0.990597717,0.156610169,462,0,28,2488
0.001307999483,1.000000000,0.011526232,0.990261921,0.156663276,462,0,29,2487
0.001342668980,1.000000000,0.011923688,0.989926125,0.156716418,462,0,30,2486
0.001353566143,1.000000000,0.012321145,0.989590329,0.156769596,462,0,31,2485
0.001359995216,1.000000000,0.012718601,0.989254533,0.156822811,462,0,32,2484
0.001364238506,1.000000000,0.013116057,0.988918737,0.156876061,462,0,33,2483
0.001382582131,1.000000000,0.013513514,0.988582942,0.156929348,462,0,34,2482
0.001387205946,1.000000000,0.013910970,0.988247146,0.156982671,462,0,35,2481
0.001395094812,1.000000000,0.014308426,0.987911350,0.157036030,462,0,36,2480
0.001400067422,1.000000000,0.014705882,0.987575554,0.157089425,462,0,37,2479
0.001411571111,1.000000000,0.015103339,0.987239758,0.157142857,462,0,38,2478
0.001420389051,1.000000000,0.015500795,0.986903962,0.157196325,462,0,39,2477
0.001424713508,1.000000000,0.015898251,0.986568167,0.157249830,462,0,40,2476
0.001425215804,1.000000000,0.016295707,0.986232371,0.157303371,462,0,41,2475
0.001439262070,1.000000000,0.016693164,0.985896575,0.157356948,462,0,42,2474
0.001439936429,1.000000000,0.017090620,0.985560779,0.157410562,462,0,43,2473
0.001452913622,1.000000000,0.017488076,0.985224983,0.157464213,462,0,44,2472
0.001455628244,1.000000000,0.017885533,0.984889187,0.157517900,462,0,45,2471
0.001458103557,1.000000000,0.018282989,0.984553392,0.157571623,462,0,46,2470
0.001464004893,1.000000000,0.018680445,0.984217596,0.157625384,462,0,47,2469
0.001482127567,1.000000000,0.019077901,0.983881800,0.157679181,462,0,48,2468
0.001490348681,1.000000000,0.019475358,0.983546004,0.157733015,462,0,49,2467
0.001497246856,1.000000000,0.019872814,0.983210208,0.157786885,462,0,50,2466
0.001498093431,1.000000000,0.020270270,0.982874412,0.157840793,462,0,51,2465
0.001498275560,1.000000000,0.020667727,0.982538617,0.157894737,462,0,52,2464
0.001508615676,1.000000000,0.021065183,0.982202821,0.157948718,462,0,53,2463
0.001528844970,1.000000000,0.021462639,0.981867025,0.158002736,462,0,54,2462
0.001534113972,1.000000000,0.021860095,0.981531229,0.158056791,462,0,55,2461
0.001537078142,1.000000000,0.022257552,0.981195433,0.158110883,462,0,56,2460
0.001546808131,1.000000000,0.022655008,0.980859637,0.158165012,462,0,57,2459
0.001550386051,1.000000000,0.023052464,0.980523842,0.158219178,462,0,58,2458
0.001554399092,1.000000000,0.023449921,0.980188046,0.158273381,462,0,59,2457
0.001566079915,1.000000000,0.023847377,0.979852250,0.158327622,462,0,60,2456
0.001584968465,1.000000000,0.024244833,0.979516454,0.158381899,462,0,61,2455
0.001589140835,1.000000000,0.024642289,0.979180658,0.158436214,462,0,62,2454
0.001591080735,1.000000000,0.025039746,0.978844862,0.158490566,462,0,63,2453
0.001591878469,1.000000000,0.025437202,0.978509066,0.158544955,462,0,64,2452
0.001608076995,1.000000000,0.025834658,0.978173271,0.158599382,462,0,65,2451
0.001609314751,1.000000000,0.026232114,0.977837475,0.158653846,462,0,66,2450
0.001625588188,1.000000000,0.026629571,0.977501679,0.158708348,462,0,67,2449
0.001628976984,1.000000000,0.027027027,0.977165883,0.158762887,462,0,68,2448
0.001636979539,1.000000000,0.027424483,0.976830087,0.158817463,462,0,69,2447
0.001657094022,1.000000000,0.027821940,0.976494291,0.158872077,462,0,70,2446
0.001681483340,1.000000000,0.028219396,0.976158496,0.158926729,462,0,71,2445
0.001687564577,1.000000000,0.028616852,0.975822700,0.158981418,462,0,72,2444
0.001690013392,1.000000000,0.029014308,0.975486904,0.159036145,462,0,73,2443
0.001698865409,1.000000000,0.029411765,0.975151108,0.159090909,462,0,74,2442
0.001700409539,1.000000000,0.029809221,0.974815312,0.159145711,462,0,75,2441
0.001703396524,1.000000000,0.030206677,0.974479516,0.159200551,462,0,76,2440
0.001711132802,1.000000000,0.030604134,0.974143721,0.159255429,462,0,77,2439
0.001711421756,1.000000000,0.031001590,0.973807925,0.159310345,462,0,78,2438
0.001714196616,1.000000000,0.031399046,0.973472129,0.159365298,462,0,79,2437
0.001715382628,1.000000000,0.031796502,0.973136333,0.159420290,462,0,80,2436
0.001716113082,1.000000000,0.032193959,0.972800537,0.159475319,462,0,81,2435
0.001722071849,1.000000000,0.032591415,0.972464741,0.159530387,462,0,82,2434
0.001757189585,1.000000000,0.032988871,0.972128946,0.159585492,462,0,83,2433
0.001768460444,1.000000000,0.033386328,0.971793150,0.159640636,462,0,84,2432
0.001773402257,1.000000000,0.033783784,0.971457354,0.159695817,462,0,85,2431
0.001775325029,1.000000000,0.034181240,0.971121558,0.159751037,462,0,86,2430
0.001776724408,1.000000000,0.034578696,0.970785762,0.159806295,462,0,87,2429
0.001780113971,1.000000000,0.034976153,0.970449966,0.159861592,462,0,88,2428
0.001795131938,1.000000000,0.035373609,0.970114171,0.159916926,462,0,89,2427
0.001801621424,1.000000000,0.035771065,0.969778375,0.159972299,462,0,90,2426
0.001809479420,1.000000000,0.036168521,0.969442579,0.160027710,462,0,91,2425
0.001813712910,1.000000000,0.036565978,0.969106783,0.160083160,462,0,92,2424
0.001818419764,1.000000000,0.036963434,0.968770987,0.160138648,462,0,93,2423
0.001819547695,1.000000000,0.037360890,0.968435191,0.160194175,462,0,94,2422
0.001820842170,1.000000000,0.037758347,0.968099396,0.160249740,462,0,95,2421
0.001825021892,1.000000000,0.038155803,0.967763600,0.160305344,462,0,96,2420
0.001828772161,1.000000000,0.038553259,0.967427804,0.160360986,462,0,97,2419
0.001832623667,1.000000000,0.038950715,0.967092008,0.160416667,462,0,98,2418
0.001836455937,1.000000000,0.039348172,0.966756212,0.160472386,462,0,99,2417
0.001841009906,1.000000000,0.039745628,0.966420416,0.160528145,462,0,100,2416
0.001848913300,1.000000000,0.040143084,0.966084621,0.160583942,462,0,101,2415
0.001849880339,1.000000000,0.040540541,0.965748825,0.160639777,462,0,102,2414
0.001877612552,1.000000000,0.040937997,0.965413029,0.160695652,462,0,103,2413
0.001877739691,1.000000000,0.041335453,0.965077233,0.160751566,462,0,104,2412
0.001880060292,1.000000000,0.041732909,0.964741437,0.160807518,462,0,105,2411
0.001880963127,1.000000000,0.042130366,0.964405641,0.160863510,462,0,106,2410
0.001881600970,1.000000000,0.042527822,0.964069846,0.160919540,462,0,107,2409
0.001886195752,1.000000000,0.042925278,0.963734050,0.160975610,462,0,108,2408
0.001887983374,1.000000000,0.043322734,0.963398254,0.161031718,462,0,109,2407
0.001894846725,1.000000000,0.043720191,0.963062458,0.161087866,462,0,110,2406
0.001901504769,1.000000000,0.044117647,0.962726662,0.161144053,462,0,111,2405
0.001906964837,1.000000000,0.044515103,0.962390866,0.161200279,462,0,112,2404
0.001920656151,1.000000000,0.044912560,0.962055071,0.161256545,462,0,113,2403
0.001933523983,1.000000000,0.045310016,0.961719275,0.161312849,462,0,114,2402
0.001934962430,1.000000000,0.045707472,0.961383479,0.161369193,462,0,115,2401
0.001937394713,1.000000000,0.046104928,0.961047683,0.161425577,462,0,116,2400
0.001937994978,1.000000000,0.046502385,0.960711887,0.161481999,462,0,117,2399
0.001942772654,1.000000000,0.046899841,0.960376091,0.161538462,462,0,118,2398
0.001946988294,1.000000000,0.047297297,0.960040296,0.161594963,462,0,119,2397
0.001948307673,1.000000000,0.047694754,0.959704500,0.161651505,462,0,120,2396
0.001956123902,1.000000000,0.048092210,0.959368704,0.161708085,462,0,121,2395
0.001958056626,1.000000000,0.048489666,0.959032908,0.161764706,462,0,122,2394
0.001959337116,1.000000000,0.048887122,0.958697112,0.161821366,462,0,123,2393
0.001961095126,1.000000000,0.049284579,0.958361316,0.161878066,462,0,124,2392
0.001961146453,1.000000000,0.049682035,0.958025520,0.161934805,462,0,125,2391
0.001964280432,1.000000000,0.050079491,0.957689725,0.161991585,462,0,126,2390
0.001995142255,1.000000000,0.050476948,0.957353929,0.162048404,462,0,127,2389
0.002003218678,1.000000000,0.050874404,0.957018133,0.162105263,462,0,128,2388
0.002013004787,1.000000000,0.051271860,0.956682337,0.162162162,462,0,129,2387
0.002024318253,1.000000000,0.051669316,0.956346541,0.162219101,462,0,130,2386
0.002034965035,1.000000000,0.052066773,0.956010745,0.162276080,462,0,131,2385
0.002035102856,1.000000000,0.052464229,0.955674950,0.162333099,462,0,132,2384
0.002041745703,1.000000000,0.052861685,0.955339154,0.162390158,462,0,133,2383
0.002051143695,1.000000000,0.053259141,0.955003358,0.162447257,462,0,134,2382
0.002053430484,1.000000000,0.053656598,0.954667562,0.162504397,462,0,135,2381
0.002053701553,1.000000000,0.054054054,0.954331766,0.162561576,462,0,136,2380
0.002059003590,1.000000000,0.054451510,0.953995970,0.162618796,462,0,137,2379
0.002068842154,1.000000000,0.054848967,0.953660175,0.162676056,462,0,138,2378
0.002072783940,1.000000000,0.055246423,0.953324379,0.162733357,462,0,139,2377
0.002072870606,1.000000000,0.055643879,0.952988583,0.162790698,462,0,140,2376
0.002080243914,1.000000000,0.056041335,0.952652787,0.162848079,462,0,141,2375
0.002088464397,1.000000000,0.056438792,0.952316991,0.162905501,462,0,142,2374
0.002089595082,1.000000000,0.056836248,0.951981195,0.162962963,462,0,143,2373
0.002090233056,1.000000000,0.057233704,0.951645400,0.163020466,462,0,144,2372
0.002111116428,1.000000000,0.057631161,0.951309604,0.163078009,462,0,145,2371
0.002123841174,1.000000000,0.058028617,0.950973808,0.163135593,462,0,146,2370
0.002124995032,1.000000000,0.058426073,0.950638012,0.163193218,462,0,147,2369
0.002125360489,1.000000000,0.058823529,0.950302216,0.163250883,462,0,148,2368
0.002141941301,1.000000000,0.059220986,0.949966420,0.163308590,462,0,149,2367
0.002154596010,1.000000000,0.059618442,0.949630625,0.163366337,462,0,150,2366
0.002158986952,1.000000000,0.060015898,0.949294829,0.163424125,462,0,151,2365
0.002161030491,1.000000000,0.060413355,0.948959033,0.163481953,462,0,152,2364
0.002162261055,1.000000000,0.060810811,0.948623237,0.163539823,462,0,153,2363
0.002164667022,1.000000000,0.061208267,0.948287441,0.163597734,462,0,154,2362
0.002174574797,1.000000000,0.061605723,0.947951645,0.163655685,462,0,155,2361
0.002177718911,1.000000000,0.062003180,0.947615850,0.163713678,462,0,156,2360
0.002178135519,1.000000000,0.062400636,0.947280054,0.163771712,462,0,157,2359
0.002180579670,1.000000000,0.062798092,0.946944258,0.163829787,462,0,158,2358
0.002185149468,1.000000000,0.063195548,0.946608462,0.163887904,462,0,159,2357
0.002191126797,1.000000000,0.063593005,0.946272666,0.163946061,462,0,160,2356
0.002206242731,1.000000000,0.063990461,0.945936870,0.164004260,462,0,161,2355
0.002207528203,1.000000000,0.064387917,0.945601075,0.164062500,462,0,162,2354
0.002208491741,1.000000000,0.064785374,0.945265279,0.164120782,462,0,163,2353
0.002213905785,1.000000000,0.065182830,0.944929483,0.164179104,462,0,164,2352
0.002220564518,1.000000000,0.065580286,0.944593687,0.164237469,462,0,165,2351
0.002221561533,1.000000000,0.065977742,0.944257891,0.164295875,462,0,166,2350
0.002242819567,1.000000000,0.066375199,0.943922095,0.164354322,462,0,167,2349
0.002244205600,1.000000000,0.066772655,0.943586300,0.164412811,462,0,168,2348
0.002246343715,1.000000000,0.067170111,0.943250504,0.164471342,462,0,169,2347
0.002248703661,1.000000000,0.067567568,0.942914708,0.164529915,462,0,170,2346
0.002259650323,1.000000000,0.067965024,0.942578912,0.164588529,462,0,171,2345
0.002268621340,1.000000000,0.068362480,0.942243116,0.164647185,462,0,172,2344
0.002270738217,1.000000000,0.068759936,0.941907320,0.164705882,462,0,173,2343
0.002272177476,1.000000000,0.069157393,0.941571525,0.164764622,462,0,174,2342
0.002286492129,1.000000000,0.069554849,0.941235729,0.164823403,462,0,175,2341
0.002288263132,1.000000000,0.069952305,0.940899933,0.164882227,462,0,176,2340
0.002298406342,1.000000000,0.070349762,0.940564137,0.164941092,462,0,177,2339
0.002309409432,1.000000000,0.070747218,0.940228341,0.165000000,462,0,178,2338
0.002319192588,1.000000000,0.071144674,0.939892545,0.165058950,462,0,179,2337
0.002320537497,1.000000000,0.071542130,0.939556749,0.165117941,462,0,180,2336
0.002329088200,1.000000000,0.071939587,0.939220954,0.165176975,462,0,181,2335
0.002331108191,1.000000000,0.072337043,0.938885158,0.165236052,462,0,182,2334
0.002340443294,1.000000000,0.072734499,0.938549362,0.165295170,462,0,183,2333
0.002344375837,1.000000000,0.073131955,0.938213566,0.165354331,462,0,184,2332
0.002352194588,1.000000000,0.073529412,0.937877770,0.165413534,462,0,185,2331
0.002353020750,1.000000000,0.073926868,0.937541974,0.165472779,462,0,186,2330
0.002356091087,1.000000000,0.074324324,0.937206179,0.165532067,462,0,187,2329
0.002366510873,1.000000000,0.074721781,0.936870383,0.165591398,462,0,188,2328
0.002370387710,1.000000000,0.075119237,0.936534587,0.165650771,462,0,189,2327
0.002372394549,1.000000000,0.075516693,0.936198791,0.165710187,462,0,190,2326
0.002372874878,1.000000000,0.075914149,0.935862995,0.165769645,462,0,191,2325
0.002385643811,1.000000000,0.076311606,0.935527199,0.165829146,462,0,192,2324
0.002390226057,1.000000000,0.076709062,0.935191404,0.165888689,462,0,193,2323
0.002405233380,1.000000000,0.077106518,0.934855608,0.165948276,462,0,194,2322
0.002419095022,1.000000000,0.077503975,0.934519812,0.166007905,462,0,195,2321
0.002426902402,1.000000000,0.077901431,0.934184016,0.166067577,462,0,196,2320
0.002429607939,1.000000000,0.078298887,0.933848220,0.166127292,462,0,197,2319
0.002444604487,1.000000000,0.078696343,0.933512424,0.166187050,462,0,198,2318
0.002456323533,1.000000000,0.079093800,0.933176629,0.166246851,462,0,199,2317
0.002458813239,1.000000000,0.079491256,0.932840833,0.166306695,462,0,200,2316
0.002459393531,1.000000000,0.079888712,0.932505037,0.166366583,462,0,201,2315
0.002462645644,1.000000000,0.080286169,0.932169241,0.166426513,462,0,202,2314
0.002463812801,1.000000000,0.080683625,0.931833445,0.166486486,462,0,203,2313
0.002467071576,1.000000000,0.081081081,0.931497649,0.166546503,462,0,204,2312
0.002474024437,1.000000000,0.081478537,0.931161854,0.166606563,462,0,205,2311
0.002474333082,1.000000000,0.081875994,0.930826058,0.166666667,462,0,206,2310
0.002474516128,1.000000000,0.082273450,0.930490262,0.166726813,462,0,207,2309
0.002484192545,1.000000000,0.082670906,0.930154466,0.166787004,462,0,208,2308
0.002490738418,1.000000000,0.083068362,0.929818670,0.166847237,462,0,209,2307
0.002492104452,1.000000000,0.083465819,0.929482874,0.166907514,462,0,210,2306
0.002503615192,1.000000000,0.083863275,0.929147079,0.166967835,462,0,211,2305
0.002507400773,1.000000000,0.084260731,0.928811283,0.167028200,462,0,212,2304
0.002509843658,1.000000000,0.084658188,0.928475487,0.167088608,462,0,213,2303
0.002511339770,1.000000000,0.085055644,0.928139691,0.167149059,462,0,214,2302
0.002514925710,1.000000000,0.085453100,0.927803895,0.167209555,462,0,215,2301
0.002542123536,1.000000000,0.085850556,0.927468099,0.167270094,462,0,216,2300
0.002552813873,1.000000000,0.086248013,0.927132304,0.167330677,462,0,217,2299
0.002554229109,1.000000000,0.086645469,0.926796508,0.167391304,462,0,218,2298
0.002565552834,1.000000000,0.087042925,0.926460712,0.167451975,462,0,219,2297
0.002568883623,1.000000000,0.087440382,0.926124916,0.167512690,462,0,220,2296
0.002589030163,1.000000000,0.087837838,0.925789120,0.167573449,462,0,221,2295
0.002601153141,1.000000000,0.088235294,0.925453324,0.167634253,462,0,222,2294
0.002602122011,1.000000000,0.088632750,0.925117529,0.167695100,462,0,223,2293
0.002602997846,1.000000000,0.089030207,0.924781733,0.167755991,462,0,224,2292
0.002609166079,1.000000000,0.089427663,0.924445937,0.167816927,462,0,225,2291
0.002609326066,1.000000000,0.089825119,0.924110141,0.167877907,462,0,226,2290
0.002623536573,1.000000000,0.090222576,0.923774345,0.167938931,462,0,227,2289
0.002624497086,1.000000000,0.090620032,0.923438549,0.168000000,462,0,228,2288
0.002625984235,1.000000000,0.091017488,0.923102754,0.168061113,462,0,229,2287
0.002637608617,1.000000000,0.091414944,0.922766958,0.168122271,462,0,230,2286
0.002648915824,1.000000000,0.091812401,0.922431162,0.168183473,462,0,231,2285
0.002650343318,1.000000000,0.092209857,0.922095366,0.168244720,462,0,232,2284
0.002655476399,1.000000000,0.092607313,0.921759570,0.168306011,462,0,233,2283
0.002668464872,1.000000000,0.093004769,0.921423774,0.168367347,462,0,234,2282
0.002673143433,1.000000000,0.093402226,0.921087979,0.168428728,462,0,235,2281
0.002673828417,1.000000000,0.093799682,0.920752183,0.168490153,462,0,236,2280
0.002686564282,1.000000000,0.094197138,0.920416387,0.168551623,462,0,237,2279
0.002691315263,1.000000000,0.094594595,0.920080591,0.168613139,462,0,238,2278
0.002692297761,1.000000000,0.094992051,0.919744795,0.168674699,462,0,239,2277
0.002693033847,1.000000000,0.095389507,0.919408999,0.168736304,462,0,240,2276
0.002696253241,1.000000000,0.095786963,0.919073203,0.168797954,462,0,241,2275
0.002698068272,1.000000000,0.096184420,0.918737408,0.168859649,462,0,242,2274
0.002701478986,1.000000000,0.096581876,0.918401612,0.168921389,462,0,243,2273
0.002703272561,1.000000000,0.096979332,0.918065816,0.168983175,462,0,244,2272
0.002711098425,1.000000000,0.097376789,0.917730020,0.169045005,462,0,245,2271
0.002716857172,1.000000000,0.097774245,0.917394224,0.169106881,462,0,246,2270
0.002722939285,1.000000000,0.098171701,0.917058428,0.169168803,462,0,247,2269
0.002734593427,1.000000000,0.098569157,0.916722633,0.169230769,462,0,248,2268
0.002740238534,1.000000000,0.098966614,0.916386837,0.169292781,462,0,249,2267
0.002749879614,1.000000000,0.099364070,0.916051041,0.169354839,462,0,250,2266
0.002760586469,1.000000000,0.099761526,0.915715245,0.169416942,462,0,251,2265
0.002777045926,1.000000000,0.100158983,0.915379449,0.169479090,462,0,252,2264
0.002788442197,1.000000000,0.100556439,0.915043653,0.169541284,462,0,253,2263
0.002800602245,1.000000000,0.100953895,0.914707858,0.169603524,462,0,254,2262
0.002803318884,1.000000000,0.101351351,0.914372062,0.169665810,462,0,255,2261
0.002838822941,1.000000000,0.101748808,0.914036266,0.169728141,462,0,256,2260
0.002845171827,1.000000000,0.102146264,0.913700470,0.169790518,462,0,257,2259
0.002849469749,1.000000000,0.102543720,0.913364674,0.169852941,462,0,258,2258
0.002856316319,1.000000000,0.102941176,0.913028878,0.169915410,462,0,259,2257
0.002858103551,1.000000000,0.103338633,0.912693083,0.169977925,462,0,260,2256
0.002863005639,1.000000000,0.103736089,0.912357287,0.170040486,462,0,261,2255
0.002870293903,1.000000000,0.104133545,0.912021491,0.170103093,462,0,262,2254
0.002873379859,1.000000000,0.104531002,0.911685695,0.170165746,462,0,263,2253
0.002885285869,1.000000000,0.104928458,0.911349899,0.170228445,462,0,264,2252
0.002886376759,1.000000000,0.105325914,0.911014103,0.170291191,462,0,265,2251
0.002887537210,1.000000000,0.105723370,0.910678308,0.170353982,462,0,266,2250
0.002899716636,1.000000000,0.106120827,0.910342512,0.170416820,462,0,267,2249
0.002903326544,1.000000000,0.106518283,0.910006716,0.170479705,462,0,268,2248
0.002903648121,1.000000000,0.106915739,0.909670920,0.170542636,462,0,269,2247
0.002904688954,1.000000000,0.107313196,0.909335124,0.170605613,462,0,270,2246
0.002909997577,1.000000000,0.107710652,0.908999328,0.170668637,462,0,271,2245
0.002930078498,1.000000000,0.108108108,0.908663533,0.170731707,462,0,272,2244
0.002931820328,1.000000000,0.108505564,0.908327737,0.170794824,462,0,273,2243
0.002934319766,1.000000000,0.108903021,0.907991941,0.170857988,462,0,274,2242
0.002938470245,1.000000000,0.109300477,0.907656145,0.170921199,462,0,275,2241
0.002962828992,1.000000000,0.109697933,0.907320349,0.170984456,462,0,276,2240
0.002965016233,1.000000000,0.110095390,0.906984553,0.171047760,462,0,277,2239
0.002972858133,1.000000000,0.110492846,0.906648758,0.171111111,462,0,278,2238
0.002980304498,1.000000000,0.110890302,0.906312962,0.171174509,462,0,279,2237
0.002994848031,1.000000000,0.111287758,0.905977166,0.171237954,462,0,280,2236
0.002998520082,1.000000000,0.111685215,0.905641370,0.171301446,462,0,281,2235
0.003008052757,1.000000000,0.112082671,0.905305574,0.171364985,462,0,282,2234
0.003021042678,1.000000000,0.112480127,0.904969778,0.171428571,462,0,283,2233
0.003028335608,1.000000000,0.112877583,0.904633983,0.171492205,462,0,284,2232
0.003029711764,1.000000000,0.113275040,0.904298187,0.171555886,462,0,285,2231
0.003030127000,1.000000000,0.113672496,0.903962391,0.171619614,462,0,286,2230
0.003041178733,1.000000000,0.114069952,0.903626595,0.171683389,462,0,287,2229
0.003041857305,1.000000000,0.114467409,0.903290799,0.171747212,462,0,288,2228
0.003046359637,1.000000000,0.114864865,0.902955003,0.171811082,462,0,289,2227
0.003055404946,1.000000000,0.115262321,0.902619208,0.171875000,462,0,290,2226
0.003056505639,1.000000000,0.115659777,0.902283412,0.171938965,462,0,291,2225
0.003060500553,1.000000000,0.116057234,0.901947616,0.172002978,462,0,292,2224
0.003073388089,1.000000000,0.116454690,0.901611820,0.172067039,462,0,293,2223
0.003074720620,1.000000000,0.116852146,0.901276024,0.172131148,462,0,294,2222
0.003077746759,1.000000000,0.117249603,0.900940228,0.172195304,462,0,295,2221
0.003090486857,1.000000000,0.117647059,0.900604433,0.172259508,462,0,296,2220
0.003096740703,1.000000000,0.118044515,0.900268637,0.172323760,462,0,297,2219
0.003110622422,1.000000000,0.118441971,0.899932841,0.172388060,462,0,298,2218
0.003129774811,1.000000000,0.118839428,0.899597045,0.172452408,462,0,299,2217
0.003132777749,1.000000000,0.119236884,0.899261249,0.172516804,462,0,300,2216
0.003140218132,1.000000000,0.119634340,0.898925453,0.172581248,462,0,301,2215
0.003145089746,1.000000000,0.120031797,0.898589657,0.172645740,462,0,302,2214
0.003157658803,1.000000000,0.120429253,0.898253862,0.172710280,462,0,303,2213
0.003164924913,1.000000000,0.120826709,0.897918066,0.172774869,462,0,304,2212
0.003179273149,1.000000000,0.121224165,0.897582270,0.172839506,462,0,305,2211
0.003182105553,1.000000000,0.121621622,0.897246474,0.172904192,462,0,306,2210
0.003187802540,1.000000000,0.122019078,0.896910678,0.172968925,462,0,307,2209
0.003197728871,1.000000000,0.122416534,0.896574882,0.173033708,462,0,308,2208
0.003200978922,1.000000000,0.122813990,0.896239087,0.173098539,462,0,309,2207
0.003210350096,1.000000000,0.123211447,0.895903291,0.173163418,462,0,310,2206
0.003215155380,1.000000000,0.123608903,0.895567495,0.173228346,462,0,311,2205
0.003215591420,1.000000000,0.124006359,0.895231699,0.173293323,462,0,312,2204
0.003221703037,1.000000000,0.124403816,0.894895903,0.173358349,462,0,313,2203
0.003224607520,1.000000000,0.124801272,0.894560107,0.173423423,462,0,314,2202
0.003225349252,1.000000000,0.125198728,0.894224312,0.173488547,462,0,315,2201
0.003243222733,1.000000000,0.125596184,0.893888516,0.173553719,462,0,316,2200
0.003248106501,1.000000000,0.125993641,0.893552720,0.173618940,462,0,317,2199
0.003250203786,1.000000000,0.126391097,0.893216924,0.173684211,462,0,318,2198
0.003285350942,1.000000000,0.126788553,0.892881128,0.173749530,462,0,319,2197
0.003285663019,1.000000000,0.127186010,0.892545332,0.173814898,462,0,320,2196
0.003286017357,1.000000000,0.127583466,0.892209537,0.173880316,462,0,321,2195
0.003288589059,1.000000000,0.127980922,0.891873741,0.173945783,462,0,322,2194
0.003294061629,1.000000000,0.128378378,0.891537945,0.174011299,462,0,323,2193
0.003295247959,1.000000000,0.128775835,0.891202149,0.174076865,462,0,324,2192
0.003297630771,1.000000000,0.129173291,0.890866353,0.174142480,462,0,325,2191
0.003298409536,1.000000000,0.129570747,0.890530557,0.174208145,462,0,326,2190
0.003309278550,1.000000000,0.129968203,0.890194762,0.174273859,462,0,327,2189
0.003317813786,1.000000000,0.130365660,0.889858966,0.174339623,462,0,328,2188
0.003326798166,1.000000000,0.130763116,0.889523170,0.174405436,462,0,329,2187
0.003329362972,1.000000000,0.131160572,0.889187374,0.174471299,462,0,330,2186
0.003350999984,1.000000000,0.131558029,0.888851578,0.174537212,462,0,331,2185
0.003353736260,1.000000000,0.131955485,0.888515782,0.174603175,462,0,332,2184
0.003363748067,1.000000000,0.132352941,0.888179987,0.174669187,462,0,333,2183
0.003364751253,1.000000000,0.132750397,0.887844191,0.174735250,462,0,334,2182
0.003366260627,1.000000000,0.133147854,0.887508395,0.174801362,462,0,335,2181
0.003370722406,1.000000000,0.133545310,0.887172599,0.174867525,462,0,336,2180
0.003377111785,1.000000000,0.133942766,0.886836803,0.174933737,462,0,337,2179
0.003379217470,1.000000000,0.134340223,0.886501007,0.175000000,462,0,338,2178
0.003384057215,1.000000000,0.134737679,0.886165212,0.175066313,462,0,339,2177
0.003387720564,1.000000000,0.135135135,0.885829416,0.175132676,462,0,340,2176
0.003388974480,1.000000000,0.135532591,0.885493620,0.175199090,462,0,341,2175
0.003389471701,1.000000000,0.135930048,0.885157824,0.175265554,462,0,342,2174
0.003389675788,1.000000000,0.136327504,0.884822028,0.175332068,462,0,343,2173
0.003390945408,1.000000000,0.136724960,0.884486232,0.175398633,462,0,344,2172
0.003391837608,1.000000000,0.137122417,0.884150437,0.175465249,462,0,345,2171
0.003394044012,1.000000000,0.137519873,0.883814641,0.175531915,462,0,346,2170
0.003397689471,1.000000000,0.137917329,0.883478845,0.175598632,462,0,347,2169
0.003400569787,1.000000000,0.138314785,0.883143049,0.175665399,462,0,348,2168
0.003401454962,1.000000000,0.138712242,0.882807253,0.175732218,462,0,349,2167
0.003406414255,1.000000000,0.139109698,0.882471457,0.175799087,462,0,350,2166
0.003420498343,1.000000000,0.139507154,0.882135662,0.175866007,462,0,351,2165
0.003421924165,1.000000000,0.139904610,0.881799866,0.175932978,462,0,352,2164
0.003440957287,1.000000000,0.140302067,0.881464070,0.176000000,462,0,353,2163
0.003446379372,1.000000000,0.140699523,0.881128274,0.176067073,462,0,354,2162
0.003459121291,1.000000000,0.141096979,0.880792478,0.176134197,462,0,355,2161
0.003472450363,1.000000000,0.141494436,0.880456682,0.176201373,462,0,356,2160
0.003474564577,1.000000000,0.141891892,0.880120887,0.176268600,462,0,357,2159
0.003475559973,1.000000000,0.142289348,0.879785091,0.176335878,462,0,358,2158
0.003480779113,1.000000000,0.142686804,0.879449295,0.176403207,462,0,359,2157
0.003483720561,1.000000000,0.143084261,0.879113499,0.176470588,462,0,360,2156
0.003485981254,1.000000000,0.143481717,0.878777703,0.176538021,462,0,361,2155
0.003495842153,1.000000000,0.143879173,0.878441907,0.176605505,462,0,362,2154
0.003500289386,1.000000000,0.144276630,0.878106111,0.176673040,462,0,363,2153
0.003503363293,1.000000000,0.144674086,0.877770316,0.176740627,462,0,364,2152
0.003509030056,1.000000000,0.145071542,0.877434520,0.176808266,462,0,365,2151
0.003538462627,1.000000000,0.145468998,0.877098724,0.176875957,462,0,366,2150
0.003556600552,1.000000000,0.145866455,0.876762928,0.176943700,462,0,367,2149
0.003578228723,1.000000000,0.146263911,0.876427132,0.177011494,462,0,368,2148
0.003580099363,1.000000000,0.146661367,0.876091336,0.177079341,462,0,369,2147
0.003600095325,1.000000000,0.147058824,0.875755541,0.177147239,462,0,370,2146
0.003606221967,1.000000000,0.147456280,0.875419745,0.177215190,462,0,371,2145
0.003613033134,1.000000000,0.147853736,0.875083949,0.177283193,462,0,372,2144
0.003616956683,1.000000000,0.148251192,0.874748153,0.177351248,462,0,373,2143
0.003617394132,1.000000000,0.148648649,0.874412357,0.177419355,462,0,374,2142
0.003624689980,1.000000000,0.149046105,0.874076561,0.177487514,462,0,375,2141
0.003634468563,1.000000000,0.149443561,0.873740766,0.177555726,462,0,376,2140
0.003641418856,1.000000000,0.149841017,0.873404970,0.177623991,462,0,377,2139
0.003647800818,1.000000000,0.150238474,0.873069174,0.177692308,462,0,378,2138
0.003647994719,1.000000000,0.150635930,0.872733378,0.177760677,462,0,379,2137
0.003671192043,1.000000000,0.151033386,0.872397582,0.177829099,462,0,380,2136
0.003677852700,1.000000000,0.151430843,0.872061786,0.177897574,462,0,381,2135
0.003695112674,1.000000000,0.151828299,0.871725991,0.177966102,462,0,382,2134
0.003706057741,1.000000000,0.152225755,0.871390195,0.178034682,462,0,383,2133
0.003711794985,1.000000000,0.152623211,0.871054399,0.178103315,462,0,384,2132
0.003714519755,1.000000000,0.153020668,0.870718603,0.178172002,462,0,385,2131
0.003715095114,1.000000000,0.153418124,0.870382807,0.178240741,462,0,386,2130
0.003716996268,1.000000000,0.153815580,0.870047011,0.178309533,462,0,387,2129
0.003717578476,1.000000000,0.154213037,0.869711216,0.178378378,462,0,388,2128
0.003740158639,1.000000000,0.154610493,0.869375420,0.178447277,462,0,389,2127
0.003740388620,1.000000000,0.155007949,0.869039624,0.178516229,462,0,390,2126
0.003744599078,1.000000000,0.155405405,0.868703828,0.178585234,462,0,391,2125
0.003760439698,1.000000000,0.155802862,0.868368032,0.178654292,462,0,392,2124
0.003767861269,1.000000000,0.156200318,0.868032236,0.178723404,462,0,393,2123
0.003770244977,1.000000000,0.156597774,0.867696441,0.178792570,462,0,394,2122
0.003796886285,1.000000000,0.156995231,0.867360645,0.178861789,462,0,395,2121
0.003798191762,1.000000000,0.157392687,0.867024849,0.178931061,462,0,396,2120
0.003804321061,1.000000000,0.157790143,0.866689053,0.179000387,462,0,397,2119
0.003813582947,1.000000000,0.158187599,0.866353257,0.179069767,462,0,398,2118
0.003813780319,1.000000000,0.158585056,0.866017461,0.179139201,462,0,399,2117
0.003821181371,1.000000000,0.158982512,0.865681666,0.179208689,462,0,400,2116
0.003831514077,1.000000000,0.159379968,0.865345870,0.179278231,462,0,401,2115
0.003842062359,1.000000000,0.159777424,0.865010074,0.179347826,462,0,402,2114
0.003851180118,1.000000000,0.160174881,0.864674278,0.179417476,462,0,403,2113
0.003851776031,1.000000000,0.160572337,0.864338482,0.179487179,462,0,404,2112
0.003856286962,1.000000000,0.160969793,0.864002686,0.179556937,462,0,405,2111
0.003868955714,1.000000000,0.161367250,0.863666891,0.179626750,462,0,406,2110
0.003870461152,1.000000000,0.161764706,0.863331095,0.179696616,462,0,407,2109
0.003873185297,1.000000000,0.162162162,0.862995299,0.179766537,462,0,408,2108
0.003876930738,1.000000000,0.162559618,0.862659503,0.179836512,462,0,409,2107
0.003877440977,1.000000000,0.162957075,0.862323707,0.179906542,462,0,410,2106
0.003879889542,1.000000000,0.163354531,0.861987911,0.179976626,462,0,411,2105
0.003890113409,1.000000000,0.163751987,0.861652116,0.180046765,462,0,412,2104
0.003898496544,1.000000000,0.164149444,0.861316320,0.180116959,462,0,413,2103
0.003906643393,1.000000000,0.164546900,0.860980524,0.180187207,462,0,414,2102
0.003906712855,1.000000000,0.164944356,0.860644728,0.180257511,462,0,415,2101
0.003908473836,1.000000000,0.165341812,0.860308932,0.180327869,462,0,416,2100
0.003927995434,1.000000000,0.165739269,0.859973136,0.180398282,462,0,417,2099
0.003928481107,1.000000000,0.166136725,0.859637340,0.180468750,462,0,418,2098
0.003930485396,1.000000000,0.166534181,0.859301545,0.180539273,462,0,419,2097
0.003936746022,1.000000000,0.166931638,0.858965749,0.180609851,462,0,420,2096
0.003944797154,1.000000000,0.167329094,0.858629953,0.180680485,462,0,421,2095
0.003954841488,1.000000000,0.167726550,0.858294157,0.180751174,462,0,422,2094
0.003963378417,1.000000000,0.168124006,0.857958361,0.180821918,462,0,423,2093
0.003964069218,1.000000000,0.168521463,0.857622565,0.180892717,462,0,424,2092
0.003967753696,1.000000000,0.168918919,0.857286770,0.180963572,462,0,425,2091
0.003987728529,1.000000000,0.169316375,0.856950974,0.181034483,462,0,426,2090
0.003991855112,1.000000000,0.169713831,0.856615178,0.181105449,462,0,427,2089
0.004003852803,1.000000000,0.170111288,0.856279382,0.181176471,462,0,428,2088
0.004004535975,1.000000000,0.170508744,0.855943586,0.181247548,462,0,429,2087
0.004008045553,1.000000000,0.170906200,0.855607790,0.181318681,462,0,430,2086
0.004008393733,1.000000000,0.171303657,0.855271995,0.181389870,462,0,431,2085
0.004012054194,1.000000000,0.171701113,0.854936199,0.181461115,462,0,432,2084
0.004015991285,1.000000000,0.172098569,0.854600403,0.181532417,462,0,433,2083
0.004022031617,1.000000000,0.172496025,0.854264607,0.181603774,462,0,434,2082
0.004022094754,1.000000000,0.172893482,0.853928811,0.181675187,462,0,435,2081
0.004031084345,1.000000000,0.173290938,0.853593015,0.181746656,462,0,436,2080
0.004034764457,1.000000000,0.173688394,0.853257220,0.181818182,462,0,437,2079
0.004038004885,1.000000000,0.174085851,0.852921424,0.181889764,462,0,438,2078
0.004041178901,1.000000000,0.174483307,0.852585628,0.181961402,462,0,439,2077
0.004044274694,1.000000000,0.174880763,0.852249832,0.182033097,462,0,440,2076
0.004046144161,1.000000000,0.175278219,0.851914036,0.182104848,462,0,441,2075
0.004047089656,1.000000000,0.175675676,0.851578240,0.182176656,462,0,442,2074
0.004053463614,1.000000000,0.176073132,0.851242445,0.182248521,462,0,443,2073
0.004053774810,1.000000000,0.176470588,0.850906649,0.182320442,462,0,444,2072
0.004057603802,1.000000000,0.176868045,0.850570853,0.182392420,462,0,445,2071
0.004057754075,1.000000000,0.177265501,0.850235057,0.182464455,462,0,446,2070
0.004078579899,1.000000000,0.177662957,0.849899261,0.182536547,462,0,447,2069
0.004100001257,1.000000000,0.178060413,0.849563465,0.182608696,462,0,448,2068
0.004102350014,1.000000000,0.178457870,0.849227670,0.182680902,462,0,449,2067
0.004106767917,1.000000000,0.178855326,0.848891874,0.182753165,462,0,450,2066
0.004107738453,1.000000000,0.179252782,0.848556078,0.182825485,462,0,451,2065
0.004127615763,1.000000000,0.179650238,0.848220282,0.182897862,462,0,452,2064
0.004136990093,1.000000000,0.180047695,0.847884486,0.182970297,462,0,453,2063
0.004157418143,1.000000000,0.180445151,0.847548690,0.183042789,462,0,454,2062
0.004165758804,1.000000000,0.180842607,0.847212895,0.183115339,462,0,455,2061
0.004187102170,1.000000000,0.181240064,0.846877099,0.183187946,462,0,456,2060
0.004202314067,1.000000000,0.181637520,0.846541303,0.183260611,462,0,457,2059
0.004203664324,1.000000000,0.182034976,0.846205507,0.183333333,462,0,458,2058
0.004216329873,1.000000000,0.182432432,0.845869711,0.183406114,462,0,459,2057
0.004228396651,1.000000000,0.182829889,0.845533915,0.183478952,462,0,460,2056
0.004233539451,1.000000000,0.183227345,0.845198120,0.183551847,462,0,461,2055
0.004254433577,1.000000000,0.183624801,0.844862324,0.183624801,462,0,462,2054
0.004254743085,1.000000000,0.184022258,0.844526528,0.183697813,462,0,463,2053
0.004284520510,1.000000000,0.184419714,0.844190732,0.183770883,462,0,464,2052
0.004286636097,1.000000000,0.184817170,0.843854936,0.183844011,462,0,465,2051
0.004294506095,1.000000000,0.185214626,0.843519140,0.183917197,462,0,466,2050
0.004297090584,1.000000000,0.185612083,0.843183345,0.183990442,462,0,467,2049
0.004303698441,1.000000000,0.186009539,0.842847549,0.184063745,462,0,468,2048
0.004320613111,1.000000000,0.186406995,0.842511753,0.184137106,462,0,469,2047
0.004320995256,1.000000000,0.186804452,0.842175957,0.184210526,462,0,470,2046
0.004326349354,1.000000000,0.187201908,0.841840161,0.184284005,462,0,471,2045
0.004337539922,1.000000000,0.187599364,0.841504365,0.184357542,462,0,472,2044
0.004351332570,1.000000000,0.187996820,0.841168570,0.184431138,462,0,473,2043
0.004367486488,1.000000000,0.188394277,0.840832774,0.184504792,462,0,474,2042
0.004372103469,1.000000000,0.188791733,0.840496978,0.184578506,462,0,475,2041
0.004378211210,1.000000000,0.189189189,0.840161182,0.184652278,462,0,476,2040
0.004410947391,1.000000000,0.189586645,0.839825386,0.184726110,462,0,477,2039
0.004432425170,1.000000000,0.189984102,0.839489590,0.184800000,462,0,478,2038
0.004433568040,1.000000000,0.190381558,0.839153794,0.184873950,462,0,479,2037
0.004446134512,1.000000000,0.190779014,0.838817999,0.184947958,462,0,480,2036
0.004450102698,1.000000000,0.191176471,0.838482203,0.185022026,462,0,481,2035
0.004450678981,1.000000000,0.191573927,0.838146407,0.185096154,462,0,482,2034
0.004464072862,1.000000000,0.191971383,0.837810611,0.185170341,462,0,483,2033
0.004467399483,1.000000000,0.192368839,0.837474815,0.185244587,462,0,484,2032
0.004480705751,1.000000000,0.192766296,0.837139019,0.185318893,462,0,485,2031
0.004503134165,1.000000000,0.193163752,0.836803224,0.185393258,462,0,486,2030
0.004511421562,1.000000000,0.193561208,0.836467428,0.185467684,462,0,487,2029
0.004520377315,1.000000000,0.193958665,0.836131632,0.185542169,462,0,488,2028
0.004545703854,1.000000000,0.194356121,0.835795836,0.185616714,462,0,489,2027
0.004547243216,1.000000000,0.194753577,0.835460040,0.185691318,462,0,490,2026
0.004562251143,1.000000000,0.195151033,0.835124244,0.185765983,462,0,491,2025
0.004585046118,1.000000000,0.195548490,0.834788449,0.185840708,462,0,492,2024
0.004594798805,1.000000000,0.195945946,0.834452653,0.185915493,462,0,493,2023
0.004597922050,1.000000000,0.196343402,0.834116857,0.185990338,462,0,494,2022
0.004601900778,1.000000000,0.196740859,0.833781061,0.186065244,462,0,495,2021
0.004604293723,1.000000000,0.197138315,0.833445265,0.186140210,462,0,496,2020
0.004611435427,1.000000000,0.197535771,0.833109469,0.186215236,462,0,497,2019
0.004612357747,1.000000000,0.197933227,0.832773674,0.186290323,462,0,498,2018
0.004617430103,1.000000000,0.198330684,0.832437878,0.186365470,462,0,499,2017
0.004621855549,1.000000000,0.198728140,0.832102082,0.186440678,462,0,500,2016
0.004673450558,1.000000000,0.199125596,0.831766286,0.186515947,462,0,501,2015
0.004676028044,1.000000000,0.199523052,0.831430490,0.186591276,462,0,502,2014
0.004677508996,1.000000000,0.199920509,0.831094694,0.186666667,462,0,503,2013
0.004691528406,1.000000000,0.200317965,0.830758899,0.186742118,462,0,504,2012
0.004704776056,1.000000000,0.200715421,0.830423103,0.186817630,462,0,505,2011
0.004713243989,1.000000000,0.201112878,0.830087307,0.186893204,462,0,506,2010
0.004717668329,1.000000000,0.201510334,0.829751511,0.186968839,462,0,507,2009
0.004717899777,1.000000000,0.201907790,0.829415715,0.187044534,462,0,508,2008
0.004719195592,1.000000000,0.202305246,0.829079919,0.187120292,462,0,509,2007
0.004725428090,1.000000000,0.202702703,0.828744124,0.187196110,462,0,510,2006
0.004730306031,1.000000000,0.203100159,0.828408328,0.187271990,462,0,511,2005
0.004732219809,1.000000000,0.203497615,0.828072532,0.187347932,462,0,512,2004
0.004739403466,1.000000000,0.203895072,0.827736736,0.187423935,462,0,513,2003
0.004746469377,1.000000000,0.204292528,0.827400940,0.187500000,462,0,514,2002
0.004786641251,1.000000000,0.204689984,0.827065144,0.187576127,462,0,515,2001
0.004791734319,1.000000000,0.205087440,0.826729349,0.187652315,462,0,516,2000
0.004794602071,1.000000000,0.205484897,0.826393553,0.187728566,462,0,517,1999
0.004808590461,1.000000000,0.205882353,0.826057757,0.187804878,462,0,518,1998
0.004817955765,1.000000000,0.206279809,0.825721961,0.187881253,462,0,519,1997
0.004821048356,1.000000000,0.206677266,0.825386165,0.187957689,462,0,520,1996
0.004825520165,1.000000000,0.207074722,0.825050369,0.188034188,462,0,521,1995
0.004826632530,1.000000000,0.207472178,0.824714574,0.188110749,462,0,522,1994
0.004843634666,1.000000000,0.207869634,0.824378778,0.188187373,462,0,523,1993
0.004843835166,1.000000000,0.208267091,0.824042982,0.188264059,462,0,524,1992
0.004864543540,1.000000000,0.208664547,0.823707186,0.188340807,462,0,525,1991
0.004867398279,1.000000000,0.209062003,0.823371390,0.188417618,462,0,526,1990
0.004881784495,1.000000000,0.209459459,0.823035594,0.188494492,462,0,527,1989
0.004881895202,1.000000000,0.209856916,0.822699799,0.188571429,462,0,528,1988
0.004884684523,1.000000000,0.210254372,0.822364003,0.188648428,462,0,529,1987
0.004895923379,1.000000000,0.210651828,0.822028207,0.188725490,462,0,530,1986
0.004900398641,1.000000000,0.211049285,0.821692411,0.188802615,462,0,531,1985
0.004910662448,1.000000000,0.211446741,0.821356615,0.188879804,462,0,532,1984
0.004912097764,1.000000000,0.211844197,0.821020819,0.188957055,462,0,533,1983
0.004923271474,1.000000000,0.212241653,0.820685024,0.189034370,462,0,534,1982
0.004948557907,1.000000000,0.212639110,0.820349228,0.189111748,462,0,535,1981
0.004949501950,1.000000000,0.213036566,0.820013432,0.189189189,462,0,536,1980
0.004951810526,1.000000000,0.213434022,0.819677636,0.189266694,462,0,537,1979
0.004961922462,1.000000000,0.213831479,0.819341840,0.189344262,462,0,538,1978
0.004975229879,1.000000000,0.214228935,0.819006044,0.189421894,462,0,539,1977
0.004977611016,1.000000000,0.214626391,0.818670248,0.189499590,462,0,540,1976
0.004985496384,1.000000000,0.215023847,0.818334453,0.189577349,462,0,541,1975
0.005016907070,1.000000000,0.215421304,0.817998657,0.189655172,462,0,542,1974
0.005017223648,1.000000000,0.215818760,0.817662861,0.189733060,462,0,543,1973
0.005045350311,1.000000000,0.216216216,0.817327065,0.189811011,462,0,544,1972
0.005049540332,1.000000000,0.216613672,0.816991269,0.189889026,462,0,545,1971
0.005076330055,1.000000000,0.217011129,0.816655473,0.189967105,462,0,546,1970
0.005092673336,1.000000000,0.217408585,0.816319678,0.190045249,462,0,547,1969
0.005097578346,1.000000000,0.217806041,0.815983882,0.190123457,462,0,548,1968
0.005111334952,1.000000000,0.218203498,0.815648086,0.190201729,462,0,549,1967
0.005111842549,1.000000000,0.218600954,0.815312290,0.190280066,462,0,550,1966
0.005138703933,1.000000000,0.218998410,0.814976494,0.190358467,462,0,551,1965
0.005159500587,1.000000000,0.219395866,0.814640698,0.190436933,462,0,552,1964
0.005164845310,1.000000000,0.219793323,0.814304903,0.190515464,462,0,553,1963
0.005173083267,1.000000000,0.220190779,0.813969107,0.190594059,462,0,554,1962
0.005180154509,1.000000000,0.220588235,0.813633311,0.190672720,462,0,555,1961
0.005188102150,1.000000000,0.220985692,0.813297515,0.190751445,462,0,556,1960
0.005220422741,1.000000000,0.221383148,0.812961719,0.190830235,462,0,557,1959
0.005234839844,1.000000000,0.221780604,0.812625923,0.190909091,462,0,558,1958
0.005235222347,1.000000000,0.222178060,0.812290128,0.190988012,462,0,559,1957
0.005243048807,1.000000000,0.222575517,0.811954332,0.191066998,462,0,560,1956
0.005255920708,1.000000000,0.222972973,0.811618536,0.191146049,462,0,561,1955
0.005285297566,1.000000000,0.223370429,0.811282740,0.191225166,462,0,562,1954
0.005292804175,1.000000000,0.223767886,0.810946944,0.191304348,462,0,563,1953
0.005308011377,1.000000000,0.224165342,0.810611148,0.191383596,462,0,564,1952
0.005311876800,1.000000000,0.224562798,0.810275353,0.191462909,462,0,565,1951
0.005312868792,1.000000000,0.224960254,0.809939557,0.191542289,462,0,566,1950
0.005326014493,1.000000000,0.225357711,0.809603761,0.191621734,462,0,567,1949
0.005331269336,1.000000000,0.225755167,0.809267965,0.191701245,462,0,568,1948
0.005339738640,1.000000000,0.226152623,0.808932169,0.191780822,462,0,569,1947
0.005351408159,1.000000000,0.226550079,0.808596373,0.191860465,462,0,570,1946
0.005384741571,1.000000000,0.226947536,0.808260578,0.191940174,462,0,571,1945
0.005398290335,1.000000000,0.227344992,0.807924782,0.192019950,462,0,572,1944
0.005400731656,1.000000000,0.227742448,0.807588986,0.192099792,462,0,573,1943
0.005440593149,1.000000000,0.228139905,0.807253190,0.192179700,462,0,574,1942
0.005444087169,1.000000000,0.228537361,0.806917394,0.192259675,462,0,575,1941
0.005473273090,1.000000000,0.228934817,0.806581598,0.192339717,462,0,576,1940
0.005496759037,1.000000000,0.229332273,0.806245803,0.192419825,462,0,577,1939
0.005511997491,1.000000000,0.229729730,0.805910007,0.192500000,462,0,578,1938
0.005514941500,1.000000000,0.230127186,0.805574211,0.192580242,462,0,579,1937
0.005538223154,1.000000000,0.230524642,0.805238415,0.192660550,462,0,580,1936
0.005548958454,1.000000000,0.230922099,0.804902619,0.192740926,462,0,581,1935
0.005558597287,1.000000000,0.231319555,0.804566823,0.192821369,462,0,582,1934
0.005571134720,1.000000000,0.231717011,0.804231028,0.192901879,462,0,583,1933
0.005580182009,1.000000000,0.232114467,0.803895232,0.192982456,462,0,584,1932
0.005607155030,1.000000000,0.232511924,0.803559436,0.193063101,462,0,585,1931
0.005613285853,1.000000000,0.232909380,0.803223640,0.193143813,462,0,586,1930
0.005629953126,1.000000000,0.233306836,0.802887844,0.193224592,462,0,587,1929
0.005633098330,1.000000000,0.233704293,0.802552048,0.193305439,462,0,588,1928
0.005655832730,1.000000000,0.234101749,0.802216253,0.193386354,462,0,589,1927
0.005656483740,1.000000000,0.234499205,0.801880457,0.193467337,462,0,590,1926
0.005662169379,1.000000000,0.234896661,0.801544661,0.193548387,462,0,591,1925
0.005691229858,1.000000000,0.235294118,0.801208865,0.193629505,462,0,592,1924
0.005759151363,1.000000000,0.235691574,0.800873069,0.193710692,462,0,593,1923
0.005767430804,1.000000000,0.236089030,0.800537273,0.193791946,462,0,594,1922
0.005775488272,1.000000000,0.236486486,0.800201478,0.193873269,462,0,595,1921
0.005782453959,1.000000000,0.236883943,0.799865682,0.193954660,462,0,596,1920
0.005784239338,1.000000000,0.237281399,0.799529886,0.194036119,462,0,597,1919
0.005834501424,1.000000000,0.237678855,0.799194090,0.194117647,462,0,598,1918
0.005856783472,1.000000000,0.238076312,0.798858294,0.194199243,462,0,599,1917
0.005882491310,1.000000000,0.238473768,0.798522498,0.194280908,462,0,600,1916
0.005894659483,1.000000000,0.238871224,0.798186702,0.194362642,462,0,601,1915
0.005914135866,1.000000000,0.239268680,0.797850907,0.194444444,462,0,602,1914
0.005917180358,1.000000000,0.239666137,0.797515111,0.194526316,462,0,603,1913
0.005936308505,1.000000000,0.240063593,0.797179315,0.194608256,462,0,604,1912
0.005952547189,1.000000000,0.240461049,0.796843519,0.194690265,462,0,605,1911
0.005965741874,1.000000000,0.240858506,0.796507723,0.194772344,462,0,606,1910
0.005971878378,1.000000000,0.241255962,0.796171927,0.194854492,462,0,607,1909
0.006004657972,1.000000000,0.241653418,0.795836132,0.194936709,462,0,608,1908
0.006032660822,1.000000000,0.242050874,0.795500336,0.195018995,462,0,609,1907
0.006039166760,1.000000000,0.242448331,0.795164540,0.195101351,462,0,610,1906
0.006050031159,1.000000000,0.242845787,0.794828744,0.195183777,462,0,611,1905
0.006068489377,1.000000000,0.243243243,0.794492948,0.195266272,462,0,612,1904
0.006069712336,1.000000000,0.243640700,0.794157152,0.195348837,462,0,613,1903
0.006076235094,1.000000000,0.244038156,0.793821357,0.195431472,462,0,614,1902
0.006086411092,1.000000000,0.244435612,0.793485561,0.195514177,462,0,615,1901
0.006099185959,1.000000000,0.244833068,0.793149765,0.195596952,462,0,616,1900
0.006099796196,1.000000000,0.245230525,0.792813969,0.195679797,462,0,617,1899
0.006117263088,1.000000000,0.245627981,0.792478173,0.195762712,462,0,618,1898
0.006141481007,1.000000000,0.246025437,0.792142377,0.195845697,462,0,619,1897
0.006158511984,1.000000000,0.246422893,0.791806582,0.195928753,462,0,620,1896
0.006182832572,1.000000000,0.246820350,0.791470786,0.196011880,462,0,621,1895
0.006194752839,1.000000000,0.247217806,0.791134990,0.196095076,462,0,622,1894
0.006199030656,1.000000000,0.247615262,0.790799194,0.196178344,462,0,623,1893
0.006203221582,1.000000000,0.248012719,0.790463398,0.196261682,462,0,624,1892
0.006210543863,1.000000000,0.248410175,0.790127602,0.196345091,462,0,625,1891
0.006213201308,1.000000000,0.248807631,0.789791807,0.196428571,462,0,626,1890
0.006213876497,1.000000000,0.249205087,0.789456011,0.196512123,462,0,627,1889
0.006215385801,1.000000000,0.249602544,0.789120215,0.196595745,462,0,628,1888
0.006218079305,1.000000000,0.250000000,0.788784419,0.196679438,462,0,629,1887
0.006257870641,1.000000000,0.250397456,0.788448623,0.196763203,462,0,630,1886
0.006262431707,1.000000000,0.250794913,0.788112827,0.196847039,462,0,631,1885
0.006264670927,1.000000000,0.251192369,0.787777032,0.196930946,462,0,632,1884
0.006278182540,1.000000000,0.251589825,0.787441236,0.197014925,462,0,633,1883
0.006279326189,1.000000000,0.251987281,0.787105440,0.197098976,462,0,634,1882
0.006283500920,1.000000000,0.252384738,0.786769644,0.197183099,462,0,635,1881
0.006285768430,1.000000000,0.252782194,0.786433848,0.197267293,462,0,636,1880
0.006299612432,1.000000000,0.253179650,0.786098052,0.197351559,462,0,637,1879
0.006320825081,1.000000000,0.253577107,0.785762257,0.197435897,462,0,638,1878
0.006353099656,1.000000000,0.253974563,0.785426461,0.197520308,462,0,639,1877
0.006363757397,1.000000000,0.254372019,0.785090665,0.197604790,462,0,640,1876
0.006364571627,1.000000000,0.254769475,0.784754869,0.197689345,462,0,641,1875
0.006381080812,1.000000000,0.255166932,0.784419073,0.197773973,462,0,642,1874
0.006388210129,1.000000000,0.255564388,0.784083277,0.197858672,462,0,643,1873
0.006407149241,1.000000000,0.255961844,0.783747482,0.197943445,462,0,644,1872
0.006411591103,1.000000000,0.256359300,0.783411686,0.198028290,462,0,645,1871
0.006418290543,1.000000000,0.256756757,0.783075890,0.198113208,462,0,646,1870
0.006451137550,1.000000000,0.257154213,0.782740094,0.198198198,462,0,647,1869
0.006509133144,1.000000000,0.257551669,0.782404298,0.198283262,462,0,648,1868
0.006538126463,1.000000000,0.257949126,0.782068502,0.198368398,462,0,649,1867
0.006541097466,1.000000000,0.258346582,0.781732707,0.198453608,462,0,650,1866
0.006581147606,1.000000000,0.258744038,0.781396911,0.198538891,462,0,651,1865
0.006586295019,1.000000000,0.259141494,0.781061115,0.198624248,462,0,652,1864
0.006588945131,1.000000000,0.259538951,0.780725319,0.198709677,462,0,653,1863
0.006592061126,1.000000000,0.259936407,0.780389523,0.198795181,462,0,654,1862
0.006594677789,1.000000000,0.260333863,0.780053727,0.198880758,462,0,655,1861
0.006595341058,1.000000000,0.260731320,0.779717931,0.198966408,462,0,656,1860
0.006610155522,1.000000000,0.261128776,0.779382136,0.199052133,462,0,657,1859
0.006632138423,1.000000000,0.261526232,0.779046340,0.199137931,462,0,658,1858
0.006637059649,1.000000000,0.261923688,0.778710544,0.199223803,462,0,659,1857
0.006644621183,1.000000000,0.262321145,0.778374748,0.199309750,462,0,660,1856
0.006652848416,1.000000000,0.262718601,0.778038952,0.199395770,462,0,661,1855
0.006674821700,1.000000000,0.263116057,0.777703156,0.199481865,462,0,662,1854
0.006680503328,1.000000000,0.263513514,0.777367361,0.199568035,462,0,663,1853
0.006682417105,1.000000000,0.263910970,0.777031565,0.199654278,462,0,664,1852
0.006714046363,1.000000000,0.264308426,0.776695769,0.199740597,462,0,665,1851
0.006715857390,1.000000000,0.264705882,0.776359973,0.199826990,462,0,666,1850
0.006725321013,1.000000000,0.265103339,0.776024177,0.199913457,462,0,667,1849
0.006746683176,1.000000000,0.265500795,0.775688381,0.200000000,462,0,668,1848
0.006781967827,1.000000000,0.265898251,0.775352586,0.200086618,462,0,669,1847
0.006795995364,1.000000000,0.266295707,0.775016790,0.200173310,462,0,670,1846
0.006809546341,1.000000000,0.266693164,0.774680994,0.200260078,462,0,671,1845
0.006813097035,1.000000000,0.267090620,0.774345198,0.200346921,462,0,672,1844
0.006815793649,1.000000000,0.267488076,0.774009402,0.200433839,462,0,673,1843
0.006846031408,1.000000000,0.267885533,0.773673606,0.200520833,462,0,674,1842
0.006849918649,1.000000000,0.268282989,0.773337811,0.200607903,462,0,675,1841
0.006856130603,1.000000000,0.268680445,0.773002015,0.200695048,462,0,676,1840
0.006870050441,1.000000000,0.269077901,0.772666219,0.200782269,462,0,677,1839
0.006871432973,1.000000000,0.269475358,0.772330423,0.200869565,462,0,678,1838
0.006874001760,1.000000000,0.269872814,0.771994627,0.200956938,462,0,679,1837
0.006875144958,1.000000000,0.270270270,0.771658831,0.201044386,462,0,680,1836
0.006882266370,1.000000000,0.270667727,0.771323036,0.201131911,462,0,681,1835
0.006890094964,1.000000000,0.271065183,0.770987240,0.201219512,462,0,682,1834
0.006890582377,1.000000000,0.271462639,0.770651444,0.201307190,462,0,683,1833
0.006904523339,1.000000000,0.271860095,0.770315648,0.201394943,462,0,684,1832
0.006912323963,1.000000000,0.272257552,0.769979852,0.201482774,462,0,685,1831
0.006939092005,1.000000000,0.272655008,0.769644056,0.201570681,462,0,686,1830
0.006939689515,1.000000000,0.273052464,0.769308261,0.201658664,462,0,687,1829
0.006942167592,1.000000000,0.273449921,0.768972465,0.201746725,462,0,688,1828
0.006951479286,1.000000000,0.273847377,0.768636669,0.201834862,462,0,689,1827
0.006955690491,1.000000000,0.274244833,0.768300873,0.201923077,462,0,690,1826
0.006956175434,1.000000000,0.274642289,0.767965077,0.202011369,462,0,691,1825
0.006957168040,1.000000000,0.275039746,0.767629281,0.202099738,462,0,692,1824
0.006958861318,1.000000000,0.275437202,0.767293486,0.202188184,462,0,693,1823
0.006995333578,1.000000000,0.275834658,0.766957690,0.202276708,462,0,694,1822
0.007015782548,1.000000000,0.276232114,0.766621894,0.202365309,462,0,695,1821
0.007016712945,1.000000000,0.276629571,0.766286098,0.202453988,462,0,696,1820
0.007024008140,1.000000000,0.277027027,0.765950302,0.202542744,462,0,697,1819
0.007039462206,1.000000000,0.277424483,0.765614506,0.202631579,462,0,698,1818
0.007039985941,1.000000000,0.277821940,0.765278711,0.202720491,462,0,699,1817
0.007056422844,1.000000000,0.278219396,0.764942915,0.202809482,462,0,700,1816
0.007064584969,1.000000000,0.278616852,0.764607119,0.202898551,462,0,701,1815
0.007074391390,1.000000000,0.279014308,0.764271323,0.202987698,462,0,702,1814
0.007076200448,1.000000000,0.279411765,0.763935527,0.203076923,462,0,703,1813
0.007079963219,1.000000000,0.279809221,0.763599731,0.203166227,462,0,704,1812
0.007086842456,1.000000000,0.280206677,0.763263936,0.203255609,462,0,705,1811
0.007099471474,1.000000000,0.280604134,0.762928140,0.203345070,462,0,706,1810
0.007104024863,1.000000000,0.281001590,0.762592344,0.203434610,462,0,707,1809
0.007112529699,1.000000000,0.281399046,0.762256548,0.203524229,462,0,708,1808
0.007121478673,1.000000000,0.281796502,0.761920752,0.203613927,462,0,709,1807
0.007127724432,1.000000000,0.282193959,0.761584956,0.203703704,462,0,710,1806
0.007132684634,1.000000000,0.282591415,0.761249161,0.203793560,462,0,711,1805
0.007138021988,1.000000000,0.282988871,0.760913365,0.203883495,462,0,712,1804
0.007155965745,1.000000000,0.283386328,0.760577569,0.203973510,462,0,713,1803
0.007160623129,1.000000000,0.283783784,0.760241773,0.204063604,462,0,714,1802
0.007167240443,1.000000000,0.284181240,0.759905977,0.204153778,462,0,715,1801
0.007171368313,1.000000000,0.284578696,0.759570181,0.204244032,462,0,716,1800
0.007198564197,1.000000000,0.284976153,0.759234385,0.204334365,462,0,717,1799
0.007215037859,1.000000000,0.285373609,0.758898590,0.204424779,462,0,718,1798
0.007216527487,1.000000000,0.285771065,0.758562794,0.204515272,462,0,719,1797
0.007217290318,1.000000000,0.286168521,0.758226998,0.204605846,462,0,720,1796
0.007238130808,1.000000000,0.286565978,0.757891202,0.204696500,462,0,721,1795
0.007250110419,1.000000000,0.286963434,0.757555406,0.204787234,462,0,722,1794
0.007286488242,1.000000000,0.287360890,0.757219610,0.204878049,462,0,723,1793
0.007287573601,1.000000000,0.287758347,0.756883815,0.204968944,462,0,724,1792
0.007294160402,1.000000000,0.288155803,0.756548019,0.205059920,462,0,725,1791
0.007304803668,1.000000000,0.288553259,0.756212223,0.205150977,462,0,726,1790
0.007308099275,1.000000000,0.288950715,0.755876427,0.205242115,462,0,727,1789
0.007311239707,1.000000000,0.289348172,0.755540631,0.205333333,462,0,728,1788
0.007320678330,1.000000000,0.289745628,0.755204835,0.205424633,462,0,729,1787
0.007336278127,1.000000000,0.290143084,0.754869040,0.205516014,462,0,730,1786
0.007342272232,1.000000000,0.290540541,0.754533244,0.205607477,462,0,731,1785
0.007348093226,1.000000000,0.290937997,0.754197448,0.205699020,462,0,732,1784
0.007351417154,1.000000000,0.291335453,0.753861652,0.205790646,462,0,733,1783
0.007381027213,1.000000000,0.291732909,0.753525856,0.205882353,462,0,734,1782
0.007395980593,1.000000000,0.292130366,0.753190060,0.205974142,462,0,735,1781
0.007410371940,1.000000000,0.292527822,0.752854265,0.206066012,462,0,736,1780
0.007433881967,1.000000000,0.292925278,0.752518469,0.206157965,462,0,737,1779
0.007444909396,1.000000000,0.293322734,0.752182673,0.206250000,462,0,738,1778
0.007448242209,1.000000000,0.293720191,0.751846877,0.206342117,462,0,739,1777
0.007460403956,1.000000000,0.294117647,0.751511081,0.206434316,462,0,740,1776
0.007466942597,1.000000000,0.294515103,0.751175285,0.206526598,462,0,741,1775
0.007486916415,1.000000000,0.294912560,0.750839490,0.206618962,462,0,742,1774
0.007487631971,1.000000000,0.295310016,0.750503694,0.206711409,462,0,743,1773
0.007492890158,1.000000000,0.295707472,0.750167898,0.206803939,462,0,744,1772
0.007505653110,1.000000000,0.296104928,0.749832102,0.206896552,462,0,745,1771
0.007530220184,1.000000000,0.296502385,0.749496306,0.206989247,462,0,746,1770
0.007555573922,1.000000000,0.296899841,0.749160510,0.207082026,462,0,747,1769
0.007560599847,1.000000000,0.297297297,0.748824715,0.207174888,462,0,748,1768
0.007567169999,1.000000000,0.297694754,0.748488919,0.207267833,462,0,749,1767
0.007581652168,1.000000000,0.298092210,0.748153123,0.207360862,462,0,750,1766
0.007587481403,1.000000000,0.298489666,0.747817327,0.207453974,462,0,751,1765
0.007601988076,1.000000000,0.298887122,0.747481531,0.207547170,462,0,752,1764
0.007663059307,1.000000000,0.299284579,0.747145735,0.207640449,462,0,753,1763
0.007702663480,1.000000000,0.299682035,0.746809940,0.207733813,462,0,754,1762
0.007705915927,1.000000000,0.300079491,0.746474144,0.207827260,462,0,755,1761
0.007728679572,1.000000000,0.300476948,0.746138348,0.207920792,462,0,756,1760
0.007748028377,1.000000000,0.300874404,0.745802552,0.208014408,462,0,757,1759
0.007756011079,1.000000000,0.301271860,0.745466756,0.208108108,462,0,758,1758
0.007793379336,1.000000000,0.301669316,0.745130960,0.208201893,462,0,759,1757
0.007804348586,1.000000000,0.302066773,0.744795165,0.208295762,462,0,760,1756
0.007808605713,1.000000000,0.302464229,0.744459369,0.208389716,462,0,761,1755
0.007808891246,1.000000000,0.302861685,0.744123573,0.208483755,462,0,762,1754
0.007814126961,1.000000000,0.303259141,0.743787777,0.208577878,462,0,763,1753
0.007823693975,1.000000000,0.303656598,0.743451981,0.208672087,462,0,764,1752
0.007826873448,1.000000000,0.304054054,0.743116185,0.208766380,462,0,765,1751
0.007850754205,1.000000000,0.304451510,0.742780390,0.208860759,462,0,766,1750
0.007852788014,1.000000000,0.304848967,0.742444594,0.208955224,462,0,767,1749
0.007873352295,1.000000000,0.305246423,0.742108798,0.209049774,462,0,768,1748
0.007887361919,1.000000000,0.305643879,0.741773002,0.209144409,462,0,769,1747
0.007908164421,1.000000000,0.306041335,0.741437206,0.209239130,462,0,770,1746
0.007909773515,1.000000000,0.306438792,0.741101410,0.209333937,462,0,771,1745
0.007923692175,1.000000000,0.306836248,0.740765615,0.209428830,462,0,772,1744
0.007937413367,1.000000000,0.307233704,0.740429819,0.209523810,462,0,773,1743
0.007975841975,1.000000000,0.307631161,0.740094023,0.209618875,462,0,774,1742
0.007977724936,1.000000000,0.308028617,0.739758227,0.209714026,462,0,775,1741
0.007981115823,1.000000000,0.308426073,0.739422431,0.209809264,462,0,776,1740
0.007993873910,1.000000000,0.308823529,0.739086635,0.209904589,462,0,777,1739
0.008010530314,1.000000000,0.309220986,0.738750839,0.210000000,462,0,778,1738
0.008018561016,1.000000000,0.309618442,0.738415044,0.210095498,462,0,779,1737
0.008021390224,1.000000000,0.310015898,0.738079248,0.210191083,462,0,780,1736
0.008023102553,1.000000000,0.310413355,0.737743452,0.210286755,462,0,781,1735
0.008030045147,1.000000000,0.310810811,0.737407656,0.210382514,462,0,782,1734
0.008072017243,1.000000000,0.311208267,0.737071860,0.210478360,462,0,783,1733
0.008086492410,1.000000000,0.311605723,0.736736064,0.210574294,462,0,784,1732
0.008117094608,1.000000000,0.312003180,0.736400269,0.210670315,462,0,785,1731
0.008118865686,1.000000000,0.312400636,0.736064473,0.210766423,462,0,786,1730
0.008145299522,1.000000000,0.312798092,0.735728677,0.210862620,462,0,787,1729
0.008167154415,1.000000000,0.313195548,0.735392881,0.210958904,462,0,788,1728
0.008169103114,1.000000000,0.313593005,0.735057085,0.211055276,462,0,789,1727
0.008208071605,1.000000000,0.313990461,0.734721289,0.211151737,462,0,790,1726
0.008222153870,1.000000000,0.314387917,0.734385494,0.211248285,462,0,791,1725
0.008235852674,1.000000000,0.314785374,0.734049698,0.211344922,462,0,792,1724
0.008254453184,1.000000000,0.315182830,0.733713902,0.211441648,462,0,793,1723
0.008257140605,1.000000000,0.315580286,0.733378106,0.211538462,462,0,794,1722
0.008265898436,1.000000000,0.315977742,0.733042310,0.211635364,462,0,795,1721
0.008278789031,1.000000000,0.316375199,0.732706514,0.211732356,462,0,796,1720
0.008281317759,1.000000000,0.316772655,0.732370719,0.211829436,462,0,797,1719
0.008307046550,1.000000000,0.317170111,0.732034923,0.211926606,462,0,798,1718
0.008307320245,1.000000000,0.317567568,0.731699127,0.212023864,462,0,799,1717
0.008366776428,1.000000000,0.317965024,0.731363331,0.212121212,462,0,800,1716
0.008369804560,1.000000000,0.318362480,0.731027535,0.212218650,462,0,801,1715
0.008371603505,1.000000000,0.318759936,0.730691739,0.212316176,462,0,802,1714
0.008389352979,1.000000000,0.319157393,0.730355944,0.212413793,462,0,803,1713
0.008415951207,1.000000000,0.319554849,0.730020148,0.212511500,462,0,804,1712
0.008446979795,1.000000000,0.319952305,0.729684352,0.212609296,462,0,805,1711
0.008458456254,1.000000000,0.320349762,0.729348556,0.212707182,462,0,806,1710
0.008463418902,1.000000000,0.320747218,0.729012760,0.212805159,462,0,807,1709
0.008496422229,1.000000000,0.321144674,0.728676964,0.212903226,462,0,808,1708
0.008548249055,1.000000000,0.321542130,0.728341169,0.213001383,462,0,809,1707
0.008586894117,1.000000000,0.321939587,0.728005373,0.213099631,462,0,810,1706
0.008587953724,1.000000000,0.322337043,0.727669577,0.213197970,462,0,811,1705
0.008629040138,1.000000000,0.322734499,0.727333781,0.213296399,462,0,812,1704
0.008661014056,1.000000000,0.323131955,0.726997985,0.213394919,462,0,813,1703
0.008663971596,1.000000000,0.323529412,0.726662189,0.213493530,462,0,814,1702
0.008739428190,1.000000000,0.323926868,0.726326394,0.213592233,462,0,815,1701
0.008741994152,1.000000000,0.324324324,0.725990598,0.213691027,462,0,816,1700
0.008753456267,1.000000000,0.324721781,0.725654802,0.213789912,462,0,817,1699
0.008756070314,1.000000000,0.325119237,0.725319006,0.213888889,462,0,818,1698
0.008785907551,1.000000000,0.325516693,0.724983210,0.213987957,462,0,819,1697
0.008798605743,1.000000000,0.325914149,0.724647414,0.214087118,462,0,820,1696
0.008808515308,1.000000000,0.326311606,0.724311619,0.214186370,462,0,821,1695
0.008825670480,1.000000000,0.326709062,0.723975823,0.214285714,462,0,822,1694
0.008849132101,1.000000000,0.327106518,0.723640027,0.214385151,462,0,823,1693
0.008882120903,1.000000000,0.327503975,0.723304231,0.214484680,462,0,824,1692
0.008907118127,1.000000000,0.327901431,0.722968435,0.214584301,462,0,825,1691
0.008922025552,1.000000000,0.328298887,0.722632639,0.214684015,462,0,826,1690
0.008956771201,1.000000000,0.328696343,0.722296844,0.214783821,462,0,827,1689
0.008964533313,1.000000000,0.329093800,0.721961048,0.214883721,462,0,828,1688
0.008990104289,1.000000000,0.329491256,0.721625252,0.214983713,462,0,829,1687
0.009007600555,1.000000000,0.329888712,0.721289456,0.215083799,462,0,830,1686
0.009016191064,1.000000000,0.330286169,0.720953660,0.215183978,462,0,831,1685
0.009024072213,1.000000000,0.330683625,0.720617864,0.215284250,462,0,832,1684
0.009026151324,1.000000000,0.331081081,0.720282069,0.215384615,462,0,833,1683
0.009027718381,1.000000000,0.331478537,0.719946273,0.215485075,462,0,834,1682
0.009086867833,1.000000000,0.331875994,0.719610477,0.215585628,462,0,835,1681
0.009089764639,1.000000000,0.332273450,0.719274681,0.215686275,462,0,836,1680
0.009099144613,1.000000000,0.332670906,0.718938885,0.215787015,462,0,837,1679
0.009107920621,1.000000000,0.333068362,0.718603089,0.215887850,462,0,838,1678
0.009136486589,1.000000000,0.333465819,0.718267293,0.215988780,462,0,839,1677
0.009140282181,1.000000000,0.333863275,0.717931498,0.216089804,462,0,840,1676
0.009156808995,1.000000000,0.334260731,0.717595702,0.216190922,462,0,841,1675
0.009175740411,1.000000000,0.334658188,0.717259906,0.216292135,462,0,842,1674
0.009193104422,1.000000000,0.335055644,0.716924110,0.216393443,462,0,843,1673
0.009202333090,1.000000000,0.335453100,0.716588314,0.216494845,462,0,844,1672
0.009254296927,1.000000000,0.335850556,0.716252518,0.216596343,462,0,845,1671
0.009259340160,1.000000000,0.336248013,0.715916723,0.216697936,462,0,846,1670
0.009261302429,1.000000000,0.336645469,0.715580927,0.216799625,462,0,847,1669
0.009261403050,1.000000000,0.337042925,0.715245131,0.216901408,462,0,848,1668
0.009269742353,1.000000000,0.337440382,0.714909335,0.217003288,462,0,849,1667
0.009275261183,1.000000000,0.337837838,0.714573539,0.217105263,462,0,850,1666
0.009301766317,1.000000000,0.338235294,0.714237743,0.217207334,462,0,851,1665
0.009314532332,1.000000000,0.338632750,0.713901948,0.217309501,462,0,852,1664
0.009351081394,1.000000000,0.339030207,0.713566152,0.217411765,462,0,853,1663
0.009354926625,1.000000000,0.339427663,0.713230356,0.217514124,462,0,854,1662
0.009391420166,1.000000000,0.339825119,0.712894560,0.217616580,462,0,855,1661
0.009423200723,1.000000000,0.340222576,0.712558764,0.217719133,462,0,856,1660
0.009449631372,1.000000000,0.340620032,0.712222968,0.217821782,462,0,857,1659
0.009544585995,1.000000000,0.341017488,0.711887173,0.217924528,462,0,858,1658
0.009570437547,1.000000000,0.341414944,0.711551377,0.218027371,462,0,859,1657
0.009575021793,1.000000000,0.341812401,0.711215581,0.218130312,462,0,860,1656
0.009619824548,1.000000000,0.342209857,0.710879785,0.218233349,462,0,861,1655
0.009637742338,1.000000000,0.342607313,0.710543989,0.218336484,462,0,862,1654
0.009655005753,1.000000000,0.343004769,0.710208193,0.218439716,462,0,863,1653
0.009680945672,1.000000000,0.343402226,0.709872398,0.218543046,462,0,864,1652
0.009713025542,1.000000000,0.343799682,0.709536602,0.218646474,462,0,865,1651
0.009761946887,1.000000000,0.344197138,0.709200806,0.218750000,462,0,866,1650
0.009765901047,1.000000000,0.344594595,0.708865010,0.218853624,462,0,867,1649
0.009857521619,1.000000000,0.344992051,0.708529214,0.218957346,462,0,868,1648
0.009866356141,1.000000000,0.345389507,0.708193418,0.219061166,462,0,869,1647
0.009874730013,1.000000000,0.345786963,0.707857623,0.219165085,462,0,870,1646
0.009899056277,1.000000000,0.346184420,0.707521827,0.219269103,462,0,871,1645
0.009914303620,1.000000000,0.346581876,0.707186031,0.219373219,462,0,872,1644
0.009929992087,1.000000000,0.346979332,0.706850235,0.219477435,462,0,873,1643
0.009937562773,1.000000000,0.347376789,0.706514439,0.219581749,462,0,874,1642
0.009954824306,1.000000000,0.347774245,0.706178643,0.219686163,462,0,875,1641
0.009978553601,1.000000000,0.348171701,0.705842848,0.219790676,462,0,876,1640
0.009998554921,1.000000000,0.348569157,0.705507052,0.219895288,462,0,877,1639
0.010020381261,1.000000000,0.348966614,0.705171256,0.220000000,462,0,878,1638
0.010023792324,1.000000000,0.349364070,0.704835460,0.220104812,462,0,879,1637
0.010140169636,1.000000000,0.349761526,0.704499664,0.220209724,462,0,880,1636
0.010226983055,1.000000000,0.350158983,0.704163868,0.220314735,462,0,881,1635
0.010231548774,1.000000000,0.350556439,0.703828073,0.220419847,462,0,882,1634
0.010270423923,1.000000000,0.350953895,0.703492277,0.220525060,462,0,883,1633
0.010281212069,1.000000000,0.351351351,0.703156481,0.220630372,462,0,884,1632
0.010298027121,1.000000000,0.351748808,0.702820685,0.220735786,462,0,885,1631
0.010336762826,1.000000000,0.352146264,0.702484889,0.220841300,462,0,886,1630
0.010349253486,1.000000000,0.352543720,0.702149093,0.220946915,462,0,887,1629
0.010349957269,1.000000000,0.352941176,0.701813298,0.221052632,462,0,888,1628
0.010365670923,1.000000000,0.353338633,0.701477502,0.221158449,462,0,889,1627
0.010368570368,1.000000000,0.353736089,0.701141706,0.221264368,462,0,890,1626
0.010371599077,1.000000000,0.354133545,0.700805910,0.221370388,462,0,891,1625
0.010395425109,1.000000000,0.354531002,0.700470114,0.221476510,462,0,892,1624
0.010399868267,1.000000000,0.354928458,0.700134318,0.221582734,462,0,893,1623
0.010418497026,1.000000000,0.355325914,0.699798522,0.221689060,462,0,894,1622
0.010426984169,1.000000000,0.355723370,0.699462727,0.221795487,462,0,895,1621
0.010457295596,1.000000000,0.356120827,0.699126931,0.221902017,462,0,896,1620
0.010495580980,1.000000000,0.356518283,0.698791135,0.222008650,462,0,897,1619
0.010518226330,1.000000000,0.356915739,0.698455339,0.222115385,462,0,898,1618
0.010519362638,1.000000000,0.357313196,0.698119543,0.222222222,462,0,899,1617
0.010520955638,1.000000000,0.357710652,0.697783747,0.222329163,462,0,900,1616
0.010574111710,1.000000000,0.358108108,0.697447952,0.222436206,462,0,901,1615
0.010576770513,1.000000000,0.358505564,0.697112156,0.222543353,462,0,902,1614
0.010580599689,1.000000000,0.358903021,0.696776360,0.222650602,462,0,903,1613
0.010581659179,1.000000000,0.359300477,0.696440564,0.222757956,462,0,904,1612
0.010581686960,1.000000000,0.359697933,0.696104768,0.222865412,462,0,905,1611
0.010617386836,1.000000000,0.360095390,0.695768972,0.222972973,462,0,906,1610
0.010620405158,1.000000000,0.360492846,0.695433177,0.223080637,462,0,907,1609
0.010624625182,1.000000000,0.360890302,0.695097381,0.223188406,462,0,908,1608
0.010625037592,1.000000000,0.361287758,0.694761585,0.223296278,462,0,909,1607
0.010665615878,1.000000000,0.361685215,0.694425789,0.223404255,462,0,910,1606
0.010719584791,1.000000000,0.362082671,0.694089993,0.223512337,462,0,911,1605
0.010756735341,1.000000000,0.362480127,0.693754197,0.223620523,462,0,912,1604
0.010777539371,1.000000000,0.362877583,0.693418402,0.223728814,462,0,913,1603
0.010790882811,1.000000000,0.363275040,0.693082606,0.223837209,462,0,914,1602
0.010805846352,1.000000000,0.363672496,0.692746810,0.223945710,462,0,915,1601
0.010867319111,1.000000000,0.364069952,0.692411014,0.224054316,462,0,916,1600
0.010934678069,1.000000000,0.364467409,0.692075218,0.224163028,462,0,917,1599
0.010968022499,1.000000000,0.364864865,0.691739422,0.224271845,462,0,918,1598
0.010970524706,1.000000000,0.365262321,0.691403627,0.224380767,462,0,919,1597
0.010997935380,1.000000000,0.365659777,0.691067831,0.224489796,462,0,920,1596
0.011039343786,1.000000000,0.366057234,0.690732035,0.224598930,462,0,921,1595
0.011040571501,1.000000000,0.366454690,0.690396239,0.224708171,462,0,922,1594
0.011113904231,1.000000000,0.366852146,0.690060443,0.224817518,462,0,923,1593
0.011114392340,1.000000000,0.367249603,0.689724647,0.224926972,462,0,924,1592
0.011117224294,1.000000000,0.367647059,0.689388852,0.225036532,462,0,925,1591
0.011137398749,1.000000000,0.368044515,0.689053056,0.225146199,462,0,926,1590
0.011190048468,1.000000000,0.368441971,0.688717260,0.225255973,462,0,927,1589
0.011223430640,1.000000000,0.368839428,0.688381464,0.225365854,462,0,928,1588
0.011273595143,1.000000000,0.369236884,0.688045668,0.225475842,462,0,929,1587
0.011283661634,1.000000000,0.369634340,0.687709872,0.225585938,462,0,930,1586
0.011298567462,1.000000000,0.370031797,0.687374077,0.225696141,462,0,931,1585
0.011332451431,1.000000000,0.370429253,0.687038281,0.225806452,462,0,932,1584
0.011339216611,1.000000000,0.370826709,0.686702485,0.225916870,462,0,933,1583
0.011428554125,1.000000000,0.371224165,0.686366689,0.226027397,462,0,934,1582
0.011437270772,1.000000000,0.371621622,0.686030893,0.226138032,462,0,935,1581
0.011450616128,1.000000000,0.372019078,0.685695097,0.226248776,462,0,936,1580
0.011515814743,1.000000000,0.372416534,0.685359302,0.226359628,462,0,937,1579
0.011594546189,1.000000000,0.372813990,0.685023506,0.226470588,462,0,938,1578
0.011608888204,1.000000000,0.373211447,0.684687710,0.226581658,462,0,939,1577
0.011649852966,1.000000000,0.373608903,0.684351914,0.226692836,462,0,940,1576
0.011659123106,1.000000000,0.374006359,0.684016118,0.226804124,462,0,941,1575
0.011680318459,1.000000000,0.374403816,0.683680322,0.226915521,462,0,942,1574
0.011702467944,1.000000000,0.374801272,0.683344527,0.227027027,462,0,943,1573
0.011722082578,1.000000000,0.375198728,0.683008731,0.227138643,462,0,944,1572
0.011757217093,1.000000000,0.375596184,0.682672935,0.227250369,462,0,945,1571
0.011792008588,1.000000000,0.375993641,0.682337139,0.227362205,462,0,946,1570
0.011793287792,1.000000000,0.376391097,0.682001343,0.227474151,462,0,947,1569
0.011824836766,1.000000000,0.376788553,0.681665547,0.227586207,462,0,948,1568
0.011881660093,1.000000000,0.377186010,0.681329752,0.227698374,462,0,949,1567
0.011885491708,1.000000000,0.377583466,0.680993956,0.227810651,462,0,950,1566
0.011911418055,1.000000000,0.377980922,0.680658160,0.227923039,462,0,951,1565
0.011981024163,1.000000000,0.378378378,0.680322364,0.228035538,462,0,952,1564
0.011994538078,1.000000000,0.378775835,0.679986568,0.228148148,462,0,953,1563
0.012010020298,1.000000000,0.379173291,0.679650772,0.228260870,462,0,954,1562
0.012059762791,1.000000000,0.379570747,0.679314976,0.228373702,462,0,955,1561
0.012101542725,1.000000000,0.379968203,0.678979181,0.228486647,462,0,956,1560
0.012103189933,1.000000000,0.380365660,0.678643385,0.228599703,462,0,957,1559
0.012108043445,1.000000000,0.380763116,0.678307589,0.228712871,462,0,958,1558
0.012115200625,1.000000000,0.381160572,0.677971793,0.228826152,462,0,959,1557
0.012171054086,1.000000000,0.381558029,0.677635997,0.228939544,462,0,960,1556
0.012265996839,1.000000000,0.381955485,0.677300201,0.229053049,462,0,961,1555
0.012347018468,1.000000000,0.382352941,0.676964406,0.229166667,462,0,962,1554
0.012369775296,1.000000000,0.382750397,0.676628610,0.229280397,462,0,963,1553
0.012380415694,1.000000000,0.383147854,0.676292814,0.229394240,462,0,964,1552
0.012387118138,1.000000000,0.383545310,0.675957018,0.229508197,462,0,965,1551
0.012449078000,1.000000000,0.383942766,0.675621222,0.229622266,462,0,966,1550
0.012542513639,1.000000000,0.384340223,0.675285426,0.229736450,462,0,967,1549
0.012580024469,1.000000000,0.384737679,0.674949631,0.229850746,462,0,968,1548
0.012626715899,1.000000000,0.385135135,0.674613835,0.229965157,462,0,969,1547
0.012646998975,1.000000000,0.385532591,0.674278039,0.230079681,462,0,970,1546
0.012667813838,1.000000000,0.385930048,0.673942243,0.230194320,462,0,971,1545
0.012747660353,1.000000000,0.386327504,0.673606447,0.230309073,462,0,972,1544
0.012753414610,1.000000000,0.386724960,0.673270651,0.230423940,462,0,973,1543
0.012768121434,1.000000000,0.387122417,0.672934856,0.230538922,462,0,974,1542
0.012774883049,1.000000000,0.387519873,0.672599060,0.230654019,462,0,975,1541
0.012780165560,1.000000000,0.387917329,0.672263264,0.230769231,462,0,976,1540
0.012782952780,1.000000000,0.388314785,0.671927468,0.230884558,462,0,977,1539
0.012804856380,1.000000000,0.388712242,0.671591672,0.231000000,462,0,978,1538
0.012806799874,1.000000000,0.389109698,0.671255876,0.231115558,462,0,979,1537
0.012880027241,1.000000000,0.389507154,0.670920081,0.231231231,462,0,980,1536
0.012963772717,1.000000000,0.389904610,0.670584285,0.231347021,462,0,981,1535
0.012971009148,1.000000000,0.390302067,0.670248489,0.231462926,462,0,982,1534
0.012977494118,1.000000000,0.390699523,0.669912693,0.231578947,462,0,983,1533
0.012995594551,1.000000000,0.391096979,0.669576897,0.231695085,462,0,984,1532
0.013044181168,1.000000000,0.391494436,0.669241101,0.231811340,462,0,985,1531
0.013064522653,1.000000000,0.391891892,0.668905306,0.231927711,462,0,986,1530
0.013117088388,1.000000000,0.392289348,0.668569510,0.232044199,462,0,987,1529
0.013177609809,1.000000000,0.392686804,0.668233714,0.232160804,462,0,988,1528
0.013221536182,1.000000000,0.393084261,0.667897918,0.232277526,462,0,989,1527
0.013221832976,1.000000000,0.393481717,0.667562122,0.232394366,462,0,990,1526
0.013231484018,1.000000000,0.393879173,0.667226326,0.232511324,462,0,991,1525
0.013380709442,1.000000000,0.394276630,0.666890531,0.232628399,462,0,992,1524
0.013406491537,1.000000000,0.394674086,0.666554735,0.232745592,462,0,993,1523
0.013417503402,1.000000000,0.395071542,0.666218939,0.232862903,462,0,994,1522
0.013418533778,1.000000000,0.395468998,0.665883143,0.232980333,462,0,995,1521
0.013452589488,1.000000000,0.395866455,0.665547347,0.233097881,462,0,996,1520
0.013465966409,1.000000000,0.396263911,0.665211551,0.233215548,462,0,997,1519
0.013471396177,1.000000000,0.396661367,0.664875756,0.233333333,462,0,998,1518
0.013478713104,1.000000000,0.397058824,0.664539960,0.233451238,462,0,999,1517
0.013510305958,1.000000000,0.397456280,0.664204164,0.233569262,462,0,1000,1516
0.013536401909,1.000000000,0.397853736,0.663868368,0.233687405,462,0,1001,1515
0.013559481396,1.000000000,0.398251192,0.663532572,0.233805668,462,0,1002,1514
0.013565820816,1.000000000,0.398648649,0.663196776,0.233924051,462,0,1003,1513
0.013576913055,1.000000000,0.399046105,0.662860981,0.234042553,462,0,1004,1512
0.013603501824,1.000000000,0.399443561,0.662525185,0.234161176,462,0,1005,1511
0.013618462785,1.000000000,0.399841017,0.662189389,0.234279919,462,0,1006,1510
0.013746217849,1.000000000,0.400238474,0.661853593,0.234398782,462,0,1007,1509
0.013757599142,1.000000000,0.400635930,0.661517797,0.234517766,462,0,1008,1508
0.013822420649,1.000000000,0.401033386,0.661182001,0.234636872,462,0,1009,1507
0.013862786452,1.000000000,0.401430843,0.660846206,0.234756098,462,0,1010,1506
0.013875880430,1.000000000,0.401828299,0.660510410,0.234875445,462,0,1011,1505
0.013889113773,1.000000000,0.402225755,0.660174614,0.234994914,462,0,1012,1504
0.013893862284,1.000000000,0.402623211,0.659838818,0.235114504,462,0,1013,1503
0.013925183371,1.000000000,0.403020668,0.659503022,0.235234216,462,0,1014,1502
0.013943363599,1.000000000,0.403418124,0.659167226,0.235354050,462,0,1015,1501
0.013952834851,1.000000000,0.403815580,0.658831430,0.235474006,462,0,1016,1500
0.013969207585,1.000000000,0.404213037,0.658495635,0.235594085,462,0,1017,1499
0.013969675591,1.000000000,0.404610493,0.658159839,0.235714286,462,0,1018,1498
0.014023333953,1.000000000,0.405007949,0.657824043,0.235834609,462,0,1019,1497
0.014100185301,1.000000000,0.405405405,0.657488247,0.235955056,462,0,1020,1496
0.014105971374,1.000000000,0.405802862,0.657152451,0.236075626,462,0,1021,1495
0.014208318632,1.000000000,0.406200318,0.656816655,0.236196319,462,0,1022,1494
0.014212197799,1.000000000,0.406597774,0.656480860,0.236317136,462,0,1023,1493
0.014274657783,1.000000000,0.406995231,0.656145064,0.236438076,462,0,1024,1492
0.014307539021,1.000000000,0.407392687,0.655809268,0.236559140,462,0,1025,1491
0.014330103828,1.000000000,0.407790143,0.655473472,0.236680328,462,0,1026,1490
0.014358235346,1.000000000,0.408187599,0.655137676,0.236801640,462,0,1027,1489
0.014372284426,1.000000000,0.408585056,0.654801880,0.236923077,462,0,1028,1488
0.014385785559,1.000000000,0.408982512,0.654466085,0.237044638,462,0,1029,1487
0.014412693692,1.000000000,0.409379968,0.654130289,0.237166324,462,0,1030,1486
0.014441646577,1.000000000,0.409777424,0.653794493,0.237288136,462,0,1031,1485
0.014487939078,1.000000000,0.410174881,0.653458697,0.237410072,462,0,1032,1484
0.014494053394,1.000000000,0.410572337,0.653122901,0.237532134,462,0,1033,1483
0.014498110743,1.000000000,0.410969793,0.652787105,0.237654321,462,0,1034,1482
0.014511865611,1.000000000,0.411367250,0.652451310,0.237776634,462,0,1035,1481
0.014574835906,1.000000000,0.411764706,0.652115514,0.237899073,462,0,1036,1480
0.014604672698,1.000000000,0.412162162,0.651779718,0.238021638,462,0,1037,1479
0.014716482336,1.000000000,0.412559618,0.651443922,0.238144330,462,0,1038,1478
0.014728960117,1.000000000,0.412957075,0.651108126,0.238267148,462,0,1039,1477
0.014738722099,1.000000000,0.413354531,0.650772330,0.238390093,462,0,1040,1476
0.014753299364,1.000000000,0.413751987,0.650436535,0.238513165,462,0,1041,1475
0.014762439317,1.000000000,0.414149444,0.650100739,0.238636364,462,0,1042,1474
0.014766216315,1.000000000,0.414546900,0.649764943,0.238759690,462,0,1043,1473
0.014839739868,1.000000000,0.414944356,0.649429147,0.238883144,462,0,1044,1472
0.014843311737,1.000000000,0.415341812,0.649093351,0.239006725,462,0,1045,1471
0.014857489761,1.000000000,0.415739269,0.648757555,0.239130435,462,0,1046,1470
0.014864151271,1.000000000,0.416136725,0.648421760,0.239254272,462,0,1047,1469
0.014867260957,1.000000000,0.416534181,0.648085964,0.239378238,462,0,1048,1468
0.014868105965,1.000000000,0.416931638,0.647750168,0.239502333,462,0,1049,1467
0.014900408105,1.000000000,0.417329094,0.647414372,0.239626556,462,0,1050,1466
0.014907262401,1.000000000,0.417726550,0.647078576,0.239750908,462,0,1051,1465
0.014908669109,1.000000000,0.418124006,0.646742780,0.239875389,462,0,1052,1464
0.014933491438,1.000000000,0.418521463,0.646406985,0.240000000,462,0,1053,1463
0.014975254021,1.000000000,0.418918919,0.646071189,0.240124740,462,0,1054,1462
0.015011751365,1.000000000,0.419316375,0.645735393,0.240249610,462,0,1055,1461
0.015015110563,1.000000000,0.419713831,0.645399597,0.240374610,462,0,1056,1460
0.015107445860,1.000000000,0.420111288,0.645063801,0.240499740,462,0,1057,1459
0.015142827182,1.000000000,0.420508744,0.644728005,0.240625000,462,0,1058,1458
0.015171529157,1.000000000,0.420906200,0.644392210,0.240750391,462,0,1059,1457
0.015263561061,1.000000000,0.421303657,0.644056414,0.240875912,462,0,1060,1456
0.015292044447,1.000000000,0.421701113,0.643720618,0.241001565,462,0,1061,1455
0.015309852142,1.000000000,0.422098569,0.643384822,0.241127349,462,0,1062,1454
0.015369241343,1.000000000,0.422496025,0.643049026,0.241253264,462,0,1063,1453
0.015513091980,1.000000000,0.422893482,0.642713230,0.241379310,462,0,1064,1452
0.015516092013,1.000000000,0.423290938,0.642377435,0.241505489,462,0,1065,1451
0.015587781879,1.000000000,0.423688394,0.642041639,0.241631799,462,0,1066,1450
0.015588557449,1.000000000,0.424085851,0.641705843,0.241758242,462,0,1067,1449
0.015596151532,1.000000000,0.424483307,0.641370047,0.241884817,462,0,1068,1448
0.015603446121,1.000000000,0.424880763,0.641034251,0.242011524,462,0,1069,1447
0.015618750668,1.000000000,0.425278219,0.640698455,0.242138365,462,0,1070,1446
0.015627849928,1.000000000,0.425675676,0.640362660,0.242265338,462,0,1071,1445
0.015632860367,1.000000000,0.426073132,0.640026864,0.242392445,462,0,1072,1444
0.015702065291,1.000000000,0.426470588,0.639691068,0.242519685,462,0,1073,1443
0.015736967862,1.000000000,0.426868045,0.639355272,0.242647059,462,0,1074,1442
0.015807984252,1.000000000,0.427265501,0.639019476,0.242774566,462,0,1075,1441
0.015827242327,1.000000000,0.427662957,0.638683680,0.242902208,462,0,1076,1440
0.015829716488,1.000000000,0.428060413,0.638347884,0.243029984,462,0,1077,1439
0.015869093992,1.000000000,0.428457870,0.638012089,0.243157895,462,0,1078,1438
0.015900150602,1.000000000,0.428855326,0.637676293,0.243285940,462,0,1079,1437
0.015914762814,1.000000000,0.429252782,0.637340497,0.243414120,462,0,1080,1436
0.015916768456,1.000000000,0.429650238,0.637004701,0.243542435,462,0,1081,1435
0.015994341266,1.000000000,0.430047695,0.636668905,0.243670886,462,0,1082,1434
0.016035053939,1.000000000,0.430445151,0.636333109,0.243799472,462,0,1083,1433
0.016117883678,1.000000000,0.430842607,0.635997314,0.243928194,462,0,1084,1432
0.016119801589,1.000000000,0.431240064,0.635661518,0.244057052,462,0,1085,1431
0.016156654716,1.000000000,0.431637520,0.635325722,0.244186047,462,0,1086,1430
0.016187936267,1.000000000,0.432034976,0.634989926,0.244315177,462,0,1087,1429
0.016203236591,1.000000000,0.432432432,0.634654130,0.244444444,462,0,1088,1428
0.016209677987,1.000000000,0.432829889,0.634318334,0.244573849,462,0,1089,1427
0.016258650524,1.000000000,0.433227345,0.633982539,0.244703390,462,0,1090,1426
0.016274122453,1.000000000,0.433624801,0.633646743,0.244833068,462,0,1091,1425
0.016299494098,1.000000000,0.434022258,0.633310947,0.244962884,462,0,1092,1424
0.016328171856,1.000000000,0.434419714,0.632975151,0.245092838,462,0,1093,1423
0.016331152754,1.000000000,0.434817170,0.632639355,0.245222930,462,0,1094,1422
0.016331791208,1.000000000,0.435214626,0.632303559,0.245353160,462,0,1095,1421
0.016335402598,1.000000000,0.435612083,0.631967764,0.245483528,462,0,1096,1420
0.016362283023,1.000000000,0.436009539,0.631631968,0.245614035,462,0,1097,1419
0.016380089057,1.000000000,0.436406995,0.631296172,0.245744681,462,0,1098,1418
0.016389837829,1.000000000,0.436804452,0.630960376,0.245875466,462,0,1099,1417
0.016391959253,1.000000000,0.437201908,0.630624580,0.246006390,462,0,1100,1416
0.016412440383,1.000000000,0.437599364,0.630288784,0.246137453,462,0,1101,1415
0.016581627303,1.000000000,0.437996820,0.629952989,0.246268657,462,0,1102,1414
0.016629999476,1.000000000,0.438394277,0.629617193,0.246400000,462,0,1103,1413
0.016650805401,1.000000000,0.438791733,0.629281397,0.246531483,462,0,1104,1412
0.016693388460,1.000000000,0.439189189,0.628945601,0.246663107,462,0,1105,1411
0.016775458603,1.000000000,0.439586645,0.628609805,0.246794872,462,0,1106,1410
0.016778910732,1.000000000,0.439984102,0.628274009,0.246926777,462,0,1107,1409
0.016784408393,1.000000000,0.440381558,0.627938214,0.247058824,462,0,1108,1408
0.016795521220,1.000000000,0.440779014,0.627602418,0.247191011,462,0,1109,1407
0.016829601695,1.000000000,0.441176471,0.627266622,0.247323340,462,0,1110,1406
0.016838564081,1.000000000,0.441573927,0.626930826,0.247455811,462,0,1111,1405
0.016865010177,1.000000000,0.441971383,0.626595030,0.247588424,462,0,1112,1404
0.016905588606,1.000000000,0.442368839,0.626259234,0.247721180,462,0,1113,1403
0.017079689525,1.000000000,0.442766296,0.625923439,0.247854077,462,0,1114,1402
0.017105764529,1.000000000,0.443163752,0.625587643,0.247987118,462,0,1115,1401
0.017143298973,1.000000000,0.443561208,0.625251847,0.248120301,462,0,1116,1400
0.017144176160,1.000000000,0.443958665,0.624916051,0.248253627,462,0,1117,1399
0.017187467592,1.000000000,0.444356121,0.624580255,0.248387097,462,0,1118,1398
0.017191563362,1.000000000,0.444753577,0.624244459,0.248520710,462,0,1119,1397
0.017209225115,1.000000000,0.445151033,0.623908664,0.248654467,462,0,1120,1396
0.017238006073,1.000000000,0.445548490,0.623572868,0.248788368,462,0,1121,1395
0.017290907847,1.000000000,0.445945946,0.623237072,0.248922414,462,0,1122,1394
0.017301769085,1.000000000,0.446343402,0.622901276,0.249056604,462,0,1123,1393
0.017344703983,1.000000000,0.446740859,0.622565480,0.249190939,462,0,1124,1392
0.017404676003,1.000000000,0.447138315,0.622229684,0.249325418,462,0,1125,1391
0.017407847698,1.000000000,0.447535771,0.621893889,0.249460043,462,0,1126,1390
0.017460737513,1.000000000,0.447933227,0.621558093,0.249594814,462,0,1127,1389
0.017473643547,1.000000000,0.448330684,0.621222297,0.249729730,462,0,1128,1388
0.017513025592,1.000000000,0.448728140,0.620886501,0.249864792,462,0,1129,1387
0.017622004090,1.000000000,0.449125596,0.620550705,0.250000000,462,0,1130,1386
0.017627248292,1.000000000,0.449523052,0.620214909,0.250135355,462,0,1131,1385
0.017648454086,1.000000000,0.449920509,0.619879113,0.250270856,462,0,1132,1384
0.017661264789,1.000000000,0.450317965,0.619543318,0.250406504,462,0,1133,1383
0.017707195898,1.000000000,0.450715421,0.619207522,0.250542299,462,0,1134,1382
0.017719890998,1.000000000,0.451112878,0.618871726,0.250678242,462,0,1135,1381
0.017830036582,1.000000000,0.451510334,0.618535930,0.250814332,462,0,1136,1380
0.017848788669,1.000000000,0.451907790,0.618200134,0.250950570,462,0,1137,1379
0.017879909437,1.000000000,0.452305246,0.617864338,0.251086957,462,0,1138,1378
0.018139742385,1.000000000,0.452702703,0.617528543,0.251223491,462,0,1139,1377
0.018225577130,1.000000000,0.453100159,0.617192747,0.251360174,462,0,1140,1376
0.018236198684,1.000000000,0.453497615,0.616856951,0.251497006,462,0,1141,1375
0.018262935065,1.000000000,0.453895072,0.616521155,0.251633987,462,0,1142,1374
0.018293113049,1.000000000,0.454292528,0.616185359,0.251771117,462,0,1143,1373
0.018308430327,1.000000000,0.454689984,0.615849563,0.251908397,462,0,1144,1372
0.018330742413,1.000000000,0.455087440,0.615513768,0.252045827,462,0,1145,1371
0.018351302473,1.000000000,0.455484897,0.615177972,0.252183406,462,0,1146,1370
0.018359397606,1.000000000,0.455882353,0.614842176,0.252321136,462,0,1147,1369
0.018363327429,1.000000000,0.456279809,0.614506380,0.252459016,462,0,1148,1368
0.018400326420,1.000000000,0.456677266,0.614170584,0.252597048,462,0,1149,1367
0.018421975184,1.000000000,0.457074722,0.613834788,0.252735230,462,0,1150,1366
0.018468295358,1.000000000,0.457472178,0.613498993,0.252873563,462,0,1151,1365
0.018468493657,1.000000000,0.457869634,0.613163197,0.253012048,462,0,1152,1364
0.018533147176,1.000000000,0.458267091,0.612827401,0.253150685,462,0,1153,1363
0.018590347371,1.000000000,0.458664547,0.612491605,0.253289474,462,0,1154,1362
0.018594480924,1.000000000,0.459062003,0.612155809,0.253428415,462,0,1155,1361
0.018606619927,1.000000000,0.459459459,0.611820013,0.253567508,462,0,1156,1360
0.018681641825,1.000000000,0.459856916,0.611484218,0.253706755,462,0,1157,1359
0.018841708006,1.000000000,0.460254372,0.611148422,0.253846154,462,0,1158,1358
0.018893065425,1.000000000,0.460651828,0.610812626,0.253985706,462,0,1159,1357
0.018911475648,1.000000000,0.461049285,0.610476830,0.254125413,462,0,1160,1356
0.018931660510,1.000000000,0.461446741,0.610141034,0.254265272,462,0,1161,1355
0.018956073514,1.000000000,0.461844197,0.609805238,0.254405286,462,0,1162,1354
0.018967918453,1.000000000,0.462241653,0.609469443,0.254545455,462,0,1163,1353
0.019129082133,1.000000000,0.462639110,0.609133647,0.254685777,462,0,1164,1352
0.019206006256,1.000000000,0.463036566,0.608797851,0.254826255,462,0,1165,1351
0.019223041633,1.000000000,0.463434022,0.608462055,0.254966887,462,0,1166,1350
0.019282840347,1.000000000,0.463831479,0.608126259,0.255107675,462,0,1167,1349
0.019299855961,1.000000000,0.464228935,0.607790463,0.255248619,462,0,1168,1348
0.019318169526,1.000000000,0.464626391,0.607454668,0.255389718,462,0,1169,1347
0.019353538825,1.000000000,0.465023847,0.607118872,0.255530973,462,0,1170,1346
0.019414358687,1.000000000,0.465421304,0.606783076,0.255672385,462,0,1171,1345
0.019462392190,1.000000000,0.465818760,0.606447280,0.255813953,462,0,1172,1344
0.019475192545,1.000000000,0.466216216,0.606111484,0.255955679,462,0,1173,1343
0.019487116021,1.000000000,0.466613672,0.605775688,0.256097561,462,0,1174,1342
0.019492790745,1.000000000,0.467011129,0.605439893,0.256239601,462,0,1175,1341
0.019537184412,1.000000000,0.467408585,0.605104097,0.256381798,462,0,1176,1340
0.019595554811,1.000000000,0.467806041,0.604768301,0.256524153,462,0,1177,1339
0.019613159824,1.000000000,0.468203498,0.604432505,0.256666667,462,0,1178,1338
0.019637627852,1.000000000,0.468600954,0.604096709,0.256809339,462,0,1179,1337
0.019701975411,1.000000000,0.468998410,0.603760913,0.256952169,462,0,1180,1336
0.019747086546,1.000000000,0.469395866,0.603425118,0.257095159,462,0,1181,1335
0.019784442387,1.000000000,0.469793323,0.603089322,0.257238307,462,0,1182,1334
0.019915228555,1.000000000,0.470190779,0.602753526,0.257381616,462,0,1183,1333
0.019993054673,1.000000000,0.470588235,0.602417730,0.257525084,462,0,1184,1332
0.019998433580,1.000000000,0.470985692,0.602081934,0.257668712,462,0,1185,1331
0.020035325338,1.000000000,0.471383148,0.601746138,0.257812500,462,0,1186,1330
0.020051891341,1.000000000,0.471780604,0.601410343,0.257956449,462,0,1187,1329
0.020058012525,1.000000000,0.472178060,0.601074547,0.258100559,462,0,1188,1328
0.020061115885,1.000000000,0.472575517,0.600738751,0.258244830,462,0,1189,1327
0.020077896219,1.000000000,0.472972973,0.600402955,0.258389262,462,0,1190,1326
0.020100117121,1.000000000,0.473370429,0.600067159,0.258533856,462,0,1191,1325
0.020148753950,1.000000000,0.473767886,0.599731363,0.258678611,462,0,1192,1324
0.020181474501,1.000000000,0.474165342,0.599395567,0.258823529,462,0,1193,1323
0.020241975806,1.000000000,0.474562798,0.599059772,0.258968610,462,0,1194,1322
0.020271063686,1.000000000,0.474960254,0.598723976,0.259113853,462,0,1195,1321
0.020276405926,1.000000000,0.475357711,0.598388180,0.259259259,462,0,1196,1320
0.020325532795,1.000000000,0.475755167,0.598052384,0.259404829,462,0,1197,1319
0.020345269533,1.000000000,0.476152623,0.597716588,0.259550562,462,0,1198,1318
0.020370257444,1.000000000,0.476550079,0.597380792,0.259696459,462,0,1199,1317
0.020465165374,1.000000000,0.476947536,0.597044997,0.259842520,462,0,1200,1316
0.020479488860,1.000000000,0.477344992,0.596709201,0.259988745,462,0,1201,1315
0.020529376862,1.000000000,0.477742448,0.596373405,0.260135135,462,0,1202,1314
0.020627837070,1.000000000,0.478139905,0.596037609,0.260281690,462,0,1203,1313
0.020704249889,1.000000000,0.478537361,0.595701813,0.260428410,462,0,1204,1312
0.020837455546,1.000000000,0.478934817,0.595366017,0.260575296,462,0,1205,1311
0.020932763296,1.000000000,0.479332273,0.595030222,0.260722348,462,0,1206,1310
0.020988108800,1.000000000,0.479729730,0.594694426,0.260869565,462,0,1207,1309
0.021014583347,1.000000000,0.480127186,0.594358630,0.261016949,462,0,1208,1308
0.021212748281,1.000000000,0.480524642,0.594022834,0.261164500,462,0,1209,1307
0.021257011604,1.000000000,0.480922099,0.593687038,0.261312217,462,0,1210,1306
0.021321995984,1.000000000,0.481319555,0.593351242,0.261460102,462,0,1211,1305
0.021338968315,1.000000000,0.481717011,0.593015447,0.261608154,462,0,1212,1304
0.021435985539,1.000000000,0.482114467,0.592679651,0.261756374,462,0,1213,1303
0.021438228727,1.000000000,0.482511924,0.592343855,0.261904762,462,0,1214,1302
0.021453325516,1.000000000,0.482909380,0.592008059,0.262053318,462,0,1215,1301
0.021586451165,1.000000000,0.483306836,0.591672263,0.262202043,462,0,1216,1300
0.021887878061,1.000000000,0.483704293,0.591336467,0.262350937,462,0,1217,1299
0.021952635841,1.000000000,0.484101749,0.591000672,0.262500000,462,0,1218,1298
0.021992931620,1.000000000,0.484499205,0.590664876,0.262649233,462,0,1219,1297
0.021999818449,1.000000000,0.484896661,0.590329080,0.262798635,462,0,1220,1296
0.022033754474,1.000000000,0.485294118,0.589993284,0.262948207,462,0,1221,1295
0.022070446732,1.000000000,0.485691574,0.589657488,0.263097950,462,0,1222,1294
0.022075648135,1.000000000,0.486089030,0.589321692,0.263247863,462,0,1223,1293
0.022146872874,1.000000000,0.486486486,0.588985897,0.263397948,462,0,1224,1292
0.022276660531,1.000000000,0.486883943,0.588650101,0.263548203,462,0,1225,1291
0.022304437787,1.000000000,0.487281399,0.588314305,0.263698630,462,0,1226,1290
0.022342648129,1.000000000,0.487678855,0.587978509,0.263849229,462,0,1227,1289
0.022388418802,1.000000000,0.488076312,0.587642713,0.264000000,462,0,1228,1288
0.022425756611,1.000000000,0.488473768,0.587306917,0.264150943,462,0,1229,1287
0.022429107057,1.000000000,0.488871224,0.586971122,0.264302059,462,0,1230,1286
0.022485549175,1.000000000,0.489268680,0.586635326,0.264453349,462,0,1231,1285
0.022510447432,1.000000000,0.489666137,0.586299530,0.264604811,462,0,1232,1284
0.022589554347,1.000000000,0.490063593,0.585963734,0.264756447,462,0,1233,1283
0.022772692589,1.000000000,0.490461049,0.585627938,0.264908257,462,0,1234,1282
0.022819769518,1.000000000,0.490858506,0.585292142,0.265060241,462,0,1235,1281
0.022892373670,1.000000000,0.491255962,0.584956347,0.265212400,462,0,1236,1280
0.022895855496,1.000000000,0.491653418,0.584620551,0.265364733,462,0,1237,1279
0.022942794709,1.000000000,0.492050874,0.584284755,0.265517241,462,0,1238,1278
0.022990761875,1.000000000,0.492448331,0.583948959,0.265669925,462,0,1239,1277
0.023028575457,1.000000000,0.492845787,0.583613163,0.265822785,462,0,1240,1276
0.023034418539,1.000000000,0.493243243,0.583277367,0.265975820,462,0,1241,1275
0.023050020651,1.000000000,0.493640700,0.582941572,0.266129032,462,0,1242,1274
0.023115113142,1.000000000,0.494038156,0.582605776,0.266282421,462,0,1243,1273
0.023261885235,1.000000000,0.494435612,0.582269980,0.266435986,462,0,1244,1272
0.023271974539,1.000000000,0.494833068,0.581934184,0.266589729,462,0,1245,1271
0.023287631026,1.000000000,0.495230525,0.581598388,0.266743649,462,0,1246,1270
0.023292178235,1.000000000,0.495627981,0.581262592,0.266897747,462,0,1247,1269
0.023353412877,1.000000000,0.496025437,0.580926797,0.267052023,462,0,1248,1268
0.023365522359,1.000000000,0.496422893,0.580591001,0.267206478,462,0,1249,1267
0.023480643099,1.000000000,0.496820350,0.580255205,0.267361111,462,0,1250,1266
0.023506688181,1.000000000,0.497217806,0.579919409,0.267515924,462,0,1251,1265
0.023574122284,1.000000000,0.497615262,0.579583613,0.267670915,462,0,1252,1264
0.023665282175,1.000000000,0.498012719,0.579247817,0.267826087,462,0,1253,1263
0.023727603550,1.000000000,0.498410175,0.578912021,0.267981439,462,0,1254,1262
0.023738799950,1.000000000,0.498807631,0.578576226,0.268136970,462,0,1255,1261
0.023740666264,1.000000000,0.499205087,0.578240430,0.268292683,462,0,1256,1260
0.023755937566,1.000000000,0.499602544,0.577904634,0.268448576,462,0,1257,1259
0.023852549032,1.000000000,0.500000000,0.577568838,0.268604651,462,0,1258,1258
0.024020611183,1.000000000,0.500397456,0.577233042,0.268760908,462,0,1259,1257
0.024052778869,1.000000000,0.500794913,0.576897246,0.268917346,462,0,1260,1256
0.024113708676,1.000000000,0.501192369,0.576561451,0.269073966,462,0,1261,1255
0.024252373325,1.000000000,0.501589825,0.576225655,0.269230769,462,0,1262,1254
0.024365526917,1.000000000,0.501987281,0.575889859,0.269387755,462,0,1263,1253
0.024396886654,1.000000000,0.502384738,0.575554063,0.269544924,462,0,1264,1252
0.024479134438,1.000000000,0.502782194,0.575218267,0.269702277,462,0,1265,1251
0.024541829216,1.000000000,0.503179650,0.574882471,0.269859813,462,0,1266,1250
0.024633947884,1.000000000,0.503577107,0.574546676,0.270017534,462,0,1267,1249
0.024639200987,1.000000000,0.503974563,0.574210880,0.270175439,462,0,1268,1248
0.024660621842,1.000000000,0.504372019,0.573875084,0.270333528,462,0,1269,1247
0.024752345160,1.000000000,0.504769475,0.573539288,0.270491803,462,0,1270,1246
0.024789814963,1.000000000,0.505166932,0.573203492,0.270650264,462,0,1271,1245
0.024861242062,1.000000000,0.505564388,0.572867696,0.270808910,462,0,1272,1244
0.024868478360,1.000000000,0.505961844,0.572531901,0.270967742,462,0,1273,1243
0.024882179761,1.000000000,0.506359300,0.572196105,0.271126761,462,0,1274,1242
0.024938131939,1.000000000,0.506756757,0.571860309,0.271285966,462,0,1275,1241
0.025175472036,1.000000000,0.507154213,0.571524513,0.271445358,462,0,1276,1240
0.025233427225,1.000000000,0.507551669,0.571188717,0.271604938,462,0,1277,1239
0.025391850095,1.000000000,0.507949126,0.570852921,0.271764706,462,0,1278,1238
0.025409095946,1.000000000,0.508346582,0.570517126,0.271924662,462,0,1279,1237
0.025453761616,1.000000000,0.508744038,0.570181330,0.272084806,462,0,1280,1236
0.025461001396,1.000000000,0.509141494,0.569845534,0.272245138,462,0,1281,1235
0.025527699602,1.000000000,0.509538951,0.569509738,0.272405660,462,0,1282,1234
0.025606342401,1.000000000,0.509936407,0.569173942,0.272566372,462,0,1283,1233
0.025637804915,1.000000000,0.510333863,0.568838146,0.272727273,462,0,1284,1232
0.025724101894,1.000000000,0.510731320,0.568502351,0.272888364,462,0,1285,1231
0.025741204569,1.000000000,0.511128776,0.568166555,0.273049645,462,0,1286,1230
0.025801193333,1.000000000,0.511526232,0.567830759,0.273211118,462,0,1287,1229
0.025815642961,1.000000000,0.511923688,0.567494963,0.273372781,462,0,1288,1228
0.025838446506,1.000000000,0.512321145,0.567159167,0.273534636,462,0,1289,1227
0.025867936566,1.000000000,0.512718601,0.566823371,0.273696682,462,0,1290,1226
0.025891559578,1.000000000,0.513116057,0.566487576,0.273858921,462,0,1291,1225
0.025940805699,1.000000000,0.513513514,0.566151780,0.274021352,462,0,1292,1224
0.025949115871,1.000000000,0.513910970,0.565815984,0.274183976,462,0,1293,1223
0.025949661798,1.000000000,0.514308426,0.565480188,0.274346793,462,0,1294,1222
0.026068326113,1.000000000,0.514705882,0.565144392,0.274509804,462,0,1295,1221
0.026138188055,1.000000000,0.515103339,0.564808596,0.274673008,462,0,1296,1220
0.026214890698,1.000000000,0.515500795,0.564472801,0.274836407,462,0,1297,1219
0.026743499260,1.000000000,0.515898251,0.564137005,0.275000000,462,0,1298,1218
0.026770485504,1.000000000,0.516295707,0.563801209,0.275163788,462,0,1299,1217
0.026795691470,1.000000000,0.516693164,0.563465413,0.275327771,462,0,1300,1216
0.026839392338,1.000000000,0.517090620,0.563129617,0.275491950,462,0,1301,1215
0.026954561198,1.000000000,0.517488076,0.562793821,0.275656325,462,0,1302,1214
0.026981138535,1.000000000,0.517885533,0.562458026,0.275820896,462,0,1303,1213
0.027019187732,1.000000000,0.518282989,0.562122230,0.275985663,462,0,1304,1212
0.027058276388,1.000000000,0.518680445,0.561786434,0.276150628,462,0,1305,1211
0.027112125434,1.000000000,0.519077901,0.561450638,0.276315789,462,0,1306,1210
0.027150146808,1.000000000,0.519475358,0.561114842,0.276481149,462,0,1307,1209
0.027171601210,1.000000000,0.519872814,0.560779046,0.276646707,462,0,1308,1208
0.027369312309,1.000000000,0.520270270,0.560443251,0.276812463,462,0,1309,1207
0.027416775760,1.000000000,0.520667727,0.560107455,0.276978417,462,0,1310,1206
0.027428367565,1.000000000,0.521065183,0.559771659,0.277144571,462,0,1311,1205
0.027599149858,1.000000000,0.521462639,0.559435863,0.277310924,462,0,1312,1204
0.027625584918,1.000000000,0.521860095,0.559100067,0.277477477,462,0,1313,1203
0.027673581979,1.000000000,0.522257552,0.558764271,0.277644231,462,0,1314,1202
0.027690971444,1.000000000,0.522655008,0.558428475,0.277811185,462,0,1315,1201
0.027773556217,1.000000000,0.523052464,0.558092680,0.277978339,462,0,1316,1200
0.027987409799,1.000000000,0.523449921,0.557756884,0.278145695,462,0,1317,1199
0.028074844114,1.000000000,0.523847377,0.557421088,0.278313253,462,0,1318,1198
0.028180275961,1.000000000,0.524244833,0.557085292,0.278481013,462,0,1319,1197
0.028288125378,1.000000000,0.524642289,0.556749496,0.278648975,462,0,1320,1196
0.028382850142,1.000000000,0.525039746,0.556413700,0.278817139,462,0,1321,1195
0.028434989480,1.000000000,0.525437202,0.556077905,0.278985507,462,0,1322,1194
0.028469462000,1.000000000,0.525834658,0.555742109,0.279154079,462,0,1323,1193
0.028563208781,1.000000000,0.526232114,0.555406313,0.279322854,462,0,1324,1192
0.028588446742,1.000000000,0.526629571,0.555070517,0.279491833,462,0,1325,1191
0.028777612778,1.000000000,0.527027027,0.554734721,0.279661017,462,0,1326,1190
0.028949000122,1.000000000,0.527424483,0.554398925,0.279830406,462,0,1327,1189
0.029023694043,1.000000000,0.527821940,0.554063130,0.280000000,462,0,1328,1188
0.029039522891,1.000000000,0.528219396,0.553727334,0.280169800,462,0,1329,1187
0.029206413069,1.000000000,0.528616852,0.553391538,0.280339806,462,0,1330,1186
0.029267785665,1.000000000,0.529014308,0.553055742,0.280510018,462,0,1331,1185
0.029296557159,1.000000000,0.529411765,0.552719946,0.280680437,462,0,1332,1184
0.029310895112,1.000000000,0.529809221,0.552384150,0.280851064,462,0,1333,1183
0.029340574798,1.000000000,0.530206677,0.552048355,0.281021898,462,0,1334,1182
0.029382516378,1.000000000,0.530604134,0.551712559,0.281192940,462,0,1335,1181
0.029391603274,1.000000000,0.531001590,0.551376763,0.281364190,462,0,1336,1180
0.029496647827,1.000000000,0.531399046,0.551040967,0.281535649,462,0,1337,1179
0.029640234675,1.000000000,0.531796502,0.550705171,0.281707317,462,0,1338,1178
0.029729901628,1.000000000,0.532193959,0.550369375,0.281879195,462,0,1339,1177
0.029750618683,1.000000000,0.532591415,0.550033580,0.282051282,462,0,1340,1176
0.029767113132,1.000000000,0.532988871,0.549697784,0.282223580,462,0,1341,1175
0.029838308928,1.000000000,0.533386328,0.549361988,0.282396088,462,0,1342,1174
0.029881374802,1.000000000,0.533783784,0.549026192,0.282568807,462,0,1343,1173
0.029884343575,1.000000000,0.534181240,0.548690396,0.282741738,462,0,1344,1172
0.029918112125,1.000000000,0.534578696,0.548354600,0.282914881,462,0,1345,1171
0.030037325143,1.000000000,0.534976153,0.548018805,0.283088235,462,0,1346,1170
0.030110120398,1.000000000,0.535373609,0.547683009,0.283261803,462,0,1347,1169
0.030120488483,1.000000000,0.535771065,0.547347213,0.283435583,462,0,1348,1168
0.030140500514,1.000000000,0.536168521,0.547011417,0.283609576,462,0,1349,1167
0.030404685650,1.000000000,0.536565978,0.546675621,0.283783784,462,0,1350,1166
0.030422688358,1.000000000,0.536963434,0.546339825,0.283958205,462,0,1351,1165
0.030495691595,1.000000000,0.537360890,0.546004030,0.284132841,462,0,1352,1164
0.030541487091,1.000000000,0.537758347,0.545668234,0.284307692,462,0,1353,1163
0.030714615524,1.000000000,0.538155803,0.545332438,0.284482759,462,0,1354,1162
0.030798711774,1.000000000,0.538553259,0.544996642,0.284658041,462,0,1355,1161
0.030835288264,1.000000000,0.538950715,0.544660846,0.284833539,462,0,1356,1160
0.030967520795,1.000000000,0.539348172,0.544325050,0.285009254,462,0,1357,1159
0.030972124291,1.000000000,0.539745628,0.543989255,0.285185185,462,0,1358,1158
0.031083675832,1.000000000,0.540143084,0.543653459,0.285361334,462,0,1359,1157
0.031088903591,1.000000000,0.540540541,0.543317663,0.285537701,462,0,1360,1156
0.031120155971,1.000000000,0.540937997,0.542981867,0.285714286,462,0,1361,1155
0.031202845274,1.000000000,0.541335453,0.542646071,0.285891089,462,0,1362,1154
0.031276218819,1.000000000,0.541732909,0.542310275,0.286068111,462,0,1363,1153
0.031285033021,1.000000000,0.542130366,0.541974480,0.286245353,462,0,1364,1152
0.031298859514,1.000000000,0.542527822,0.541638684,0.286422815,462,0,1365,1151
0.031516627613,1.000000000,0.542925278,0.541302888,0.286600496,462,0,1366,1150
0.031534134972,1.000000000,0.543322734,0.540967092,0.286778399,462,0,1367,1149
0.031796330459,1.000000000,0.543720191,0.540631296,0.286956522,462,0,1368,1148
0.031880667208,1.000000000,0.544117647,0.540295500,0.287134866,462,0,1369,1147
0.031916703920,1.000000000,0.544515103,0.539959704,0.287313433,462,0,1370,1146
0.031956369243,1.000000000,0.544912560,0.539623909,0.287492222,462,0,1371,1145
0.032120819054,1.000000000,0.545310016,0.539288113,0.287671233,462,0,1372,1144
0.032125624189,1.000000000,0.545707472,0.538952317,0.287850467,462,0,1373,1143
0.032131219460,1.000000000,0.546104928,0.538616521,0.288029925,462,0,1374,1142
0.032224526606,1.000000000,0.546502385,0.538280725,0.288209607,462,0,1375,1141
0.032349783612,1.000000000,0.546899841,0.537944929,0.288389513,462,0,1376,1140
0.032476818800,1.000000000,0.547297297,0.537609134,0.288569644,462,0,1377,1139
0.032519030631,1.000000000,0.547694754,0.537273338,0.288750000,462,0,1378,1138
0.032715755203,1.000000000,0.548092210,0.536937542,0.288930582,462,0,1379,1137
0.032883393559,1.000000000,0.548489666,0.536601746,0.289111389,462,0,1380,1136
0.032887006255,1.000000000,0.548887122,0.536265950,0.289292423,462,0,1381,1135
0.032889936646,1.000000000,0.549284579,0.535930154,0.289473684,462,0,1382,1134
0.032897535601,1.000000000,0.549682035,0.535594359,0.289655172,462,0,1383,1133
0.032907800034,1.000000000,0.550079491,0.535258563,0.289836888,462,0,1384,1132
0.032920123358,1.000000000,0.550476948,0.534922767,0.290018832,462,0,1385,1131
0.033036039481,1.000000000,0.550874404,0.534586971,0.290201005,462,0,1386,1130
0.033038378092,1.000000000,0.551271860,0.534251175,0.290383407,462,0,1387,1129
0.033246051450,1.000000000,0.551669316,0.533915379,0.290566038,462,0,1388,1128
0.033274136644,1.000000000,0.552066773,0.533579584,0.290748899,462,0,1389,1127
0.033351418575,1.000000000,0.552464229,0.533243788,0.290931990,462,0,1390,1126
0.033381031944,1.000000000,0.552861685,0.532907992,0.291115312,462,0,1391,1125
0.033510569680,1.000000000,0.553259141,0.532572196,0.291298865,462,0,1392,1124
0.033524893348,1.000000000,0.553656598,0.532236400,0.291482650,462,0,1393,1123
0.033617957026,1.000000000,0.554054054,0.531900604,0.291666667,462,0,1394,1122
0.033630323378,1.000000000,0.554451510,0.531564809,0.291850916,462,0,1395,1121
0.033695727834,1.000000000,0.554848967,0.531229013,0.292035398,462,0,1396,1120
0.034007589133,1.000000000,0.555246423,0.530893217,0.292220114,462,0,1397,1119
0.034085561957,1.000000000,0.555643879,0.530557421,0.292405063,462,0,1398,1118
0.034161090504,1.000000000,0.556041335,0.530221625,0.292590247,462,0,1399,1117
0.034366240170,1.000000000,0.556438792,0.529885829,0.292775665,462,0,1400,1116
0.034401118436,1.000000000,0.556836248,0.529550034,0.292961319,462,0,1401,1115
0.034439031934,0.997835498,0.556836248,0.529214238,0.292512690,461,1,1401,1115
0.034525395151,0.997835498,0.557233704,0.528878442,0.292698413,461,1,1402,1114
0.034589893064,0.997835498,0.557631161,0.528542646,0.292884371,461,1,1403,1113
0.034628384999,0.997835498,0.558028617,0.528206850,0.293070566,461,1,1404,1112
0.034646964903,0.997835498,0.558426073,0.527871054,0.293256997,461,1,1405,1111
0.034788948069,0.997835498,0.558823529,0.527535259,0.293443666,461,1,1406,1110
0.034897404297,0.997835498,0.559220986,0.527199463,0.293630573,461,1,1407,1109
0.034900220683,0.997835498,0.559618442,0.526863667,0.293817718,461,1,1408,1108
0.035053785049,0.997835498,0.560015898,0.526527871,0.294005102,461,1,1409,1107
0.035093575737,0.997835498,0.560413355,0.526192075,0.294192725,461,1,1410,1106
0.035230826549,0.997835498,0.560810811,0.525856279,0.294380587,461,1,1411,1105
0.035361297338,0.997835498,0.561208267,0.525520484,0.294568690,461,1,1412,1104
0.035728852772,0.997835498,0.561605723,0.525184688,0.294757033,461,1,1413,1103
0.035738843906,0.997835498,0.562003180,0.524848892,0.294945617,461,1,1414,1102
0.035746449630,0.997835498,0.562400636,0.524513096,0.295134443,461,1,1415,1101
0.035751629519,0.997835498,0.562798092,0.524177300,0.295323511,461,1,1416,1100
0.036175745928,0.997835498,0.563195548,0.523841504,0.295512821,461,1,1417,1099
0.036184337244,0.997835498,0.563593005,0.523505709,0.295702373,461,1,1418,1098
0.036205713820,0.997835498,0.563990461,0.523169913,0.295892169,461,1,1419,1097
0.036235675243,0.997835498,0.564387917,0.522834117,0.296082209,461,1,1420,1096
0.036239805329,0.997835498,0.564785374,0.522498321,0.296272494,461,1,1421,1095
0.036381671030,0.997835498,0.565182830,0.522162525,0.296463023,461,1,1422,1094
0.036387549863,0.997835498,0.565580286,0.521826729,0.296653797,461,1,1423,1093
0.036418222848,0.997835498,0.565977742,0.521490934,0.296844816,461,1,1424,1092
0.036462947047,0.997835498,0.566375199,0.521155138,0.297036082,461,1,1425,1091
0.036493243062,0.997835498,0.566772655,0.520819342,0.297227595,461,1,1426,1090
0.036586979634,0.997835498,0.567170111,0.520483546,0.297419355,461,1,1427,1089
0.036620715703,0.997835498,0.567567568,0.520147750,0.297611362,461,1,1428,1088
0.036631370926,0.997835498,0.567965024,0.519811954,0.297803618,461,1,1429,1087
0.036635328767,0.997835498,0.568362480,0.519476158,0.297996122,461,1,1430,1086
0.036689166318,0.997835498,0.568759936,0.519140363,0.298188875,461,1,1431,1085
0.036750831288,0.997835498,0.569157393,0.518804567,0.298381877,461,1,1432,1084
0.036868332885,0.997835498,0.569554849,0.518468771,0.298575130,461,1,1433,1083
0.036910723884,0.997835498,0.569952305,0.518132975,0.298768633,461,1,1434,1082
0.036959709910,0.997835498,0.570349762,0.517797179,0.298962387,461,1,1435,1081
0.037017714583,0.997835498,0.570747218,0.517461383,0.299156392,461,1,1436,1080
0.037129364644,0.997835498,0.571144674,0.517125588,0.299350649,461,1,1437,1079
0.037362074485,0.997835498,0.571542130,0.516789792,0.299545159,461,1,1438,1078
0.037535367607,0.997835498,0.571939587,0.516453996,0.299739922,461,1,1439,1077
0.037554928278,0.995670996,0.571939587,0.516118200,0.299284320,460,2,1439,1077
0.037792513652,0.995670996,0.572337043,0.515782404,0.299479167,460,2,1440,1076
0.037981929868,0.995670996,0.572734499,0.515446608,0.299674267,460,2,1441,1075
0.038163912617,0.995670996,0.573131955,0.515110813,0.299869622,460,2,1442,1074
0.038201461344,0.995670996,0.573529412,0.514775017,0.300065232,460,2,1443,1073
0.038323331522,0.995670996,0.573926868,0.514439221,0.300261097,460,2,1444,1072
0.038346389368,0.995670996,0.574324324,0.514103425,0.300457218,460,2,1445,1071
0.038433861385,0.995670996,0.574721781,0.513767629,0.300653595,460,2,1446,1070
0.038626746946,0.995670996,0.575119237,0.513431833,0.300850229,460,2,1447,1069
0.039171522797,0.995670996,0.575516693,0.513096038,0.301047120,460,2,1448,1068
0.039172784364,0.995670996,0.575914149,0.512760242,0.301244270,460,2,1449,1067
0.039237210523,0.995670996,0.576311606,0.512424446,0.301441678,460,2,1450,1066
0.039245122191,0.995670996,0.576709062,0.512088650,0.301639344,460,2,1451,1065
0.039261995698,0.995670996,0.577106518,0.511752854,0.301837270,460,2,1452,1064
0.039300945364,0.995670996,0.577503975,0.511417058,0.302035456,460,2,1453,1063
0.039429266435,0.995670996,0.577901431,0.511081263,0.302233903,460,2,1454,1062
0.039550128907,0.995670996,0.578298887,0.510745467,0.302432610,460,2,1455,1061
0.039678051017,0.995670996,0.578696343,0.510409671,0.302631579,460,2,1456,1060
0.039697917876,0.995670996,0.579093800,0.510073875,0.302830810,460,2,1457,1059
0.039825682161,0.995670996,0.579491256,0.509738079,0.303030303,460,2,1458,1058
0.039929838134,0.995670996,0.579888712,0.509402283,0.303230059,460,2,1459,1057
0.039982673843,0.995670996,0.580286169,0.509066488,0.303430079,460,2,1460,1056
0.039997772016,0.995670996,0.580683625,0.508730692,0.303630363,460,2,1461,1055
0.040151891327,0.995670996,0.581081081,0.508394896,0.303830911,460,2,1462,1054
0.040661637242,0.995670996,0.581478537,0.508059100,0.304031725,460,2,1463,1053
0.040678257101,0.995670996,0.581875994,0.507723304,0.304232804,460,2,1464,1052
0.040830123610,0.995670996,0.582273450,0.507387508,0.304434150,460,2,1465,1051
0.040905678018,0.995670996,0.582670906,0.507051713,0.304635762,460,2,1466,1050
0.041073405062,0.995670996,0.583068362,0.506715917,0.304837641,460,2,1467,1049
0.041201705065,0.995670996,0.583465819,0.506380121,0.305039788,460,2,1468,1048
0.041283225737,0.995670996,0.583863275,0.506044325,0.305242203,460,2,1469,1047
0.041307047852,0.995670996,0.584260731,0.505708529,0.305444887,460,2,1470,1046
0.041498937382,0.995670996,0.584658188,0.505372733,0.305647841,460,2,1471,1045
0.041603364096,0.995670996,0.585055644,0.505036938,0.305851064,460,2,1472,1044
0.041712961007,0.995670996,0.585453100,0.504701142,0.306054558,460,2,1473,1043
0.041778565991,0.995670996,0.585850556,0.504365346,0.306258322,460,2,1474,1042
0.041806953670,0.995670996,0.586248013,0.504029550,0.306462358,460,2,1475,1041
0.041856190359,0.995670996,0.586645469,0.503693754,0.306666667,460,2,1476,1040
0.041915398831,0.995670996,0.587042925,0.503357958,0.306871247,460,2,1477,1039
0.041957572012,0.995670996,0.587440382,0.503022163,0.307076101,460,2,1478,1038
0.041978979876,0.995670996,0.587837838,0.502686367,0.307281229,460,2,1479,1037
0.042018210122,0.995670996,0.588235294,0.502350571,0.307486631,460,2,1480,1036
0.042025389572,0.995670996,0.588632750,0.502014775,0.307692308,460,2,1481,1035
0.042242118101,0.995670996,0.589030207,0.501678979,0.307898260,460,2,1482,1034
0.042243819455,0.995670996,0.589427663,0.501343183,0.308104488,460,2,1483,1033
0.042317345020,0.995670996,0.589825119,0.501007388,0.308310992,460,2,1484,1032
0.042389927556,0.995670996,0.590222576,0.500671592,0.308517773,460,2,1485,1031
0.042456123998,0.995670996,0.590620032,0.500335796,0.308724832,460,2,1486,1030
0.042658100774,0.995670996,0.591017488,0.500000000,0.308932169,460,2,1487,1029
0.042722328424,0.995670996,0.591414944,0.499664204,0.309139785,460,2,1488,1028
0.042803653511,0.995670996,0.591812401,0.499328408,0.309347680,460,2,1489,1027
0.042999154641,0.995670996,0.592209857,0.498992612,0.309555855,460,2,1490,1026
0.043114252478,0.995670996,0.592607313,0.498656817,0.309764310,460,2,1491,1025
0.043119993409,0.995670996,0.593004769,0.498321021,0.309973046,460,2,1492,1024
0.043144707598,0.995670996,0.593402226,0.497985225,0.310182063,460,2,1493,1023
0.043243220902,0.995670996,0.593799682,0.497649429,0.310391363,460,2,1494,1022
0.043325663693,0.995670996,0.594197138,0.497313633,0.310600945,460,2,1495,1021
0.043441014212,0.995670996,0.594594595,0.496977837,0.310810811,460,2,1496,1020
0.043484494974,0.995670996,0.594992051,0.496642042,0.311020960,460,2,1497,1019
0.043559050510,0.995670996,0.595389507,0.496306246,0.311231394,460,2,1498,1018
0.043699409284,0.995670996,0.595786963,0.495970450,0.311442112,460,2,1499,1017
0.043801136867,0.995670996,0.596184420,0.495634654,0.311653117,460,2,1500,1016
0.043864887848,0.995670996,0.596581876,0.495298858,0.311864407,460,2,1501,1015
0.043932056790,0.995670996,0.596979332,0.494963062,0.312075984,460,2,1502,1014
0.043994299461,0.995670996,0.597376789,0.494627267,0.312287848,460,2,1503,1013
0.044050836381,0.995670996,0.597774245,0.494291471,0.312500000,460,2,1504,1012
0.044065516890,0.993506494,0.597774245,0.493955675,0.312032631,459,3,1504,1012
0.044084660520,0.993506494,0.598171701,0.493619879,0.312244898,459,3,1505,1011
0.044116325696,0.993506494,0.598569157,0.493284083,0.312457454,459,3,1506,1010
0.044217773107,0.993506494,0.598966614,0.492948287,0.312670300,459,3,1507,1009
0.044278409772,0.993506494,0.599364070,0.492612492,0.312883436,459,3,1508,1008
0.044469410573,0.993506494,0.599761526,0.492276696,0.313096862,459,3,1509,1007
0.044517900919,0.993506494,0.600158983,0.491940900,0.313310580,459,3,1510,1006
0.044531855948,0.993506494,0.600556439,0.491605104,0.313524590,459,3,1511,1005
0.044597524921,0.993506494,0.600953895,0.491269308,0.313738893,459,3,1512,1004
0.044676892050,0.993506494,0.601351351,0.490933512,0.313953488,459,3,1513,1003
0.044725701806,0.993506494,0.601748808,0.490597717,0.314168378,459,3,1514,1002
0.044981105495,0.993506494,0.602146264,0.490261921,0.314383562,459,3,1515,1001
0.045060029888,0.993506494,0.602543720,0.489926125,0.314599040,459,3,1516,1000
0.045352647302,0.993506494,0.602941176,0.489590329,0.314814815,459,3,1517,999
0.045421427111,0.993506494,0.603338633,0.489254533,0.315030885,459,3,1518,998
0.046091108907,0.993506494,0.603736089,0.488918737,0.315247253,459,3,1519,997
0.046133439322,0.993506494,0.604133545,0.488582942,0.315463918,459,3,1520,996
0.046230188301,0.993506494,0.604531002,0.488247146,0.315680880,459,3,1521,995
0.046274706261,0.993506494,0.604928458,0.487911350,0.315898142,459,3,1522,994
0.046422461491,0.993506494,0.605325914,0.487575554,0.316115702,459,3,1523,993
0.046433614312,0.993506494,0.605723370,0.487239758,0.316333563,459,3,1524,992
0.046486409731,0.993506494,0.606120827,0.486903962,0.316551724,459,3,1525,991
0.046668619861,0.993506494,0.606518283,0.486568167,0.316770186,459,3,1526,990
0.046750984881,0.993506494,0.606915739,0.486232371,0.316988950,459,3,1527,989
0.046751380090,0.993506494,0.607313196,0.485896575,0.317208017,459,3,1528,988
0.046775811772,0.993506494,0.607710652,0.485560779,0.317427386,459,3,1529,987
0.046826353839,0.993506494,0.608108108,0.485224983,0.317647059,459,3,1530,986
0.047019082722,0.993506494,0.608505564,0.484889187,0.317867036,459,3,1531,985
0.047325297229,0.993506494,0.608903021,0.484553392,0.318087318,459,3,1532,984
0.047348413633,0.993506494,0.609300477,0.484217596,0.318307906,459,3,1533,983
0.047456749616,0.993506494,0.609697933,0.483881800,0.318528799,459,3,1534,982
0.047515239904,0.993506494,0.610095390,0.483546004,0.318750000,459,3,1535,981
0.047539089869,0.993506494,0.610492846,0.483210208,0.318971508,459,3,1536,980
0.047617610819,0.993506494,0.610890302,0.482874412,0.319193324,459,3,1537,979
0.047667167201,0.993506494,0.611287758,0.482538617,0.319415449,459,3,1538,978
0.047745224950,0.993506494,0.611685215,0.482202821,0.319637883,459,3,1539,977
0.048041915981,0.993506494,0.612082671,0.481867025,0.319860627,459,3,1540,976
0.048162886394,0.993506494,0.612480127,0.481531229,0.320083682,459,3,1541,975
0.048163272703,0.993506494,0.612877583,0.481195433,0.320307048,459,3,1542,974
0.048229374090,0.993506494,0.613275040,0.480859637,0.320530726,459,3,1543,973
0.048241634868,0.993506494,0.613672496,0.480523842,0.320754717,459,3,1544,972
0.048260393177,0.993506494,0.614069952,0.480188046,0.320979021,459,3,1545,971
0.048373770617,0.993506494,0.614467409,0.479852250,0.321203639,459,3,1546,970
0.048564705528,0.993506494,0.614864865,0.479516454,0.321428571,459,3,1547,969
0.048642016651,0.993506494,0.615262321,0.479180658,0.321653819,459,3,1548,968
0.048674999153,0.993506494,0.615659777,0.478844862,0.321879383,459,3,1549,967
0.048944604509,0.993506494,0.616057234,0.478509066,0.322105263,459,3,1550,966
0.049116731607,0.993506494,0.616454690,0.478173271,0.322331461,459,3,1551,965
0.049119922351,0.993506494,0.616852146,0.477837475,0.322557976,459,3,1552,964
0.049148663737,0.993506494,0.617249603,0.477501679,0.322784810,459,3,1553,963
0.049202912758,0.993506494,0.617647059,0.477165883,0.323011963,459,3,1554,962
0.049223931694,0.993506494,0.618044515,0.476830087,0.323239437,459,3,1555,961
0.049576906107,0.993506494,0.618441971,0.476494291,0.323467230,459,3,1556,960
0.049606874862,0.993506494,0.618839428,0.476158496,0.323695346,459,3,1557,959
0.049676826221,0.993506494,0.619236884,0.475822700,0.323923783,459,3,1558,958
0.049750152780,0.993506494,0.619634340,0.475486904,0.324152542,459,3,1559,957
0.049801241620,0.993506494,0.620031797,0.475151108,0.324381625,459,3,1560,956
0.050010923258,0.993506494,0.620429253,0.474815312,0.324611033,459,3,1561,955
0.050156339434,0.993506494,0.620826709,0.474479516,0.324840764,459,3,1562,954
0.050163945044,0.993506494,0.621224165,0.474143721,0.325070822,459,3,1563,953
0.050282841631,0.993506494,0.621621622,0.473807925,0.325301205,459,3,1564,952
0.050341471812,0.993506494,0.622019078,0.473472129,0.325531915,459,3,1565,951
0.050509905245,0.993506494,0.622416534,0.473136333,0.325762952,459,3,1566,950
0.050510353804,0.993506494,0.622813990,0.472800537,0.325994318,459,3,1567,949
0.050862679511,0.993506494,0.623211447,0.472464741,0.326226013,459,3,1568,948
0.050943180524,0.993506494,0.623608903,0.472128946,0.326458037,459,3,1569,947
0.050961030425,0.993506494,0.624006359,0.471793150,0.326690391,459,3,1570,946
0.051338851003,0.993506494,0.624403816,0.471457354,0.326923077,459,3,1571,945
0.051343805123,0.993506494,0.624801272,0.471121558,0.327156094,459,3,1572,944
0.051478540390,0.993506494,0.625198728,0.470785762,0.327389444,459,3,1573,943
0.051538629716,0.993506494,0.625596184,0.470449966,0.327623126,459,3,1574,942
0.051765425863,0.993506494,0.625993641,0.470114171,0.327857143,459,3,1575,941
0.052002684235,0.993506494,0.626391097,0.469778375,0.328091494,459,3,1576,940
0.052022528969,0.993506494,0.626788553,0.469442579,0.328326180,459,3,1577,939
0.052167151014,0.993506494,0.627186010,0.469106783,0.328561203,459,3,1578,938
0.052228807534,0.993506494,0.627583466,0.468770987,0.328796562,459,3,1579,937
0.052230511787,0.993506494,0.627980922,0.468435191,0.329032258,459,3,1580,936
0.052241425828,0.993506494,0.628378378,0.468099396,0.329268293,459,3,1581,935
0.052455114592,0.993506494,0.628775835,0.467763600,0.329504666,459,3,1582,934
0.052736152287,0.993506494,0.629173291,0.467427804,0.329741379,459,3,1583,933
0.052771069472,0.993506494,0.629570747,0.467092008,0.329978433,459,3,1584,932
0.052784189335,0.993506494,0.629968203,0.466756212,0.330215827,459,3,1585,931
0.052803029857,0.993506494,0.630365660,0.466420416,0.330453564,459,3,1586,930
0.052862515128,0.993506494,0.630763116,0.466084621,0.330691643,459,3,1587,929
0.052999845415,0.993506494,0.631160572,0.465748825,0.330930065,459,3,1588,928
0.053048185855,0.993506494,0.631558029,0.465413029,0.331168831,459,3,1589,927
0.053095540979,0.993506494,0.631955485,0.465077233,0.331407942,459,3,1590,926
0.053235801126,0.993506494,0.632352941,0.464741437,0.331647399,459,3,1591,925
0.053267509444,0.993506494,0.632750397,0.464405641,0.331887202,459,3,1592,924
0.053273014177,0.993506494,0.633147854,0.464069846,0.332127352,459,3,1593,923
0.053386631496,0.993506494,0.633545310,0.463734050,0.332367849,459,3,1594,922
0.053447424827,0.993506494,0.633942766,0.463398254,0.332608696,459,3,1595,921
0.053594592063,0.993506494,0.634340223,0.463062458,0.332849891,459,3,1596,920
0.053600347066,0.993506494,0.634737679,0.462726662,0.333091437,459,3,1597,919
0.053707868819,0.993506494,0.635135135,0.462390866,0.333333333,459,3,1598,918
0.054013280252,0.993506494,0.635532591,0.462055071,0.333575581,459,3,1599,917
0.054047209932,0.993506494,0.635930048,0.461719275,0.333818182,459,3,1600,916
0.054163215757,0.993506494,0.636327504,0.461383479,0.334061135,459,3,1601,915
0.054362143418,0.993506494,0.636724960,0.461047683,0.334304443,459,3,1602,914
0.054624779030,0.993506494,0.637122417,0.460711887,0.334548105,459,3,1603,913
0.054854501858,0.993506494,0.637519873,0.460376091,0.334792123,459,3,1604,912
0.054914719494,0.993506494,0.637917329,0.460040296,0.335036496,459,3,1605,911
0.055112972110,0.993506494,0.638314785,0.459704500,0.335281227,459,3,1606,910
0.055470744454,0.993506494,0.638712242,0.459368704,0.335526316,459,3,1607,909
0.055548984811,0.993506494,0.639109698,0.459032908,0.335771763,459,3,1608,908
0.055647305659,0.993506494,0.639507154,0.458697112,0.336017570,459,3,1609,907
0.055658266189,0.993506494,0.639904610,0.458361316,0.336263736,459,3,1610,906
0.056115998221,0.991341991,0.639904610,0.458025520,0.335777126,458,4,1610,906
0.056295820937,0.989177489,0.639904610,0.457689725,0.335289802,457,5,1610,906
0.056470704885,0.989177489,0.640302067,0.457353929,0.335535977,457,5,1611,905
0.057021866621,0.989177489,0.640699523,0.457018133,0.335782513,457,5,1612,904
0.057063200720,0.989177489,0.641096979,0.456682337,0.336029412,457,5,1613,903
0.057145271914,0.989177489,0.641494436,0.456346541,0.336276674,457,5,1614,902
0.057525890607,0.989177489,0.641891892,0.456010745,0.336524300,457,5,1615,901
0.057691812434,0.989177489,0.642289348,0.455674950,0.336772292,457,5,1616,900
0.057846028522,0.989177489,0.642686804,0.455339154,0.337020649,457,5,1617,899
0.057882147308,0.989177489,0.643084261,0.455003358,0.337269373,457,5,1618,898
0.058008344076,0.989177489,0.643481717,0.454667562,0.337518464,457,5,1619,897
0.058022165463,0.989177489,0.643879173,0.454331766,0.337767923,457,5,1620,896
0.058543952451,0.989177489,0.644276630,0.453995970,0.338017751,457,5,1621,895
0.058692831977,0.987012987,0.644276630,0.453660175,0.337527757,456,6,1621,895
0.058728101903,0.987012987,0.644674086,0.453324379,0.337777778,456,6,1622,894
0.058792070282,0.987012987,0.645071542,0.452988583,0.338028169,456,6,1623,893
0.058848588375,0.987012987,0.645468998,0.452652787,0.338278932,456,6,1624,892
0.058943746137,0.987012987,0.645866455,0.452316991,0.338530067,456,6,1625,891
0.059275808924,0.987012987,0.646263911,0.451981195,0.338781575,456,6,1626,890
0.059296535355,0.987012987,0.646661367,0.451645400,0.339033457,456,6,1627,889
0.059476454380,0.987012987,0.647058824,0.451309604,0.339285714,456,6,1628,888
0.059683876039,0.987012987,0.647456280,0.450973808,0.339538347,456,6,1629,887
0.059968358362,0.987012987,0.647853736,0.450638012,0.339791356,456,6,1630,886
0.060379168523,0.987012987,0.648251192,0.450302216,0.340044743,456,6,1631,885
0.060415401125,0.987012987,0.648648649,0.449966420,0.340298507,456,6,1632,884
0.060562664801,0.987012987,0.649046105,0.449630625,0.340552651,456,6,1633,883
0.060812546232,0.987012987,0.649443561,0.449294829,0.340807175,456,6,1634,882
0.060835025445,0.987012987,0.649841017,0.448959033,0.341062079,456,6,1635,881
0.061385642613,0.987012987,0.650238474,0.448623237,0.341317365,456,6,1636,880
0.061408109024,0.987012987,0.650635930,0.448287441,0.341573034,456,6,1637,879
0.061539362409,0.987012987,0.651033386,0.447951645,0.341829085,456,6,1638,878
0.061639895330,0.987012987,0.651430843,0.447615850,0.342085521,456,6,1639,877
0.061717737975,0.987012987,0.651828299,0.447280054,0.342342342,456,6,1640,876
0.061870615556,0.987012987,0.652225755,0.446944258,0.342599549,456,6,1641,875
0.062244626963,0.987012987,0.652623211,0.446608462,0.342857143,456,6,1642,874
0.062306732875,0.987012987,0.653020668,0.446272666,0.343115124,456,6,1643,873
0.062320661778,0.987012987,0.653418124,0.445936870,0.343373494,456,6,1644,872
0.062556248127,0.987012987,0.653815580,0.445601075,0.343632253,456,6,1645,871
0.062976931358,0.987012987,0.654213037,0.445265279,0.343891403,456,6,1646,870
0.063152949219,0.987012987,0.654610493,0.444929483,0.344150943,456,6,1647,869
0.063181995712,0.987012987,0.655007949,0.444593687,0.344410876,456,6,1648,868
0.063372355509,0.987012987,0.655405405,0.444257891,0.344671202,456,6,1649,867
0.063649259461,0.987012987,0.655802862,0.443922095,0.344931921,456,6,1650,866
0.063678823142,0.987012987,0.656200318,0.443586300,0.345193036,456,6,1651,865
0.063747708049,0.987012987,0.656597774,0.443250504,0.345454545,456,6,1652,864
0.064072998438,0.987012987,0.656995231,0.442914708,0.345716452,456,6,1653,863
0.064092355087,0.987012987,0.657392687,0.442578912,0.345978756,456,6,1654,862
0.064240968472,0.987012987,0.657790143,0.442243116,0.346241458,456,6,1655,861
0.064603840745,0.987012987,0.658187599,0.441907320,0.346504559,456,6,1656,860
0.064671668520,0.987012987,0.658585056,0.441571525,0.346768061,456,6,1657,859
0.064703407568,0.987012987,0.658982512,0.441235729,0.347031963,456,6,1658,858
0.064949717746,0.987012987,0.659379968,0.440899933,0.347296268,456,6,1659,857
0.065004776602,0.987012987,0.659777424,0.440564137,0.347560976,456,6,1660,856
0.065191580920,0.987012987,0.660174881,0.440228341,0.347826087,456,6,1661,855
0.065294357391,0.987012987,0.660572337,0.439892545,0.348091603,456,6,1662,854
0.065436499496,0.987012987,0.660969793,0.439556749,0.348357525,456,6,1663,853
0.065611180014,0.987012987,0.661367250,0.439220954,0.348623853,456,6,1664,852
0.065695509537,0.987012987,0.661764706,0.438885158,0.348890589,456,6,1665,851
0.065798851991,0.987012987,0.662162162,0.438549362,0.349157734,456,6,1666,850
0.066082537388,0.987012987,0.662559618,0.438213566,0.349425287,456,6,1667,849
0.066263385745,0.987012987,0.662957075,0.437877770,0.349693252,456,6,1668,848
0.067054527290,0.987012987,0.663354531,0.437541974,0.349961627,456,6,1669,847
0.067147387914,0.987012987,0.663751987,0.437206179,0.350230415,456,6,1670,846
0.067280856777,0.987012987,0.664149444,0.436870383,0.350499616,456,6,1671,845
0.067409904404,0.987012987,0.664546900,0.436534587,0.350769231,456,6,1672,844
0.067629125500,0.987012987,0.664944356,0.436198791,0.351039261,456,6,1673,843
0.067944953311,0.987012987,0.665341812,0.435862995,0.351309707,456,6,1674,842
0.067964585244,0.987012987,0.665739269,0.435527199,0.351580571,456,6,1675,841
0.067988969308,0.987012987,0.666136725,0.435191404,0.351851852,456,6,1676,840
0.068359238770,0.987012987,0.666534181,0.434855608,0.352123552,456,6,1677,839
0.068360947346,0.987012987,0.666931638,0.434519812,0.352395672,456,6,1678,838
0.068456052274,0.987012987,0.667329094,0.434184016,0.352668213,456,6,1679,837
0.068480266104,0.984848485,0.667329094,0.433848220,0.352167183,455,7,1679,837
0.069009993487,0.984848485,0.667726550,0.433512424,0.352439969,455,7,1680,836
0.069074431166,0.984848485,0.668124006,0.433176629,0.352713178,455,7,1681,835
0.069182449447,0.984848485,0.668521463,0.432840833,0.352986811,455,7,1682,834
0.069288384829,0.984848485,0.668918919,0.432505037,0.353260870,455,7,1683,833
0.069303537534,0.984848485,0.669316375,0.432169241,0.353535354,455,7,1684,832
0.069361688345,0.984848485,0.669713831,0.431833445,0.353810264,455,7,1685,831
0.069624185057,0.984848485,0.670111288,0.431497649,0.354085603,455,7,1686,830
0.069699604919,0.984848485,0.670508744,0.431161854,0.354361371,455,7,1687,829
0.070296057311,0.984848485,0.670906200,0.430826058,0.354637568,455,7,1688,828
0.070641603628,0.984848485,0.671303657,0.430490262,0.354914197,455,7,1689,827
0.070658421364,0.984848485,0.671701113,0.430154466,0.355191257,455,7,1690,826
0.070780690221,0.984848485,0.672098569,0.429818670,0.355468750,455,7,1691,825
0.070855730725,0.984848485,0.672496025,0.429482874,0.355746677,455,7,1692,824
0.071045630054,0.984848485,0.672893482,0.429147079,0.356025039,455,7,1693,823
0.071244006638,0.984848485,0.673290938,0.428811283,0.356303837,455,7,1694,822
0.071424951221,0.984848485,0.673688394,0.428475487,0.356583072,455,7,1695,821
0.071637252430,0.984848485,0.674085851,0.428139691,0.356862745,455,7,1696,820
0.071702663089,0.984848485,0.674483307,0.427803895,0.357142857,455,7,1697,819
0.072137154598,0.984848485,0.674880763,0.427468099,0.357423409,455,7,1698,818
0.072394699027,0.984848485,0.675278219,0.427132304,0.357704403,455,7,1699,817
0.072545236785,0.984848485,0.675675676,0.426796508,0.357985838,455,7,1700,816
0.072635366856,0.984848485,0.676073132,0.426460712,0.358267717,455,7,1701,815
0.072683609032,0.984848485,0.676470588,0.426124916,0.358550039,455,7,1702,814
0.073279151125,0.984848485,0.676868045,0.425789120,0.358832808,455,7,1703,813
0.073368391040,0.984848485,0.677265501,0.425453324,0.359116022,455,7,1704,812
0.073712503826,0.984848485,0.677662957,0.425117529,0.359399684,455,7,1705,811
0.074033131056,0.984848485,0.678060413,0.424781733,0.359683794,455,7,1706,810
0.074098564723,0.984848485,0.678457870,0.424445937,0.359968354,455,7,1707,809
0.074467857779,0.984848485,0.678855326,0.424110141,0.360253365,455,7,1708,808
0.074485113903,0.984848485,0.679252782,0.423774345,0.360538827,455,7,1709,807
0.074730843715,0.984848485,0.679650238,0.423438549,0.360824742,455,7,1710,806
0.075139286197,0.984848485,0.680047695,0.423102754,0.361111111,455,7,1711,805
0.075373972856,0.984848485,0.680445151,0.422766958,0.361397935,455,7,1712,804
0.075377156157,0.984848485,0.680842607,0.422431162,0.361685215,455,7,1713,803
0.075494749784,0.984848485,0.681240064,0.422095366,0.361972951,455,7,1714,802
0.075611754169,0.984848485,0.681637520,0.421759570,0.362261146,455,7,1715,801
0.075856569992,0.984848485,0.682034976,0.421423774,0.362549801,455,7,1716,800
0.076478552292,0.984848485,0.682432432,0.421087979,0.362838915,455,7,1717,799
0.076681468911,0.984848485,0.682829889,0.420752183,0.363128492,455,7,1718,798
0.076763945189,0.984848485,0.683227345,0.420416387,0.363418530,455,7,1719,797
0.076807862981,0.984848485,0.683624801,0.420080591,0.363709033,455,7,1720,796
0.076830681752,0.984848485,0.684022258,0.419744795,0.364000000,455,7,1721,795
0.076906676431,0.984848485,0.684419714,0.419408999,0.364291433,455,7,1722,794
0.077271828383,0.984848485,0.684817170,0.419073203,0.364583333,455,7,1723,793
0.077458054185,0.984848485,0.685214626,0.418737408,0.364875702,455,7,1724,792
0.078049891078,0.984848485,0.685612083,0.418401612,0.365168539,455,7,1725,791
0.078451785377,0.984848485,0.686009539,0.418065816,0.365461847,455,7,1726,790
0.078492498867,0.984848485,0.686406995,0.417730020,0.365755627,455,7,1727,789
0.078555700198,0.984848485,0.686804452,0.417394224,0.366049879,455,7,1728,788
0.078774757482,0.984848485,0.687201908,0.417058428,0.366344605,455,7,1729,787
0.078801840047,0.984848485,0.687599364,0.416722633,0.366639807,455,7,1730,786
0.078856756278,0.984848485,0.687996820,0.416386837,0.366935484,455,7,1731,785
0.078962623659,0.984848485,0.688394277,0.416051041,0.367231638,455,7,1732,784
0.078988822764,0.984848485,0.688791733,0.415715245,0.367528271,455,7,1733,783
0.079048733573,0.984848485,0.689189189,0.415379449,0.367825384,455,7,1734,782
0.079114441134,0.984848485,0.689586645,0.415043653,0.368122977,455,7,1735,781
0.079415643422,0.984848485,0.689984102,0.414707858,0.368421053,455,7,1736,780
0.079486693606,0.984848485,0.690381558,0.414372062,0.368719611,455,7,1737,779
0.079813658809,0.984848485,0.690779014,0.414036266,0.369018654,455,7,1738,778
0.079894244793,0.984848485,0.691176471,0.413700470,0.369318182,455,7,1739,777
0.080052887218,0.984848485,0.691573927,0.413364674,0.369618197,455,7,1740,776
0.080213268444,0.984848485,0.691971383,0.413028878,0.369918699,455,7,1741,775
0.080229291221,0.984848485,0.692368839,0.412693083,0.370219691,455,7,1742,774
0.080236920798,0.982683983,0.692368839,0.412357287,0.369706840,454,8,1742,774
0.080272447615,0.982683983,0.692766296,0.412021491,0.370008150,454,8,1743,773
0.080514172758,0.982683983,0.693163752,0.411685695,0.370309951,454,8,1744,772
0.080758382005,0.982683983,0.693561208,0.411349899,0.370612245,454,8,1745,771
0.080914790330,0.982683983,0.693958665,0.411014103,0.370915033,454,8,1746,770
0.080928718707,0.982683983,0.694356121,0.410678308,0.371218316,454,8,1747,769
0.080979739012,0.982683983,0.694753577,0.410342512,0.371522095,454,8,1748,768
0.080997684713,0.982683983,0.695151033,0.410006716,0.371826372,454,8,1749,767
0.081056383048,0.980519481,0.695151033,0.409670920,0.371311475,453,9,1749,767
0.081281841505,0.980519481,0.695548490,0.409335124,0.371616079,453,9,1750,766
0.081351263732,0.980519481,0.695945946,0.408999328,0.371921182,453,9,1751,765
0.081352016713,0.980519481,0.696343402,0.408663533,0.372226787,453,9,1752,764
0.081433760242,0.980519481,0.696740859,0.408327737,0.372532895,453,9,1753,763
0.081490470507,0.980519481,0.697138315,0.407991941,0.372839506,453,9,1754,762
0.081670207328,0.980519481,0.697535771,0.407656145,0.373146623,453,9,1755,761
0.081719256244,0.980519481,0.697933227,0.407320349,0.373454246,453,9,1756,760
0.081735091577,0.980519481,0.698330684,0.406984553,0.373762376,453,9,1757,759
0.082395625338,0.980519481,0.698728140,0.406648758,0.374071016,453,9,1758,758
0.082421390712,0.980519481,0.699125596,0.406312962,0.374380165,453,9,1759,757
0.082423368277,0.980519481,0.699523052,0.405977166,0.374689826,453,9,1760,756
0.082438533705,0.980519481,0.699920509,0.405641370,0.375000000,453,9,1761,755
0.082488253947,0.980519481,0.700317965,0.405305574,0.375310688,453,9,1762,754
0.082555629394,0.980519481,0.700715421,0.404969778,0.375621891,453,9,1763,753
0.082928373649,0.980519481,0.701112878,0.404633983,0.375933610,453,9,1764,752
0.083030604738,0.980519481,0.701510334,0.404298187,0.376245847,453,9,1765,751
0.083330527833,0.980519481,0.701907790,0.403962391,0.376558603,453,9,1766,750
0.083340358433,0.978354978,0.701907790,0.403626595,0.376039933,452,10,1766,750
0.083374983350,0.978354978,0.702305246,0.403290799,0.376353039,452,10,1767,749
0.083494623477,0.978354978,0.702702703,0.402955003,0.376666667,452,10,1768,748
0.083620434433,0.978354978,0.703100159,0.402619208,0.376980817,452,10,1769,747
0.083765312335,0.976190476,0.703100159,0.402283412,0.376460768,451,11,1769,747
0.084272484414,0.976190476,0.703497615,0.401947616,0.376775272,451,11,1770,746
0.084305976570,0.976190476,0.703895072,0.401611820,0.377090301,451,11,1771,745
0.084324809763,0.976190476,0.704292528,0.401276024,0.377405858,451,11,1772,744
0.084597585151,0.976190476,0.704689984,0.400940228,0.377721943,451,11,1773,743
0.084827460237,0.976190476,0.705087440,0.400604433,0.378038558,451,11,1774,742
0.084866471221,0.976190476,0.705484897,0.400268637,0.378355705,451,11,1775,741
0.085063074216,0.974025974,0.705484897,0.399932841,0.377833753,450,12,1775,741
0.085473716855,0.974025974,0.705882353,0.399597045,0.378151261,450,12,1776,740
0.086500730372,0.974025974,0.706279809,0.399261249,0.378469302,450,12,1777,739
0.086505239510,0.974025974,0.706677266,0.398925453,0.378787879,450,12,1778,738
0.086740084621,0.974025974,0.707074722,0.398589657,0.379106992,450,12,1779,737
0.087053993427,0.974025974,0.707472178,0.398253862,0.379426644,450,12,1780,736
0.087278411749,0.974025974,0.707869634,0.397918066,0.379746835,450,12,1781,735
0.087978941816,0.974025974,0.708267091,0.397582270,0.380067568,450,12,1782,734
0.088013542443,0.974025974,0.708664547,0.397246474,0.380388842,450,12,1783,733
0.088082280730,0.974025974,0.709062003,0.396910678,0.380710660,450,12,1784,732
0.088616263914,0.974025974,0.709459459,0.396574882,0.381033023,450,12,1785,731
0.089095289564,0.974025974,0.709856916,0.396239087,0.381355932,450,12,1786,730
0.089420743665,0.974025974,0.710254372,0.395903291,0.381679389,450,12,1787,729
0.089846953792,0.974025974,0.710651828,0.395567495,0.382003396,450,12,1788,728
0.089849318572,0.974025974,0.711049285,0.395231699,0.382327952,450,12,1789,727
0.090008929242,0.974025974,0.711446741,0.394895903,0.382653061,450,12,1790,726
0.090833727818,0.974025974,0.711844197,0.394560107,0.382978723,450,12,1791,725
0.091038303091,0.974025974,0.712241653,0.394224312,0.383304940,450,12,1792,724
0.091162020031,0.974025974,0.712639110,0.393888516,0.383631714,450,12,1793,723
0.091564788845,0.974025974,0.713036566,0.393552720,0.383959044,450,12,1794,722
0.091827056004,0.974025974,0.713434022,0.393216924,0.384286934,450,12,1795,721
0.092393459640,0.974025974,0.713831479,0.392881128,0.384615385,450,12,1796,720
0.092534546972,0.974025974,0.714228935,0.392545332,0.384944397,450,12,1797,719
0.092581302896,0.974025974,0.714626391,0.392209537,0.385273973,450,12,1798,718
0.092702365859,0.974025974,0.715023847,0.391873741,0.385604113,450,12,1799,717
0.092774258219,0.974025974,0.715421304,0.391537945,0.385934820,450,12,1800,716
0.092799673464,0.974025974,0.715818760,0.391202149,0.386266094,450,12,1801,715
0.092987231094,0.974025974,0.716216216,0.390866353,0.386597938,450,12,1802,714
0.093018051912,0.974025974,0.716613672,0.390530557,0.386930353,450,12,1803,713
0.093105608476,0.974025974,0.717011129,0.390194762,0.387263339,450,12,1804,712
0.093113840544,0.974025974,0.717408585,0.389858966,0.387596899,450,12,1805,711
0.093149739520,0.974025974,0.717806041,0.389523170,0.387931034,450,12,1806,710
0.093226734095,0.974025974,0.718203498,0.389187374,0.388265746,450,12,1807,709
0.093429482960,0.974025974,0.718600954,0.388851578,0.388601036,450,12,1808,708
0.093511649820,0.974025974,0.718998410,0.388515782,0.388936906,450,12,1809,707
0.093672945709,0.974025974,0.719395866,0.388179987,0.389273356,450,12,1810,706
0.093769478263,0.974025974,0.719793323,0.387844191,0.389610390,450,12,1811,705
0.093931423682,0.974025974,0.720190779,0.387508395,0.389948007,450,12,1812,704
0.094596240541,0.974025974,0.720588235,0.387172599,0.390286210,450,12,1813,703
0.094674751811,0.971861472,0.720588235,0.386836803,0.389756944,449,13,1813,703
0.094889112701,0.971861472,0.720985692,0.386501007,0.390095569,449,13,1814,702
0.095041632733,0.971861472,0.721383148,0.386165212,0.390434783,449,13,1815,701
0.096352816703,0.971861472,0.721780604,0.385829416,0.390774587,449,13,1816,700
0.096527319302,0.971861472,0.722178060,0.385493620,0.391114983,449,13,1817,699
0.096590253871,0.971861472,0.722575517,0.385157824,0.391455972,449,13,1818,698
0.096743792886,0.971861472,0.722972973,0.384822028,0.391797557,449,13,1819,697
0.096855127738,0.971861472,0.723370429,0.384486232,0.392139738,449,13,1820,696
0.096921128441,0.971861472,0.723767886,0.384150437,0.392482517,449,13,1821,695
0.097366361397,0.971861472,0.724165342,0.383814641,0.392825897,449,13,1822,694
0.097463001617,0.971861472,0.724562798,0.383478845,0.393169877,449,13,1823,693
0.097666439398,0.971861472,0.724960254,0.383143049,0.393514461,449,13,1824,692
0.097949998258,0.971861472,0.725357711,0.382807253,0.393859649,449,13,1825,691
0.097991113720,0.971861472,0.725755167,0.382471457,0.394205443,449,13,1826,690
0.098371867115,0.971861472,0.726152623,0.382135662,0.394551845,449,13,1827,689
0.098762521015,0.971861472,0.726550079,0.381799866,0.394898857,449,13,1828,688
0.098808085692,0.971861472,0.726947536,0.381464070,0.395246479,449,13,1829,687
0.098948358629,0.971861472,0.727344992,0.381128274,0.395594714,449,13,1830,686
0.099206053925,0.971861472,0.727742448,0.380792478,0.395943563,449,13,1831,685
0.100044663481,0.971861472,0.728139905,0.380456682,0.396293027,449,13,1832,684
0.100812908093,0.971861472,0.728537361,0.380120887,0.396643110,449,13,1833,683
0.100967522003,0.971861472,0.728934817,0.379785091,0.396993811,449,13,1834,682
0.101004079309,0.971861472,0.729332273,0.379449295,0.397345133,449,13,1835,681
0.101083699097,0.971861472,0.729729730,0.379113499,0.397697077,449,13,1836,680
0.101554277188,0.971861472,0.730127186,0.378777703,0.398049645,449,13,1837,679
0.101558142055,0.969696970,0.730127186,0.378441907,0.397515528,448,14,1837,679
0.101629789158,0.969696970,0.730524642,0.378106111,0.397868561,448,14,1838,678
0.102274293342,0.969696970,0.730922099,0.377770316,0.398222222,448,14,1839,677
0.102788559071,0.969696970,0.731319555,0.377434520,0.398576512,448,14,1840,676
0.102857626797,0.969696970,0.731717011,0.377098724,0.398931434,448,14,1841,675
0.103264314076,0.969696970,0.732114467,0.376762928,0.399286988,448,14,1842,674
0.103290442329,0.969696970,0.732511924,0.376427132,0.399643176,448,14,1843,673
0.103408754580,0.969696970,0.732909380,0.376091336,0.400000000,448,14,1844,672
0.103478867876,0.969696970,0.733306836,0.375755541,0.400357462,448,14,1845,671
0.103747857008,0.969696970,0.733704293,0.375419745,0.400715564,448,14,1846,670
0.104116188998,0.969696970,0.734101749,0.375083949,0.401074306,448,14,1847,669
0.104459373254,0.969696970,0.734499205,0.374748153,0.401433692,448,14,1848,668
0.104692567965,0.969696970,0.734896661,0.374412357,0.401793722,448,14,1849,667
0.104700513199,0.969696970,0.735294118,0.374076561,0.402154399,448,14,1850,666
0.105235031837,0.969696970,0.735691574,0.373740766,0.402515723,448,14,1851,665
0.106323490921,0.969696970,0.736089030,0.373404970,0.402877698,448,14,1852,664
0.106462856738,0.969696970,0.736486486,0.373069174,0.403240324,448,14,1853,663
0.106527090955,0.969696970,0.736883943,0.372733378,0.403603604,448,14,1854,662
0.106619778721,0.969696970,0.737281399,0.372397582,0.403967538,448,14,1855,661
0.107119616643,0.969696970,0.737678855,0.372061786,0.404332130,448,14,1856,660
0.108120480125,0.969696970,0.738076312,0.371725991,0.404697380,448,14,1857,659
0.108219302647,0.969696970,0.738473768,0.371390195,0.405063291,448,14,1858,658
0.108226999605,0.969696970,0.738871224,0.371054399,0.405429864,448,14,1859,657
0.108340652507,0.969696970,0.739268680,0.370718603,0.405797101,448,14,1860,656
0.108552974830,0.969696970,0.739666137,0.370382807,0.406165005,448,14,1861,655
0.108610838846,0.969696970,0.740063593,0.370047011,0.406533575,448,14,1862,654
0.108764117638,0.969696970,0.740461049,0.369711216,0.406902816,448,14,1863,653
0.109341782985,0.969696970,0.740858506,0.369375420,0.407272727,448,14,1864,652
0.109343858021,0.969696970,0.741255962,0.369039624,0.407643312,448,14,1865,651
0.109497890888,0.969696970,0.741653418,0.368703828,0.408014572,448,14,1866,650
0.109542672013,0.969696970,0.742050874,0.368368032,0.408386509,448,14,1867,649
0.109689759574,0.969696970,0.742448331,0.368032236,0.408759124,448,14,1868,648
0.109745646946,0.969696970,0.742845787,0.367696441,0.409132420,448,14,1869,647
0.109892883998,0.969696970,0.743243243,0.367360645,0.409506399,448,14,1870,646
0.110237205246,0.969696970,0.743640700,0.367024849,0.409881061,448,14,1871,645
0.110251140677,0.969696970,0.744038156,0.366689053,0.410256410,448,14,1872,644
0.110620689393,0.969696970,0.744435612,0.366353257,0.410632447,448,14,1873,643
0.110663710247,0.969696970,0.744833068,0.366017461,0.411009174,448,14,1874,642
0.110723077154,0.969696970,0.745230525,0.365681666,0.411386593,448,14,1875,641
0.110967728624,0.969696970,0.745627981,0.365345870,0.411764706,448,14,1876,640
0.111030121245,0.969696970,0.746025437,0.365010074,0.412143514,448,14,1877,639
0.111072576934,0.969696970,0.746422893,0.364674278,0.412523020,448,14,1878,638
0.111119893422,0.969696970,0.746820350,0.364338482,0.412903226,448,14,1879,637
0.111186536308,0.967532468,0.746820350,0.364002686,0.412361624,447,15,1879,637
0.111283335247,0.967532468,0.747217806,0.363666891,0.412742382,447,15,1880,636
0.111404580175,0.967532468,0.747615262,0.363331095,0.413123845,447,15,1881,635
0.111541417524,0.967532468,0.748012719,0.362995299,0.413506013,447,15,1882,634
0.111562551905,0.967532468,0.748410175,0.362659503,0.413888889,447,15,1883,633
0.111670172736,0.967532468,0.748807631,0.362323707,0.414272475,447,15,1884,632
0.111749741382,0.967532468,0.749205087,0.361987911,0.414656772,447,15,1885,631
0.111782281060,0.967532468,0.749602544,0.361652116,0.415041783,447,15,1886,630
0.111832205235,0.967532468,0.750000000,0.361316320,0.415427509,447,15,1887,629
0.111887422771,0.967532468,0.750397456,0.360980524,0.415813953,447,15,1888,628
0.111934632470,0.967532468,0.750794913,0.360644728,0.416201117,447,15,1889,627
0.112262920668,0.965367965,0.750794913,0.360308932,0.415657036,446,16,1889,627
0.112284222261,0.965367965,0.751192369,0.359973136,0.416044776,446,16,1890,626
0.112659812457,0.963203463,0.751192369,0.359637340,0.415499533,445,17,1890,626
0.112827319743,0.963203463,0.751589825,0.359301545,0.415887850,445,17,1891,625
0.113020438644,0.963203463,0.751987281,0.358965749,0.416276894,445,17,1892,624
0.113071057534,0.963203463,0.752384738,0.358629953,0.416666667,445,17,1893,623
0.113206959374,0.963203463,0.752782194,0.358294157,0.417057170,445,17,1894,622
0.113214773870,0.963203463,0.753179650,0.357958361,0.417448405,445,17,1895,621
0.113252112439,0.963203463,0.753577107,0.357622565,0.417840376,445,17,1896,620
0.113352487037,0.963203463,0.753974563,0.357286770,0.418233083,445,17,1897,619
0.113412682949,0.963203463,0.754372019,0.356950974,0.418626529,445,17,1898,618
0.113534929041,0.963203463,0.754769475,0.356615178,0.419020716,445,17,1899,617
0.113743339882,0.963203463,0.755166932,0.356279382,0.419415646,445,17,1900,616
0.113900511215,0.961038961,0.755166932,0.355943586,0.418867925,444,18,1900,616
0.114102077785,0.961038961,0.755564388,0.355607790,0.419263456,444,18,1901,615
0.114115153547,0.961038961,0.755961844,0.355271995,0.419659735,444,18,1902,614
0.114364565816,0.961038961,0.756359300,0.354936199,0.420056764,444,18,1903,613
0.114391389734,0.961038961,0.756756757,0.354600403,0.420454545,444,18,1904,612
0.114681762193,0.961038961,0.757154213,0.354264607,0.420853081,444,18,1905,611
0.114702358172,0.961038961,0.757551669,0.353928811,0.421252372,444,18,1906,610
0.114797953787,0.961038961,0.757949126,0.353593015,0.421652422,444,18,1907,609
0.115242328358,0.961038961,0.758346582,0.353257220,0.422053232,444,18,1908,608
0.116064439575,0.961038961,0.758744038,0.352921424,0.422454805,444,18,1909,607
0.116772206964,0.961038961,0.759141494,0.352585628,0.422857143,444,18,1910,606
0.117113925982,0.961038961,0.759538951,0.352249832,0.423260248,444,18,1911,605
0.117333967701,0.961038961,0.759936407,0.351914036,0.423664122,444,18,1912,604
0.118551904967,0.961038961,0.760333863,0.351578240,0.424068768,444,18,1913,603
0.118687761356,0.961038961,0.760731320,0.351242445,0.424474187,444,18,1914,602
0.118793334414,0.958874459,0.760731320,0.350906649,0.423923445,443,19,1914,602
0.118815579197,0.958874459,0.761128776,0.350570853,0.424329502,443,19,1915,601
0.119012935066,0.958874459,0.761526232,0.350235057,0.424736337,443,19,1916,600
0.119611865837,0.958874459,0.761923688,0.349899261,0.425143954,443,19,1917,599
0.120025703725,0.958874459,0.762321145,0.349563465,0.425552354,443,19,1918,598
0.120052534528,0.958874459,0.762718601,0.349227670,0.425961538,443,19,1919,597
0.120163607103,0.958874459,0.763116057,0.348891874,0.426371511,443,19,1920,596
0.120418500834,0.958874459,0.763513514,0.348556078,0.426782274,443,19,1921,595
0.120910944637,0.958874459,0.763910970,0.348220282,0.427193828,443,19,1922,594
0.121294597744,0.958874459,0.764308426,0.347884486,0.427606178,443,19,1923,593
0.121394055765,0.958874459,0.764705882,0.347548690,0.428019324,443,19,1924,592
0.121397266504,0.958874459,0.765103339,0.347212895,0.428433269,443,19,1925,591
0.121567460472,0.958874459,0.765500795,0.346877099,0.428848015,443,19,1926,590
0.121726673725,0.958874459,0.765898251,0.346541303,0.429263566,443,19,1927,589
0.121814961654,0.958874459,0.766295707,0.346205507,0.429679922,443,19,1928,588
0.121831175060,0.958874459,0.766693164,0.345869711,0.430097087,443,19,1929,587
0.122948926808,0.958874459,0.767090620,0.345533915,0.430515063,443,19,1930,586
0.123384975091,0.958874459,0.767488076,0.345198120,0.430933852,443,19,1931,585
0.123456687427,0.958874459,0.767885533,0.344862324,0.431353457,443,19,1932,584
0.124296238490,0.958874459,0.768282989,0.344526528,0.431773879,443,19,1933,583
0.124318304943,0.958874459,0.768680445,0.344190732,0.432195122,443,19,1934,582
0.124483231967,0.958874459,0.769077901,0.343854936,0.432617188,443,19,1935,581
0.124531053137,0.958874459,0.769475358,0.343519140,0.433040078,443,19,1936,580
0.124839647179,0.958874459,0.769872814,0.343183345,0.433463796,443,19,1937,579
0.124841034353,0.958874459,0.770270270,0.342847549,0.433888345,443,19,1938,578
0.125022006825,0.956709957,0.770270270,0.342511753,0.433333333,442,20,1938,578
0.125182900247,0.956709957,0.770667727,0.342175957,0.433758587,442,20,1939,577
0.125238767125,0.954545455,0.770667727,0.341840161,0.433202358,441,21,1939,577
0.125422646776,0.954545455,0.771065183,0.341504365,0.433628319,441,21,1940,576
0.125868838839,0.954545455,0.771462639,0.341168570,0.434055118,441,21,1941,575
0.125908281580,0.954545455,0.771860095,0.340832774,0.434482759,441,21,1942,574
0.125925110789,0.954545455,0.772257552,0.340496978,0.434911243,441,21,1943,573
0.126136251730,0.954545455,0.772655008,0.340161182,0.435340573,441,21,1944,572
0.126947841446,0.954545455,0.773052464,0.339825386,0.435770751,441,21,1945,571
0.126988444889,0.954545455,0.773449921,0.339489590,0.436201780,441,21,1946,570
0.127064159540,0.954545455,0.773847377,0.339153794,0.436633663,441,21,1947,569
0.127380944339,0.954545455,0.774244833,0.338817999,0.437066402,441,21,1948,568
0.127810068941,0.954545455,0.774642289,0.338482203,0.437500000,441,21,1949,567
0.128564579966,0.954545455,0.775039746,0.338146407,0.437934459,441,21,1950,566
0.128568182300,0.954545455,0.775437202,0.337810611,0.438369781,441,21,1951,565
0.128889037660,0.954545455,0.775834658,0.337474815,0.438805970,441,21,1952,564
0.128940501240,0.954545455,0.776232114,0.337139019,0.439243028,441,21,1953,563
0.128947236615,0.954545455,0.776629571,0.336803224,0.439680957,441,21,1954,562
0.129161103484,0.954545455,0.777027027,0.336467428,0.440119760,441,21,1955,561
0.129349021915,0.954545455,0.777424483,0.336131632,0.440559441,441,21,1956,560
0.130192695310,0.954545455,0.777821940,0.335795836,0.441000000,441,21,1957,559
0.130387840348,0.954545455,0.778219396,0.335460040,0.441441441,441,21,1958,558
0.130420890783,0.954545455,0.778616852,0.335124244,0.441883768,441,21,1959,557
0.130525301387,0.954545455,0.779014308,0.334788449,0.442326981,441,21,1960,556
0.131355764106,0.954545455,0.779411765,0.334452653,0.442771084,441,21,1961,555
0.132138922896,0.954545455,0.779809221,0.334116857,0.443216080,441,21,1962,554
0.132417361479,0.954545455,0.780206677,0.333781061,0.443661972,441,21,1963,553
0.132886186894,0.954545455,0.780604134,0.333445265,0.444108761,441,21,1964,552
0.133167289395,0.954545455,0.781001590,0.333109469,0.444556452,441,21,1965,551
0.133422145323,0.954545455,0.781399046,0.332773674,0.445005045,441,21,1966,550
0.133467705691,0.954545455,0.781796502,0.332437878,0.445454545,441,21,1967,549
0.133675073995,0.952380952,0.781796502,0.332102082,0.444893832,440,22,1967,549
0.133696182960,0.952380952,0.782193959,0.331766286,0.445344130,440,22,1968,548
0.134196006364,0.952380952,0.782591415,0.331430490,0.445795339,440,22,1969,547
0.134221448969,0.952380952,0.782988871,0.331094694,0.446247465,440,22,1970,546
0.134776871594,0.952380952,0.783386328,0.330758899,0.446700508,440,22,1971,545
0.135486482957,0.950216450,0.783386328,0.330423103,0.446138211,439,23,1971,545
0.135899803854,0.950216450,0.783783784,0.330087307,0.446592065,439,23,1972,544
0.136031988471,0.950216450,0.784181240,0.329751511,0.447046843,439,23,1973,543
0.136084902108,0.950216450,0.784578696,0.329415715,0.447502548,439,23,1974,542
0.136183130984,0.950216450,0.784976153,0.329079919,0.447959184,439,23,1975,541
0.137001788488,0.950216450,0.785373609,0.328744124,0.448416752,439,23,1976,540
0.137087811807,0.950216450,0.785771065,0.328408328,0.448875256,439,23,1977,539
0.138014778608,0.950216450,0.786168521,0.328072532,0.449334698,439,23,1978,538
0.138043468323,0.950216450,0.786565978,0.327736736,0.449795082,439,23,1979,537
0.138904136884,0.950216450,0.786963434,0.327400940,0.450256410,439,23,1980,536
0.139512608182,0.950216450,0.787360890,0.327065144,0.450718686,439,23,1981,535
0.139526259116,0.950216450,0.787758347,0.326729349,0.451181912,439,23,1982,534
0.139923571746,0.948051948,0.787758347,0.326393553,0.450617284,438,24,1982,534
0.140455028235,0.948051948,0.788155803,0.326057757,0.451081359,438,24,1983,533
0.140943745176,0.948051948,0.788553259,0.325721961,0.451546392,438,24,1984,532
0.141381307304,0.948051948,0.788950715,0.325386165,0.452012384,438,24,1985,531
0.141397664152,0.948051948,0.789348172,0.325050369,0.452479339,438,24,1986,530
0.141648216515,0.948051948,0.789745628,0.324714574,0.452947260,438,24,1987,529
0.141714960004,0.948051948,0.790143084,0.324378778,0.453416149,438,24,1988,528
0.141823429201,0.948051948,0.790540541,0.324042982,0.453886010,438,24,1989,527
0.142475389369,0.948051948,0.790937997,0.323707186,0.454356846,438,24,1990,526
0.143864475172,0.948051948,0.791335453,0.323371390,0.454828660,438,24,1991,525
0.144028889815,0.948051948,0.791732909,0.323035594,0.455301455,438,24,1992,524
0.144247252998,0.948051948,0.792130366,0.322699799,0.455775234,438,24,1993,523
0.145490889750,0.948051948,0.792527822,0.322364003,0.456250000,438,24,1994,522
0.145521346777,0.948051948,0.792925278,0.322028207,0.456725756,438,24,1995,521
0.145767992041,0.948051948,0.793322734,0.321692411,0.457202505,438,24,1996,520
0.146234752490,0.948051948,0.793720191,0.321356615,0.457680251,438,24,1997,519
0.146265369194,0.945887446,0.793720191,0.321020819,0.457112971,437,25,1997,519
0.146540707481,0.945887446,0.794117647,0.320685024,0.457591623,437,25,1998,518
0.146900979695,0.945887446,0.794515103,0.320349228,0.458071279,437,25,1999,517
0.147305175006,0.945887446,0.794912560,0.320013432,0.458551941,437,25,2000,516
0.147317008976,0.945887446,0.795310016,0.319677636,0.459033613,437,25,2001,515
0.147802725284,0.945887446,0.795707472,0.319341840,0.459516299,437,25,2002,514
0.148039720377,0.945887446,0.796104928,0.319006044,0.460000000,437,25,2003,513
0.148443175056,0.945887446,0.796502385,0.318670248,0.460484721,437,25,2004,512
0.148859495704,0.945887446,0.796899841,0.318334453,0.460970464,437,25,2005,511
0.148886912552,0.945887446,0.797297297,0.317998657,0.461457233,437,25,2006,510
0.149150816595,0.945887446,0.797694754,0.317662861,0.461945032,437,25,2007,509
0.149342298378,0.945887446,0.798092210,0.317327065,0.462433862,437,25,2008,508
0.149367112116,0.945887446,0.798489666,0.316991269,0.462923729,437,25,2009,507
0.149621505645,0.945887446,0.798887122,0.316655473,0.463414634,437,25,2010,506
0.149662849708,0.945887446,0.799284579,0.316319678,0.463906582,437,25,2011,505
0.149977540340,0.945887446,0.799682035,0.315983882,0.464399575,437,25,2012,504
0.150433864304,0.945887446,0.800079491,0.315648086,0.464893617,437,25,2013,503
0.150947860453,0.943722944,0.800079491,0.315312290,0.464323749,436,26,2013,503
0.151474240462,0.943722944,0.800476948,0.314976494,0.464818763,436,26,2014,502
0.151501676839,0.943722944,0.800874404,0.314640698,0.465314835,436,26,2015,501
0.151533040279,0.943722944,0.801271860,0.314304903,0.465811966,436,26,2016,500
0.151658634468,0.943722944,0.801669316,0.313969107,0.466310160,436,26,2017,499
0.152173234543,0.941558442,0.801669316,0.313633311,0.465738758,435,27,2017,499
0.152322309627,0.941558442,0.802066773,0.313297515,0.466237942,435,27,2018,498
0.152576054439,0.941558442,0.802464229,0.312961719,0.466738197,435,27,2019,497
0.152697135696,0.941558442,0.802861685,0.312625923,0.467239527,435,27,2020,496
0.153518609079,0.941558442,0.803259141,0.312290128,0.467741935,435,27,2021,495
0.154227273586,0.941558442,0.803656598,0.311954332,0.468245425,435,27,2022,494
0.155307666539,0.941558442,0.804054054,0.311618536,0.468750000,435,27,2023,493
0.156237539941,0.941558442,0.804451510,0.311282740,0.469255663,435,27,2024,492
0.156285262788,0.941558442,0.804848967,0.310946944,0.469762419,435,27,2025,491
0.156370168741,0.941558442,0.805246423,0.310611148,0.470270270,435,27,2026,490
0.156666771348,0.941558442,0.805643879,0.310275353,0.470779221,435,27,2027,489
0.156792372079,0.941558442,0.806041335,0.309939557,0.471289274,435,27,2028,488
0.156963601232,0.941558442,0.806438792,0.309603761,0.471800434,435,27,2029,487
0.157769091471,0.941558442,0.806836248,0.309267965,0.472312704,435,27,2030,486
0.157833357663,0.941558442,0.807233704,0.308932169,0.472826087,435,27,2031,485
0.157968453454,0.941558442,0.807631161,0.308596373,0.473340588,435,27,2032,484
0.158858742785,0.941558442,0.808028617,0.308260578,0.473856209,435,27,2033,483
0.158944084485,0.941558442,0.808426073,0.307924782,0.474372955,435,27,2034,482
0.159009173541,0.941558442,0.808823529,0.307588986,0.474890830,435,27,2035,481
0.159264200142,0.941558442,0.809220986,0.307253190,0.475409836,435,27,2036,480
0.159299917336,0.941558442,0.809618442,0.306917394,0.475929978,435,27,2037,479
0.160386287845,0.941558442,0.810015898,0.306581598,0.476451260,435,27,2038,478
0.160449052825,0.941558442,0.810413355,0.306245803,0.476973684,435,27,2039,477
0.161603717589,0.941558442,0.810810811,0.305910007,0.477497256,435,27,2040,476
0.163078993254,0.941558442,0.811208267,0.305574211,0.478021978,435,27,2041,475
0.164201709212,0.941558442,0.811605723,0.305238415,0.478547855,435,27,2042,474
0.164588325643,0.941558442,0.812003180,0.304902619,0.479074890,435,27,2043,473
0.165211121005,0.941558442,0.812400636,0.304566823,0.479603087,435,27,2044,472
0.165474301177,0.941558442,0.812798092,0.304231028,0.480132450,435,27,2045,471
0.166555987663,0.941558442,0.813195548,0.303895232,0.480662983,435,27,2046,470
0.166718712000,0.941558442,0.813593005,0.303559436,0.481194690,435,27,2047,469
0.166807674773,0.941558442,0.813990461,0.303223640,0.481727575,435,27,2048,468
0.166874413250,0.941558442,0.814387917,0.302887844,0.482261641,435,27,2049,467
0.167011610649,0.941558442,0.814785374,0.302552048,0.482796892,435,27,2050,466
0.167175202997,0.941558442,0.815182830,0.302216253,0.483333333,435,27,2051,465
0.167919886975,0.941558442,0.815580286,0.301880457,0.483870968,435,27,2052,464
0.168287588886,0.941558442,0.815977742,0.301544661,0.484409800,435,27,2053,463
0.168389061331,0.941558442,0.816375199,0.301208865,0.484949833,435,27,2054,462
0.169329605712,0.941558442,0.816772655,0.300873069,0.485491071,435,27,2055,461
0.169975058546,0.941558442,0.817170111,0.300537273,0.486033520,435,27,2056,460
0.170878765276,0.941558442,0.817567568,0.300201478,0.486577181,435,27,2057,459
0.171553339103,0.941558442,0.817965024,0.299865682,0.487122060,435,27,2058,458
0.172595006767,0.941558442,0.818362480,0.299529886,0.487668161,435,27,2059,457
0.173811890770,0.941558442,0.818759936,0.299194090,0.488215488,435,27,2060,456
0.175260390041,0.941558442,0.819157393,0.298858294,0.488764045,435,27,2061,455
0.175297029650,0.941558442,0.819554849,0.298522498,0.489313836,435,27,2062,454
0.175853221439,0.941558442,0.819952305,0.298186702,0.489864865,435,27,2063,453
0.176173963399,0.941558442,0.820349762,0.297850907,0.490417136,435,27,2064,452
0.176854971048,0.941558442,0.820747218,0.297515111,0.490970655,435,27,2065,451
0.177887953760,0.941558442,0.821144674,0.297179315,0.491525424,435,27,2066,450
0.178233049671,0.941558442,0.821542130,0.296843519,0.492081448,435,27,2067,449
0.178402347648,0.941558442,0.821939587,0.296507723,0.492638732,435,27,2068,448
0.178482024957,0.941558442,0.822337043,0.296171927,0.493197279,435,27,2069,447
0.178654917086,0.941558442,0.822734499,0.295836132,0.493757094,435,27,2070,446
0.178719656850,0.941558442,0.823131955,0.295500336,0.494318182,435,27,2071,445
0.178929614956,0.941558442,0.823529412,0.295164540,0.494880546,435,27,2072,444
0.178994718272,0.941558442,0.823926868,0.294828744,0.495444191,435,27,2073,443
0.179256960398,0.941558442,0.824324324,0.294492948,0.496009122,435,27,2074,442
0.179347590030,0.941558442,0.824721781,0.294157152,0.496575342,435,27,2075,441
0.179769318036,0.939393939,0.824721781,0.293821357,0.496000000,434,28,2075,441
0.180070244920,0.937229437,0.824721781,0.293485561,0.495423341,433,29,2075,441
0.180144140349,0.937229437,0.825119237,0.293149765,0.495990836,433,29,2076,440
0.181581295954,0.935064935,0.825119237,0.292813969,0.495412844,432,30,2076,440
0.181889505034,0.935064935,0.825516693,0.292478173,0.495981630,432,30,2077,439
0.182010055513,0.935064935,0.825914149,0.292142377,0.496551724,432,30,2078,438
0.182754892006,0.935064935,0.826311606,0.291806582,0.497123130,432,30,2079,437
0.183979715546,0.935064935,0.826709062,0.291470786,0.497695853,432,30,2080,436
0.184162408470,0.935064935,0.827106518,0.291134990,0.498269896,432,30,2081,435
0.184491532944,0.935064935,0.827503975,0.290799194,0.498845266,432,30,2082,434
0.185133783052,0.935064935,0.827901431,0.290463398,0.499421965,432,30,2083,433
0.185713499380,0.935064935,0.828298887,0.290127602,0.500000000,432,30,2084,432
0.185831252088,0.935064935,0.828696343,0.289791807,0.500579374,432,30,2085,431
0.186108106303,0.935064935,0.829093800,0.289456011,0.501160093,432,30,2086,430
0.186223956322,0.935064935,0.829491256,0.289120215,0.501742160,432,30,2087,429
0.187422834304,0.935064935,0.829888712,0.288784419,0.502325581,432,30,2088,428
0.187919754867,0.935064935,0.830286169,0.288448623,0.502910361,432,30,2089,427
0.188433043103,0.935064935,0.830683625,0.288112827,0.503496503,432,30,2090,426
0.189399110265,0.935064935,0.831081081,0.287777032,0.504084014,432,30,2091,425
0.189411166046,0.935064935,0.831478537,0.287441236,0.504672897,432,30,2092,424
0.190220932332,0.935064935,0.831875994,0.287105440,0.505263158,432,30,2093,423
0.190423107001,0.935064935,0.832273450,0.286769644,0.505854801,432,30,2094,422
0.190949621120,0.932900433,0.832273450,0.286433848,0.505275498,431,31,2094,422
0.191263119821,0.932900433,0.832670906,0.286098052,0.505868545,431,31,2095,421
0.191760410422,0.932900433,0.833068362,0.285762257,0.506462985,431,31,2096,420
0.192775656836,0.932900433,0.833465819,0.285426461,0.507058824,431,31,2097,419
0.192895755303,0.932900433,0.833863275,0.285090665,0.507656066,431,31,2098,418
0.192984800740,0.932900433,0.834260731,0.284754869,0.508254717,431,31,2099,417
0.193212131762,0.932900433,0.834658188,0.284419073,0.508854782,431,31,2100,416
0.194064425841,0.932900433,0.835055644,0.284083277,0.509456265,431,31,2101,415
0.194131533788,0.932900433,0.835453100,0.283747482,0.510059172,431,31,2102,414
0.194866059431,0.932900433,0.835850556,0.283411686,0.510663507,431,31,2103,413
0.195244296596,0.932900433,0.836248013,0.283075890,0.511269276,431,31,2104,412
0.197071039285,0.932900433,0.836645469,0.282740094,0.511876485,431,31,2105,411
0.197389920434,0.932900433,0.837042925,0.282404298,0.512485137,431,31,2106,410
0.197686838058,0.932900433,0.837440382,0.282068502,0.513095238,431,31,2107,409
0.198234695880,0.930735931,0.837440382,0.281732707,0.512514899,430,32,2107,409
0.198929119348,0.930735931,0.837837838,0.281396911,0.513126492,430,32,2108,408
0.200542259298,0.930735931,0.838235294,0.281061115,0.513739546,430,32,2109,407
0.202033589234,0.930735931,0.838632750,0.280725319,0.514354067,430,32,2110,406
0.202322511790,0.930735931,0.839030207,0.280389523,0.514970060,430,32,2111,405
0.202627536285,0.930735931,0.839427663,0.280053727,0.515587530,430,32,2112,404
0.202891533391,0.930735931,0.839825119,0.279717931,0.516206483,430,32,2113,403
0.203672705412,0.930735931,0.840222576,0.279382136,0.516826923,430,32,2114,402
0.203851371375,0.930735931,0.840620032,0.279046340,0.517448857,430,32,2115,401
0.203862295522,0.930735931,0.841017488,0.278710544,0.518072289,430,32,2116,400
0.204991835623,0.930735931,0.841414944,0.278374748,0.518697226,430,32,2117,399
0.205076222333,0.930735931,0.841812401,0.278038952,0.519323671,430,32,2118,398
0.205218694861,0.930735931,0.842209857,0.277703156,0.519951632,430,32,2119,397
0.206131106125,0.930735931,0.842607313,0.277367361,0.520581114,430,32,2120,396
0.206412775145,0.930735931,0.843004769,0.277031565,0.521212121,430,32,2121,395
0.206798031507,0.930735931,0.843402226,0.276695769,0.521844660,430,32,2122,394
0.207169995182,0.930735931,0.843799682,0.276359973,0.522478736,430,32,2123,393
0.207349525574,0.930735931,0.844197138,0.276024177,0.523114355,430,32,2124,392
0.208408086036,0.930735931,0.844594595,0.275688381,0.523751523,430,32,2125,391
0.209206861934,0.930735931,0.844992051,0.275352586,0.524390244,430,32,2126,390
0.209392968906,0.930735931,0.845389507,0.275016790,0.525030525,430,32,2127,389
0.210082624968,0.930735931,0.845786963,0.274680994,0.525672372,430,32,2128,388
0.210534932106,0.930735931,0.846184420,0.274345198,0.526315789,430,32,2129,387
0.210793417630,0.930735931,0.846581876,0.274009402,0.526960784,430,32,2130,386
0.211616254556,0.930735931,0.846979332,0.273673606,0.527607362,430,32,2131,385
0.212748636686,0.930735931,0.847376789,0.273337811,0.528255528,430,32,2132,384
0.213380992132,0.930735931,0.847774245,0.273002015,0.528905289,430,32,2133,383
0.214002624900,0.930735931,0.848171701,0.272666219,0.529556650,430,32,2134,382
0.214017304672,0.930735931,0.848569157,0.272330423,0.530209618,430,32,2135,381
0.214020829012,0.930735931,0.848966614,0.271994627,0.530864198,430,32,2136,380
0.214729226888,0.930735931,0.849364070,0.271658831,0.531520396,430,32,2137,379
0.214927367189,0.930735931,0.849761526,0.271323036,0.532178218,430,32,2138,378
0.217256916300,0.930735931,0.850158983,0.270987240,0.532837670,430,32,2139,377
0.217733165640,0.930735931,0.850556439,0.270651444,0.533498759,430,32,2140,376
0.217932229397,0.930735931,0.850953895,0.270315648,0.534161491,430,32,2141,375
0.219261438960,0.928571429,0.850953895,0.269979852,0.533582090,429,33,2141,375
0.219824451489,0.928571429,0.851351351,0.269644056,0.534246575,429,33,2142,374
0.220117522785,0.928571429,0.851748808,0.269308261,0.534912718,429,33,2143,373
0.220224768936,0.928571429,0.852146264,0.268972465,0.535580524,429,33,2144,372
0.220314454725,0.928571429,0.852543720,0.268636669,0.536250000,429,33,2145,371
0.220559003426,0.928571429,0.852941176,0.268300873,0.536921151,429,33,2146,370
0.221972022952,0.928571429,0.853338633,0.267965077,0.537593985,429,33,2147,369
0.221975772920,0.926406926,0.853338633,0.267629281,0.537013802,428,34,2147,369
0.222220011167,0.926406926,0.853736089,0.267293486,0.537688442,428,34,2148,368
0.222796221644,0.926406926,0.854133545,0.266957690,0.538364780,428,34,2149,367
0.223112202215,0.926406926,0.854531002,0.266621894,0.539042821,428,34,2150,366
0.223658096726,0.926406926,0.854928458,0.266286098,0.539722573,428,34,2151,365
0.224356018924,0.926406926,0.855325914,0.265950302,0.540404040,428,34,2152,364
0.224787398295,0.926406926,0.855723370,0.265614506,0.541087231,428,34,2153,363
0.226295002925,0.926406926,0.856120827,0.265278711,0.541772152,428,34,2154,362
0.226944861441,0.926406926,0.856518283,0.264942915,0.542458809,428,34,2155,361
0.227461850361,0.926406926,0.856915739,0.264607119,0.543147208,428,34,2156,360
0.227483466713,0.926406926,0.857313196,0.264271323,0.543837357,428,34,2157,359
0.227683634309,0.926406926,0.857710652,0.263935527,0.544529262,428,34,2158,358
0.227780593993,0.926406926,0.858108108,0.263599731,0.545222930,428,34,2159,357
0.228765831948,0.926406926,0.858505564,0.263263936,0.545918367,428,34,2160,356
0.229869624936,0.926406926,0.858903021,0.262928140,0.546615581,428,34,2161,355
0.231019387087,0.926406926,0.859300477,0.262592344,0.547314578,428,34,2162,354
0.231032493543,0.926406926,0.859697933,0.262256548,0.548015365,428,34,2163,353
0.231200513392,0.926406926,0.860095390,0.261920752,0.548717949,428,34,2164,352
0.231554489547,0.926406926,0.860492846,0.261584956,0.549422336,428,34,2165,351
0.234876224765,0.926406926,0.860890302,0.261249161,0.550128535,428,34,2166,350
0.235551065017,0.926406926,0.861287758,0.260913365,0.550836551,428,34,2167,349
0.236278996785,0.926406926,0.861685215,0.260577569,0.551546392,428,34,2168,348
0.236319105098,0.926406926,0.862082671,0.260241773,0.552258065,428,34,2169,347
0.237865406097,0.926406926,0.862480127,0.259905977,0.552971576,428,34,2170,346
0.239136689317,0.926406926,0.862877583,0.259570181,0.553686934,428,34,2171,345
0.240525767303,0.926406926,0.863275040,0.259234385,0.554404145,428,34,2172,344
0.240976492535,0.926406926,0.863672496,0.258898590,0.555123217,428,34,2173,343
0.244376252148,0.926406926,0.864069952,0.258562794,0.555844156,428,34,2174,342
0.244979948786,0.926406926,0.864467409,0.258226998,0.556566970,428,34,2175,341
0.245342695961,0.924242424,0.864467409,0.257891202,0.555989583,427,35,2175,341
0.245446728864,0.924242424,0.864864865,0.257555406,0.556714472,427,35,2176,340
0.245946263228,0.924242424,0.865262321,0.257219610,0.557441253,427,35,2177,339
0.246050386929,0.924242424,0.865659777,0.256883815,0.558169935,427,35,2178,338
0.248516033179,0.922077922,0.865659777,0.256548019,0.557591623,426,36,2178,338
0.248859555419,0.922077922,0.866057234,0.256212223,0.558322412,426,36,2179,337
0.249184205726,0.922077922,0.866454690,0.255876427,0.559055118,426,36,2180,336
0.249432378049,0.922077922,0.866852146,0.255540631,0.559789750,426,36,2181,335
0.251209451739,0.922077922,0.867249603,0.255204835,0.560526316,426,36,2182,334
0.251481525125,0.922077922,0.867647059,0.254869040,0.561264822,426,36,2183,333
0.251760204150,0.922077922,0.868044515,0.254533244,0.562005277,426,36,2184,332
0.251904003551,0.922077922,0.868441971,0.254197448,0.562747688,426,36,2185,331
0.252708583609,0.922077922,0.868839428,0.253861652,0.563492063,426,36,2186,330
0.252864543333,0.922077922,0.869236884,0.253525856,0.564238411,426,36,2187,329
0.253922297212,0.922077922,0.869634340,0.253190060,0.564986737,426,36,2188,328
0.254022402125,0.922077922,0.870031797,0.252854265,0.565737052,426,36,2189,327
0.254521634258,0.922077922,0.870429253,0.252518469,0.566489362,426,36,2190,326
0.254964200050,0.922077922,0.870826709,0.252182673,0.567243675,426,36,2191,325
0.255071731765,0.922077922,0.871224165,0.251846877,0.568000000,426,36,2192,324
0.255417139212,0.922077922,0.871621622,0.251511081,0.568758344,426,36,2193,323
0.256369519252,0.922077922,0.872019078,0.251175285,0.569518717,426,36,2194,322
0.256386176098,0.922077922,0.872416534,0.250839490,0.570281124,426,36,2195,321
0.257854501602,0.919913420,0.872416534,0.250503694,0.569705094,425,37,2195,321
0.258557470738,0.919913420,0.872813990,0.250167898,0.570469799,425,37,2196,320
0.258857992449,0.919913420,0.873211447,0.249832102,0.571236559,425,37,2197,319
0.258950173187,0.919913420,0.873608903,0.249496306,0.572005384,425,37,2198,318
0.259060230672,0.919913420,0.874006359,0.249160510,0.572776280,425,37,2199,317
0.260636643985,0.919913420,0.874403816,0.248824715,0.573549258,425,37,2200,316
0.261050548492,0.919913420,0.874801272,0.248488919,0.574324324,425,37,2201,315
0.261284731989,0.919913420,0.875198728,0.248153123,0.575101488,425,37,2202,314
0.261714352227,0.917748918,0.875198728,0.247817327,0.574525745,424,38,2202,314
0.262211075212,0.917748918,0.875596184,0.247481531,0.575305292,424,38,2203,313
0.262626951604,0.915584416,0.875596184,0.247145735,0.574728261,423,39,2203,313
0.264112407006,0.915584416,0.875993641,0.246809940,0.575510204,423,39,2204,312
0.264354270718,0.913419913,0.875993641,0.246474144,0.574931880,422,40,2204,312
0.264847828664,0.913419913,0.876391097,0.246138348,0.575716235,422,40,2205,311
0.264912210474,0.913419913,0.876788553,0.245802552,0.576502732,422,40,2206,310
0.265069211149,0.911255411,0.876788553,0.245466756,0.575923393,421,41,2206,310
0.265573293426,0.911255411,0.877186010,0.245130960,0.576712329,421,41,2207,309
0.265959366379,0.911255411,0.877583466,0.244795165,0.577503429,421,41,2208,308
0.266778574359,0.911255411,0.877980922,0.244459369,0.578296703,421,41,2209,307
0.266985288052,0.911255411,0.878378378,0.244123573,0.579092160,421,41,2210,306
0.267346585231,0.911255411,0.878775835,0.243787777,0.579889807,421,41,2211,305
0.268031976594,0.911255411,0.879173291,0.243451981,0.580689655,421,41,2212,304
0.268957901070,0.911255411,0.879570747,0.243116185,0.581491713,421,41,2213,303
0.269563787718,0.911255411,0.879968203,0.242780390,0.582295989,421,41,2214,302
0.270646162872,0.911255411,0.880365660,0.242444594,0.583102493,421,41,2215,301
0.271303192314,0.909090909,0.880365660,0.242108798,0.582524272,420,42,2215,301
0.271820657043,0.909090909,0.880763116,0.241773002,0.583333333,420,42,2216,300
0.271907114571,0.906926407,0.880763116,0.241437206,0.582753825,419,43,2216,300
0.273753467642,0.906926407,0.881160572,0.241101410,0.583565460,419,43,2217,299
0.274589403616,0.904761905,0.881160572,0.240765615,0.582984658,418,44,2217,299
0.274817254359,0.904761905,0.881558029,0.240429819,0.583798883,418,44,2218,298
0.274914073166,0.904761905,0.881955485,0.240094023,0.584615385,418,44,2219,297
0.276690961976,0.904761905,0.882352941,0.239758227,0.585434174,418,44,2220,296
0.276907124342,0.904761905,0.882750397,0.239422431,0.586255259,418,44,2221,295
0.277611338070,0.904761905,0.883147854,0.239086635,0.587078652,418,44,2222,294
0.279257008667,0.904761905,0.883545310,0.238750839,0.587904360,418,44,2223,293
0.281016244836,0.904761905,0.883942766,0.238415044,0.588732394,418,44,2224,292
0.282221792649,0.904761905,0.884340223,0.238079248,0.589562764,418,44,2225,291
0.282764965476,0.904761905,0.884737679,0.237743452,0.590395480,418,44,2226,290
0.283106745055,0.904761905,0.885135135,0.237407656,0.591230552,418,44,2227,289
0.283209948724,0.904761905,0.885532591,0.237071860,0.592067989,418,44,2228,288
0.284843208858,0.904761905,0.885930048,0.236736064,0.592907801,418,44,2229,287
0.285016094852,0.902597403,0.885930048,0.236400269,0.592329545,417,45,2229,287
0.285745192716,0.902597403,0.886327504,0.236064473,0.593172119,417,45,2230,286
0.286118799556,0.902597403,0.886724960,0.235728677,0.594017094,417,45,2231,285
0.286535072032,0.900432900,0.886724960,0.235392881,0.593437946,416,46,2231,285
0.286900447728,0.900432900,0.887122417,0.235057085,0.594285714,416,46,2232,284
0.288397307801,0.898268398,0.887122417,0.234721289,0.593705293,415,47,2232,284
0.288612627463,0.898268398,0.887519873,0.234385494,0.594555874,415,47,2233,283
0.289292283257,0.898268398,0.887917329,0.234049698,0.595408895,415,47,2234,282
0.289557609421,0.898268398,0.888314785,0.233713902,0.596264368,415,47,2235,281
0.292208513997,0.898268398,0.888712242,0.233378106,0.597122302,415,47,2236,280
0.293390434326,0.896103896,0.888712242,0.233042310,0.596541787,414,48,2236,280
0.293419212413,0.896103896,0.889109698,0.232706514,0.597402597,414,48,2237,279
0.294477254798,0.893939394,0.889109698,0.232370719,0.596820809,413,49,2237,279
0.294824072386,0.893939394,0.889507154,0.232034923,0.597684515,413,49,2238,278
0.295777832394,0.893939394,0.889904610,0.231699127,0.598550725,413,49,2239,277
0.295802908366,0.893939394,0.890302067,0.231363331,0.599419448,413,49,2240,276
0.296077751016,0.893939394,0.890699523,0.231027535,0.600290698,413,49,2241,275
0.296137030782,0.893939394,0.891096979,0.230691739,0.601164483,413,49,2242,274
0.296596475414,0.891774892,0.891096979,0.230355944,0.600583090,412,50,2242,274
0.296782987390,0.889610390,0.891096979,0.230020148,0.600000000,411,51,2242,274
0.297972316463,0.889610390,0.891494436,0.229684352,0.600877193,411,51,2243,273
0.298836219070,0.889610390,0.891891892,0.229348556,0.601756955,411,51,2244,272
0.299258331545,0.889610390,0.892289348,0.229012760,0.602639296,411,51,2245,271
0.299504577159,0.889610390,0.892686804,0.228676964,0.603524229,411,51,2246,270
0.300582932869,0.889610390,0.893084261,0.228341169,0.604411765,411,51,2247,269
0.300588453039,0.889610390,0.893481717,0.228005373,0.605301915,411,51,2248,268
0.301626344288,0.889610390,0.893879173,0.227669577,0.606194690,411,51,2249,267
0.302160228006,0.887445887,0.893879173,0.227333781,0.605612999,410,52,2249,267
0.302699237306,0.887445887,0.894276630,0.226997985,0.606508876,410,52,2250,266
0.303268017475,0.887445887,0.894674086,0.226662189,0.607407407,410,52,2251,265
0.303376628823,0.887445887,0.895071542,0.226326394,0.608308605,410,52,2252,264
0.304024660692,0.887445887,0.895468998,0.225990598,0.609212481,410,52,2253,263
0.305140549668,0.885281385,0.895468998,0.225654802,0.608630952,409,53,2253,263
0.305611130611,0.885281385,0.895866455,0.225319006,0.609538003,409,53,2254,262
0.306060577642,0.883116883,0.895866455,0.224983210,0.608955224,408,54,2254,262
0.306369510694,0.883116883,0.896263911,0.224647414,0.609865471,408,54,2255,261
0.306508671298,0.883116883,0.896661367,0.224311619,0.610778443,408,54,2256,260
0.307082683014,0.883116883,0.897058824,0.223975823,0.611694153,408,54,2257,259
0.307778534156,0.883116883,0.897456280,0.223640027,0.612612613,408,54,2258,258
0.308154135006,0.883116883,0.897853736,0.223304231,0.613533835,408,54,2259,257
0.308697128730,0.880952381,0.897853736,0.222968435,0.612951807,407,55,2259,257
0.308754606171,0.880952381,0.898251192,0.222632639,0.613876320,407,55,2260,256
0.309149636675,0.880952381,0.898648649,0.222296844,0.614803625,407,55,2261,255
0.311019964705,0.878787879,0.898648649,0.221961048,0.614220877,406,56,2261,255
0.311222539776,0.878787879,0.899046105,0.221625252,0.615151515,406,56,2262,254
0.311779345051,0.878787879,0.899443561,0.221289456,0.616084977,406,56,2263,253
0.313034961794,0.876623377,0.899443561,0.220953660,0.615501520,405,57,2263,253
0.313785408158,0.876623377,0.899841017,0.220617864,0.616438356,405,57,2264,252
0.314742252288,0.876623377,0.900238474,0.220282069,0.617378049,405,57,2265,251
0.315444603568,0.874458874,0.900238474,0.219946273,0.616793893,404,58,2265,251
0.315595388426,0.874458874,0.900635930,0.219610477,0.617737003,404,58,2266,250
0.318209990727,0.874458874,0.901033386,0.219274681,0.618683002,404,58,2267,249
0.319921228646,0.874458874,0.901430843,0.218938885,0.619631902,404,58,2268,248
0.319929529623,0.874458874,0.901828299,0.218603089,0.620583717,404,58,2269,247
0.320273780575,0.874458874,0.902225755,0.218267293,0.621538462,404,58,2270,246
0.321349048571,0.872294372,0.902225755,0.217931498,0.620955316,403,59,2270,246
0.322142020307,0.872294372,0.902623211,0.217595702,0.621913580,403,59,2271,245
0.322499623935,0.870129870,0.902623211,0.217259906,0.621329212,402,60,2271,245
0.323471975142,0.870129870,0.903020668,0.216924110,0.622291022,402,60,2272,244
0.325588010056,0.867965368,0.903020668,0.216588314,0.621705426,401,61,2272,244
0.325700045219,0.867965368,0.903418124,0.216252518,0.622670807,401,61,2273,243
0.326639505192,0.867965368,0.903815580,0.215916723,0.623639191,401,61,2274,242
0.327058214795,0.867965368,0.904213037,0.215580927,0.624610592,401,61,2275,241
0.329050105345,0.867965368,0.904610493,0.215245131,0.625585023,401,61,2276,240
0.329178752727,0.867965368,0.905007949,0.214909335,0.626562500,401,61,2277,239
0.330541731247,0.867965368,0.905405405,0.214573539,0.627543036,401,61,2278,238
0.331730036315,0.867965368,0.905802862,0.214237743,0.628526646,401,61,2279,237
0.331849516116,0.867965368,0.906200318,0.213901948,0.629513344,401,61,2280,236
0.332112942274,0.867965368,0.906597774,0.213566152,0.630503145,401,61,2281,235
0.332227538651,0.867965368,0.906995231,0.213230356,0.631496063,401,61,2282,234
0.332681027721,0.867965368,0.907392687,0.212894560,0.632492114,401,61,2283,233
0.336437801837,0.865800866,0.907392687,0.212558764,0.631911532,400,62,2283,233
0.337256303964,0.865800866,0.907790143,0.212222968,0.632911392,400,62,2284,232
0.338904189043,0.865800866,0.908187599,0.211887173,0.633914422,400,62,2285,231
0.340130809107,0.865800866,0.908585056,0.211551377,0.634920635,400,62,2286,230
0.341885520215,0.865800866,0.908982512,0.211215581,0.635930048,400,62,2287,229
0.345851647549,0.865800866,0.909379968,0.210879785,0.636942675,400,62,2288,228
0.348720604749,0.865800866,0.909777424,0.210543989,0.637958533,400,62,2289,227
0.349424295862,0.865800866,0.910174881,0.210208193,0.638977636,400,62,2290,226
0.349425631108,0.865800866,0.910572337,0.209872398,0.640000000,400,62,2291,225
0.351296181038,0.865800866,0.910969793,0.209536602,0.641025641,400,62,2292,224
0.351710401249,0.863636364,0.910969793,0.209200806,0.640449438,399,63,2292,224
0.351987484451,0.861471861,0.910969793,0.208865010,0.639871383,398,64,2292,224
0.352683220509,0.861471861,0.911367250,0.208529214,0.640901771,398,64,2293,223
0.353089533709,0.861471861,0.911764706,0.208193418,0.641935484,398,64,2294,222
0.354017951685,0.861471861,0.912162162,0.207857623,0.642972536,398,64,2295,221
0.355435303186,0.861471861,0.912559618,0.207521827,0.644012945,398,64,2296,220
0.356643175941,0.859307359,0.912559618,0.207186031,0.643435981,397,65,2296,220
0.356850933863,0.859307359,0.912957075,0.206850235,0.644480519,397,65,2297,219
0.357294702721,0.859307359,0.913354531,0.206514439,0.645528455,397,65,2298,218
0.358118586142,0.859307359,0.913751987,0.206178643,0.646579805,397,65,2299,217
0.359614428040,0.857142857,0.913751987,0.205842848,0.646003263,396,66,2299,217
0.359826863399,0.857142857,0.914149444,0.205507052,0.647058824,396,66,2300,216
0.361418452788,0.857142857,0.914546900,0.205171256,0.648117840,396,66,2301,215
0.361591052300,0.857142857,0.914944356,0.204835460,0.649180328,396,66,2302,214
0.362265487568,0.854978355,0.914944356,0.204499664,0.648604269,395,67,2302,214
0.363937718551,0.852813853,0.914944356,0.204163868,0.648026316,394,68,2302,214
0.363943579088,0.852813853,0.915341812,0.203828073,0.649093904,394,68,2303,213
0.364073807043,0.852813853,0.915739269,0.203492277,0.650165017,394,68,2304,212
0.364480597738,0.852813853,0.916136725,0.203156481,0.651239669,394,68,2305,211
0.364679375492,0.850649351,0.916136725,0.202820685,0.650662252,393,69,2305,211
0.365681908597,0.848484848,0.916136725,0.202484889,0.650082919,392,70,2305,211
0.365947266567,0.848484848,0.916534181,0.202149093,0.651162791,392,70,2306,210
0.367124046071,0.846320346,0.916534181,0.201813298,0.650582363,391,71,2306,210
0.368635124541,0.844155844,0.916534181,0.201477502,0.650000000,390,72,2306,210
0.368735337202,0.844155844,0.916931638,0.201141706,0.651085142,390,72,2307,209
0.369567989991,0.841991342,0.916931638,0.200805910,0.650501672,389,73,2307,209
0.370704630629,0.839826840,0.916931638,0.200470114,0.649916248,388,74,2307,209
0.370904217132,0.839826840,0.917329094,0.200134318,0.651006711,388,74,2308,208
0.371477172939,0.839826840,0.917726550,0.199798522,0.652100840,388,74,2309,207
0.371547016410,0.839826840,0.918124006,0.199462727,0.653198653,388,74,2310,206
0.372054370446,0.839826840,0.918521463,0.199126931,0.654300169,388,74,2311,205
0.373719191273,0.839826840,0.918918919,0.198791135,0.655405405,388,74,2312,204
0.375097655124,0.839826840,0.919316375,0.198455339,0.656514382,388,74,2313,203
0.378877093453,0.837662338,0.919316375,0.198119543,0.655932203,387,75,2313,203
0.379613708431,0.837662338,0.919713831,0.197783747,0.657045840,387,75,2314,202
0.379990824944,0.837662338,0.920111288,0.197447952,0.658163265,387,75,2315,201
0.380003512256,0.835497835,0.920111288,0.197112156,0.657580920,386,76,2315,201
0.383151746304,0.833333333,0.920111288,0.196776360,0.656996587,385,77,2315,201
0.384600028646,0.833333333,0.920508744,0.196440564,0.658119658,385,77,2316,200
0.384819881182,0.833333333,0.920906200,0.196104768,0.659246575,385,77,2317,199
0.385545958737,0.831168831,0.920906200,0.195768972,0.658662093,384,78,2317,199
0.386052643979,0.831168831,0.921303657,0.195433177,0.659793814,384,78,2318,198
0.386161900439,0.831168831,0.921701113,0.195097381,0.660929432,384,78,2319,197
0.386689025728,0.829004329,0.921701113,0.194761585,0.660344828,383,79,2319,197
0.386867927194,0.829004329,0.922098569,0.194425789,0.661485320,383,79,2320,196
0.388001800831,0.829004329,0.922496025,0.194089993,0.662629758,383,79,2321,195
0.394977910391,0.829004329,0.922893482,0.193754197,0.663778163,383,79,2322,194
0.395528924925,0.829004329,0.923290938,0.193418402,0.664930556,383,79,2323,193
0.398579484263,0.829004329,0.923688394,0.193082606,0.666086957,383,79,2324,192
0.399437661542,0.829004329,0.924085851,0.192746810,0.667247387,383,79,2325,191
0.400412253559,0.829004329,0.924483307,0.192411014,0.668411867,383,79,2326,190
0.401983235528,0.826839827,0.924483307,0.192075218,0.667832168,382,80,2326,190
0.406507511847,0.826839827,0.924880763,0.191739422,0.669001751,382,80,2327,189
0.407920913100,0.826839827,0.925278219,0.191403627,0.670175439,382,80,2328,188
0.407924851815,0.826839827,0.925675676,0.191067831,0.671353251,382,80,2329,187
0.408842724552,0.824675325,0.925675676,0.190732035,0.670774648,381,81,2329,187
0.410112638422,0.824675325,0.926073132,0.190396239,0.671957672,381,81,2330,186
0.410174004483,0.822510823,0.926073132,0.190060443,0.671378092,380,82,2330,186
0.410575850621,0.820346320,0.926073132,0.189724647,0.670796460,379,83,2330,186
0.410687740275,0.818181818,0.926073132,0.189388852,0.670212766,378,84,2330,186
0.411001695424,0.818181818,0.926470588,0.189053056,0.671403197,378,84,2331,185
0.411977779172,0.816017316,0.926470588,0.188717260,0.670818505,377,85,2331,185
0.415761228792,0.816017316,0.926868045,0.188381464,0.672014260,377,85,2332,184
0.416963657731,0.816017316,0.927265501,0.188045668,0.673214286,377,85,2333,183
0.417232225721,0.813852814,0.927265501,0.187709872,0.672629696,376,86,2333,183
0.417862857156,0.813852814,0.927662957,0.187374077,0.673835125,376,86,2334,182
0.418745768142,0.813852814,0.928060413,0.187038281,0.675044883,376,86,2335,181
0.421112074272,0.813852814,0.928457870,0.186702485,0.676258993,376,86,2336,180
0.421377154396,0.811688312,0.928457870,0.186366689,0.675675676,375,87,2336,180
0.423892148152,0.811688312,0.928855326,0.186030893,0.676895307,375,87,2337,179
0.424699272426,0.809523810,0.928855326,0.185695097,0.676311031,374,88,2337,179
0.424865495047,0.809523810,0.929252782,0.185359302,0.677536232,374,88,2338,178
0.425049624501,0.807359307,0.929252782,0.185023506,0.676950998,373,89,2338,178
0.425199667735,0.807359307,0.929650238,0.184687710,0.678181818,373,89,2339,177
0.428479683255,0.807359307,0.930047695,0.184351914,0.679417122,373,89,2340,176
0.429058176035,0.805194805,0.930047695,0.184016118,0.678832117,372,90,2340,176
0.430075828767,0.803030303,0.930047695,0.183680322,0.678244973,371,91,2340,176
0.430775525551,0.803030303,0.930445151,0.183344527,0.679487179,371,91,2341,175
0.431319909268,0.803030303,0.930842607,0.183008731,0.680733945,371,91,2342,174
0.431606560611,0.803030303,0.931240064,0.182672935,0.681985294,371,91,2343,173
0.432231624286,0.800865801,0.931240064,0.182337139,0.681399632,370,92,2343,173
0.432341634681,0.800865801,0.931637520,0.182001343,0.682656827,370,92,2344,172
0.433395239626,0.800865801,0.932034976,0.181665547,0.683918669,370,92,2345,171
0.434303848352,0.800865801,0.932432432,0.181329752,0.685185185,370,92,2346,170
0.434462730056,0.800865801,0.932829889,0.180993956,0.686456401,370,92,2347,169
0.434685469131,0.798701299,0.932829889,0.180658160,0.685873606,369,93,2347,169
0.436012162196,0.798701299,0.933227345,0.180322364,0.687150838,369,93,2348,168
0.436653818759,0.798701299,0.933624801,0.179986568,0.688432836,369,93,2349,167
0.439245810568,0.798701299,0.934022258,0.179650772,0.689719626,369,93,2350,166
0.439337358562,0.798701299,0.934419714,0.179314976,0.691011236,369,93,2351,165
0.440090284272,0.796536797,0.934419714,0.178979181,0.690431520,368,94,2351,165
0.440992869911,0.794372294,0.934419714,0.178643385,0.689849624,367,95,2351,165
0.444158043597,0.794372294,0.934817170,0.178307589,0.691148776,367,95,2352,164
0.445343709869,0.792207792,0.934817170,0.177971793,0.690566038,366,96,2352,164
0.446921779274,0.792207792,0.935214626,0.177635997,0.691871456,366,96,2353,163
0.449127431593,0.792207792,0.935612083,0.177300201,0.693181818,366,96,2354,162
0.449399817839,0.792207792,0.936009539,0.176964406,0.694497154,366,96,2355,161
0.449404434628,0.792207792,0.936406995,0.176628610,0.695817490,366,96,2356,160
0.450646093955,0.792207792,0.936804452,0.176292814,0.697142857,366,96,2357,159
0.451186716888,0.792207792,0.937201908,0.175957018,0.698473282,366,96,2358,158
0.451721861362,0.792207792,0.937599364,0.175621222,0.699808795,366,96,2359,157
0.452258718766,0.792207792,0.937996820,0.175285426,0.701149425,366,96,2360,156
0.453232250400,0.792207792,0.938394277,0.174949631,0.702495202,366,96,2361,155
0.453330367760,0.792207792,0.938791733,0.174613835,0.703846154,366,96,2362,154
0.453785074541,0.792207792,0.939189189,0.174278039,0.705202312,366,96,2363,153
0.455687802944,0.792207792,0.939586645,0.173942243,0.706563707,366,96,2364,152
0.456099046660,0.792207792,0.939984102,0.173606447,0.707930368,366,96,2365,151
0.456405910474,0.792207792,0.940381558,0.173270651,0.709302326,366,96,2366,150
0.457972413730,0.790043290,0.940381558,0.172934856,0.708737864,365,97,2366,150
0.457989435080,0.790043290,0.940779014,0.172599060,0.710116732,365,97,2367,149
0.458338079717,0.790043290,0.941176471,0.172263264,0.711500975,365,97,2368,148
0.460539771029,0.790043290,0.941573927,0.171927468,0.712890625,365,97,2369,147
0.461332062155,0.790043290,0.941971383,0.171591672,0.714285714,365,97,2370,146
0.461613852568,0.790043290,0.942368839,0.171255876,0.715686275,365,97,2371,145
0.462897684859,0.790043290,0.942766296,0.170920081,0.717092338,365,97,2372,144
0.463477743833,0.787878788,0.942766296,0.170584285,0.716535433,364,98,2372,144
0.464213149608,0.787878788,0.943163752,0.170248489,0.717948718,364,98,2373,143
0.464620387884,0.787878788,0.943561208,0.169912693,0.719367589,364,98,2374,142
0.465649589954,0.787878788,0.943958665,0.169576897,0.720792079,364,98,2375,141
0.465655968153,0.787878788,0.944356121,0.169241101,0.722222222,364,98,2376,140
0.466353248524,0.785714286,0.944356121,0.168905306,0.721669980,363,99,2376,140
0.468523592819,0.785714286,0.944753577,0.168569510,0.723107570,363,99,2377,139
0.468970170621,0.783549784,0.944753577,0.168233714,0.722554890,362,100,2377,139
0.469458039982,0.783549784,0.945151033,0.167897918,0.724000000,362,100,2378,138
0.470281734155,0.781385281,0.945151033,0.167562122,0.723446894,361,101,2378,138
0.473354013692,0.781385281,0.945548490,0.167226326,0.724899598,361,101,2379,137
0.473593841959,0.781385281,0.945945946,0.166890531,0.726358149,361,101,2380,136
0.473721853368,0.781385281,0.946343402,0.166554735,0.727822581,361,101,2381,135
0.473927702114,0.781385281,0.946740859,0.166218939,0.729292929,361,101,2382,134
0.474152606111,0.781385281,0.947138315,0.165883143,0.730769231,361,101,2383,133
0.474601788515,0.779220779,0.947138315,0.165547347,0.730223124,360,102,2383,133
0.474661179899,0.779220779,0.947535771,0.165211551,0.731707317,360,102,2384,132
0.476450824106,0.779220779,0.947933227,0.164875756,0.733197556,360,102,2385,131
0.477231255673,0.779220779,0.948330684,0.164539960,0.734693878,360,102,2386,130
0.479002068622,0.777056277,0.948330684,0.164204164,0.734151329,359,103,2386,130
0.479995312384,0.777056277,0.948728140,0.163868368,0.735655738,359,103,2387,129
0.480550904866,0.777056277,0.949125596,0.163532572,0.737166324,359,103,2388,128
0.482884853492,0.774891775,0.949125596,0.163196776,0.736625514,358,104,2388,128
0.486163847964,0.774891775,0.949523052,0.162860981,0.738144330,358,104,2389,127
0.486998094342,0.772727273,0.949523052,0.162525185,0.737603306,357,105,2389,127
0.488869623294,0.772727273,0.949920509,0.162189389,0.739130435,357,105,2390,126
0.489181647462,0.772727273,0.950317965,0.161853593,0.740663900,357,105,2391,125
0.489226634903,0.772727273,0.950715421,0.161517797,0.742203742,357,105,2392,124
0.490354558543,0.770562771,0.950715421,0.161182001,0.741666667,356,106,2392,124
0.490489819337,0.770562771,0.951112878,0.160846206,0.743215031,356,106,2393,123
0.491340720595,0.770562771,0.951510334,0.160510410,0.744769874,356,106,2394,122
0.492104967632,0.768398268,0.951510334,0.160174614,0.744234801,355,107,2394,122
0.495838648555,0.768398268,0.951907790,0.159838818,0.745798319,355,107,2395,121
0.496417229309,0.766233766,0.951907790,0.159503022,0.745263158,354,108,2395,121
0.496424984199,0.764069264,0.951907790,0.159167226,0.744725738,353,109,2395,121
0.497360105414,0.764069264,0.952305246,0.158831430,0.746300211,353,109,2396,120
0.497550971961,0.761904762,0.952305246,0.158495635,0.745762712,352,110,2396,120
0.497567533641,0.761904762,0.952702703,0.158159839,0.747346072,352,110,2397,119
0.500246631593,0.759740260,0.952702703,0.157824043,0.746808511,351,111,2397,119
0.501830079241,0.759740260,0.953100159,0.157488247,0.748400853,351,111,2398,118
0.503390277083,0.757575758,0.953100159,0.157152451,0.747863248,350,112,2398,118
0.503591948060,0.755411255,0.953100159,0.156816655,0.747323340,349,113,2398,118
0.504997175784,0.755411255,0.953497615,0.156480860,0.748927039,349,113,2399,117
0.505476803967,0.755411255,0.953895072,0.156145064,0.750537634,349,113,2400,116
0.506395220073,0.755411255,0.954292528,0.155809268,0.752155172,349,113,2401,115
0.507029148639,0.753246753,0.954292528,0.155473472,0.751619870,348,114,2401,115
0.507294810088,0.751082251,0.954292528,0.155137676,0.751082251,347,115,2401,115
0.509201674896,0.748917749,0.954292528,0.154801880,0.750542299,346,116,2401,115
0.510076565829,0.748917749,0.954689984,0.154466085,0.752173913,346,116,2402,114
0.510200320343,0.748917749,0.955087440,0.154130289,0.753812636,346,116,2403,113
0.511071560328,0.748917749,0.955484897,0.153794493,0.755458515,346,116,2404,112
0.511139956096,0.748917749,0.955882353,0.153458697,0.757111597,346,116,2405,111
0.511774366575,0.748917749,0.956279809,0.153122901,0.758771930,346,116,2406,110
0.514289224566,0.748917749,0.956677266,0.152787105,0.760439560,346,116,2407,109
0.517090523040,0.748917749,0.957074722,0.152451310,0.762114537,346,116,2408,108
0.517592262967,0.748917749,0.957472178,0.152115514,0.763796909,346,116,2409,107
0.517967747856,0.746753247,0.957472178,0.151779718,0.763274336,345,117,2409,107
0.519231614558,0.746753247,0.957869634,0.151443922,0.764966741,345,117,2410,106
0.519274061787,0.746753247,0.958267091,0.151108126,0.766666667,345,117,2411,105
0.521002892572,0.746753247,0.958664547,0.150772330,0.768374165,345,117,2412,104
0.521036402834,0.746753247,0.959062003,0.150436535,0.770089286,345,117,2413,103
0.521818159658,0.746753247,0.959459459,0.150100739,0.771812081,345,117,2414,102
0.522313182930,0.746753247,0.959856916,0.149764943,0.773542601,345,117,2415,101
0.525543902187,0.746753247,0.960254372,0.149429147,0.775280899,345,117,2416,100
0.526480290425,0.744588745,0.960254372,0.149093351,0.774774775,344,118,2416,100
0.526989412519,0.744588745,0.960651828,0.148757555,0.776523702,344,118,2417,99
0.528564335628,0.742424242,0.960651828,0.148421760,0.776018100,343,119,2417,99
0.529155217719,0.742424242,0.961049285,0.148085964,0.777777778,343,119,2418,98
0.529335256011,0.740259740,0.961049285,0.147750168,0.777272727,342,120,2418,98
0.531565180339,0.738095238,0.961049285,0.147414372,0.776765376,341,121,2418,98
0.531808985049,0.738095238,0.961446741,0.147078576,0.778538813,341,121,2419,97
0.534381846323,0.738095238,0.961844197,0.146742780,0.780320366,341,121,2420,96
0.534797676840,0.735930736,0.961844197,0.146406985,0.779816514,340,122,2420,96
0.536081685113,0.735930736,0.962241653,0.146071189,0.781609195,340,122,2421,95
0.536312931012,0.735930736,0.962639110,0.145735393,0.783410138,340,122,2422,94
0.540170862504,0.733766234,0.962639110,0.145399597,0.782909931,339,123,2422,94
0.541798852935,0.733766234,0.963036566,0.145063801,0.784722222,339,123,2423,93
0.543641638692,0.733766234,0.963434022,0.144728005,0.786542923,339,123,2424,92
0.544294118183,0.731601732,0.963434022,0.144392210,0.786046512,338,124,2424,92
0.544428640031,0.729437229,0.963434022,0.144056414,0.785547786,337,125,2424,92
0.544780261824,0.729437229,0.963831479,0.143720618,0.787383178,337,125,2425,91
0.550195766096,0.727272727,0.963831479,0.143384822,0.786885246,336,126,2425,91
0.550920205367,0.727272727,0.964228935,0.143049026,0.788732394,336,126,2426,90
0.552845905376,0.725108225,0.964228935,0.142713230,0.788235294,335,127,2426,90
0.556183732173,0.722943723,0.964228935,0.142377435,0.787735849,334,128,2426,90
0.556604761132,0.722943723,0.964626391,0.142041639,0.789598109,334,128,2427,89
0.556630458207,0.720779221,0.964626391,0.141705843,0.789099526,333,129,2427,89
0.562036280628,0.718614719,0.964626391,0.141370047,0.788598575,332,130,2427,89
0.566559206936,0.716450216,0.964626391,0.141034251,0.788095238,331,131,2427,89
0.567327440425,0.716450216,0.965023847,0.140698455,0.789976134,331,131,2428,88
0.568217163818,0.716450216,0.965421304,0.140362660,0.791866029,331,131,2429,87
0.568321882446,0.716450216,0.965818760,0.140026864,0.793764988,331,131,2430,86
0.569570797570,0.716450216,0.966216216,0.139691068,0.795673077,331,131,2431,85
0.570097547789,0.714285714,0.966216216,0.139355272,0.795180723,330,132,2431,85
0.570537101515,0.712121212,0.966216216,0.139019476,0.794685990,329,133,2431,85
0.570630367903,0.712121212,0.966613672,0.138683680,0.796610169,329,133,2432,84
0.572069711183,0.712121212,0.967011129,0.138347884,0.798543689,329,133,2433,83
0.574181972898,0.712121212,0.967408585,0.138012089,0.800486618,329,133,2434,82
0.574651572160,0.709956710,0.967408585,0.137676293,0.800000000,328,134,2434,82
0.578337367687,0.707792208,0.967408585,0.137340497,0.799511002,327,135,2434,82
0.578476611355,0.705627706,0.967408585,0.137004701,0.799019608,326,136,2434,82
0.579560603825,0.703463203,0.967408585,0.136668905,0.798525799,325,137,2434,82
0.579726466522,0.703463203,0.967806041,0.136333109,0.800492611,325,137,2435,81
0.582355049518,0.703463203,0.968203498,0.135997314,0.802469136,325,137,2436,80
0.585288209074,0.703463203,0.968600954,0.135661518,0.804455446,325,137,2437,79
0.586603484019,0.701298701,0.968600954,0.135325722,0.803970223,324,138,2437,79
0.586627278035,0.701298701,0.968998410,0.134989926,0.805970149,324,138,2438,78
0.587927131232,0.701298701,0.969395866,0.134654130,0.807980050,324,138,2439,77
0.587954182804,0.701298701,0.969793323,0.134318334,0.810000000,324,138,2440,76
0.588513617523,0.699134199,0.969793323,0.133982539,0.809523810,323,139,2440,76
0.589424725701,0.699134199,0.970190779,0.133646743,0.811557789,323,139,2441,75
0.591441163494,0.699134199,0.970588235,0.133310947,0.813602015,323,139,2442,74
0.591894488617,0.696969697,0.970588235,0.132975151,0.813131313,322,140,2442,74
0.593552058565,0.694805195,0.970588235,0.132639355,0.812658228,321,141,2442,74
0.597051429285,0.694805195,0.970985692,0.132303559,0.814720812,321,141,2443,73
0.598457890814,0.692640693,0.970985692,0.131967764,0.814249364,320,142,2443,73
0.598582436562,0.692640693,0.971383148,0.131631968,0.816326531,320,142,2444,72
0.599245377431,0.692640693,0.971780604,0.131296172,0.818414322,320,142,2445,71
0.599711105197,0.692640693,0.972178060,0.130960376,0.820512821,320,142,2446,70
0.601841403813,0.690476190,0.972178060,0.130624580,0.820051414,319,143,2446,70
0.603357144118,0.690476190,0.972575517,0.130288784,0.822164948,319,143,2447,69
0.606961764925,0.690476190,0.972972973,0.129952989,0.824289406,319,143,2448,68
0.607563963701,0.690476190,0.973370429,0.129617193,0.826424870,319,143,2449,67
0.614759515043,0.690476190,0.973767886,0.129281397,0.828571429,319,143,2450,66
0.615060261011,0.688311688,0.973767886,0.128945601,0.828125000,318,144,2450,66
0.615808924431,0.686147186,0.973767886,0.128609805,0.827676240,317,145,2450,66
0.616070942425,0.683982684,0.973767886,0.128274009,0.827225131,316,146,2450,66
0.619551836217,0.683982684,0.974165342,0.127938214,0.829396325,316,146,2451,65
0.619915750463,0.681818182,0.974165342,0.127602418,0.828947368,315,147,2451,65
0.627326960689,0.679653680,0.974165342,0.127266622,0.828496042,314,148,2451,65
0.628483942183,0.679653680,0.974562798,0.126930826,0.830687831,314,148,2452,64
0.629284456293,0.679653680,0.974960254,0.126595030,0.832891247,314,148,2453,63
0.629517297587,0.677489177,0.974960254,0.126259234,0.832446809,313,149,2453,63
0.631866480939,0.675324675,0.974960254,0.125923439,0.832000000,312,150,2453,63
0.633919280841,0.675324675,0.975357711,0.125587643,0.834224599,312,150,2454,62
0.634937224555,0.673160173,0.975357711,0.125251847,0.833780161,311,151,2454,62
0.637426233563,0.670995671,0.975357711,0.124916051,0.833333333,310,152,2454,62
0.637895659400,0.670995671,0.975755167,0.124580255,0.835579515,310,152,2455,61
0.638671826128,0.670995671,0.976152623,0.124244459,0.837837838,310,152,2456,60
0.638680929473,0.670995671,0.976550079,0.123908664,0.840108401,310,152,2457,59
0.641044742205,0.670995671,0.976947536,0.123572868,0.842391304,310,152,2458,58
0.641531313645,0.670995671,0.977344992,0.123237072,0.844686649,310,152,2459,57
0.642400886458,0.670995671,0.977742448,0.122901276,0.846994536,310,152,2460,56
0.642486630788,0.668831169,0.977742448,0.122565480,0.846575342,309,153,2460,56
0.645574254640,0.668831169,0.978139905,0.122229684,0.848901099,309,153,2461,55
0.646464824586,0.666666667,0.978139905,0.121893889,0.848484848,308,154,2461,55
0.646917439294,0.664502165,0.978139905,0.121558093,0.848066298,307,155,2461,55
0.647571324859,0.662337662,0.978139905,0.121222297,0.847645429,306,156,2461,55
0.648712344241,0.662337662,0.978537361,0.120886501,0.850000000,306,156,2462,54
0.650527406655,0.662337662,0.978934817,0.120550705,0.852367688,306,156,2463,53
0.651242118096,0.660173160,0.978934817,0.120214909,0.851955307,305,157,2463,53
0.652488349688,0.658008658,0.978934817,0.119879113,0.851540616,304,158,2463,53
0.654974224915,0.655844156,0.978934817,0.119543318,0.851123596,303,159,2463,53
0.655098424414,0.653679654,0.978934817,0.119207522,0.850704225,302,160,2463,53
0.656211395857,0.651515152,0.978934817,0.118871726,0.850282486,301,161,2463,53
0.656390806493,0.649350649,0.978934817,0.118535930,0.849858357,300,162,2463,53
0.657502767816,0.647186147,0.978934817,0.118200134,0.849431818,299,163,2463,53
0.658211943987,0.645021645,0.978934817,0.117864338,0.849002849,298,164,2463,53
0.659945643239,0.642857143,0.978934817,0.117528543,0.848571429,297,165,2463,53
0.661971809915,0.640692641,0.978934817,0.117192747,0.848137536,296,166,2463,53
0.665963713732,0.638528139,0.978934817,0.116856951,0.847701149,295,167,2463,53
0.671214261261,0.636363636,0.978934817,0.116521155,0.847262248,294,168,2463,53
0.671290021495,0.636363636,0.979332273,0.116185359,0.849710983,294,168,2464,52
0.671568605625,0.636363636,0.979729730,0.115849563,0.852173913,294,168,2465,51
0.671923185455,0.634199134,0.979729730,0.115513768,0.851744186,293,169,2465,51
0.672128937829,0.632034632,0.979729730,0.115177972,0.851311953,292,170,2465,51
0.675709595649,0.629870130,0.979729730,0.114842176,0.850877193,291,171,2465,51
0.676280584214,0.629870130,0.980127186,0.114506380,0.853372434,291,171,2466,50
0.677693649078,0.627705628,0.980127186,0.114170584,0.852941176,290,172,2466,50
0.680368795507,0.627705628,0.980524642,0.113834788,0.855457227,290,172,2467,49
0.680922720272,0.627705628,0.980922099,0.113498993,0.857988166,290,172,2468,48
0.682635866309,0.627705628,0.981319555,0.113163197,0.860534125,290,172,2469,47
0.684300892604,0.627705628,0.981717011,0.112827401,0.863095238,290,172,2470,46
0.690774724837,0.627705628,0.982114467,0.112491605,0.865671642,290,172,2471,45
0.691287964527,0.625541126,0.982114467,0.112155809,0.865269461,289,173,2471,45
0.691672330225,0.623376623,0.982114467,0.111820013,0.864864865,288,174,2471,45
0.693647911593,0.621212121,0.982114467,0.111484218,0.864457831,287,175,2471,45
0.694055475682,0.621212121,0.982511924,0.111148422,0.867069486,287,175,2472,44
0.694765107460,0.619047619,0.982511924,0.110812626,0.866666667,286,176,2472,44
0.695206825265,0.616883117,0.982511924,0.110476830,0.866261398,285,177,2472,44
0.697626893256,0.614718615,0.982511924,0.110141034,0.865853659,284,178,2472,44
0.698049978938,0.612554113,0.982511924,0.109805238,0.865443425,283,179,2472,44
0.698828130289,0.612554113,0.982909380,0.109469443,0.868098160,283,179,2473,43
0.700077658850,0.612554113,0.983306836,0.109133647,0.870769231,283,179,2474,42
0.707660768308,0.612554113,0.983704293,0.108797851,0.873456790,283,179,2475,41
0.707753625365,0.610389610,0.983704293,0.108462055,0.873065015,282,180,2475,41
0.708775886327,0.608225108,0.983704293,0.108126259,0.872670807,281,181,2475,41
0.709240477461,0.606060606,0.983704293,0.107790463,0.872274143,280,182,2475,41
0.711069249370,0.606060606,0.984101749,0.107454668,0.875000000,280,182,2476,40
0.719054701137,0.606060606,0.984499205,0.107118872,0.877742947,280,182,2477,39
0.722079939466,0.603896104,0.984499205,0.106783076,0.877358491,279,183,2477,39
0.724050524292,0.603896104,0.984896661,0.106447280,0.880126183,279,183,2478,38
0.724219562089,0.601731602,0.984896661,0.106111484,0.879746835,278,184,2478,38
0.724694096551,0.599567100,0.984896661,0.105775688,0.879365079,277,185,2478,38
0.727028408357,0.597402597,0.984896661,0.105439893,0.878980892,276,186,2478,38
0.728578641100,0.595238095,0.984896661,0.105104097,0.878594249,275,187,2478,38
0.730167933684,0.595238095,0.985294118,0.104768301,0.881410256,275,187,2479,37
0.731117873946,0.593073593,0.985294118,0.104432505,0.881028939,274,188,2479,37
0.731496401914,0.590909091,0.985294118,0.104096709,0.880645161,273,189,2479,37
0.733777937170,0.588744589,0.985294118,0.103760913,0.880258900,272,190,2479,37
0.734727541216,0.586580087,0.985294118,0.103425118,0.879870130,271,191,2479,37
0.734885769340,0.584415584,0.985294118,0.103089322,0.879478827,270,192,2479,37
0.740522940345,0.584415584,0.985691574,0.102753526,0.882352941,270,192,2480,36
0.742409318427,0.582251082,0.985691574,0.102417730,0.881967213,269,193,2480,36
0.742631246079,0.580086580,0.985691574,0.102081934,0.881578947,268,194,2480,36
0.743394569678,0.580086580,0.986089030,0.101746138,0.884488449,268,194,2481,35
0.743858827842,0.580086580,0.986486486,0.101410343,0.887417219,268,194,2482,34
0.744161214410,0.580086580,0.986883943,0.101074547,0.890365449,268,194,2483,33
0.744832737407,0.577922078,0.986883943,0.100738751,0.890000000,267,195,2483,33
0.746879228381,0.575757576,0.986883943,0.100402955,0.889632107,266,196,2483,33
0.747725890467,0.573593074,0.986883943,0.100067159,0.889261745,265,197,2483,33
0.748067664506,0.571428571,0.986883943,0.099731363,0.888888889,264,198,2483,33
0.750862338252,0.571428571,0.987281399,0.099395567,0.891891892,264,198,2484,32
0.751864893399,0.569264069,0.987281399,0.099059772,0.891525424,263,199,2484,32
0.755552819867,0.567099567,0.987281399,0.098723976,0.891156463,262,200,2484,32
0.755555701351,0.567099567,0.987678855,0.098388180,0.894197952,262,200,2485,31
0.756869144009,0.564935065,0.987678855,0.098052384,0.893835616,261,201,2485,31
0.759001358402,0.564935065,0.988076312,0.097716588,0.896907216,261,201,2486,30
0.759635728625,0.562770563,0.988076312,0.097380792,0.896551724,260,202,2486,30
0.760893899073,0.560606061,0.988076312,0.097044997,0.896193772,259,203,2486,30
0.762935251719,0.560606061,0.988473768,0.096709201,0.899305556,259,203,2487,29
0.765939467915,0.558441558,0.988473768,0.096373405,0.898954704,258,204,2487,29
0.766836518301,0.556277056,0.988473768,0.096037609,0.898601399,257,205,2487,29
0.767029152000,0.554112554,0.988473768,0.095701813,0.898245614,256,206,2487,29
0.767200821127,0.554112554,0.988871224,0.095366017,0.901408451,256,206,2488,28
0.767648304424,0.551948052,0.988871224,0.095030222,0.901060071,255,207,2488,28
0.767937886697,0.551948052,0.989268680,0.094694426,0.904255319,255,207,2489,27
0.768384160454,0.551948052,0.989666137,0.094358630,0.907473310,255,207,2490,26
0.769501827755,0.549783550,0.989666137,0.094022834,0.907142857,254,208,2490,26
0.770572544732,0.547619048,0.989666137,0.093687038,0.906810036,253,209,2490,26
0.774838143325,0.545454545,0.989666137,0.093351242,0.906474820,252,210,2490,26
0.775086406493,0.543290043,0.989666137,0.093015447,0.906137184,251,211,2490,26
0.775287394510,0.541125541,0.989666137,0.092679651,0.905797101,250,212,2490,26
0.776790160661,0.538961039,0.989666137,0.092343855,0.905454545,249,213,2490,26
0.777781430556,0.536796537,0.989666137,0.092008059,0.905109489,248,214,2490,26
0.777858100442,0.534632035,0.989666137,0.091672263,0.904761905,247,215,2490,26
0.779042278281,0.532467532,0.989666137,0.091336467,0.904411765,246,216,2490,26
0.779047368981,0.530303030,0.989666137,0.091000672,0.904059041,245,217,2490,26
0.779465920658,0.528138528,0.989666137,0.090664876,0.903703704,244,218,2490,26
0.781615391747,0.525974026,0.989666137,0.090329080,0.903345725,243,219,2490,26
0.781651658377,0.523809524,0.989666137,0.089993284,0.902985075,242,220,2490,26
0.783063620429,0.523809524,0.990063593,0.089657488,0.906367041,242,220,2491,25
0.785093875992,0.521645022,0.990063593,0.089321692,0.906015038,241,221,2491,25
0.786346649282,0.519480519,0.990063593,0.088985897,0.905660377,240,222,2491,25
0.788879316817,0.517316017,0.990063593,0.088650101,0.905303030,239,223,2491,25
0.789331877630,0.515151515,0.990063593,0.088314305,0.904942966,238,224,2491,25
0.790155722326,0.512987013,0.990063593,0.087978509,0.904580153,237,225,2491,25
0.795210093475,0.510822511,0.990063593,0.087642713,0.904214559,236,226,2491,25
0.795615967660,0.510822511,0.990461049,0.087306917,0.907692308,236,226,2492,24
0.797101245710,0.508658009,0.990461049,0.086971122,0.907335907,235,227,2492,24
0.798436449725,0.506493506,0.990461049,0.086635326,0.906976744,234,228,2492,24
0.803895131094,0.506493506,0.990858506,0.086299530,0.910505837,234,228,2493,23
0.805877695476,0.504329004,0.990858506,0.085963734,0.910156250,233,229,2493,23
0.807209723444,0.504329004,0.991255962,0.085627938,0.913725490,233,229,2494,22
0.808363091215,0.502164502,0.991255962,0.085292142,0.913385827,232,230,2494,22
0.811005656381,0.500000000,0.991255962,0.084956347,0.913043478,231,231,2494,22
0.814434773893,0.497835498,0.991255962,0.084620551,0.912698413,230,232,2494,22
0.815031476019,0.495670996,0.991255962,0.084284755,0.912350598,229,233,2494,22
0.815459781408,0.493506494,0.991255962,0.083948959,0.912000000,228,234,2494,22
0.819855716792,0.491341991,0.991255962,0.083613163,0.911646586,227,235,2494,22
0.821655144062,0.489177489,0.991255962,0.083277367,0.911290323,226,236,2494,22
0.824510831941,0.487012987,0.991255962,0.082941572,0.910931174,225,237,2494,22
0.824962293244,0.484848485,0.991255962,0.082605776,0.910569106,224,238,2494,22
0.825420815004,0.482683983,0.991255962,0.082269980,0.910204082,223,239,2494,22
0.826045969417,0.480519481,0.991255962,0.081934184,0.909836066,222,240,2494,22
0.826563455303,0.478354978,0.991255962,0.081598388,0.909465021,221,241,2494,22
0.827312524525,0.476190476,0.991255962,0.081262592,0.909090909,220,242,2494,22
0.827479696475,0.474025974,0.991255962,0.080926797,0.908713693,219,243,2494,22
0.827705923614,0.471861472,0.991255962,0.080591001,0.908333333,218,244,2494,22
0.829397316844,0.469696970,0.991255962,0.080255205,0.907949791,217,245,2494,22
0.829545541927,0.469696970,0.991653418,0.079919409,0.911764706,217,245,2495,21
0.833923810505,0.467532468,0.991653418,0.079583613,0.911392405,216,246,2495,21
0.837763897067,0.465367965,0.991653418,0.079247817,0.911016949,215,247,2495,21
0.838179171555,0.463203463,0.991653418,0.078912021,0.910638298,214,248,2495,21
0.842314565391,0.461038961,0.991653418,0.078576226,0.910256410,213,249,2495,21
0.842580284248,0.458874459,0.991653418,0.078240430,0.909871245,212,250,2495,21
0.843426687519,0.456709957,0.991653418,0.077904634,0.909482759,211,251,2495,21
0.843457339254,0.454545455,0.991653418,0.077568838,0.909090909,210,252,2495,21
0.844154628675,0.454545455,0.992050874,0.077233042,0.913043478,210,252,2496,20
0.847367559693,0.452380952,0.992050874,0.076897246,0.912663755,209,253,2496,20
0.851549001375,0.450216450,0.992050874,0.076561451,0.912280702,208,254,2496,20
0.852926766747,0.448051948,0.992050874,0.076225655,0.911894273,207,255,2496,20
0.856211752601,0.445887446,0.992050874,0.075889859,0.911504425,206,256,2496,20
0.856478654685,0.443722944,0.992050874,0.075554063,0.911111111,205,257,2496,20
0.857229040569,0.441558442,0.992050874,0.075218267,0.910714286,204,258,2496,20
0.858519714464,0.439393939,0.992050874,0.074882471,0.910313901,203,259,2496,20
0.860695353377,0.439393939,0.992448331,0.074546676,0.914414414,203,259,2497,19
0.860761554430,0.439393939,0.992845787,0.074210880,0.918552036,203,259,2498,18
0.867538191737,0.439393939,0.993243243,0.073875084,0.922727273,203,259,2499,17
0.869188306880,0.437229437,0.993243243,0.073539288,0.922374429,202,260,2499,17
0.869213863833,0.435064935,0.993243243,0.073203492,0.922018349,201,261,2499,17
0.870975374413,0.435064935,0.993640700,0.072867696,0.926267281,201,261,2500,16
0.872906712015,0.432900433,0.993640700,0.072531901,0.925925926,200,262,2500,16
0.873295377452,0.430735931,0.993640700,0.072196105,0.925581395,199,263,2500,16
0.874036900772,0.428571429,0.993640700,0.071860309,0.925233645,198,264,2500,16
0.877443102986,0.426406926,0.993640700,0.071524513,0.924882629,197,265,2500,16
0.881148122799,0.424242424,0.993640700,0.071188717,0.924528302,196,266,2500,16
0.881847733534,0.422077922,0.993640700,0.070852921,0.924170616,195,267,2500,16
0.882223204584,0.419913420,0.993640700,0.070517126,0.923809524,194,268,2500,16
0.883099008125,0.417748918,0.993640700,0.070181330,0.923444976,193,269,2500,16
0.883139333033,0.415584416,0.993640700,0.069845534,0.923076923,192,270,2500,16
0.884085304189,0.413419913,0.993640700,0.069509738,0.922705314,191,271,2500,16
0.887259487664,0.411255411,0.993640700,0.069173942,0.922330097,190,272,2500,16
0.887716190380,0.409090909,0.993640700,0.068838146,0.921951220,189,273,2500,16
0.888017099448,0.406926407,0.993640700,0.068502351,0.921568627,188,274,2500,16
0.889101748801,0.404761905,0.993640700,0.068166555,0.921182266,187,275,2500,16
0.889515587963,0.404761905,0.994038156,0.067830759,0.925742574,187,275,2501,15
0.890795018776,0.402597403,0.994038156,0.067494963,0.925373134,186,276,2501,15
0.891980162014,0.400432900,0.994038156,0.067159167,0.925000000,185,277,2501,15
0.893124758208,0.398268398,0.994038156,0.066823371,0.924623116,184,278,2501,15
0.895972501370,0.396103896,0.994038156,0.066487576,0.924242424,183,279,2501,15
0.899397068287,0.393939394,0.994038156,0.066151780,0.923857868,182,280,2501,15
0.899959848918,0.393939394,0.994435612,0.065815984,0.928571429,182,280,2502,14
0.900413307449,0.391774892,0.994435612,0.065480188,0.928205128,181,281,2502,14
0.900782328648,0.391774892,0.994833068,0.065144392,0.932989691,181,281,2503,13
0.903025383819,0.389610390,0.994833068,0.064808596,0.932642487,180,282,2503,13
0.903503888447,0.389610390,0.995230525,0.064472801,0.937500000,180,282,2504,12
0.905351712198,0.387445887,0.995230525,0.064137005,0.937172775,179,283,2504,12
0.906727592352,0.385281385,0.995230525,0.063801209,0.936842105,178,284,2504,12
0.906991735102,0.383116883,0.995230525,0.063465413,0.936507937,177,285,2504,12
0.907194643547,0.380952381,0.995230525,0.063129617,0.936170213,176,286,2504,12
0.907396821778,0.378787879,0.995230525,0.062793821,0.935828877,175,287,2504,12
0.908715073328,0.376623377,0.995230525,0.062458026,0.935483871,174,288,2504,12
0.909651804582,0.374458874,0.995230525,0.062122230,0.935135135,173,289,2504,12
0.910097099305,0.372294372,0.995230525,0.061786434,0.934782609,172,290,2504,12
0.911535637174,0.370129870,0.995230525,0.061450638,0.934426230,171,291,2504,12
0.912398826730,0.367965368,0.995230525,0.061114842,0.934065934,170,292,2504,12
0.914300298725,0.365800866,0.995230525,0.060779046,0.933701657,169,293,2504,12
0.914814369218,0.365800866,0.995627981,0.060443251,0.938888889,169,293,2505,11
0.914915364866,0.363636364,0.995627981,0.060107455,0.938547486,168,294,2505,11
0.915493702127,0.361471861,0.995627981,0.059771659,0.938202247,167,295,2505,11
0.916065318700,0.359307359,0.995627981,0.059435863,0.937853107,166,296,2505,11
0.916065367450,0.359307359,0.996025437,0.059100067,0.943181818,166,296,2506,10
0.917252545597,0.357142857,0.996025437,0.058764271,0.942857143,165,297,2506,10
0.920053300175,0.354978355,0.996025437,0.058428475,0.942528736,164,298,2506,10
0.921310239942,0.354978355,0.996422893,0.058092680,0.947976879,164,298,2507,9
0.921505138703,0.352813853,0.996422893,0.057756884,0.947674419,163,299,2507,9
0.922250400498,0.350649351,0.996422893,0.057421088,0.947368421,162,300,2507,9
0.924584576144,0.348484848,0.996422893,0.057085292,0.947058824,161,301,2507,9
0.924844308231,0.346320346,0.996422893,0.056749496,0.946745562,160,302,2507,9
0.925306042683,0.344155844,0.996422893,0.056413700,0.946428571,159,303,2507,9
0.925640112280,0.341991342,0.996422893,0.056077905,0.946107784,158,304,2507,9
0.930056626181,0.339826840,0.996422893,0.055742109,0.945783133,157,305,2507,9
0.930070878322,0.337662338,0.996422893,0.055406313,0.945454545,156,306,2507,9
0.930561240455,0.335497835,0.996422893,0.055070517,0.945121951,155,307,2507,9
0.931455825270,0.333333333,0.996422893,0.054734721,0.944785276,154,308,2507,9
0.932372970285,0.331168831,0.996422893,0.054398925,0.944444444,153,309,2507,9
0.932485470405,0.331168831,0.996820350,0.054063130,0.950310559,153,309,2508,8
0.932553831533,0.329004329,0.996820350,0.053727334,0.950000000,152,310,2508,8
0.932702933159,0.326839827,0.996820350,0.053391538,0.949685535,151,311,2508,8
0.933878755425,0.324675325,0.996820350,0.053055742,0.949367089,150,312,2508,8
0.934681758414,0.322510823,0.996820350,0.052719946,0.949044586,149,313,2508,8
0.934815636767,0.320346320,0.996820350,0.052384150,0.948717949,148,314,2508,8
0.935388298068,0.318181818,0.996820350,0.052048355,0.948387097,147,315,2508,8
0.935515135274,0.316017316,0.996820350,0.051712559,0.948051948,146,316,2508,8
0.935953597360,0.313852814,0.996820350,0.051376763,0.947712418,145,317,2508,8
0.937733947944,0.313852814,0.997217806,0.051040967,0.953947368,145,317,2509,7
0.937877892551,0.311688312,0.997217806,0.050705171,0.953642384,144,318,2509,7
0.939603194878,0.309523810,0.997217806,0.050369375,0.953333333,143,319,2509,7
0.939717585221,0.307359307,0.997217806,0.050033580,0.953020134,142,320,2509,7
0.940469685298,0.305194805,0.997217806,0.049697784,0.952702703,141,321,2509,7
0.941078040516,0.303030303,0.997217806,0.049361988,0.952380952,140,322,2509,7
0.941205471954,0.300865801,0.997217806,0.049026192,0.952054795,139,323,2509,7
0.941671280568,0.298701299,0.997217806,0.048690396,0.951724138,138,324,2509,7
0.942276562686,0.296536797,0.997217806,0.048354600,0.951388889,137,325,2509,7
0.942594753861,0.294372294,0.997217806,0.048018805,0.951048951,136,326,2509,7
0.943613474361,0.292207792,0.997217806,0.047683009,0.950704225,135,327,2509,7
0.943794634899,0.290043290,0.997217806,0.047347213,0.950354610,134,328,2509,7
0.944408563357,0.287878788,0.997217806,0.047011417,0.950000000,133,329,2509,7
0.944470114125,0.285714286,0.997217806,0.046675621,0.949640288,132,330,2509,7
0.944533391730,0.283549784,0.997217806,0.046339825,0.949275362,131,331,2509,7
0.945461972720,0.281385281,0.997217806,0.046004030,0.948905109,130,332,2509,7
0.945816137718,0.279220779,0.997217806,0.045668234,0.948529412,129,333,2509,7
0.946575175008,0.277056277,0.997217806,0.045332438,0.948148148,128,334,2509,7
0.946706139631,0.274891775,0.997217806,0.044996642,0.947761194,127,335,2509,7
0.946883481215,0.272727273,0.997217806,0.044660846,0.947368421,126,336,2509,7
0.947144074560,0.270562771,0.997217806,0.044325050,0.946969697,125,337,2509,7
0.947174895344,0.270562771,0.997615262,0.043989255,0.954198473,125,337,2510,6
0.951790805041,0.268398268,0.997615262,0.043653459,0.953846154,124,338,2510,6
0.952347132114,0.268398268,0.998012719,0.043317663,0.961240310,124,338,2511,5
0.954093930727,0.268398268,0.998410175,0.042981867,0.968750000,124,338,2512,4
0.954184971397,0.266233766,0.998410175,0.042646071,0.968503937,123,339,2512,4
0.954288289682,0.264069264,0.998410175,0.042310275,0.968253968,122,340,2512,4
0.954306239962,0.261904762,0.998410175,0.041974480,0.968000000,121,341,2512,4
0.955989169017,0.259740260,0.998410175,0.041638684,0.967741935,120,342,2512,4
0.956144509570,0.257575758,0.998410175,0.041302888,0.967479675,119,343,2512,4
0.956375919876,0.255411255,0.998410175,0.040967092,0.967213115,118,344,2512,4
0.956580514793,0.253246753,0.998410175,0.040631296,0.966942149,117,345,2512,4
0.958185907220,0.251082251,0.998410175,0.040295500,0.966666667,116,346,2512,4
0.958447398907,0.248917749,0.998410175,0.039959704,0.966386555,115,347,2512,4
0.959512559877,0.246753247,0.998410175,0.039623909,0.966101695,114,348,2512,4
0.959582799890,0.244588745,0.998410175,0.039288113,0.965811966,113,349,2512,4
0.959792076819,0.242424242,0.998410175,0.038952317,0.965517241,112,350,2512,4
0.959836773725,0.240259740,0.998410175,0.038616521,0.965217391,111,351,2512,4
0.959895128241,0.238095238,0.998410175,0.038280725,0.964912281,110,352,2512,4
0.961008684017,0.235930736,0.998410175,0.037944929,0.964601770,109,353,2512,4
0.962745454254,0.233766234,0.998410175,0.037609134,0.964285714,108,354,2512,4
0.963159407224,0.233766234,0.998807631,0.037273338,0.972972973,108,354,2513,3
0.963238412699,0.231601732,0.998807631,0.036937542,0.972727273,107,355,2513,3
0.963526775365,0.229437229,0.998807631,0.036601746,0.972477064,106,356,2513,3
0.963549371365,0.227272727,0.998807631,0.036265950,0.972222222,105,357,2513,3
0.964222540816,0.225108225,0.998807631,0.035930154,0.971962617,104,358,2513,3
0.964231525047,0.225108225,0.999205087,0.035594359,0.981132075,104,358,2514,2
0.964358402795,0.222943723,0.999205087,0.035258563,0.980952381,103,359,2514,2
0.965017562741,0.220779221,0.999205087,0.034922767,0.980769231,102,360,2514,2
0.966065282957,0.218614719,0.999205087,0.034586971,0.980582524,101,361,2514,2
0.966083004585,0.216450216,0.999205087,0.034251175,0.980392157,100,362,2514,2
0.966697968170,0.214285714,0.999205087,0.033915379,0.980198020,99,363,2514,2
0.966720920166,0.212121212,0.999205087,0.033579584,0.980000000,98,364,2514,2
0.966892521823,0.209956710,0.999205087,0.033243788,0.979797980,97,365,2514,2
0.967394949017,0.207792208,0.999205087,0.032907992,0.979591837,96,366,2514,2
0.968072071682,0.205627706,0.999205087,0.032572196,0.979381443,95,367,2514,2
0.968574729570,0.203463203,0.999205087,0.032236400,0.979166667,94,368,2514,2
0.968787053475,0.201298701,0.999205087,0.031900604,0.978947368,93,369,2514,2
0.969238814244,0.199134199,0.999205087,0.031564809,0.978723404,92,370,2514,2
0.969757986656,0.196969697,0.999205087,0.031229013,0.978494624,91,371,2514,2
0.971025950231,0.194805195,0.999205087,0.030893217,0.978260870,90,372,2514,2
0.971064484226,0.192640693,0.999205087,0.030557421,0.978021978,89,373,2514,2
0.971479960221,0.190476190,0.999205087,0.030221625,0.977777778,88,374,2514,2
0.971526705322,0.188311688,0.999205087,0.029885829,0.977528090,87,375,2514,2
0.972371643008,0.186147186,0.999205087,0.029550034,0.977272727,86,376,2514,2
0.972433348366,0.186147186,0.999602544,0.029214238,0.988505747,86,376,2515,1
0.972519553192,0.183982684,0.999602544,0.028878442,0.988372093,85,377,2515,1
0.973121941360,0.181818182,0.999602544,0.028542646,0.988235294,84,378,2515,1
0.973198165557,0.179653680,0.999602544,0.028206850,0.988095238,83,379,2515,1
0.973353829987,0.177489177,0.999602544,0.027871054,0.987951807,82,380,2515,1
0.973724685928,0.175324675,0.999602544,0.027535259,0.987804878,81,381,2515,1
0.973816184187,0.173160173,0.999602544,0.027199463,0.987654321,80,382,2515,1
0.974166717197,0.170995671,0.999602544,0.026863667,0.987500000,79,383,2515,1
0.974506707226,0.168831169,0.999602544,0.026527871,0.987341772,78,384,2515,1
0.974994606274,0.166666667,0.999602544,0.026192075,0.987179487,77,385,2515,1
0.975083558572,0.164502165,0.999602544,0.025856279,0.987012987,76,386,2515,1
0.975344937217,0.162337662,0.999602544,0.025520484,0.986842105,75,387,2515,1
0.975754676113,0.160173160,0.999602544,0.025184688,0.986666667,74,388,2515,1
0.975781798004,0.160173160,1.000000000,0.024848892,1.000000000,74,388,2516,0
0.976449513839,0.158008658,1.000000000,0.024513096,1.000000000,73,389,2516,0
0.976904527550,0.155844156,1.000000000,0.024177300,1.000000000,72,390,2516,0
0.976995556835,0.153679654,1.000000000,0.023841504,1.000000000,71,391,2516,0
0.977168498183,0.151515152,1.000000000,0.023505709,1.000000000,70,392,2516,0
0.978410375140,0.149350649,1.000000000,0.023169913,1.000000000,69,393,2516,0
0.978745497275,0.147186147,1.000000000,0.022834117,1.000000000,68,394,2516,0
0.978782766977,0.145021645,1.000000000,0.022498321,1.000000000,67,395,2516,0
0.978893874790,0.142857143,1.000000000,0.022162525,1.000000000,66,396,2516,0
0.979413854378,0.140692641,1.000000000,0.021826729,1.000000000,65,397,2516,0
0.979493199412,0.138528139,1.000000000,0.021490934,1.000000000,64,398,2516,0
0.979528362466,0.136363636,1.000000000,0.021155138,1.000000000,63,399,2516,0
0.980039054678,0.134199134,1.000000000,0.020819342,1.000000000,62,400,2516,0
0.980582180750,0.132034632,1.000000000,0.020483546,1.000000000,61,401,2516,0
0.980804632558,0.129870130,1.000000000,0.020147750,1.000000000,60,402,2516,0
0.981060065375,0.127705628,1.000000000,0.019811954,1.000000000,59,403,2516,0
0.981101492894,0.125541126,1.000000000,0.019476158,1.000000000,58,404,2516,0
0.981305761473,0.123376623,1.000000000,0.019140363,1.000000000,57,405,2516,0
0.981337906781,0.121212121,1.000000000,0.018804567,1.000000000,56,406,2516,0
0.981385688740,0.119047619,1.000000000,0.018468771,1.000000000,55,407,2516,0
0.981535122064,0.116883117,1.000000000,0.018132975,1.000000000,54,408,2516,0
0.981660111281,0.114718615,1.000000000,0.017797179,1.000000000,53,409,2516,0
0.981757583973,0.112554113,1.000000000,0.017461383,1.000000000,52,410,2516,0
0.981827637878,0.110389610,1.000000000,0.017125588,1.000000000,51,411,2516,0
0.981924085264,0.108225108,1.000000000,0.016789792,1.000000000,50,412,2516,0
0.981982881381,0.106060606,1.000000000,0.016453996,1.000000000,49,413,2516,0
0.982396865706,0.103896104,1.000000000,0.016118200,1.000000000,48,414,2516,0
0.983650347214,0.101731602,1.000000000,0.015782404,1.000000000,47,415,2516,0
0.983954460888,0.099567100,1.000000000,0.015446608,1.000000000,46,416,2516,0
0.984345288807,0.097402597,1.000000000,0.015110813,1.000000000,45,417,2516,0
0.984536732177,0.095238095,1.000000000,0.014775017,1.000000000,44,418,2516,0
0.984665579524,0.093073593,1.000000000,0.014439221,1.000000000,43,419,2516,0
0.985495511261,0.090909091,1.000000000,0.014103425,1.000000000,42,420,2516,0
0.985643720273,0.088744589,1.000000000,0.013767629,1.000000000,41,421,2516,0
0.985652290631,0.086580087,1.000000000,0.013431833,1.000000000,40,422,2516,0
0.985727748310,0.084415584,1.000000000,0.013096038,1.000000000,39,423,2516,0
0.985799223255,0.082251082,1.000000000,0.012760242,1.000000000,38,424,2516,0
0.986435021874,0.080086580,1.000000000,0.012424446,1.000000000,37,425,2516,0
0.986734431368,0.077922078,1.000000000,0.012088650,1.000000000,36,426,2516,0
0.986815982578,0.075757576,1.000000000,0.011752854,1.000000000,35,427,2516,0
0.986971779075,0.073593074,1.000000000,0.011417058,1.000000000,34,428,2516,0
0.987494727589,0.071428571,1.000000000,0.011081263,1.000000000,33,429,2516,0
0.987556424899,0.069264069,1.000000000,0.010745467,1.000000000,32,430,2516,0
0.987956669725,0.067099567,1.000000000,0.010409671,1.000000000,31,431,2516,0
0.988021392383,0.064935065,1.000000000,0.010073875,1.000000000,30,432,2516,0
0.988151997815,0.062770563,1.000000000,0.009738079,1.000000000,29,433,2516,0
0.988216698902,0.060606061,1.000000000,0.009402283,1.000000000,28,434,2516,0
0.988404880400,0.058441558,1.000000000,0.009066488,1.000000000,27,435,2516,0
0.988637120236,0.056277056,1.000000000,0.008730692,1.000000000,26,436,2516,0
0.989002239690,0.054112554,1.000000000,0.008394896,1.000000000,25,437,2516,0
0.989715504758,0.051948052,1.000000000,0.008059100,1.000000000,24,438,2516,0
0.990092647586,0.049783550,1.000000000,0.007723304,1.000000000,23,439,2516,0
0.990192808153,0.047619048,1.000000000,0.007387508,1.000000000,22,440,2516,0
0.990421175381,0.045454545,1.000000000,0.007051713,1.000000000,21,441,2516,0
0.990499747587,0.043290043,1.000000000,0.006715917,1.000000000,20,442,2516,0
0.990726226132,0.041125541,1.000000000,0.006380121,1.000000000,19,443,2516,0
0.990898823831,0.038961039,1.000000000,0.006044325,1.000000000,18,444,2516,0
0.990989769169,0.036796537,1.000000000,0.005708529,1.000000000,17,445,2516,0
0.991476052234,0.034632035,1.000000000,0.005372733,1.000000000,16,446,2516,0
0.991607011574,0.032467532,1.000000000,0.005036938,1.000000000,15,447,2516,0
0.991621423528,0.030303030,1.000000000,0.004701142,1.000000000,14,448,2516,0
0.991643366925,0.028138528,1.000000000,0.004365346,1.000000000,13,449,2516,0
0.991723806384,0.025974026,1.000000000,0.004029550,1.000000000,12,450,2516,0
0.992361494128,0.023809524,1.000000000,0.003693754,1.000000000,11,451,2516,0
0.992668128320,0.021645022,1.000000000,0.003357958,1.000000000,10,452,2516,0
0.992892674468,0.019480519,1.000000000,0.003022163,1.000000000,9,453,2516,0
0.993094751206,0.017316017,1.000000000,0.002686367,1.000000000,8,454,2516,0
0.993112692543,0.015151515,1.000000000,0.002350571,1.000000000,7,455,2516,0
0.993418265900,0.012987013,1.000000000,0.002014775,1.000000000,6,456,2516,0
0.993482952834,0.010822511,1.000000000,0.001678979,1.000000000,5,457,2516,0
0.994509875878,0.008658009,1.000000000,0.001343183,1.000000000,4,458,2516,0
0.995112672628,0.006493506,1.000000000,0.001007388,1.000000000,3,459,2516,0
0.995634267943,0.004329004,1.000000000,0.000671592,1.000000000,2,460,2516,0
0.995883028991,0.002164502,1.000000000,0.000335796,1.000000000,1,461,2516,0
1.000000000000,0.000000000,1.000000000,0.000000000,,0,462,2516,0
