threshold,recall,specificity,flag_rate,precision,tp,fn,tn,fp
0.0,1.0,0.0,1.0,0.15513767629281397,462,0,0,2516
1.0090392e-06,1.0,0.0,1.0,0.15513767629281397,462,0,0,2516
1.061032e-06,1.0,0.000397456279809221,0.9996642041638684,0.1551897883775613,462,0,1,2515
1.1306404e-06,1.0,0.000794912559618442,0.9993284083277367,0.15524193548387097,462,0,2,2514
1.3604428e-06,1.0,0.0011923688394276629,0.9989926124916051,0.15529411764705883,462,0,3,2513
1.5238239e-06,1.0,0.001589825119236884,0.9986568166554735,0.15534633490248823,462,0,4,2512
1.5760681e-06,1.0,0.001987281399046105,0.9983210208193418,0.15539858728557013,462,0,5,2511
1.8026607e-06,1.0,0.0023847376788553257,0.9979852249832102,0.15545087483176312,462,0,6,2510
2.0983261e-06,1.0,0.0027821939586645467,0.9976494291470785,0.15550319757657355,462,0,7,2509
2.8956904e-06,1.0,0.003179650238473768,0.9973136333109469,0.15555555555555556,462,0,8,2508
3.1652974e-06,1.0,0.003577106518282989,0.9969778374748153,0.15560794880431122,462,0,9,2507
3.1860486e-06,1.0,0.00397456279809221,0.9966420416386836,0.15566037735849056,462,0,10,2506
3.315349e-06,1.0,0.0043720190779014305,0.996306245802552,0.1557128412537917,462,0,11,2505
3.586808e-06,1.0,0.0047694753577106515,0.9959704499664204,0.1557653405259609,462,0,12,2504
3.6997196e-06,1.0,0.0051669316375198724,0.9956346541302887,0.15581787521079257,462,0,13,2503
3.7799966e-06,1.0,0.005564387917329093,0.9952988582941572,0.15587044534412955,462,0,14,2502
4.03459e-06,1.0,0.005961844197138315,0.9949630624580256,0.15592305096186299,462,0,15,2501
4.34699e-06,1.0,0.006359300476947536,0.9946272666218939,0.15597569209993248,462,0,16,2500
4.490507e-06,1.0,0.006756756756756757,0.9942914707857623,0.15602836879432624,462,0,17,2499
4.7080207e-06,1.0,0.007154213036565978,0.9939556749496307,0.15608108108108107,462,0,18,2498
4.7695676e-06,1.0,0.007551669316375199,0.993619879113499,0.15613382899628253,462,0,19,2497
4.8480415e-06,1.0,0.00794912559618442,0.9932840832773674,0.15618661257606492,462,0,20,2496
5.055676e-06,1.0,0.008346581875993641,0.9929482874412358,0.15623943185661143,462,0,21,2495
5.307784e-06,1.0,0.008744038155802861,0.9926124916051041,0.15629228687415425,462,0,22,2494
5.3089075e-06,1.0,0.009141494435612083,0.9922766957689725,0.15634517766497463,462,0,23,2493
5.965547e-06,1.0,0.009538950715421303,0.9919408999328408,0.15639810426540285,462,0,24,2492
6.2615336e-06,1.0,0.009936406995230525,0.9916051040967092,0.1564510667118185,462,0,25,2491
6.281079e-06,1.0,0.010333863275039745,0.9912693082605776,0.1565040650406504,462,0,26,2490
6.636132e-06,1.0,0.010731319554848967,0.9909335124244459,0.15655709928837683,462,0,27,2489
7.0499627e-06,1.0,0.011128775834658187,0.9905977165883143,0.15661016949152542,462,0,28,2488
7.1125105e-06,1.0,0.011526232114467409,0.9902619207521827,0.15666327568667346,462,0,29,2487
7.192487e-06,1.0,0.01192368839427663,0.989926124916051,0.15671641791044777,462,0,30,2486
7.507142e-06,1.0,0.01232114467408585,0.9895903290799194,0.15676959619952494,462,0,31,2485
7.57886e-06,1.0,0.012718600953895072,0.9892545332437878,0.15682281059063136,462,0,32,2484
7.962763e-06,1.0,0.013116057233704292,0.9889187374076561,0.15687606112054328,462,0,33,2483
8.18406e-06,1.0,0.013513513513513514,0.9885829415715245,0.15692934782608695,462,0,34,2482
8.191767e-06,1.0,0.013910969793322734,0.9882471457353929,0.15698267074413863,462,0,35,2481
8.439371e-06,1.0,0.014308426073131956,0.9879113498992612,0.15703602991162474,462,0,36,2480
8.752579e-06,1.0,0.014705882352941176,0.9875755540631296,0.15708942536552192,462,0,37,2479
9.061866e-06,1.0,0.015103338632750398,0.9872397582269979,0.15714285714285714,462,0,38,2478
9.400515e-06,1.0,0.015500794912559618,0.9869039623908663,0.15719632528070773,462,0,39,2477
9.4787265e-06,1.0,0.01589825119236884,0.9865681665547347,0.1572498298162015,462,0,40,2476
9.684304e-06,1.0,0.01629570747217806,0.986232370718603,0.15730337078651685,462,0,41,2475
9.850655e-06,1.0,0.016693163751987282,0.9858965748824715,0.15735694822888283,462,0,42,2474
9.87708e-06,1.0,0.017090620031796504,0.9855607790463399,0.15741056218057922,462,0,43,2473
1.0298132e-05,1.0,0.017488076311605722,0.9852249832102082,0.1574642126789366,462,0,44,2472
1.0364519e-05,1.0,0.017885532591414944,0.9848891873740766,0.1575178997613365,462,0,45,2471
1.04329465e-05,1.0,0.018282988871224166,0.984553391537945,0.15757162346521145,462,0,46,2470
1.04916735e-05,1.0,0.018680445151033388,0.9842175957018133,0.15762538382804503,462,0,47,2469
1.1322297e-05,1.0,0.019077901430842606,0.9838817998656817,0.157679180887372,462,0,48,2468
1.1573343e-05,1.0,0.019475357710651828,0.9835460040295501,0.1577330146807784,462,0,49,2467
1.21058365e-05,1.0,0.01987281399046105,0.9832102081934184,0.15778688524590165,462,0,50,2466
1.2620805e-05,1.0,0.02027027027027027,0.9828744123572868,0.15784079262043046,462,0,51,2465
1.3025736e-05,1.0,0.02066772655007949,0.9825386165211552,0.15789473684210525,462,0,52,2464
1.3664171e-05,1.0,0.02106518282988871,0.9822028206850235,0.15794871794871795,462,0,53,2463
1.3895238e-05,1.0,0.021462639109697933,0.9818670248488919,0.15800273597811218,462,0,54,2462
1.3924914e-05,1.0,0.021860095389507155,0.9815312290127602,0.15805679096818337,462,0,55,2461
1.4116773e-05,1.0,0.022257551669316374,0.9811954331766286,0.15811088295687886,462,0,56,2460
1.4516195e-05,1.0,0.022655007949125595,0.980859637340497,0.15816501198219787,462,0,57,2459
1.453724e-05,1.0,0.023052464228934817,0.9805238415043653,0.15821917808219177,462,0,58,2458
1.46958655e-05,1.0,0.02344992050874404,0.9801880456682337,0.15827338129496402,462,0,59,2457
1.4842982e-05,1.0,0.02384737678855326,0.9798522498321021,0.15832762165867031,462,0,60,2456
1.5449565e-05,1.0,0.02424483306836248,0.9795164539959704,0.15838189921151868,462,0,61,2455
1.553837e-05,1.0,0.0246422893481717,0.9791806581598388,0.15843621399176955,462,0,62,2454
1.6056372e-05,1.0,0.025039745627980923,0.9788448623237072,0.15849056603773584,462,0,63,2453
1.6198623e-05,1.0,0.025437201907790145,0.9785090664875755,0.15854495538778313,462,0,64,2452
1.6963908e-05,1.0,0.025834658187599363,0.9781732706514439,0.15859938208032956,462,0,65,2451
1.6996117e-05,1.0,0.026232114467408585,0.9778374748153122,0.15865384615384615,462,0,66,2450
1.7025528e-05,1.0,0.026629570747217807,0.9775016789791806,0.15870834764685676,462,0,67,2449
1.7264701e-05,1.0,0.02702702702702703,0.977165883143049,0.15876288659793814,462,0,68,2448
1.7639964e-05,1.0,0.027424483306836247,0.9768300873069174,0.15881746304572017,462,0,69,2447
1.7784045e-05,1.0,0.02782193958664547,0.9764942914707858,0.15887207702888584,462,0,70,2446
1.8876246e-05,1.0,0.02821939586645469,0.9761584956346542,0.15892672858617132,462,0,71,2445
1.8902583e-05,1.0,0.028616852146263912,0.9758226997985225,0.15898141775636615,462,0,72,2444
1.9231531e-05,1.0,0.02901430842607313,0.9754869039623909,0.15903614457831325,462,0,73,2443
1.9594212e-05,1.0,0.029411764705882353,0.9751511081262593,0.1590909090909091,462,0,74,2442
1.9675197e-05,1.0,0.029809220985691574,0.9748153122901276,0.15914571133310368,462,0,75,2441
2.0159086e-05,1.0,0.030206677265500796,0.974479516453996,0.15920055134390076,462,0,76,2440
2.0267595e-05,1.0,0.030604133545310015,0.9741437206178644,0.1592554291623578,462,0,77,2439
2.1214748e-05,1.0,0.031001589825119236,0.9738079247817327,0.15931034482758621,462,0,78,2438
2.1469485e-05,1.0,0.031399046104928455,0.9734721289456011,0.1593652983787513,462,0,79,2437
2.150477e-05,1.0,0.03179650238473768,0.9731363331094695,0.15942028985507245,462,0,80,2436
2.1863085e-05,1.0,0.0321939586645469,0.9728005372733378,0.15947531929582326,462,0,81,2435
2.2373517e-05,1.0,0.03259141494435612,0.9724647414372062,0.1595303867403315,462,0,82,2434
2.2892309e-05,1.0,0.03298887122416534,0.9721289456010745,0.15958549222797927,462,0,83,2433
2.3022552e-05,1.0,0.033386327503974564,0.9717931497649429,0.15964063579820317,462,0,84,2432
2.3403434e-05,1.0,0.033783783783783786,0.9714573539288113,0.1596958174904943,462,0,85,2431
2.3742661e-05,1.0,0.03418124006359301,0.9711215580926796,0.15975103734439833,462,0,86,2430
2.3783563e-05,1.0,0.03457869634340222,0.970785762256548,0.15980629539951574,462,0,87,2429
2.3849409e-05,1.0,0.034976152623211444,0.9704499664204164,0.15986159169550174,462,0,88,2428
2.3948252e-05,1.0,0.035373608903020666,0.9701141705842847,0.15991692627206647,462,0,89,2427
2.4642495e-05,1.0,0.03577106518282989,0.9697783747481531,0.15997229916897507,462,0,90,2426
2.4853418e-05,1.0,0.03616852146263911,0.9694425789120215,0.1600277104260478,462,0,91,2425
2.4863682e-05,1.0,0.03656597774244833,0.9691067830758898,0.1600831600831601,462,0,92,2424
2.5015732e-05,1.0,0.03696343402225755,0.9687709872397582,0.16013864818024262,462,0,93,2423
2.5135274e-05,1.0,0.037360890302066775,0.9684351914036265,0.16019417475728157,462,0,94,2422
2.5982741e-05,1.0,0.037758346581876,0.9680993955674949,0.16024973985431842,462,0,95,2421
2.61021e-05,1.0,0.03815580286168521,0.9677635997313633,0.16030534351145037,462,0,96,2420
2.6227635e-05,1.0,0.038553259141494434,0.9674278038952318,0.16036098576883026,462,0,97,2419
2.6301146e-05,1.0,0.038950715421303655,0.9670920080591001,0.16041666666666668,462,0,98,2418
2.6352463e-05,1.0,0.03934817170111288,0.9667562122229685,0.16047238624522403,462,0,99,2417
2.6648857e-05,1.0,0.0397456279809221,0.9664204163868368,0.16052814454482278,462,0,100,2416
2.7004844e-05,1.0,0.04014308426073132,0.9660846205507052,0.16058394160583941,462,0,101,2415
2.7618584e-05,1.0,0.04054054054054054,0.9657488247145736,0.16063977746870653,462,0,102,2414
2.7724749e-05,1.0,0.040937996820349765,0.9654130288784419,0.16069565217391305,462,0,103,2413
2.8013614e-05,1.0,0.04133545310015898,0.9650772330423103,0.16075156576200417,462,0,104,2412
2.8167542e-05,1.0,0.0417329093799682,0.9647414372061787,0.1608075182735816,462,0,105,2411
2.8358503e-05,1.0,0.04213036565977742,0.964405641370047,0.16086350974930363,462,0,106,2410
2.8368102e-05,1.0,0.042527821939586645,0.9640698455339154,0.16091954022988506,462,0,107,2409
2.8720697e-05,1.0,0.04292527821939587,0.9637340496977838,0.16097560975609757,462,0,108,2408
2.8989876e-05,1.0,0.04332273449920509,0.9633982538616521,0.16103171836876962,462,0,109,2407
2.9093346e-05,1.0,0.04372019077901431,0.9630624580255205,0.16108786610878661,462,0,110,2406
2.920852e-05,1.0,0.04411764705882353,0.9627266621893888,0.16114405301709103,462,0,111,2405
2.9441724e-05,1.0,0.04451510333863275,0.9623908663532572,0.1612002791346825,462,0,112,2404
2.9627363e-05,1.0,0.04491255961844197,0.9620550705171256,0.1612565445026178,462,0,113,2403
2.9724066e-05,1.0,0.04531001589825119,0.9617192746809939,0.16131284916201116,462,0,114,2402
2.9777519e-05,1.0,0.04570747217806041,0.9613834788448623,0.16136919315403422,462,0,115,2401
2.9880492e-05,1.0,0.046104928457869634,0.9610476830087307,0.16142557651991615,462,0,116,2400
3.0145988e-05,1.0,0.046502384737678856,0.960711887172599,0.16148199930094373,462,0,117,2399
3.063928e-05,1.0,0.04689984101748808,0.9603760913364674,0.16153846153846155,462,0,118,2398
3.0947856e-05,1.0,0.0472972972972973,0.9600402955003358,0.161594963273872,462,0,119,2397
3.1331827e-05,1.0,0.04769475357710652,0.9597044996642041,0.16165150454863542,462,0,120,2396
3.13692e-05,1.0,0.04809220985691574,0.9593687038280725,0.1617080854042702,462,0,121,2395
3.1539155e-05,1.0,0.04848966613672496,0.9590329079919409,0.16176470588235295,462,0,122,2394
3.1882202e-05,1.0,0.04888712241653418,0.9586971121558092,0.16182136602451838,462,0,123,2393
3.196339e-05,1.0,0.0492845786963434,0.9583613163196776,0.1618780658724597,462,0,124,2392
3.1965345e-05,1.0,0.049682034976152624,0.9580255204835461,0.1619348054679285,462,0,125,2391
3.2127195e-05,1.0,0.050079491255961846,0.9576897246474144,0.16199158485273493,462,0,126,2390
3.2942564e-05,1.0,0.05047694753577107,0.9573539288112828,0.16204840406874782,462,0,127,2389
3.3173426e-05,1.0,0.05087440381558029,0.9570181329751511,0.16210526315789472,462,0,128,2388
3.3477307e-05,1.0,0.051271860095389504,0.9566823371390195,0.16216216216216217,462,0,129,2387
3.3610795e-05,1.0,0.051669316375198726,0.9563465413028879,0.1622191011235955,462,0,130,2386
3.415593e-05,1.0,0.05206677265500795,0.9560107454667562,0.16227608008429925,462,0,131,2385
3.426382e-05,1.0,0.05246422893481717,0.9556749496306246,0.16233309908643712,462,0,132,2384
3.4488836e-05,1.0,0.05286168521462639,0.955339153794493,0.16239015817223199,462,0,133,2383
3.4587716e-05,1.0,0.05325914149443561,0.9550033579583613,0.16244725738396623,462,0,134,2382
3.4707922e-05,1.0,0.053656597774244835,0.9546675621222297,0.1625043967639817,462,0,135,2381
3.5222747e-05,1.0,0.05405405405405406,0.9543317662860981,0.1625615763546798,462,0,136,2380
3.5541776e-05,1.0,0.05445151033386327,0.9539959704499664,0.16261879619852165,462,0,137,2379
3.557043e-05,1.0,0.054848966613672494,0.9536601746138348,0.16267605633802817,462,0,138,2378
3.59732e-05,1.0,0.055246422893481716,0.9533243787777032,0.16273335681578022,462,0,139,2377
3.6094676e-05,1.0,0.05564387917329094,0.9529885829415715,0.16279069767441862,462,0,140,2376
3.6192978e-05,1.0,0.05604133545310016,0.9526527871054399,0.16284807895664435,462,0,141,2375
3.651491e-05,1.0,0.05643879173290938,0.9523169912693082,0.16290550070521861,462,0,142,2374
3.7377453e-05,1.0,0.0568362480127186,0.9519811954331766,0.16296296296296298,462,0,143,2373
3.7840648e-05,1.0,0.057233704292527825,0.951645399597045,0.16302046577275936,462,0,144,2372
3.7914804e-05,1.0,0.05763116057233704,0.9513096037609133,0.1630780091775503,462,0,145,2371
3.810903e-05,1.0,0.05802861685214626,0.9509738079247817,0.163135593220339,462,0,146,2370
3.972415e-05,1.0,0.05842607313195548,0.9506380120886501,0.16319321794418934,462,0,147,2369
4.0916268e-05,1.0,0.058823529411764705,0.9503022162525184,0.16325088339222615,462,0,148,2368
4.096558e-05,1.0,0.05922098569157393,0.9499664204163868,0.1633085896076352,462,0,149,2367
4.107832e-05,1.0,0.05961844197138315,0.9496306245802552,0.16336633663366337,462,0,150,2366
4.1420946e-05,1.0,0.06001589825119237,0.9492948287441235,0.16342412451361868,462,0,151,2365
4.2584354e-05,1.0,0.06041335453100159,0.948959032907992,0.16348195329087048,462,0,152,2364
4.272253e-05,1.0,0.060810810810810814,0.9486232370718604,0.16353982300884956,462,0,153,2363
4.32605e-05,1.0,0.06120826709062003,0.9482874412357287,0.16359773371104816,462,0,154,2362
4.3475684e-05,1.0,0.06160572337042925,0.9479516453995971,0.1636556854410202,462,0,155,2361
4.350633e-05,1.0,0.06200317965023847,0.9476158495634655,0.16371367824238128,462,0,156,2360
4.4194883e-05,1.0,0.062400635930047695,0.9472800537273338,0.16377171215880892,462,0,157,2359
4.5163568e-05,1.0,0.06279809220985691,0.9469442578912022,0.16382978723404254,462,0,158,2358
4.637311e-05,1.0,0.06319554848966613,0.9466084620550705,0.16388790351188365,462,0,159,2357
4.6451314e-05,1.0,0.06359300476947535,0.9462726662189389,0.16394606103619588,462,0,160,2356
4.707999e-05,1.0,0.06399046104928457,0.9459368703828073,0.16400425985090522,462,0,161,2355
4.754421e-05,1.0,0.0643879173290938,0.9456010745466756,0.1640625,462,0,162,2354
4.94283e-05,1.0,0.06478537360890302,0.945265278710544,0.1641207815275311,462,0,163,2353
4.9865095e-05,1.0,0.06518282988871224,0.9449294828744124,0.16417910447761194,462,0,164,2352
5.1390776e-05,1.0,0.06558028616852146,0.9445936870382807,0.16423746889441876,462,0,165,2351
5.1464736e-05,1.0,0.06597774244833068,0.9442578912021491,0.1642958748221906,462,0,166,2350
5.164226e-05,1.0,0.0663751987281399,0.9439220953660175,0.16435432230522945,462,0,167,2349
5.2993397e-05,1.0,0.06677265500794913,0.9435862995298858,0.16441281138790034,462,0,168,2348
5.3424952e-05,1.0,0.06717011128775835,0.9432505036937542,0.16447134211463155,462,0,169,2347
5.3517706e-05,1.0,0.06756756756756757,0.9429147078576225,0.16452991452991453,462,0,170,2346
5.404076e-05,1.0,0.0679650238473768,0.9425789120214909,0.16458852867830423,462,0,171,2345
5.440857e-05,1.0,0.06836248012718601,0.9422431161853593,0.1646471846044191,462,0,172,2344
5.46225e-05,1.0,0.06875993640699524,0.9419073203492276,0.16470588235294117,462,0,173,2343
5.4750166e-05,1.0,0.06915739268680444,0.941571524513096,0.16476462196861627,462,0,174,2342
5.5072203e-05,1.0,0.06955484896661367,0.9412357286769644,0.16482340349625402,462,0,175,2341
5.5233355e-05,1.0,0.06995230524642289,0.9408999328408327,0.16488222698072805,462,0,176,2340
5.5467186e-05,1.0,0.07034976152623211,0.9405641370047011,0.16494109246697608,462,0,177,2339
5.5476175e-05,1.0,0.07074721780604133,0.9402283411685695,0.165,462,0,178,2338
5.560796e-05,1.0,0.07114467408585055,0.9398925453324378,0.16505894962486603,462,0,179,2337
5.58011e-05,1.0,0.07154213036565978,0.9395567494963063,0.1651179413867048,462,0,180,2336
5.6211597e-05,1.0,0.071939586645469,0.9392209536601747,0.1651769753307115,462,0,181,2335
5.6769913e-05,1.0,0.07233704292527822,0.938885157824043,0.16523605150214593,462,0,182,2334
5.711217e-05,1.0,0.07273449920508744,0.9385493619879114,0.16529516994633273,462,0,183,2333
5.751519e-05,1.0,0.07313195548489666,0.9382135661517798,0.16535433070866143,462,0,184,2332
5.8808564e-05,1.0,0.07352941176470588,0.9378777703156481,0.16541353383458646,462,0,185,2331
5.8815975e-05,1.0,0.0739268680445151,0.9375419744795165,0.1654727793696275,462,0,186,2330
5.9388196e-05,1.0,0.07432432432432433,0.9372061786433848,0.1655320673593694,462,0,187,2329
5.941465e-05,1.0,0.07472178060413355,0.9368703828072532,0.16559139784946236,462,0,188,2328
5.987468e-05,1.0,0.07511923688394277,0.9365345869711216,0.16565077088562208,462,0,189,2327
5.9998427e-05,1.0,0.075516693163752,0.9361987911349899,0.16571018651362984,462,0,190,2326
6.0789098e-05,1.0,0.0759141494435612,0.9358629952988583,0.16576964477933262,462,0,191,2325
6.089075e-05,1.0,0.07631160572337042,0.9355271994627267,0.1658291457286432,462,0,192,2324
6.122298e-05,1.0,0.07670906200317965,0.935191403626595,0.1658886894075404,462,0,193,2323
6.1779196e-05,1.0,0.07710651828298887,0.9348556077904634,0.16594827586206898,462,0,194,2322
6.1972496e-05,1.0,0.07750397456279809,0.9345198119543318,0.16600790513833993,462,0,195,2321
6.2522944e-05,1.0,0.07790143084260731,0.9341840161182001,0.16606757728253055,462,0,196,2320
6.28931e-05,1.0,0.07829888712241653,0.9338482202820685,0.16612729234088458,462,0,197,2319
6.383474e-05,1.0,0.07869634340222575,0.9335124244459369,0.16618705035971224,462,0,198,2318
6.407699e-05,1.0,0.07909379968203498,0.9331766286098052,0.16624685138539042,462,0,199,2317
6.4357584e-05,1.0,0.0794912559618442,0.9328408327736736,0.16630669546436286,462,0,200,2316
6.442943e-05,1.0,0.07988871224165342,0.9325050369375419,0.16636658264314008,462,0,201,2315
6.468331e-05,1.0,0.08028616852146264,0.9321692411014103,0.16642651296829972,462,0,202,2314
6.551279e-05,1.0,0.08068362480127186,0.9318334452652787,0.16648648648648648,462,0,203,2313
6.566891e-05,1.0,0.08108108108108109,0.931497649429147,0.1665465032444124,462,0,204,2312
6.581737e-05,1.0,0.08147853736089031,0.9311618535930154,0.16660656328885684,462,0,205,2311
6.6507535e-05,1.0,0.08187599364069953,0.9308260577568838,0.16666666666666666,462,0,206,2310
6.7032444e-05,1.0,0.08227344992050874,0.9304902619207522,0.1667268134247564,462,0,207,2309
6.729261e-05,1.0,0.08267090620031796,0.9301544660846206,0.16678700361010831,462,0,208,2308
6.7495625e-05,1.0,0.08306836248012718,0.929818670248489,0.1668472372697725,462,0,209,2307
6.802289e-05,1.0,0.0834658187599364,0.9294828744123573,0.16690751445086704,462,0,210,2306
6.825518e-05,1.0,0.08386327503974562,0.9291470785762257,0.16696783520057826,462,0,211,2305
6.833308e-05,1.0,0.08426073131955485,0.9288112827400941,0.16702819956616052,462,0,212,2304
6.8662026e-05,1.0,0.08465818759936407,0.9284754869039624,0.1670886075949367,462,0,213,2303
6.96737e-05,1.0,0.08505564387917329,0.9281396910678308,0.1671490593342981,462,0,214,2302
7.071516e-05,1.0,0.08545310015898251,0.9278038952316991,0.16720955483170466,462,0,215,2301
7.2106835e-05,1.0,0.08585055643879173,0.9274680993955675,0.16727009413468502,462,0,216,2300
7.233314e-05,1.0,0.08624801271860096,0.9271323035594359,0.16733067729083664,462,0,217,2299
7.240463e-05,1.0,0.08664546899841018,0.9267965077233042,0.1673913043478261,462,0,218,2298
7.240525e-05,1.0,0.0870429252782194,0.9264607118871726,0.1674519753533889,462,0,219,2297
7.274153e-05,1.0,0.08744038155802862,0.926124916051041,0.16751269035532995,462,0,220,2296
7.2889154e-05,1.0,0.08783783783783784,0.9257891202149093,0.16757344940152338,462,0,221,2295
7.432963e-05,1.0,0.08823529411764706,0.9254533243787777,0.1676342525399129,462,0,222,2294
7.450143e-05,1.0,0.08863275039745629,0.9251175285426461,0.1676950998185118,462,0,223,2293
7.5091295e-05,1.0,0.0890302066772655,0.9247817327065144,0.16775599128540306,462,0,224,2292
7.783866e-05,1.0,0.08942766295707472,0.9244459368703828,0.16781692698873957,462,0,225,2291
7.825529e-05,1.0,0.08982511923688394,0.9241101410342512,0.16787790697674418,462,0,226,2290
7.84729e-05,1.0,0.09022257551669316,0.9237743451981195,0.16793893129770993,462,0,227,2289
7.885442e-05,1.0,0.09062003179650238,0.9234385493619879,0.168,462,0,228,2288
8.005921e-05,1.0,0.0910174880763116,0.9231027535258562,0.16806111313204802,462,0,229,2287
8.34241e-05,1.0,0.09141494435612083,0.9227669576897246,0.16812227074235808,462,0,230,2286
8.364793e-05,1.0,0.09181240063593005,0.922431161853593,0.1681834728795049,462,0,231,2285
8.631763e-05,1.0,0.09220985691573927,0.9220953660174613,0.16824471959213402,462,0,232,2284
8.6848595e-05,1.0,0.09260731319554849,0.9217595701813297,0.16830601092896175,462,0,233,2283
8.737168e-05,1.0,0.09300476947535771,0.9214237743451981,0.1683673469387755,462,0,234,2282
8.760745e-05,1.0,0.09340222575516693,0.9210879785090665,0.16842872767043382,462,0,235,2281
8.8190995e-05,1.0,0.09379968203497616,0.9207521826729349,0.16849015317286653,462,0,236,2280
8.856045e-05,1.0,0.09419713831478538,0.9204163868368033,0.1685516234950748,462,0,237,2279
9.053644e-05,1.0,0.0945945945945946,0.9200805910006716,0.1686131386861314,462,0,238,2278
9.2079375e-05,1.0,0.09499205087440382,0.91974479516454,0.1686746987951807,462,0,239,2277
9.283602e-05,1.0,0.09538950715421304,0.9194089993284084,0.168736303871439,462,0,240,2276
9.297351e-05,1.0,0.09578696343402225,0.9190732034922767,0.16879795396419436,462,0,241,2275
9.304668e-05,1.0,0.09618441971383147,0.9187374076561451,0.16885964912280702,462,0,242,2274
9.342053e-05,1.0,0.0965818759936407,0.9184016118200135,0.16892138939670934,462,0,243,2273
9.365155e-05,1.0,0.09697933227344992,0.9180658159838818,0.168983174835406,462,0,244,2272
9.389253e-05,1.0,0.09737678855325914,0.9177300201477502,0.1690450054884742,462,0,245,2271
9.441939e-05,1.0,0.09777424483306836,0.9173942243116185,0.16910688140556368,462,0,246,2270
9.4467934e-05,1.0,0.09817170111287758,0.9170584284754869,0.16916880263639691,462,0,247,2269
9.541855e-05,1.0,0.0985691573926868,0.9167226326393553,0.16923076923076924,462,0,248,2268
9.5589494e-05,1.0,0.09896661367249603,0.9163868368032236,0.1692927812385489,462,0,249,2267
9.599196e-05,1.0,0.09936406995230525,0.916051040967092,0.1693548387096774,462,0,250,2266
9.78998e-05,1.0,0.09976152623211447,0.9157152451309604,0.1694169416941694,462,0,251,2265
9.805311e-05,1.0,0.10015898251192369,0.9153794492948287,0.169479090242113,462,0,252,2264
9.810623e-05,1.0,0.10055643879173291,0.9150436534586971,0.16954128440366972,462,0,253,2263
0.00010001803,1.0,0.10095389507154214,0.9147078576225655,0.1696035242290749,462,0,254,2262
0.00010164825,1.0,0.10135135135135136,0.9143720617864338,0.16966580976863754,462,0,255,2261
0.00010201968,1.0,0.10174880763116058,0.9140362659503022,0.16972814107274062,462,0,256,2260
0.00010469461,1.0,0.10214626391096979,0.9137004701141705,0.16979051819184124,462,0,257,2259
0.000106702624,1.0,0.10254372019077901,0.9133646742780389,0.1698529411764706,462,0,258,2258
0.00010672033,1.0,0.10294117647058823,0.9130288784419073,0.16991541007723426,462,0,259,2257
0.000106916916,1.0,0.10333863275039745,0.9126930826057756,0.16997792494481237,462,0,260,2256
0.00010706403,1.0,0.10373608903020667,0.912357286769644,0.1700404858299595,462,0,261,2255
0.00011040811,1.0,0.1041335453100159,0.9120214909335125,0.17010309278350516,462,0,262,2254
0.00011052715,1.0,0.10453100158982512,0.9116856950973808,0.17016574585635358,462,0,263,2253
0.00011112996,1.0,0.10492845786963434,0.9113498992612492,0.17022844509948415,462,0,264,2252
0.000111922454,1.0,0.10532591414944356,0.9110141034251176,0.17029119056395134,462,0,265,2251
0.00011294182,1.0,0.10572337042925278,0.9106783075889859,0.17035398230088494,462,0,266,2250
0.00011338111,1.0,0.106120826709062,0.9103425117528543,0.17041682036149022,462,0,267,2249
0.0001146644,1.0,0.10651828298887123,0.9100067159167227,0.17047970479704797,462,0,268,2248
0.0001151239,1.0,0.10691573926868045,0.909670920080591,0.17054263565891473,462,0,269,2247
0.00011588718,1.0,0.10731319554848967,0.9093351242444594,0.1706056129985229,462,0,270,2246
0.00011716231,1.0,0.10771065182829889,0.9089993284083278,0.17066863686738087,462,0,271,2245
0.000119919016,1.0,0.10810810810810811,0.9086635325721961,0.17073170731707318,462,0,272,2244
0.000120346194,1.0,0.10850556438791734,0.9083277367360645,0.17079482439926064,462,0,273,2243
0.00012221583,1.0,0.10890302066772654,0.9079919408999328,0.17085798816568049,462,0,274,2242
0.00012332952,1.0,0.10930047694753577,0.9076561450638012,0.1709211986681465,462,0,275,2241
0.00012370029,1.0,0.10969793322734499,0.9073203492276696,0.17098445595854922,462,0,276,2240
0.00012434625,1.0,0.11009538950715421,0.9069845533915379,0.17104776008885597,462,0,277,2239
0.00012476527,1.0,0.11049284578696343,0.9066487575554063,0.1711111111111111,462,0,278,2238
0.00012512019,1.0,0.11089030206677265,0.9063129617192747,0.1711745090774361,462,0,279,2237
0.00012527849,1.0,0.11128775834658187,0.905977165883143,0.17123795404002964,462,0,280,2236
0.00012557331,1.0,0.1116852146263911,0.9056413700470114,0.17130144605116795,462,0,281,2235
0.00012704049,1.0,0.11208267090620032,0.9053055742108798,0.17136498516320475,462,0,282,2234
0.00012854185,1.0,0.11248012718600954,0.9049697783747481,0.17142857142857143,462,0,283,2233
0.00012867663,1.0,0.11287758346581876,0.9046339825386165,0.1714922048997773,462,0,284,2232
0.00012879854,1.0,0.11327503974562798,0.9042981867024849,0.17155588562940957,462,0,285,2231
0.00012880222,1.0,0.1136724960254372,0.9039623908663532,0.17161961367013373,462,0,286,2230
0.0001304511,1.0,0.11406995230524643,0.9036265950302216,0.1716833890746934,462,0,287,2229
0.00013052364,1.0,0.11446740858505565,0.9032907991940899,0.17174721189591077,462,0,288,2228
0.0001309259,1.0,0.11486486486486487,0.9029550033579583,0.1718110821866865,462,0,289,2227
0.00013094112,1.0,0.11526232114467408,0.9026192075218268,0.171875,462,0,290,2226
0.00013136232,1.0,0.1156597774244833,0.9022834116856951,0.17193896538890957,462,0,291,2225
0.00013166717,1.0,0.11605723370429252,0.9019476158495635,0.1720029784065525,462,0,292,2224
0.0001328661,1.0,0.11645468998410174,0.9016118200134319,0.17206703910614526,462,0,293,2223
0.00013345678,1.0,0.11685214626391097,0.9012760241773002,0.1721311475409836,462,0,294,2222
0.00013375057,1.0,0.11724960254372019,0.9009402283411686,0.17219530376444278,462,0,295,2221
0.00013376905,1.0,0.11764705882352941,0.900604432505037,0.17225950782997762,462,0,296,2220
0.00013491839,1.0,0.11804451510333863,0.9002686366689053,0.17232375979112272,462,0,297,2219
0.00013550295,1.0,0.11844197138314785,0.8999328408327737,0.17238805970149254,462,0,298,2218
0.00013636635,1.0,0.11883942766295708,0.8995970449966421,0.17245240761478164,462,0,299,2217
0.00013643905,1.0,0.1192368839427663,0.8992612491605104,0.17251680358476476,462,0,300,2216
0.00013667891,1.0,0.11963434022257552,0.8989254533243788,0.17258124766529698,462,0,301,2215
0.00013775536,1.0,0.12003179650238474,0.8985896574882472,0.1726457399103139,462,0,302,2214
0.00013777164,1.0,0.12042925278219396,0.8982538616521155,0.17271028037383176,462,0,303,2213
0.00013811204,1.0,0.12082670906200318,0.8979180658159839,0.17277486910994763,462,0,304,2212
0.000138192,1.0,0.1212241653418124,0.8975822699798522,0.1728395061728395,462,0,305,2211
0.00013907334,1.0,0.12162162162162163,0.8972464741437206,0.17290419161676646,462,0,306,2210
0.00013908805,1.0,0.12201907790143084,0.896910678307589,0.17296892549606888,462,0,307,2209
0.00014058128,1.0,0.12241653418124006,0.8965748824714573,0.17303370786516853,462,0,308,2208
0.0001413566,1.0,0.12281399046104928,0.8962390866353257,0.17309853877856876,462,0,309,2207
0.00014150268,1.0,0.1232114467408585,0.8959032907991941,0.17316341829085458,462,0,310,2206
0.00014268905,1.0,0.12360890302066772,0.8955674949630624,0.1732283464566929,462,0,311,2205
0.00014439404,1.0,0.12400635930047695,0.8952316991269308,0.17329332333083272,462,0,312,2204
0.00014606008,1.0,0.12440381558028617,0.8948959032907992,0.17335834896810506,462,0,313,2203
0.00014665612,1.0,0.12480127186009539,0.8945601074546675,0.17342342342342343,462,0,314,2202
0.00014784228,1.0,0.1251987281399046,0.8942243116185359,0.1734885467517837,462,0,315,2201
0.00015073719,1.0,0.12559618441971382,0.8938885157824042,0.17355371900826447,462,0,316,2200
0.00015099255,1.0,0.12599364069952304,0.8935527199462726,0.17361894024802707,462,0,317,2199
0.00015112404,1.0,0.12639109697933226,0.8932169241101411,0.1736842105263158,462,0,318,2198
0.0001521122,1.0,0.12678855325914148,0.8928811282740095,0.17374952989845807,462,0,319,2197
0.00015231874,1.0,0.1271860095389507,0.8925453324378778,0.17381489841986456,462,0,320,2196
0.0001527966,1.0,0.12758346581875993,0.8922095366017462,0.17388031614602936,462,0,321,2195
0.00015279879,1.0,0.12798092209856915,0.8918737407656145,0.17394578313253012,462,0,322,2194
0.0001534475,1.0,0.12837837837837837,0.8915379449294829,0.17401129943502824,462,0,323,2193
0.00015578928,1.0,0.1287758346581876,0.8912021490933513,0.17407686510926904,462,0,324,2192
0.00015625166,1.0,0.12917329093799682,0.8908663532572196,0.1741424802110818,462,0,325,2191
0.0001563667,1.0,0.12957074721780604,0.890530557421088,0.17420814479638008,462,0,326,2190
0.00015775078,1.0,0.12996820349761526,0.8901947615849564,0.17427385892116182,462,0,327,2189
0.00016117084,1.0,0.13036565977742448,0.8898589657488247,0.17433962264150943,462,0,328,2188
0.00016181682,1.0,0.1307631160572337,0.8895231699126931,0.17440543601359004,462,0,329,2187
0.00016186773,1.0,0.13116057233704292,0.8891873740765615,0.17447129909365558,462,0,330,2186
0.00016242341,1.0,0.13155802861685215,0.8888515782404298,0.17453721193804306,462,0,331,2185
0.00016303912,1.0,0.13195548489666137,0.8885157824042982,0.1746031746031746,462,0,332,2184
0.00016312729,1.0,0.1323529411764706,0.8881799865681665,0.17466918714555765,462,0,333,2183
0.00016330564,1.0,0.1327503974562798,0.8878441907320349,0.17473524962178516,462,0,334,2182
0.00016381829,1.0,0.13314785373608903,0.8875083948959033,0.17480136208853575,462,0,335,2181
0.00016488077,1.0,0.13354531001589826,0.8871725990597716,0.17486752460257382,462,0,336,2180
0.0001650176,1.0,0.13394276629570748,0.88683680322364,0.17493373722074973,462,0,337,2179
0.00016632685,1.0,0.1343402225755167,0.8865010073875084,0.175,462,0,338,2178
0.00016635889,1.0,0.13473767885532592,0.8861652115513767,0.17506631299734748,462,0,339,2177
0.00016913556,1.0,0.13513513513513514,0.8858294157152451,0.17513267626990145,462,0,340,2176
0.00017004483,1.0,0.13553259141494436,0.8854936198791135,0.1751990898748578,462,0,341,2175
0.00017148026,1.0,0.1359300476947536,0.8851578240429818,0.17526555386949924,462,0,342,2174
0.00017325462,1.0,0.1363275039745628,0.8848220282068502,0.17533206831119544,462,0,343,2173
0.00017391304,1.0,0.13672496025437203,0.8844862323707186,0.17539863325740318,462,0,344,2172
0.00017446929,1.0,0.13712241653418125,0.884150436534587,0.17546524876566655,462,0,345,2171
0.00017660094,1.0,0.13751987281399047,0.8838146406984554,0.17553191489361702,462,0,346,2170
0.00017727984,1.0,0.1379173290937997,0.8834788448623238,0.17559863169897377,462,0,347,2169
0.00017769902,1.0,0.1383147853736089,0.8831430490261921,0.17566539923954372,462,0,348,2168
0.0001779293,1.0,0.1387122416534181,0.8828072531900605,0.17573221757322174,462,0,349,2167
0.00017967062,1.0,0.13910969793322733,0.8824714573539288,0.17579908675799086,462,0,350,2166
0.0001811975,1.0,0.13950715421303655,0.8821356615177972,0.17586600685192236,462,0,351,2165
0.00018130326,1.0,0.13990461049284578,0.8817998656816656,0.17593297791317594,462,0,352,2164
0.00018186026,1.0,0.140302066772655,0.8814640698455339,0.176,462,0,353,2163
0.00018200267,1.0,0.14069952305246422,0.8811282740094023,0.1760670731707317,462,0,354,2162
0.0001837278,1.0,0.14109697933227344,0.8807924781732707,0.1761341974837972,462,0,355,2161
0.00018448335,1.0,0.14149443561208266,0.880456682337139,0.17620137299771166,462,0,356,2160
0.00018460616,1.0,0.14189189189189189,0.8801208865010074,0.17626859977107975,462,0,357,2159
0.00018600535,1.0,0.1422893481717011,0.8797850906648758,0.1763358778625954,462,0,358,2158
0.00018674889,1.0,0.14268680445151033,0.8794492948287441,0.1764032073310424,462,0,359,2157
0.00018679645,1.0,0.14308426073131955,0.8791134989926125,0.17647058823529413,462,0,360,2156
0.00018747288,1.0,0.14348171701112877,0.8787777031564808,0.1765380206343141,462,0,361,2155
0.00019041187,1.0,0.143879173290938,0.8784419073203492,0.17660550458715596,462,0,362,2154
0.00019162525,1.0,0.14427662957074722,0.8781061114842176,0.17667304015296367,462,0,363,2153
0.00019209008,1.0,0.14467408585055644,0.8777703156480859,0.17674062739097168,462,0,364,2152
0.00019264952,1.0,0.14507154213036566,0.8774345198119543,0.17680826636050517,462,0,365,2151
0.00019381303,1.0,0.14546899841017488,0.8770987239758227,0.1768759571209801,462,0,366,2150
0.0001998158,1.0,0.1458664546899841,0.876762928139691,0.1769436997319035,462,0,367,2149
0.00020108507,1.0,0.14626391096979333,0.8764271323035594,0.17701149425287357,462,0,368,2148
0.0002039568,1.0,0.14666136724960255,0.8760913364674278,0.17707934074357992,462,0,369,2147
0.00020636796,1.0,0.14705882352941177,0.8757555406312961,0.17714723926380369,462,0,370,2146
0.00020644769,1.0,0.147456279809221,0.8754197447951645,0.17721518987341772,462,0,371,2145
0.00020661151,1.0,0.1478537360890302,0.8750839489590329,0.1772831926323868,462,0,372,2144
0.00020760616,1.0,0.14825119236883944,0.8747481531229013,0.17735124760076776,462,0,373,2143
0.00020816951,1.0,0.14864864864864866,0.8744123572867697,0.1774193548387097,462,0,374,2142
0.00021031617,1.0,0.14904610492845788,0.8740765614506381,0.17748751440645408,462,0,375,2141
0.00021088042,1.0,0.1494435612082671,0.8737407656145064,0.17755572636433511,462,0,376,2140
0.00021113071,1.0,0.14984101748807632,0.8734049697783748,0.1776239907727797,462,0,377,2139
0.00021129343,1.0,0.15023847376788554,0.8730691739422431,0.1776923076923077,462,0,378,2138
0.00021228452,1.0,0.15063593004769477,0.8727333781061115,0.17776067718353214,462,0,379,2137
0.00021249856,1.0,0.151033386327504,0.8723975822699799,0.17782909930715934,462,0,380,2136
0.00021371957,1.0,0.15143084260731318,0.8720617864338482,0.1778975741239892,462,0,381,2135
0.000213753,1.0,0.1518282988871224,0.8717259905977166,0.17796610169491525,462,0,382,2134
0.00021818088,1.0,0.15222575516693163,0.871390194761585,0.17803468208092485,462,0,383,2133
0.0002187827,1.0,0.15262321144674085,0.8710543989254533,0.17810331534309945,462,0,384,2132
0.00022170707,1.0,0.15302066772655007,0.8707186030893217,0.17817200154261473,462,0,385,2131
0.00022212348,1.0,0.1534181240063593,0.8703828072531901,0.17824074074074073,462,0,386,2130
0.00022306135,1.0,0.1538155802861685,0.8700470114170584,0.17830953299884214,462,0,387,2129
0.00022455977,1.0,0.15421303656597773,0.8697112155809268,0.1783783783783784,462,0,388,2128
0.00022713085,1.0,0.15461049284578696,0.8693754197447952,0.17844727694090382,462,0,389,2127
0.00022756415,1.0,0.15500794912559618,0.8690396239086635,0.178516228748068,462,0,390,2126
0.00022758021,1.0,0.1554054054054054,0.8687038280725319,0.17858523386161576,462,0,391,2125
0.00022893456,1.0,0.15580286168521462,0.8683680322364002,0.17865429234338748,462,0,392,2124
0.00022976003,1.0,0.15620031796502384,0.8680322364002686,0.17872340425531916,462,0,393,2123
0.00023029781,1.0,0.15659777424483307,0.867696440564137,0.17879256965944273,462,0,394,2122
0.00023130192,1.0,0.1569952305246423,0.8673606447280053,0.17886178861788618,462,0,395,2121
0.0002329179,1.0,0.1573926868044515,0.8670248488918737,0.17893106119287375,462,0,396,2120
0.00023393611,1.0,0.15779014308426073,0.8666890530557421,0.17900038744672608,462,0,397,2119
0.00023518738,1.0,0.15818759936406995,0.8663532572196104,0.17906976744186046,462,0,398,2118
0.00023542566,1.0,0.15858505564387917,0.8660174613834788,0.179139201240791,462,0,399,2117
0.00023570302,1.0,0.1589825119236884,0.8656816655473473,0.1792086889061288,462,0,400,2116
0.00023632299,1.0,0.15937996820349762,0.8653458697112156,0.17927823050058206,462,0,401,2115
0.00023692718,1.0,0.15977742448330684,0.865010073875084,0.1793478260869565,462,0,402,2114
0.0002431232,1.0,0.16017488076311606,0.8646742780389524,0.17941747572815533,462,0,403,2113
0.00024376101,1.0,0.16057233704292528,0.8643384822028207,0.1794871794871795,462,0,404,2112
0.00024548062,1.0,0.1609697933227345,0.8640026863666891,0.17955693742712786,462,0,405,2111
0.00024733425,1.0,0.16136724960254373,0.8636668905305575,0.1796267496111975,462,0,406,2110
0.00024796234,1.0,0.16176470588235295,0.8633310946944258,0.17969661610268378,462,0,407,2109
0.0002493692,1.0,0.16216216216216217,0.8629952988582942,0.17976653696498054,462,0,408,2108
0.00025046576,1.0,0.1625596184419714,0.8626595030221625,0.17983651226158037,462,0,409,2107
0.0002519058,1.0,0.16295707472178061,0.8623237071860309,0.17990654205607476,462,0,410,2106
0.00025790854,1.0,0.16335453100158984,0.8619879113498993,0.17997662641215426,462,0,411,2105
0.0002579865,1.0,0.16375198728139906,0.8616521155137676,0.18004676539360873,462,0,412,2104
0.00025812894,1.0,0.16414944356120828,0.861316319677636,0.18011695906432748,462,0,413,2103
0.00026038024,1.0,0.16454689984101747,0.8609805238415044,0.18018720748829953,462,0,414,2102
0.0002604731,1.0,0.1649443561208267,0.8606447280053727,0.18025751072961374,462,0,415,2101
0.0002653932,1.0,0.16534181240063592,0.8603089321692411,0.18032786885245902,462,0,416,2100
0.0002660136,1.0,0.16573926868044514,0.8599731363331095,0.18039828192112456,462,0,417,2099
0.00026793024,1.0,0.16613672496025436,0.8596373404969778,0.18046875,462,0,418,2098
0.00027127538,1.0,0.16653418124006358,0.8593015446608462,0.18053927315357562,462,0,419,2097
0.0002722078,1.0,0.1669316375198728,0.8589657488247145,0.18060985144644254,462,0,420,2096
0.00027248514,1.0,0.16732909379968203,0.8586299529885829,0.18068048494329292,462,0,421,2095
0.00027498612,1.0,0.16772655007949125,0.8582941571524513,0.1807511737089202,462,0,422,2094
0.00027498952,1.0,0.16812400635930047,0.8579583613163196,0.18082191780821918,462,0,423,2093
0.00027624558,1.0,0.1685214626391097,0.857622565480188,0.18089271730618636,462,0,424,2092
0.00028697497,1.0,0.16891891891891891,0.8572867696440564,0.1809635722679201,462,0,425,2091
0.000287315,1.0,0.16931637519872814,0.8569509738079247,0.1810344827586207,462,0,426,2090
0.00028806736,1.0,0.16971383147853736,0.8566151779717931,0.18110544884359076,462,0,427,2089
0.00029148592,1.0,0.17011128775834658,0.8562793821356616,0.1811764705882353,462,0,428,2088
0.00029222245,1.0,0.1705087440381558,0.8559435862995299,0.18124754805806198,462,0,429,2087
0.0002925595,1.0,0.17090620031796502,0.8556077904633983,0.1813186813186813,462,0,430,2086
0.00029354266,1.0,0.17130365659777425,0.8552719946272667,0.18138987043580684,462,0,431,2085
0.00029372826,1.0,0.17170111287758347,0.854936198791135,0.1814611154752553,462,0,432,2084
0.0002947963,1.0,0.1720985691573927,0.8546004029550034,0.18153241650294696,462,0,433,2083
0.0003027739,1.0,0.1724960254372019,0.8542646071188718,0.18160377358490565,462,0,434,2082
0.00030775715,1.0,0.17289348171701113,0.8539288112827401,0.18167518678725914,462,0,435,2081
0.00030801576,1.0,0.17329093799682035,0.8535930154466085,0.18174665617623917,462,0,436,2080
0.00031040033,1.0,0.17368839427662958,0.8532572196104768,0.18181818181818182,462,0,437,2079
0.00031051695,1.0,0.1740858505564388,0.8529214237743452,0.18188976377952756,462,0,438,2078
0.00031165613,1.0,0.17448330683624802,0.8525856279382136,0.18196140212682158,462,0,439,2077
0.00031457946,1.0,0.17488076311605724,0.8522498321020819,0.18203309692671396,462,0,440,2076
0.0003148537,1.0,0.17527821939586646,0.8519140362659503,0.1821048482459598,462,0,441,2075
0.0003153996,1.0,0.17567567567567569,0.8515782404298187,0.18217665615141956,462,0,442,2074
0.00031640945,1.0,0.1760731319554849,0.851242444593687,0.18224852071005918,462,0,443,2073
0.00032193091,1.0,0.17647058823529413,0.8509066487575554,0.18232044198895028,462,0,444,2072
0.000324216,1.0,0.17686804451510335,0.8505708529214238,0.18239242005527043,462,0,445,2071
0.00032455247,1.0,0.17726550079491257,0.8502350570852921,0.18246445497630331,462,0,446,2070
0.0003253406,1.0,0.17766295707472177,0.8498992612491605,0.18253654681943896,462,0,447,2069
0.00032725654,1.0,0.178060413354531,0.8495634654130289,0.1826086956521739,462,0,448,2068
0.00032736792,1.0,0.1784578696343402,0.8492276695768972,0.1826809015421115,462,0,449,2067
0.00032818574,1.0,0.17885532591414943,0.8488918737407656,0.18275316455696203,462,0,450,2066
0.0003292883,1.0,0.17925278219395865,0.8485560779046339,0.18282548476454294,462,0,451,2065
0.00032979407,1.0,0.17965023847376788,0.8482202820685023,0.1828978622327791,462,0,452,2064
0.0003303136,1.0,0.1800476947535771,0.8478844862323707,0.18297029702970297,462,0,453,2063
0.0003303637,1.0,0.18044515103338632,0.847548690396239,0.18304278922345482,462,0,454,2062
0.00033091562,1.0,0.18084260731319554,0.8472128945601075,0.18311533888228299,462,0,455,2061
0.00033157342,1.0,0.18124006359300476,0.8468770987239759,0.183187946074544,462,0,456,2060
0.00033157974,1.0,0.18163751987281399,0.8465413028878442,0.1832606108687029,462,0,457,2059
0.00033201562,1.0,0.1820349761526232,0.8462055070517126,0.18333333333333332,462,0,458,2058
0.0003320188,1.0,0.18243243243243243,0.845869711215581,0.18340611353711792,462,0,459,2057
0.00033254814,1.0,0.18282988871224165,0.8455339153794493,0.1834789515488483,462,0,460,2056
0.0003334059,1.0,0.18322734499205087,0.8451981195433177,0.1835518474374255,462,0,461,2055
0.00033527723,1.0,0.1836248012718601,0.8448623237071861,0.1836248012718601,462,0,462,2054
0.00033730216,1.0,0.18402225755166932,0.8445265278710544,0.18369781312127237,462,0,463,2053
0.0003392649,1.0,0.18441971383147854,0.8441907320349228,0.18377088305489261,462,0,464,2052
0.00034067966,1.0,0.18481717011128776,0.8438549361987912,0.18384401114206128,462,0,465,2051
0.00034075827,1.0,0.18521462639109698,0.8435191403626595,0.1839171974522293,462,0,466,2050
0.0003422665,1.0,0.1856120826709062,0.8431833445265279,0.18399044205495818,462,0,467,2049
0.00034236032,1.0,0.18600953895071543,0.8428475486903962,0.18406374501992032,462,0,468,2048
0.0003451385,1.0,0.18640699523052465,0.8425117528542646,0.18413710641689918,462,0,469,2047
0.0003491261,1.0,0.18680445151033387,0.842175957018133,0.18421052631578946,462,0,470,2046
0.0003527097,1.0,0.1872019077901431,0.8418401611820013,0.18428400478659754,462,0,471,2045
0.00035364064,1.0,0.1875993640699523,0.8415043653458697,0.18435754189944134,462,0,472,2044
0.0003550107,1.0,0.18799682034976153,0.8411685695097381,0.1844311377245509,462,0,473,2043
0.0003595784,1.0,0.18839427662957076,0.8408327736736064,0.18450479233226838,462,0,474,2042
0.00036057114,1.0,0.18879173290937998,0.8404969778374748,0.18457850579304835,462,0,475,2041
0.00036170142,1.0,0.1891891891891892,0.8401611820013432,0.18465227817745802,462,0,476,2040
0.00036171227,1.0,0.18958664546899842,0.8398253861652115,0.18472610955617752,462,0,477,2039
0.00036226353,1.0,0.18998410174880764,0.8394895903290799,0.1848,462,0,478,2038
0.00036446948,1.0,0.19038155802861687,0.8391537944929482,0.18487394957983194,462,0,479,2037
0.00036726188,1.0,0.1907790143084261,0.8388179986568166,0.18494795836669337,462,0,480,2036
0.00037124843,1.0,0.19117647058823528,0.838482202820685,0.18502202643171806,462,0,481,2035
0.00037192006,1.0,0.1915739268680445,0.8381464069845533,0.18509615384615385,462,0,482,2034
0.00037493624,1.0,0.19197138314785372,0.8378106111484218,0.18517034068136273,462,0,483,2033
0.00037574454,1.0,0.19236883942766295,0.8374748153122902,0.18524458700882118,462,0,484,2032
0.00037605257,1.0,0.19276629570747217,0.8371390194761585,0.18531889290012032,462,0,485,2031
0.00037770742,1.0,0.1931637519872814,0.8368032236400269,0.1853932584269663,462,0,486,2030
0.00037778539,1.0,0.1935612082670906,0.8364674278038953,0.18546768366118024,462,0,487,2029
0.00037948857,1.0,0.19395866454689983,0.8361316319677636,0.1855421686746988,462,0,488,2028
0.00038356264,1.0,0.19435612082670906,0.835795836131632,0.18561671353957412,462,0,489,2027
0.00038365115,1.0,0.19475357710651828,0.8354600402955004,0.18569131832797428,462,0,490,2026
0.00038562002,1.0,0.1951510333863275,0.8351242444593687,0.18576598311218334,462,0,491,2025
0.00038606324,1.0,0.19554848966613672,0.8347884486232371,0.18584070796460178,462,0,492,2024
0.000386549,1.0,0.19594594594594594,0.8344526527871055,0.18591549295774648,462,0,493,2023
0.00038772073,1.0,0.19634340222575516,0.8341168569509738,0.1859903381642512,462,0,494,2022
0.0003891972,1.0,0.1967408585055644,0.8337810611148422,0.1860652436568667,462,0,495,2021
0.00038939837,1.0,0.1971383147853736,0.8334452652787105,0.1861402095084609,462,0,496,2020
0.0003934394,1.0,0.19753577106518283,0.8331094694425789,0.18621523579201935,462,0,497,2019
0.0003985547,1.0,0.19793322734499205,0.8327736736064473,0.18629032258064515,462,0,498,2018
0.0004025499,1.0,0.19833068362480127,0.8324378777703156,0.1863654699475595,462,0,499,2017
0.0004027547,1.0,0.1987281399046105,0.832102081934184,0.1864406779661017,462,0,500,2016
0.00040558868,1.0,0.19912559618441972,0.8317662860980524,0.1865159467097295,462,0,501,2015
0.00040840835,1.0,0.19952305246422894,0.8314304902619207,0.18659127625201938,462,0,502,2014
0.00040940684,1.0,0.19992050874403816,0.8310946944257891,0.18666666666666668,462,0,503,2013
0.0004098903,1.0,0.20031796502384738,0.8307588985896575,0.18674211802748586,462,0,504,2012
0.00040995207,1.0,0.2007154213036566,0.8304231027535258,0.18681763040841085,462,0,505,2011
0.00041243108,1.0,0.20111287758346583,0.8300873069173942,0.18689320388349515,462,0,506,2010
0.0004127788,1.0,0.20151033386327505,0.8297515110812625,0.18696883852691218,462,0,507,2009
0.00041314575,1.0,0.20190779014308427,0.8294157152451309,0.18704453441295546,462,0,508,2008
0.00041331354,1.0,0.2023052464228935,0.8290799194089993,0.18712029161603888,462,0,509,2007
0.00041496853,1.0,0.20270270270270271,0.8287441235728676,0.18719611021069693,462,0,510,2006
0.000415764,1.0,0.20310015898251194,0.8284083277367361,0.18727199027158492,462,0,511,2005
0.00042017267,1.0,0.20349761526232116,0.8280725319006045,0.1873479318734793,462,0,512,2004
0.0004202035,1.0,0.20389507154213038,0.8277367360644728,0.1874239350912779,462,0,513,2003
0.00043507986,1.0,0.20429252782193957,0.8274009402283412,0.1875,462,0,514,2002
0.00043630195,1.0,0.2046899841017488,0.8270651443922096,0.18757612667478685,462,0,515,2001
0.00043672867,1.0,0.20508744038155802,0.8267293485560779,0.1876523151909017,462,0,516,2000
0.00043718563,1.0,0.20548489666136724,0.8263935527199463,0.1877285656237302,462,0,517,1999
0.0004409798,1.0,0.20588235294117646,0.8260577568838147,0.1878048780487805,462,0,518,1998
0.00044257965,1.0,0.20627980922098568,0.825721961047683,0.1878812525416836,462,0,519,1997
0.00044286033,1.0,0.2066772655007949,0.8253861652115514,0.18795768917819367,462,0,520,1996
0.00044473168,1.0,0.20707472178060413,0.8250503693754198,0.18803418803418803,462,0,521,1995
0.00044508217,1.0,0.20747217806041335,0.8247145735392881,0.18811074918566775,462,0,522,1994
0.00044583125,1.0,0.20786963434022257,0.8243787777031565,0.18818737270875763,462,0,523,1993
0.00044644662,1.0,0.2082670906200318,0.8240429818670248,0.1882640586797066,462,0,524,1992
0.00044811287,1.0,0.208664546899841,0.8237071860308932,0.18834080717488788,462,0,525,1991
0.00045121319,1.0,0.20906200317965024,0.8233713901947616,0.18841761827079934,462,0,526,1990
0.0004516866,1.0,0.20945945945945946,0.8230355943586299,0.18849449204406366,462,0,527,1989
0.00045202923,1.0,0.20985691573926868,0.8226997985224983,0.18857142857142858,462,0,528,1988
0.00045815413,1.0,0.2102543720190779,0.8223640026863667,0.18864842792976724,462,0,529,1987
0.00045827575,1.0,0.21065182829888712,0.822028206850235,0.18872549019607843,462,0,530,1986
0.00046028022,1.0,0.21104928457869634,0.8216924110141034,0.18880261544748672,462,0,531,1985
0.00046342827,1.0,0.21144674085850557,0.8213566151779718,0.18887980376124286,462,0,532,1984
0.00046772914,1.0,0.2118441971383148,0.8210208193418401,0.18895705521472392,462,0,533,1983
0.0004710621,1.0,0.212241653418124,0.8206850235057085,0.1890343698854337,462,0,534,1982
0.0004720303,1.0,0.21263910969793323,0.8203492276695769,0.18911174785100288,462,0,535,1981
0.0004724825,1.0,0.21303656597774245,0.8200134318334452,0.1891891891891892,462,0,536,1980
0.00047283978,1.0,0.21343402225755168,0.8196776359973136,0.18926669397787793,462,0,537,1979
0.0004763549,1.0,0.2138314785373609,0.8193418401611821,0.18934426229508197,462,0,538,1978
0.00047752942,1.0,0.21422893481717012,0.8190060443250504,0.18942189421894218,462,0,539,1977
0.00047971544,1.0,0.21462639109697934,0.8186702484889188,0.18949958982772763,462,0,540,1976
0.00048053995,1.0,0.21502384737678856,0.8183344526527871,0.18957734919983588,462,0,541,1975
0.0004810785,1.0,0.21542130365659778,0.8179986568166555,0.1896551724137931,462,0,542,1974
0.0004831824,1.0,0.215818759936407,0.8176628609805239,0.18973305954825462,462,0,543,1973
0.00048372342,1.0,0.21621621621621623,0.8173270651443922,0.18981101068200493,462,0,544,1972
0.00048401303,1.0,0.21661367249602545,0.8169912693082606,0.18988902589395806,462,0,545,1971
0.00048556528,1.0,0.21701112877583467,0.816655473472129,0.18996710526315788,462,0,546,1970
0.0004883894,1.0,0.21740858505564387,0.8163196776359973,0.19004524886877827,462,0,547,1969
0.00048852654,1.0,0.2178060413354531,0.8159838817998657,0.19012345679012346,462,0,548,1968
0.0004895824,1.0,0.2182034976152623,0.8156480859637341,0.19020172910662825,462,0,549,1967
0.0004931751,1.0,0.21860095389507153,0.8153122901276024,0.1902800658978583,462,0,550,1966
0.0004939839,1.0,0.21899841017488075,0.8149764942914708,0.1903584672435105,462,0,551,1965
0.00049595727,1.0,0.21939586645468998,0.8146406984553392,0.190436933223413,462,0,552,1964
0.0005017228,1.0,0.2197933227344992,0.8143049026192075,0.19051546391752577,462,0,553,1963
0.00050264184,1.0,0.22019077901430842,0.8139691067830759,0.1905940594059406,462,0,554,1962
0.00050273095,1.0,0.22058823529411764,0.8136333109469442,0.19067271976888156,462,0,555,1961
0.0005066992,1.0,0.22098569157392686,0.8132975151108126,0.1907514450867052,462,0,556,1960
0.00050671154,1.0,0.22138314785373608,0.812961719274681,0.19083023543990088,462,0,557,1959
0.00050762156,1.0,0.2217806041335453,0.8126259234385493,0.19090909090909092,462,0,558,1958
0.0005079974,1.0,0.22217806041335453,0.8122901276024177,0.190988011575031,462,0,559,1957
0.0005148084,1.0,0.22257551669316375,0.8119543317662861,0.19106699751861042,462,0,560,1956
0.0005153212,1.0,0.22297297297297297,0.8116185359301544,0.1911460488208523,462,0,561,1955
0.00051774405,1.0,0.2233704292527822,0.8112827400940228,0.1912251655629139,462,0,562,1954
0.0005195204,1.0,0.22376788553259142,0.8109469442578912,0.19130434782608696,462,0,563,1953
0.00051979814,1.0,0.22416534181240064,0.8106111484217595,0.19138359569179786,462,0,564,1952
0.0005200613,1.0,0.22456279809220986,0.8102753525856279,0.19146290924160797,462,0,565,1951
0.00052046595,1.0,0.22496025437201908,0.8099395567494964,0.19154228855721392,462,0,566,1950
0.0005230396,1.0,0.2253577106518283,0.8096037609133647,0.19162173372044794,462,0,567,1949
0.00052542705,1.0,0.22575516693163752,0.8092679650772331,0.19170124481327802,462,0,568,1948
0.00052589655,1.0,0.22615262321144675,0.8089321692411015,0.1917808219178082,462,0,569,1947
0.0005272017,1.0,0.22655007949125597,0.8085963734049698,0.19186046511627908,462,0,570,1946
0.0005280781,1.0,0.2269475357710652,0.8082605775688382,0.1919401744910677,462,0,571,1945
0.00052865874,1.0,0.2273449920508744,0.8079247817327065,0.19201995012468828,462,0,572,1944
0.0005287762,1.0,0.22774244833068363,0.8075889858965749,0.1920997920997921,462,0,573,1943
0.0005316944,1.0,0.22813990461049286,0.8072531900604433,0.19217970049916805,462,0,574,1942
0.00053286605,1.0,0.22853736089030208,0.8069173942243116,0.19225967540574282,462,0,575,1941
0.0005332027,1.0,0.2289348171701113,0.80658159838818,0.19233971690258117,462,0,576,1940
0.0005350533,1.0,0.22933227344992052,0.8062458025520484,0.1924198250728863,462,0,577,1939
0.0005352703,1.0,0.22972972972972974,0.8059100067159167,0.1925,462,0,578,1938
0.0005363672,1.0,0.23012718600953896,0.8055742108797851,0.19258024176740307,462,0,579,1937
0.00053691136,1.0,0.23052464228934816,0.8052384150436535,0.1926605504587156,462,0,580,1936
0.00053880725,1.0,0.23092209856915738,0.8049026192075218,0.1927409261576971,462,0,581,1935
0.0005389706,1.0,0.2313195548489666,0.8045668233713902,0.19282136894824708,462,0,582,1934
0.00053900806,1.0,0.23171701112877582,0.8042310275352585,0.19290187891440502,462,0,583,1933
0.0005395691,1.0,0.23211446740858505,0.8038952316991269,0.19298245614035087,462,0,584,1932
0.0005412083,1.0,0.23251192368839427,0.8035594358629953,0.19306310071040536,462,0,585,1931
0.0005412811,1.0,0.2329093799682035,0.8032236400268636,0.1931438127090301,462,0,586,1930
0.0005434826,1.0,0.2333068362480127,0.802887844190732,0.1932245922208281,462,0,587,1929
0.0005438373,1.0,0.23370429252782193,0.8025520483546004,0.19330543933054392,462,0,588,1928
0.00054649415,1.0,0.23410174880763115,0.8022162525184687,0.19338635412306404,462,0,589,1927
0.0005484724,1.0,0.23449920508744038,0.8018804566823371,0.1934673366834171,462,0,590,1926
0.00054875977,1.0,0.2348966613672496,0.8015446608462055,0.1935483870967742,462,0,591,1925
0.000549057,1.0,0.23529411764705882,0.8012088650100738,0.19362950544844929,462,0,592,1924
0.0005494132,1.0,0.23569157392686804,0.8008730691739423,0.19371069182389938,462,0,593,1923
0.00055248104,1.0,0.23608903020667726,0.8005372733378107,0.19379194630872484,462,0,594,1922
0.00055662927,1.0,0.23648648648648649,0.800201477501679,0.19387326898866974,462,0,595,1921
0.00055914145,1.0,0.2368839427662957,0.7998656816655474,0.19395465994962216,462,0,596,1920
0.0005596264,1.0,0.23728139904610493,0.7995298858294158,0.19403611927761444,462,0,597,1919
0.0005611155,1.0,0.23767885532591415,0.7991940899932841,0.19411764705882353,462,0,598,1918
0.0005621604,1.0,0.23807631160572337,0.7988582941571525,0.19419924337957126,462,0,599,1917
0.0005631826,1.0,0.2384737678855326,0.7985224983210208,0.19428090832632464,462,0,600,1916
0.0005647517,1.0,0.23887122416534182,0.7981867024848892,0.19436264198569625,462,0,601,1915
0.00057451014,1.0,0.23926868044515104,0.7978509066487576,0.19444444444444445,462,0,602,1914
0.00057506294,1.0,0.23966613672496026,0.7975151108126259,0.19452631578947369,462,0,603,1913
0.0005781526,1.0,0.24006359300476948,0.7971793149764943,0.1946082561078349,462,0,604,1912
0.0005790747,1.0,0.2404610492845787,0.7968435191403627,0.19469026548672566,462,0,605,1911
0.0005793127,1.0,0.24085850556438793,0.796507723304231,0.19477234401349072,462,0,606,1910
0.0005800649,1.0,0.24125596184419715,0.7961719274680994,0.1948544917756221,462,0,607,1909
0.00058255345,1.0,0.24165341812400637,0.7958361316319678,0.1949367088607595,462,0,608,1908
0.00058316067,1.0,0.2420508744038156,0.7955003357958361,0.1950189953566906,462,0,609,1907
0.00058846606,1.0,0.2424483306836248,0.7951645399597045,0.19510135135135134,462,0,610,1906
0.0005890923,1.0,0.24284578696343403,0.7948287441235729,0.19518377693282637,462,0,611,1905
0.0005897026,1.0,0.24324324324324326,0.7944929482874412,0.1952662721893491,462,0,612,1904
0.0005903356,1.0,0.24364069952305245,0.7941571524513096,0.19534883720930232,462,0,613,1903
0.0005906575,1.0,0.24403815580286167,0.7938213566151779,0.19543147208121828,462,0,614,1902
0.00059972244,1.0,0.2444356120826709,0.7934855607790463,0.1955141768937791,462,0,615,1901
0.00060052465,1.0,0.24483306836248012,0.7931497649429147,0.1955969517358171,462,0,616,1900
0.00060066057,1.0,0.24523052464228934,0.792813969106783,0.19567979669631513,462,0,617,1899
0.00060263206,1.0,0.24562798092209856,0.7924781732706514,0.19576271186440677,462,0,618,1898
0.0006032029,1.0,0.24602543720190778,0.7921423774345198,0.19584569732937684,462,0,619,1897
0.0006042946,1.0,0.246422893481717,0.7918065815983881,0.19592875318066158,462,0,620,1896
0.00060488493,1.0,0.24682034976152623,0.7914707857622566,0.19601187950784896,462,0,621,1895
0.00060715835,1.0,0.24721780604133545,0.791134989926125,0.1960950764006791,462,0,622,1894
0.00060913834,1.0,0.24761526232114467,0.7907991940899933,0.1961783439490446,462,0,623,1893
0.00061330124,1.0,0.2480127186009539,0.7904633982538617,0.19626168224299065,462,0,624,1892
0.00061572506,1.0,0.2484101748807631,0.7901276024177301,0.1963450913727157,462,0,625,1891
0.0006160992,1.0,0.24880763116057233,0.7897918065815984,0.19642857142857142,462,0,626,1890
0.0006174581,1.0,0.24920508744038156,0.7894560107454668,0.19651212250106337,462,0,627,1889
0.0006181187,1.0,0.24960254372019078,0.7891202149093351,0.19659574468085106,462,0,628,1888
0.0006182171,1.0,0.25,0.7887844190732035,0.1966794380587484,462,0,629,1887
0.0006196263,1.0,0.2503974562798092,0.7884486232370719,0.196763202725724,462,0,630,1886
0.0006213612,1.0,0.25079491255961844,0.7881128274009402,0.19684703877290158,462,0,631,1885
0.0006241969,1.0,0.25119236883942764,0.7877770315648086,0.1969309462915601,462,0,632,1884
0.0006279995,1.0,0.2515898251192369,0.787441235728677,0.19701492537313434,462,0,633,1883
0.0006283473,1.0,0.2519872813990461,0.7871054398925453,0.197098976109215,462,0,634,1882
0.0006285141,1.0,0.25238473767885533,0.7867696440564137,0.19718309859154928,462,0,635,1881
0.0006290016,1.0,0.2527821939586645,0.7864338482202821,0.19726729291204098,462,0,636,1880
0.00063010864,1.0,0.2531796502384738,0.7860980523841504,0.19735155916275096,462,0,637,1879
0.0006307011,1.0,0.25357710651828297,0.7857622565480188,0.19743589743589743,462,0,638,1878
0.00063433126,1.0,0.2539745627980922,0.7854264607118872,0.19752030782385635,462,0,639,1877
0.0006362027,1.0,0.2543720190779014,0.7850906648757555,0.19760479041916168,462,0,640,1876
0.0006362879,1.0,0.25476947535771066,0.7847548690396239,0.19768934531450577,462,0,641,1875
0.0006399015,1.0,0.25516693163751986,0.7844190732034922,0.19777397260273974,462,0,642,1874
0.00064126635,1.0,0.2555643879173291,0.7840832773673606,0.19785867237687366,462,0,643,1873
0.0006423631,1.0,0.2559618441971383,0.783747481531229,0.19794344473007713,462,0,644,1872
0.00064651377,1.0,0.25635930047694755,0.7834116856950973,0.19802828975567938,462,0,645,1871
0.0006501891,1.0,0.25675675675675674,0.7830758898589657,0.19811320754716982,462,0,646,1870
0.0006519505,1.0,0.257154213036566,0.7827400940228341,0.1981981981981982,462,0,647,1869
0.000653273,1.0,0.2575516693163752,0.7824042981867025,0.1982832618025751,462,0,648,1868
0.00065792043,1.0,0.25794912559618444,0.7820685023505709,0.19836839845427223,462,0,649,1867
0.0006581559,1.0,0.25834658187599363,0.7817327065144393,0.19845360824742267,462,0,650,1866
0.0006602137,1.0,0.2587440381558029,0.7813969106783076,0.19853889127632143,462,0,651,1865
0.0006647171,1.0,0.2591414944356121,0.781061114842176,0.19862424763542563,462,0,652,1864
0.00066622405,1.0,0.2595389507154213,0.7807253190060444,0.19870967741935483,462,0,653,1863
0.0006663621,1.0,0.2599364069952305,0.7803895231699127,0.19879518072289157,462,0,654,1862
0.0006667182,1.0,0.26033386327503977,0.7800537273337811,0.19888075764098148,462,0,655,1861
0.00066847994,1.0,0.26073131955484896,0.7797179314976495,0.19896640826873385,462,0,656,1860
0.0006687935,1.0,0.2611287758346582,0.7793821356615178,0.1990521327014218,462,0,657,1859
0.0006709711,1.0,0.2615262321144674,0.7790463398253862,0.19913793103448277,462,0,658,1858
0.00067221094,1.0,0.26192368839427665,0.7787105439892545,0.19922380336351875,462,0,659,1857
0.00067393354,1.0,0.26232114467408585,0.7783747481531229,0.1993097497842968,462,0,660,1856
0.0006746491,1.0,0.2627186009538951,0.7780389523169913,0.19939577039274925,462,0,661,1855
0.00067615014,1.0,0.2631160572337043,0.7777031564808596,0.19948186528497408,462,0,662,1854
0.000681222,1.0,0.2635135135135135,0.777367360644728,0.19956803455723543,462,0,663,1853
0.0006829628,1.0,0.26391096979332274,0.7770315648085964,0.1996542783059637,462,0,664,1852
0.0006835333,1.0,0.26430842607313193,0.7766957689724647,0.19974059662775617,462,0,665,1851
0.0006846139,1.0,0.2647058823529412,0.7763599731363331,0.19982698961937717,462,0,666,1850
0.00068592856,1.0,0.2651033386327504,0.7760241773002015,0.19991345737775854,462,0,667,1849
0.00068671344,1.0,0.2655007949125596,0.7756883814640698,0.2,462,0,668,1848
0.0006873472,1.0,0.2658982511923688,0.7753525856279382,0.20008661758336943,462,0,669,1847
0.0006929265,1.0,0.26629570747217807,0.7750167897918065,0.2001733102253033,462,0,670,1846
0.0006943825,1.0,0.26669316375198726,0.7746809939556749,0.20026007802340703,462,0,671,1845
0.0006998436,1.0,0.2670906200317965,0.7743451981195433,0.20034692107545535,462,0,672,1844
0.0007013665,1.0,0.2674880763116057,0.7740094022834116,0.2004338394793926,462,0,673,1843
0.0007048219,1.0,0.26788553259141495,0.77367360644728,0.20052083333333334,462,0,674,1842
0.0007053693,1.0,0.26828298887122415,0.7733378106111484,0.2006079027355623,462,0,675,1841
0.0007077111,1.0,0.2686804451510334,0.7730020147750168,0.20069504778453517,462,0,676,1840
0.00070803426,1.0,0.2690779014308426,0.7726662189388852,0.20078226857887874,462,0,677,1839
0.0007084804,1.0,0.26947535771065184,0.7723304231027536,0.2008695652173913,462,0,678,1838
0.0007100289,1.0,0.26987281399046104,0.7719946272666219,0.20095693779904306,462,0,679,1837
0.0007166639,1.0,0.2702702702702703,0.7716588314304903,0.2010443864229765,462,0,680,1836
0.0007241005,1.0,0.2706677265500795,0.7713230355943587,0.20113191118850673,462,0,681,1835
0.0007243175,1.0,0.27106518282988873,0.770987239758227,0.20121951219512196,462,0,682,1834
0.0007267693,1.0,0.2714626391096979,0.7706514439220954,0.20130718954248367,462,0,683,1833
0.0007273032,1.0,0.2718600953895072,0.7703156480859638,0.2013949433304272,462,0,684,1832
0.0007305539,1.0,0.27225755166931637,0.7699798522498321,0.20148277365896206,462,0,685,1831
0.00073945627,1.0,0.2726550079491256,0.7696440564137005,0.20157068062827224,462,0,686,1830
0.0007427021,1.0,0.2730524642289348,0.7693082605775688,0.2016586643387167,462,0,687,1829
0.00074401544,1.0,0.27344992050874406,0.7689724647414372,0.2017467248908297,462,0,688,1828
0.0007446574,1.0,0.27384737678855325,0.7686366689053056,0.2018348623853211,462,0,689,1827
0.000747078,1.0,0.2742448330683625,0.7683008730691739,0.20192307692307693,462,0,690,1826
0.000750205,1.0,0.2746422893481717,0.7679650772330423,0.20201136860515959,462,0,691,1825
0.00075467315,1.0,0.27503974562798095,0.7676292813969107,0.2020997375328084,462,0,692,1824
0.0007564307,1.0,0.27543720190779014,0.767293485560779,0.20218818380743983,462,0,693,1823
0.0007586173,1.0,0.2758346581875994,0.7669576897246474,0.202276707530648,462,0,694,1822
0.0007610012,1.0,0.2762321144674086,0.7666218938885158,0.202365308804205,462,0,695,1821
0.0007674723,1.0,0.2766295707472178,0.7662860980523841,0.20245398773006135,462,0,696,1820
0.00077169575,1.0,0.27702702702702703,0.7659503022162525,0.20254274441034634,462,0,697,1819
0.0007726995,1.0,0.2774244833068362,0.7656145063801209,0.2026315789473684,462,0,698,1818
0.000777778,1.0,0.27782193958664547,0.7652787105439892,0.20272049144361562,462,0,699,1817
0.0007878255,1.0,0.27821939586645467,0.7649429147078576,0.20280948200175591,462,0,700,1816
0.0007927136,1.0,0.2786168521462639,0.7646071188717259,0.2028985507246377,462,0,701,1815
0.0007955817,1.0,0.2790143084260731,0.7642713230355943,0.20298769771529,462,0,702,1814
0.00079726806,1.0,0.27941176470588236,0.7639355271994627,0.20307692307692307,462,0,703,1813
0.00079977146,1.0,0.27980922098569155,0.7635997313633311,0.20316622691292877,462,0,704,1812
0.0008030499,1.0,0.2802066772655008,0.7632639355271995,0.20325560932688078,462,0,705,1811
0.0008052384,1.0,0.28060413354531,0.7629281396910679,0.20334507042253522,462,0,706,1810
0.00080805324,1.0,0.28100158982511925,0.7625923438549362,0.20343461030383092,462,0,707,1809
0.00080983347,1.0,0.28139904610492844,0.7622565480188046,0.20352422907488987,462,0,708,1808
0.00081197656,1.0,0.2817965023847377,0.761920752182673,0.20361392684001764,462,0,709,1807
0.0008146787,1.0,0.2821939586645469,0.7615849563465413,0.2037037037037037,462,0,710,1806
0.00081970403,1.0,0.28259141494435613,0.7612491605104097,0.20379355977062197,462,0,711,1805
0.00081990164,1.0,0.28298887122416533,0.7609133646742781,0.20388349514563106,462,0,712,1804
0.0008203556,1.0,0.2833863275039746,0.7605775688381464,0.20397350993377483,462,0,713,1803
0.0008253629,1.0,0.28378378378378377,0.7602417730020148,0.2040636042402827,462,0,714,1802
0.0008294738,1.0,0.284181240063593,0.7599059771658832,0.20415377817057004,462,0,715,1801
0.0008304046,1.0,0.2845786963434022,0.7595701813297515,0.20424403183023873,462,0,716,1800
0.00083215674,1.0,0.28497615262321147,0.7592343854936199,0.2043343653250774,462,0,717,1799
0.0008336775,1.0,0.28537360890302066,0.7588985896574882,0.20442477876106194,462,0,718,1798
0.0008400057,1.0,0.2857710651828299,0.7585627938213566,0.20451527224435592,462,0,719,1797
0.0008447957,1.0,0.2861685214626391,0.758226997985225,0.2046058458813109,462,0,720,1796
0.0008477498,1.0,0.28656597774244835,0.7578912021490933,0.204696499778467,462,0,721,1795
0.00085165567,1.0,0.28696343402225755,0.7575554063129617,0.2047872340425532,462,0,722,1794
0.0008548993,1.0,0.2873608903020668,0.7572196104768301,0.2048780487804878,462,0,723,1793
0.00085563434,1.0,0.287758346581876,0.7568838146406984,0.20496894409937888,462,0,724,1792
0.00086149067,1.0,0.28815580286168524,0.7565480188045668,0.20505992010652463,462,0,725,1791
0.0008634568,1.0,0.28855325914149443,0.7562122229684352,0.20515097690941386,462,0,726,1790
0.00086679537,1.0,0.2889507154213037,0.7558764271323035,0.20524211461572633,462,0,727,1789
0.00086876994,1.0,0.2893481717011129,0.7555406312961719,0.20533333333333334,462,0,728,1788
0.0008772593,1.0,0.28974562798092207,0.7552048354600402,0.2054246331702979,462,0,729,1787
0.00088102126,1.0,0.2901430842607313,0.7548690396239086,0.20551601423487545,462,0,730,1786
0.0008828448,1.0,0.2905405405405405,0.7545332437877771,0.205607476635514,462,0,731,1785
0.0008839963,1.0,0.29093799682034976,0.7541974479516454,0.20569902048085487,462,0,732,1784
0.0008960446,1.0,0.29133545310015896,0.7538616521155138,0.20579064587973275,462,0,733,1783
0.00090122083,1.0,0.2917329093799682,0.7535258562793822,0.20588235294117646,462,0,734,1782
0.00090853556,1.0,0.2921303656597774,0.7531900604432505,0.2059741417744093,462,0,735,1781
0.00091700634,1.0,0.29252782193958665,0.7528542646071189,0.20606601248884923,462,0,736,1780
0.0009234216,1.0,0.29292527821939585,0.7525184687709873,0.20615796519410978,462,0,737,1779
0.0009292999,1.0,0.2933227344992051,0.7521826729348556,0.20625,462,0,738,1778
0.00093070796,1.0,0.2937201907790143,0.751846877098724,0.20634211701652524,462,0,739,1777
0.0009354865,1.0,0.29411764705882354,0.7515110812625924,0.2064343163538874,462,0,740,1776
0.0009477559,1.0,0.29451510333863273,0.7511752854264607,0.20652659812248547,462,0,741,1775
0.00094836374,1.0,0.294912559618442,0.7508394895903291,0.20661896243291591,462,0,742,1774
0.0009498459,1.0,0.2953100158982512,0.7505036937541975,0.20671140939597316,462,0,743,1773
0.0009500251,1.0,0.2957074721780604,0.7501678979180658,0.20680393912264997,462,0,744,1772
0.00095152383,1.0,0.2961049284578696,0.7498321020819342,0.20689655172413793,462,0,745,1771
0.00095189514,1.0,0.29650238473767887,0.7494963062458025,0.20698924731182797,462,0,746,1770
0.00095377344,1.0,0.29689984101748806,0.7491605104096709,0.20708202599731063,462,0,747,1769
0.0009544961,1.0,0.2972972972972973,0.7488247145735393,0.20717488789237667,462,0,748,1768
0.0009545143,1.0,0.2976947535771065,0.7484889187374076,0.2072678331090175,462,0,749,1767
0.00095794996,1.0,0.29809220985691576,0.748153122901276,0.2073608617594255,462,0,750,1766
0.0009585726,1.0,0.29848966613672495,0.7478173270651444,0.2074539739559946,462,0,751,1765
0.0009588658,1.0,0.2988871224165342,0.7474815312290127,0.20754716981132076,462,0,752,1764
0.00096172356,1.0,0.2992845786963434,0.7471457353928811,0.20764044943820226,462,0,753,1763
0.0009628802,1.0,0.29968203497615264,0.7468099395567495,0.2077338129496403,462,0,754,1762
0.00096434366,1.0,0.30007949125596184,0.7464741437206178,0.2078272604588394,462,0,755,1761
0.00096956256,1.0,0.3004769475357711,0.7461383478844862,0.2079207920792079,462,0,756,1760
0.00097118603,1.0,0.3008744038155803,0.7458025520483546,0.2080144079243584,462,0,757,1759
0.00097126607,1.0,0.30127186009538953,0.7454667562122229,0.20810810810810812,462,0,758,1758
0.0009741334,1.0,0.3016693163751987,0.7451309603760914,0.2082018927444795,462,0,759,1757
0.0009753821,1.0,0.302066772655008,0.7447951645399598,0.20829576194770064,462,0,760,1756
0.0009848939,1.0,0.30246422893481717,0.7444593687038281,0.2083897158322057,462,0,761,1755
0.0009869885,1.0,0.30286168521462636,0.7441235728676965,0.20848375451263537,462,0,762,1754
0.0009914879,1.0,0.3032591414944356,0.7437877770315648,0.20857787810383746,462,0,763,1753
0.0009936701,1.0,0.3036565977742448,0.7434519811954332,0.2086720867208672,462,0,764,1752
0.0009947256,1.0,0.30405405405405406,0.7431161853593016,0.2087663804789878,462,0,765,1751
0.0010021329,1.0,0.30445151033386325,0.7427803895231699,0.2088607594936709,462,0,766,1750
0.001005561,1.0,0.3048489666136725,0.7424445936870383,0.208955223880597,462,0,767,1749
0.0010084935,1.0,0.3052464228934817,0.7421087978509067,0.20904977375565612,462,0,768,1748
0.0010131507,1.0,0.30564387917329094,0.741773002014775,0.20914440923494795,462,0,769,1747
0.0010179859,1.0,0.30604133545310014,0.7414372061786434,0.20923913043478262,462,0,770,1746
0.0010274217,1.0,0.3064387917329094,0.7411014103425118,0.20933393747168103,462,0,771,1745
0.0010286233,1.0,0.3068362480127186,0.7407656145063801,0.20942883046237534,462,0,772,1744
0.0010348966,1.0,0.30723370429252783,0.7404298186702485,0.20952380952380953,462,0,773,1743
0.0010397002,1.0,0.307631160572337,0.7400940228341168,0.20961887477313976,462,0,774,1742
0.0010401976,1.0,0.3080286168521463,0.7397582269979852,0.20971402632773492,462,0,775,1741
0.0010424069,1.0,0.30842607313195547,0.7394224311618536,0.2098092643051771,462,0,776,1740
0.0010434163,1.0,0.3088235294117647,0.7390866353257219,0.20990458882326216,462,0,777,1739
0.0010475557,1.0,0.3092209856915739,0.7387508394895903,0.21,462,0,778,1738
0.0010500766,1.0,0.30961844197138316,0.7384150436534587,0.2100954979536153,462,0,779,1737
0.0010507861,1.0,0.31001589825119236,0.738079247817327,0.21019108280254778,462,0,780,1736
0.0010520933,1.0,0.3104133545310016,0.7377434519811954,0.21028675466545288,462,0,781,1735
0.0010554092,1.0,0.3108108108108108,0.7374076561450638,0.2103825136612022,462,0,782,1734
0.0010581928,1.0,0.31120826709062005,0.7370718603089321,0.21047835990888383,462,0,783,1733
0.0010605898,1.0,0.31160572337042924,0.7367360644728005,0.2105742935278031,462,0,784,1732
0.0010642395,1.0,0.3120031796502385,0.7364002686366689,0.2106703146374829,462,0,785,1731
0.0010698925,1.0,0.3124006359300477,0.7360644728005373,0.21076642335766424,462,0,786,1730
0.0010703508,1.0,0.31279809220985694,0.7357286769644057,0.2108626198083067,462,0,787,1729
0.0010712887,1.0,0.31319554848966613,0.7353928811282741,0.21095890410958903,462,0,788,1728
0.0010749404,1.0,0.3135930047694754,0.7350570852921424,0.21105527638190955,462,0,789,1727
0.0010804001,1.0,0.3139904610492846,0.7347212894560108,0.21115173674588666,462,0,790,1726
0.0010805627,1.0,0.3143879173290938,0.7343854936198791,0.2112482853223594,462,0,791,1725
0.0010827534,1.0,0.314785373608903,0.7340496977837475,0.21134492223238793,462,0,792,1724
0.0010852247,1.0,0.31518282988871227,0.7337139019476159,0.211441647597254,462,0,793,1723
0.001085667,1.0,0.31558028616852146,0.7333781061114842,0.21153846153846154,462,0,794,1722
0.0010949564,1.0,0.31597774244833066,0.7330423102753526,0.21163536417773707,462,0,795,1721
0.0010960648,1.0,0.3163751987281399,0.732706514439221,0.21173235563703025,462,0,796,1720
0.0011038665,1.0,0.3167726550079491,0.7323707186030893,0.21182943603851445,462,0,797,1719
0.0011084941,1.0,0.31717011128775835,0.7320349227669577,0.21192660550458717,462,0,798,1718
0.0011182511,1.0,0.31756756756756754,0.7316991269308261,0.21202386415787058,462,0,799,1717
0.001119061,1.0,0.3179650238473768,0.7313633310946944,0.21212121212121213,462,0,800,1716
0.0011198705,1.0,0.318362480127186,0.7310275352585628,0.21221864951768488,462,0,801,1715
0.0011203096,1.0,0.31875993640699524,0.7306917394224312,0.21231617647058823,462,0,802,1714
0.0011262875,1.0,0.31915739268680443,0.7303559435862995,0.21241379310344827,462,0,803,1713
0.0011344694,1.0,0.3195548489666137,0.7300201477501679,0.2125114995400184,462,0,804,1712
0.0011474437,1.0,0.3199523052464229,0.7296843519140362,0.2126092959042798,462,0,805,1711
0.0011485486,1.0,0.3203497615262321,0.7293485560779046,0.212707182320442,462,0,806,1710
0.001159956,1.0,0.3207472178060413,0.729012760241773,0.21280515891294335,462,0,807,1709
0.0011618774,1.0,0.32114467408585057,0.7286769644056413,0.2129032258064516,462,0,808,1708
0.0011722462,1.0,0.32154213036565976,0.7283411685695097,0.21300138312586445,462,0,809,1707
0.0011724533,1.0,0.321939586645469,0.7280053727333781,0.21309963099630996,462,0,810,1706
0.0011762017,1.0,0.3223370429252782,0.7276695768972464,0.2131979695431472,462,0,811,1705
0.0011807521,1.0,0.32273449920508746,0.7273337810611148,0.21329639889196675,462,0,812,1704
0.0011855734,1.0,0.32313195548489665,0.7269979852249832,0.2133949191685912,462,0,813,1703
0.0011949565,1.0,0.3235294117647059,0.7266621893888516,0.2134935304990758,462,0,814,1702
0.0011954337,1.0,0.3239268680445151,0.72632639355272,0.21359223300970873,462,0,815,1701
0.001200233,1.0,0.32432432432432434,0.7259905977165884,0.21369102682701202,462,0,816,1700
0.0012036143,1.0,0.32472178060413354,0.7256548018804567,0.21378991207774178,462,0,817,1699
0.001205914,1.0,0.3251192368839428,0.7253190060443251,0.21388888888888888,462,0,818,1698
0.0012090978,1.0,0.325516693163752,0.7249832102081935,0.21398795738767948,462,0,819,1697
0.001213176,1.0,0.32591414944356123,0.7246474143720618,0.21408711770157554,462,0,820,1696
0.0012143789,1.0,0.3263116057233704,0.7243116185359302,0.2141863699582754,462,0,821,1695
0.0012149811,1.0,0.3267090620031797,0.7239758226997985,0.21428571428571427,462,0,822,1694
0.0012164529,1.0,0.32710651828298887,0.7236400268636669,0.21438515081206497,462,0,823,1693
0.0012274332,1.0,0.3275039745627981,0.7233042310275353,0.21448467966573817,462,0,824,1692
0.0012282489,1.0,0.3279014308426073,0.7229684351914036,0.2145843009753832,462,0,825,1691
0.0012352677,1.0,0.32829888712241656,0.722632639355272,0.21468401486988847,462,0,826,1690
0.0012423499,1.0,0.32869634340222575,0.7222968435191404,0.21478382147838215,462,0,827,1689
0.0012458374,1.0,0.32909379968203495,0.7219610476830087,0.21488372093023256,462,0,828,1688
0.0012477874,1.0,0.3294912559618442,0.7216252518468771,0.21498371335504887,462,0,829,1687
0.0012482392,1.0,0.3298887122416534,0.7212894560107455,0.21508379888268156,462,0,830,1686
0.0012487052,1.0,0.33028616852146264,0.7209536601746138,0.2151839776432231,462,0,831,1685
0.0012510337,1.0,0.33068362480127184,0.7206178643384822,0.21528424976700838,462,0,832,1684
0.0012561968,1.0,0.3310810810810811,0.7202820685023505,0.2153846153846154,462,0,833,1683
0.001258996,1.0,0.3314785373608903,0.7199462726662189,0.21548507462686567,462,0,834,1682
0.0012592743,1.0,0.33187599364069953,0.7196104768300873,0.215585627624825,462,0,835,1681
0.0012601143,1.0,0.3322734499205087,0.7192746809939556,0.21568627450980393,462,0,836,1680
0.0012626479,1.0,0.332670906200318,0.718938885157824,0.21578701541335824,462,0,837,1679
0.0012673362,1.0,0.33306836248012717,0.7186030893216924,0.21588785046728973,462,0,838,1678
0.001273081,1.0,0.3334658187599364,0.7182672934855607,0.21598877980364656,462,0,839,1677
0.0012760073,1.0,0.3338632750397456,0.7179314976494291,0.21608980355472404,462,0,840,1676
0.0012825369,1.0,0.33426073131955486,0.7175957018132975,0.21619092185306504,462,0,841,1675
0.0012906196,1.0,0.33465818759936405,0.7172599059771659,0.21629213483146068,462,0,842,1674
0.0012960061,1.0,0.3350556438791733,0.7169241101410343,0.21639344262295082,462,0,843,1673
0.0012977651,1.0,0.3354531001589825,0.7165883143049027,0.21649484536082475,462,0,844,1672
0.0013030625,1.0,0.33585055643879175,0.716252518468771,0.21659634317862167,462,0,845,1671
0.0013075692,1.0,0.33624801271860094,0.7159167226326394,0.21669793621013134,462,0,846,1670
0.001311789,1.0,0.3366454689984102,0.7155809267965078,0.21679962458939464,462,0,847,1669
0.0013125007,1.0,0.3370429252782194,0.7152451309603761,0.21690140845070421,462,0,848,1668
0.0013242157,1.0,0.33744038155802863,0.7149093351242445,0.217003287928605,462,0,849,1667
0.001331209,1.0,0.33783783783783783,0.7145735392881128,0.21710526315789475,462,0,850,1666
0.001332322,1.0,0.3382352941176471,0.7142377434519812,0.21720733427362482,462,0,851,1665
0.0013464515,1.0,0.3386327503974563,0.7139019476158496,0.21730950141110067,462,0,852,1664
0.0013483295,1.0,0.3390302066772655,0.7135661517797179,0.21741176470588236,462,0,853,1663
0.0013566175,1.0,0.3394276629570747,0.7132303559435863,0.2175141242937853,462,0,854,1662
0.0013570698,1.0,0.33982511923688397,0.7128945601074547,0.21761658031088082,462,0,855,1661
0.0013619179,1.0,0.34022257551669316,0.712558764271323,0.2177191328934967,462,0,856,1660
0.001368048,1.0,0.3406200317965024,0.7122229684351914,0.21782178217821782,462,0,857,1659
0.001385061,1.0,0.3410174880763116,0.7118871725990598,0.2179245283018868,462,0,858,1658
0.0013927136,1.0,0.34141494435612085,0.7115513767629281,0.21802737140160453,462,0,859,1657
0.0013977309,1.0,0.34181240063593005,0.7112155809267965,0.21813031161473087,462,0,860,1656
0.0014024068,1.0,0.34220985691573924,0.7108797850906649,0.21823334907888522,462,0,861,1655
0.0014057431,1.0,0.3426073131955485,0.7105439892545332,0.21833648393194707,462,0,862,1654
0.0014098295,1.0,0.3430047694753577,0.7102081934184016,0.21843971631205675,462,0,863,1653
0.001414717,1.0,0.34340222575516693,0.7098723975822699,0.2185430463576159,462,0,864,1652
0.0014195457,1.0,0.34379968203497613,0.7095366017461383,0.21864647420728822,462,0,865,1651
0.0014287477,1.0,0.3441971383147854,0.7092008059100067,0.21875,462,0,866,1650
0.0014331002,1.0,0.34459459459459457,0.708865010073875,0.21885362387494078,462,0,867,1649
0.0014366064,1.0,0.3449920508744038,0.7085292142377434,0.218957345971564,462,0,868,1648
0.0014414382,1.0,0.345389507154213,0.7081934184016119,0.21906116642958748,462,0,869,1647
0.0014424297,1.0,0.34578696343402227,0.7078576225654802,0.21916508538899432,462,0,870,1646
0.0014469615,1.0,0.34618441971383146,0.7075218267293486,0.21926910299003322,462,0,871,1645
0.0014488393,1.0,0.3465818759936407,0.707186030893217,0.21937321937321938,462,0,872,1644
0.0014896429,1.0,0.3469793322734499,0.7068502350570853,0.21947743467933492,462,0,873,1643
0.0014897556,1.0,0.34737678855325915,0.7065144392209537,0.21958174904942965,462,0,874,1642
0.001490815,1.0,0.34777424483306835,0.7061786433848221,0.21968616262482168,462,0,875,1641
0.001497275,1.0,0.3481717011128776,0.7058428475486904,0.219790675547098,462,0,876,1640
0.0014984993,1.0,0.3485691573926868,0.7055070517125588,0.2198952879581152,462,0,877,1639
0.0015034612,1.0,0.34896661367249604,0.7051712558764271,0.22,462,0,878,1638
0.0015061005,1.0,0.34936406995230523,0.7048354600402955,0.22010481181515007,462,0,879,1637
0.0015084867,1.0,0.3497615262321145,0.7044996642041639,0.2202097235462345,462,0,880,1636
0.0015146018,1.0,0.3501589825119237,0.7041638683680322,0.22031473533619456,462,0,881,1635
0.0015191749,1.0,0.3505564387917329,0.7038280725319006,0.22041984732824427,462,0,882,1634
0.0015281354,1.0,0.3509538950715421,0.703492276695769,0.22052505966587113,462,0,883,1633
0.001530748,1.0,0.35135135135135137,0.7031564808596373,0.22063037249283668,462,0,884,1632
0.0015364388,1.0,0.35174880763116056,0.7028206850235057,0.22073578595317725,462,0,885,1631
0.0015390064,1.0,0.3521462639109698,0.7024848891873741,0.2208413001912046,462,0,886,1630
0.0015401022,1.0,0.352543720190779,0.7021490933512424,0.22094691535150646,462,0,887,1629
0.0015410159,1.0,0.35294117647058826,0.7018132975151108,0.22105263157894736,462,0,888,1628
0.0015636442,1.0,0.35333863275039745,0.7014775016789792,0.2211584490186692,462,0,889,1627
0.0015658432,1.0,0.3537360890302067,0.7011417058428475,0.22126436781609196,462,0,890,1626
0.0015810296,1.0,0.3541335453100159,0.7008059100067159,0.22137038811691423,462,0,891,1625
0.0015912692,1.0,0.35453100158982515,0.7004701141705842,0.2214765100671141,462,0,892,1624
0.0015963461,1.0,0.35492845786963434,0.7001343183344526,0.22158273381294963,462,0,893,1623
0.0016086425,1.0,0.35532591414944353,0.699798522498321,0.22168905950095968,462,0,894,1622
0.0016090806,1.0,0.3557233704292528,0.6994627266621893,0.22179548727796447,462,0,895,1621
0.0016095833,1.0,0.356120826709062,0.6991269308260577,0.2219020172910663,462,0,896,1620
0.0016115799,1.0,0.3565182829888712,0.6987911349899262,0.22200864968765016,462,0,897,1619
0.0016157351,1.0,0.3569157392686804,0.6984553391537945,0.2221153846153846,462,0,898,1618
0.0016212449,1.0,0.35731319554848967,0.6981195433176629,0.2222222222222222,462,0,899,1617
0.0016301546,1.0,0.35771065182829886,0.6977837474815313,0.22232916265640038,462,0,900,1616
0.0016492442,1.0,0.3581081081081081,0.6974479516453996,0.222436206066442,462,0,901,1615
0.0016510291,1.0,0.3585055643879173,0.697112155809268,0.22254335260115607,462,0,902,1614
0.0016602555,1.0,0.35890302066772656,0.6967763599731364,0.22265060240963855,462,0,903,1613
0.001662925,1.0,0.35930047694753575,0.6964405641370047,0.2227579556412729,462,0,904,1612
0.0016758506,1.0,0.359697933227345,0.6961047683008731,0.22286541244573083,462,0,905,1611
0.0016801928,1.0,0.3600953895071542,0.6957689724647415,0.22297297297297297,462,0,906,1610
0.001683081,1.0,0.36049284578696345,0.6954331766286098,0.22308063737324965,462,0,907,1609
0.0016840284,1.0,0.36089030206677264,0.6950973807924782,0.22318840579710145,462,0,908,1608
0.0016849721,1.0,0.3612877583465819,0.6947615849563465,0.22329627839536006,462,0,909,1607
0.0016865137,1.0,0.3616852146263911,0.6944257891202149,0.22340425531914893,462,0,910,1606
0.0017052151,1.0,0.36208267090620033,0.6940899932840833,0.22351233671988388,462,0,911,1605
0.0017079576,1.0,0.3624801271860095,0.6937541974479516,0.22362052274927396,462,0,912,1604
0.0017089465,1.0,0.3628775834658188,0.69341840161182,0.22372881355932203,462,0,913,1603
0.0017107942,1.0,0.36327503974562797,0.6930826057756884,0.2238372093023256,462,0,914,1602
0.0017201263,1.0,0.3636724960254372,0.6927468099395567,0.22394571013087736,462,0,915,1601
0.0017220548,1.0,0.3640699523052464,0.6924110141034251,0.22405431619786614,462,0,916,1600
0.0017251504,1.0,0.36446740858505566,0.6920752182672935,0.22416302765647744,462,0,917,1599
0.0017278271,1.0,0.36486486486486486,0.6917394224311618,0.22427184466019418,462,0,918,1598
0.0017282079,1.0,0.3652623211446741,0.6914036265950302,0.22438076736279747,462,0,919,1597
0.0017296539,1.0,0.3656597774244833,0.6910678307588985,0.22448979591836735,462,0,920,1596
0.0017407236,1.0,0.36605723370429255,0.6907320349227669,0.22459893048128343,462,0,921,1595
0.0017408569,1.0,0.36645468998410174,0.6903962390866353,0.2247081712062257,462,0,922,1594
0.0017432875,1.0,0.366852146263911,0.6900604432505036,0.22481751824817517,462,0,923,1593
0.0017594838,1.0,0.3672496025437202,0.6897246474143721,0.2249269717624148,462,0,924,1592
0.0017700687,1.0,0.36764705882352944,0.6893888515782405,0.22503653190452996,462,0,925,1591
0.0017705155,1.0,0.36804451510333863,0.6890530557421088,0.22514619883040934,462,0,926,1590
0.0017750984,1.0,0.3684419713831478,0.6887172599059772,0.22525597269624573,462,0,927,1589
0.0017765337,1.0,0.3688394276629571,0.6883814640698456,0.2253658536585366,462,0,928,1588
0.0017814738,1.0,0.36923688394276627,0.6880456682337139,0.22547584187408493,462,0,929,1587
0.001784207,1.0,0.3696343402225755,0.6877098723975823,0.2255859375,462,0,930,1586
0.0017907199,1.0,0.3700317965023847,0.6873740765614507,0.2256961406936981,462,0,931,1585
0.0017940215,1.0,0.37042925278219396,0.687038280725319,0.22580645161290322,462,0,932,1584
0.001804809,1.0,0.37082670906200316,0.6867024848891874,0.22591687041564792,462,0,933,1583
0.0018326882,1.0,0.3712241653418124,0.6863666890530558,0.22602739726027396,462,0,934,1582
0.0018366274,1.0,0.3716216216216216,0.6860308932169241,0.2261380323054332,462,0,935,1581
0.0018434576,1.0,0.37201907790143085,0.6856950973807925,0.22624877571008814,462,0,936,1580
0.0018460504,1.0,0.37241653418124004,0.6853593015446608,0.22635962763351297,462,0,937,1579
0.0018489118,1.0,0.3728139904610493,0.6850235057085292,0.22647058823529412,462,0,938,1578
0.001850847,1.0,0.3732114467408585,0.6846877098723976,0.22658165767533103,462,0,939,1577
0.0018558804,1.0,0.37360890302066774,0.6843519140362659,0.2266928361138371,462,0,940,1576
0.0018597313,1.0,0.37400635930047693,0.6840161182001343,0.2268041237113402,462,0,941,1575
0.0018645215,1.0,0.3744038155802862,0.6836803223640027,0.2269155206286837,462,0,942,1574
0.0018775334,1.0,0.3748012718600954,0.683344526527871,0.22702702702702704,462,0,943,1573
0.001878033,1.0,0.3751987281399046,0.6830087306917394,0.22713864306784662,462,0,944,1572
0.0018781045,1.0,0.3755961844197138,0.6826729348556078,0.22725036891293654,462,0,945,1571
0.0018852575,1.0,0.37599364069952307,0.6823371390194761,0.22736220472440946,462,0,946,1570
0.0018886055,1.0,0.37639109697933226,0.6820013431833445,0.2274741506646972,462,0,947,1569
0.0018909565,1.0,0.3767885532591415,0.6816655473472129,0.22758620689655173,462,0,948,1568
0.0018914713,1.0,0.3771860095389507,0.6813297515110812,0.22769837358304584,462,0,949,1567
0.0018938818,1.0,0.37758346581875996,0.6809939556749496,0.22781065088757396,462,0,950,1566
0.0019106333,1.0,0.37798092209856915,0.6806581598388179,0.227923038973853,462,0,951,1565
0.0019132165,1.0,0.3783783783783784,0.6803223640026864,0.228035538005923,462,0,952,1564
0.0019156365,1.0,0.3787758346581876,0.6799865681665548,0.22814814814814816,462,0,953,1563
0.001921643,1.0,0.37917329093799684,0.6796507723304231,0.22826086956521738,462,0,954,1562
0.0019265807,1.0,0.37957074721780604,0.6793149764942915,0.22837370242214533,462,0,955,1561
0.001935714,1.0,0.3799682034976153,0.6789791806581599,0.228486646884273,462,0,956,1560
0.0019434525,1.0,0.3803656597774245,0.6786433848220282,0.22859970311726868,462,0,957,1559
0.001947391,1.0,0.38076311605723373,0.6783075889858966,0.22871287128712872,462,0,958,1558
0.0019512585,1.0,0.3811605723370429,0.677971793149765,0.2288261515601783,462,0,959,1557
0.0019708984,1.0,0.3815580286168522,0.6776359973136333,0.22893954410307235,462,0,960,1556
0.00197557,1.0,0.38195548489666137,0.6773002014775017,0.22905304908279622,462,0,961,1555
0.0019804076,1.0,0.38235294117647056,0.6769644056413701,0.22916666666666666,462,0,962,1554
0.0019849006,1.0,0.3827503974562798,0.6766286098052384,0.2292803970223325,462,0,963,1553
0.0019886144,1.0,0.383147853736089,0.6762928139691068,0.22939424031777558,462,0,964,1552
0.001989203,1.0,0.38354531001589826,0.6759570181329752,0.22950819672131148,462,0,965,1551
0.0020089373,1.0,0.38394276629570745,0.6756212222968435,0.22962226640159045,462,0,966,1550
0.0020167534,1.0,0.3843402225755167,0.6752854264607119,0.2297364495275982,462,0,967,1549
0.0020190638,1.0,0.3847376788553259,0.6749496306245802,0.2298507462686567,462,0,968,1548
0.0020256736,1.0,0.38513513513513514,0.6746138347884486,0.22996515679442509,462,0,969,1547
0.0020266608,1.0,0.38553259141494434,0.674278038952317,0.2300796812749004,462,0,970,1546
0.0020416034,1.0,0.3859300476947536,0.6739422431161853,0.23019431988041852,462,0,971,1545
0.0020477984,1.0,0.3863275039745628,0.6736064472800537,0.23030907278165502,462,0,972,1544
0.0020532024,1.0,0.38672496025437203,0.6732706514439221,0.23042394014962594,462,0,973,1543
0.0020681296,1.0,0.3871224165341812,0.6729348556077904,0.23053892215568864,462,0,974,1542
0.0020767043,1.0,0.3875198728139905,0.6725990597716588,0.2306540189715427,462,0,975,1541
0.0021141728,1.0,0.38791732909379967,0.6722632639355272,0.23076923076923078,462,0,976,1540
0.0021153633,1.0,0.3883147853736089,0.6719274680993955,0.23088455772113944,462,0,977,1539
0.0021271098,1.0,0.3887122416534181,0.6715916722632639,0.231,462,0,978,1538
0.002127193,1.0,0.38910969793322736,0.6712558764271324,0.23111555777888945,462,0,979,1537
0.002132348,1.0,0.38950715421303655,0.6709200805910007,0.23123123123123124,462,0,980,1536
0.0021412126,1.0,0.3899046104928458,0.6705842847548691,0.2313470205307962,462,0,981,1535
0.0021419115,1.0,0.390302066772655,0.6702484889187375,0.23146292585170342,462,0,982,1534
0.002155366,1.0,0.39069952305246425,0.6699126930826058,0.23157894736842105,462,0,983,1533
0.0021564336,1.0,0.39109697933227344,0.6695768972464742,0.2316950852557673,462,0,984,1532
0.0021666186,1.0,0.3914944356120827,0.6692411014103425,0.23181133968891118,462,0,985,1531
0.002171777,1.0,0.3918918918918919,0.6689053055742109,0.2319277108433735,462,0,986,1530
0.0021738033,1.0,0.39228934817170114,0.6685695097380793,0.23204419889502761,462,0,987,1529
0.0021809433,1.0,0.39268680445151033,0.6682337139019476,0.2321608040201005,462,0,988,1528
0.002183506,1.0,0.3930842607313196,0.667897918065816,0.23227752639517346,462,0,989,1527
0.002191297,1.0,0.3934817170111288,0.6675621222296844,0.2323943661971831,462,0,990,1526
0.0022019532,1.0,0.393879173290938,0.6672263263935527,0.23251132360342225,462,0,991,1525
0.0022114168,1.0,0.3942766295707472,0.6668905305574211,0.2326283987915408,462,0,992,1524
0.0022183214,1.0,0.39467408585055647,0.6665547347212895,0.2327455919395466,462,0,993,1523
0.002220183,1.0,0.39507154213036566,0.6662189388851578,0.23286290322580644,462,0,994,1522
0.0022239517,1.0,0.39546899841017485,0.6658831430490262,0.2329803328290469,462,0,995,1521
0.0022367798,1.0,0.3958664546899841,0.6655473472128945,0.2330978809283552,462,0,996,1520
0.0022368939,1.0,0.3962639109697933,0.6652115513767629,0.2332155477031802,462,0,997,1519
0.0022376454,1.0,0.39666136724960255,0.6648757555406313,0.23333333333333334,462,0,998,1518
0.002244904,1.0,0.39705882352941174,0.6645399597044996,0.2334512379989894,462,0,999,1517
0.0022505801,1.0,0.397456279809221,0.664204163868368,0.23356926188068755,462,0,1000,1516
0.0022579408,1.0,0.3978537360890302,0.6638683680322364,0.2336874051593323,462,0,1001,1515
0.0022584652,1.0,0.39825119236883944,0.6635325721961047,0.23380566801619435,462,0,1002,1514
0.0022730022,1.0,0.39864864864864863,0.6631967763599731,0.23392405063291138,462,0,1003,1513
0.0022801384,1.0,0.3990461049284579,0.6628609805238415,0.23404255319148937,462,0,1004,1512
0.0022884598,1.0,0.3994435612082671,0.6625251846877098,0.2341611758743031,462,0,1005,1511
0.0022935453,1.0,0.3998410174880763,0.6621893888515782,0.23427991886409735,462,0,1006,1510
0.0023030185,1.0,0.4002384737678855,0.6618535930154467,0.2343987823439878,462,0,1007,1509
0.0023229525,1.0,0.40063593004769477,0.661517797179315,0.23451776649746192,462,0,1008,1508
0.0023240205,1.0,0.40103338632750396,0.6611820013431834,0.2346368715083799,462,0,1009,1507
0.0023428258,1.0,0.4014308426073132,0.6608462055070518,0.2347560975609756,462,0,1010,1506
0.0023757853,1.0,0.4018282988871224,0.6605104096709201,0.23487544483985764,462,0,1011,1505
0.002389145,1.0,0.40222575516693165,0.6601746138347885,0.23499491353001017,462,0,1012,1504
0.0023939335,1.0,0.40262321144674085,0.6598388179986568,0.23511450381679388,462,0,1013,1503
0.0023989368,1.0,0.4030206677265501,0.6595030221625252,0.23523421588594703,462,0,1014,1502
0.002403634,1.0,0.4034181240063593,0.6591672263263936,0.23535404992358636,462,0,1015,1501
0.0024048483,1.0,0.40381558028616854,0.6588314304902619,0.23547400611620795,462,0,1016,1500
0.0024055967,1.0,0.40421303656597773,0.6584956346541303,0.23559408465068843,462,0,1017,1499
0.0024235558,1.0,0.404610492845787,0.6581598388179987,0.2357142857142857,462,0,1018,1498
0.0024434263,1.0,0.4050079491255962,0.657824042981867,0.23583460949464014,462,0,1019,1497
0.002443568,1.0,0.40540540540540543,0.6574882471457354,0.23595505617977527,462,0,1020,1496
0.002446769,1.0,0.4058028616852146,0.6571524513096038,0.23607562595809914,462,0,1021,1495
0.0024468747,1.0,0.40620031796502387,0.6568166554734721,0.2361963190184049,462,0,1022,1494
0.0024572636,1.0,0.40659777424483307,0.6564808596373405,0.23631713554987213,462,0,1023,1493
0.002460747,1.0,0.4069952305246423,0.6561450638012088,0.23643807574206754,462,0,1024,1492
0.0025052023,1.0,0.4073926868044515,0.6558092679650772,0.23655913978494625,462,0,1025,1491
0.002510097,1.0,0.40779014308426076,0.6554734721289456,0.23668032786885246,462,0,1026,1490
0.0025114133,1.0,0.40818759936406995,0.6551376762928139,0.23680164018452077,462,0,1027,1489
0.0025205142,1.0,0.40858505564387915,0.6548018804566823,0.23692307692307693,462,0,1028,1488
0.0025237268,1.0,0.4089825119236884,0.6544660846205507,0.237044638276039,462,0,1029,1487
0.0025376568,1.0,0.4093799682034976,0.654130288784419,0.23716632443531827,462,0,1030,1486
0.0025401793,1.0,0.40977742448330684,0.6537944929482874,0.23728813559322035,462,0,1031,1485
0.0025421556,1.0,0.41017488076311603,0.6534586971121558,0.23741007194244604,462,0,1032,1484
0.0025502539,1.0,0.4105723370429253,0.6531229012760241,0.23753213367609255,462,0,1033,1483
0.0025528932,1.0,0.4109697933227345,0.6527871054398925,0.23765432098765432,462,0,1034,1482
0.0025534665,1.0,0.4113672496025437,0.652451309603761,0.2377766340710242,462,0,1035,1481
0.002574321,1.0,0.4117647058823529,0.6521155137676293,0.23789907312049433,462,0,1036,1480
0.00258168,1.0,0.41216216216216217,0.6517797179314977,0.23802163833075735,462,0,1037,1479
0.0025836602,1.0,0.41255961844197137,0.6514439220953661,0.2381443298969072,462,0,1038,1478
0.0025925252,1.0,0.4129570747217806,0.6511081262592344,0.23826714801444043,462,0,1039,1477
0.0025951155,1.0,0.4133545310015898,0.6507723304231028,0.23839009287925697,462,0,1040,1476
0.0026007253,1.0,0.41375198728139906,0.6504365345869711,0.23851316468766134,462,0,1041,1475
0.0026009737,1.0,0.41414944356120825,0.6501007387508395,0.23863636363636365,462,0,1042,1474
0.0026060394,1.0,0.4145468998410175,0.6497649429147079,0.23875968992248062,462,0,1043,1473
0.0026148516,1.0,0.4149443561208267,0.6494291470785762,0.23888314374353672,462,0,1044,1472
0.0026152444,1.0,0.41534181240063595,0.6490933512424446,0.23900672529746508,462,0,1045,1471
0.0026226118,1.0,0.41573926868044514,0.648757555406313,0.2391304347826087,462,0,1046,1470
0.002625662,1.0,0.4161367249602544,0.6484217595701813,0.2392542723977214,462,0,1047,1469
0.0026318943,1.0,0.4165341812400636,0.6480859637340497,0.23937823834196892,462,0,1048,1468
0.0026526959,1.0,0.41693163751987283,0.6477501678979181,0.23950233281493002,462,0,1049,1467
0.0026604533,1.0,0.417329093799682,0.6474143720617864,0.23962655601659752,462,0,1050,1466
0.002665598,1.0,0.4177265500794913,0.6470785762256548,0.23975090814737934,462,0,1051,1465
0.0026672615,1.0,0.41812400635930047,0.6467427803895232,0.2398753894080997,462,0,1052,1464
0.0026678524,1.0,0.4185214626391097,0.6464069845533915,0.24,462,0,1053,1463
0.0026774039,1.0,0.4189189189189189,0.6460711887172599,0.24012474012474014,462,0,1054,1462
0.0026793568,1.0,0.41931637519872816,0.6457353928811282,0.24024960998439937,462,0,1055,1461
0.002682909,1.0,0.41971383147853736,0.6453995970449966,0.24037460978147762,462,0,1056,1460
0.0026919383,1.0,0.4201112877583466,0.645063801208865,0.2404997397188964,462,0,1057,1459
0.002701536,1.0,0.4205087440381558,0.6447280053727333,0.240625,462,0,1058,1458
0.0027202868,1.0,0.42090620031796505,0.6443922095366017,0.24075039082855654,462,0,1059,1457
0.0027248517,1.0,0.42130365659777425,0.6440564137004701,0.24087591240875914,462,0,1060,1456
0.002729523,1.0,0.42170111287758344,0.6437206178643384,0.24100156494522693,462,0,1061,1455
0.0027407424,1.0,0.4220985691573927,0.6433848220282069,0.24112734864300625,462,0,1062,1454
0.0027409522,1.0,0.4224960254372019,0.6430490261920753,0.2412532637075718,462,0,1063,1453
0.0027442558,1.0,0.42289348171701113,0.6427132303559436,0.2413793103448276,462,0,1064,1452
0.002745612,1.0,0.4232909379968203,0.642377434519812,0.2415054887611082,462,0,1065,1451
0.002753068,1.0,0.4236883942766296,0.6420416386836804,0.24163179916317992,462,0,1066,1450
0.0027530915,1.0,0.42408585055643877,0.6417058428475487,0.24175824175824176,462,0,1067,1449
0.0027564634,1.0,0.424483306836248,0.6413700470114171,0.2418848167539267,462,0,1068,1448
0.0027606848,1.0,0.4248807631160572,0.6410342511752855,0.24201152435830278,462,0,1069,1447
0.0027625218,1.0,0.42527821939586646,0.6406984553391538,0.24213836477987422,462,0,1070,1446
0.0027766265,1.0,0.42567567567567566,0.6403626595030222,0.2422653382275826,462,0,1071,1445
0.0027787823,1.0,0.4260731319554849,0.6400268636668905,0.24239244491080797,462,0,1072,1444
0.0027823932,1.0,0.4264705882352941,0.6396910678307589,0.24251968503937008,462,0,1073,1443
0.0027855968,1.0,0.42686804451510335,0.6393552719946273,0.2426470588235294,462,0,1074,1442
0.0027885947,1.0,0.42726550079491254,0.6390194761584956,0.24277456647398843,462,0,1075,1441
0.0027942015,1.0,0.4276629570747218,0.638683680322364,0.24290220820189273,462,0,1076,1440
0.0028102254,1.0,0.428060413354531,0.6383478844862324,0.2430299842188322,462,0,1077,1439
0.0028315494,1.0,0.42845786963434024,0.6380120886501007,0.2431578947368421,462,0,1078,1438
0.0028473453,1.0,0.42885532591414943,0.6376762928139691,0.24328593996840442,462,0,1079,1437
0.0028633047,1.0,0.4292527821939587,0.6373404969778375,0.2434141201264489,462,0,1080,1436
0.0028686218,1.0,0.4296502384737679,0.6370047011417058,0.24354243542435425,462,0,1081,1435
0.002891072,1.0,0.4300476947535771,0.6366689053055742,0.24367088607594936,462,0,1082,1434
0.0028972381,1.0,0.4304451510333863,0.6363331094694425,0.24379947229551452,462,0,1083,1433
0.002915714,1.0,0.43084260731319557,0.6359973136333109,0.24392819429778248,462,0,1084,1432
0.0029211282,1.0,0.43124006359300476,0.6356615177971793,0.24405705229793978,462,0,1085,1431
0.002938529,1.0,0.431637519872814,0.6353257219610476,0.2441860465116279,462,0,1086,1430
0.0029465226,1.0,0.4320349761526232,0.634989926124916,0.24431517715494447,462,0,1087,1429
0.0029574444,1.0,0.43243243243243246,0.6346541302887844,0.24444444444444444,462,0,1088,1428
0.0029697856,1.0,0.43282988871224165,0.6343183344526527,0.24457384859714135,462,0,1089,1427
0.002971493,1.0,0.4332273449920509,0.6339825386165212,0.24470338983050846,462,0,1090,1426
0.0029911518,1.0,0.4336248012718601,0.6336467427803896,0.24483306836248012,462,0,1091,1425
0.0029944442,1.0,0.43402225755166934,0.6333109469442579,0.2449628844114528,462,0,1092,1424
0.0029964722,1.0,0.43441971383147854,0.6329751511081263,0.24509283819628647,462,0,1093,1423
0.0030006487,1.0,0.43481717011128773,0.6326393552719947,0.24522292993630573,462,0,1094,1422
0.003003409,1.0,0.435214626391097,0.632303559435863,0.24535315985130113,462,0,1095,1421
0.0030126267,1.0,0.4356120826709062,0.6319677635997314,0.2454835281615303,462,0,1096,1420
0.0030288948,1.0,0.4360095389507154,0.6316319677635998,0.24561403508771928,462,0,1097,1419
0.0030412842,1.0,0.4364069952305246,0.6312961719274681,0.24574468085106382,462,0,1098,1418
0.0030420637,1.0,0.43680445151033387,0.6309603760913365,0.24587546567323043,462,0,1099,1417
0.0030425726,1.0,0.43720190779014306,0.6306245802552048,0.24600638977635783,462,0,1100,1416
0.0030437328,1.0,0.4375993640699523,0.6302887844190732,0.24613745338305806,462,0,1101,1415
0.0030453946,1.0,0.4379968203497615,0.6299529885829416,0.2462686567164179,462,0,1102,1414
0.0030603048,1.0,0.43839427662957076,0.6296171927468099,0.2464,462,0,1103,1413
0.0030658906,1.0,0.43879173290937995,0.6292813969106783,0.24653148345784417,462,0,1104,1412
0.0030779382,1.0,0.4391891891891892,0.6289456010745467,0.24666310731446878,462,0,1105,1411
0.0031075708,1.0,0.4395866454689984,0.628609805238415,0.2467948717948718,462,0,1106,1410
0.003107804,1.0,0.43998410174880764,0.6282740094022834,0.24692677712453234,462,0,1107,1409
0.003121155,1.0,0.44038155802861684,0.6279382135661518,0.24705882352941178,462,0,1108,1408
0.0031216508,1.0,0.4407790143084261,0.6276024177300201,0.24719101123595505,462,0,1109,1407
0.0031418693,1.0,0.4411764705882353,0.6272666218938885,0.24732334047109208,462,0,1110,1406
0.0031533616,1.0,0.44157392686804453,0.6269308260577569,0.24745581146223888,462,0,1111,1405
0.0031738922,1.0,0.4419713831478537,0.6265950302216252,0.24758842443729903,462,0,1112,1404
0.0031748507,1.0,0.442368839427663,0.6262592343854936,0.2477211796246649,462,0,1113,1403
0.003175237,1.0,0.44276629570747217,0.6259234385493619,0.2478540772532189,462,0,1114,1402
0.0031844794,1.0,0.4431637519872814,0.6255876427132303,0.24798711755233493,462,0,1115,1401
0.0031893314,1.0,0.4435612082670906,0.6252518468770987,0.24812030075187969,462,0,1116,1400
0.0031952779,1.0,0.44395866454689986,0.6249160510409671,0.24825362708221385,462,0,1117,1399
0.0031959675,1.0,0.44435612082670906,0.6245802552048355,0.24838709677419354,462,0,1118,1398
0.0032127777,1.0,0.4447535771065183,0.6242444593687039,0.2485207100591716,462,0,1119,1397
0.0032349513,1.0,0.4451510333863275,0.6239086635325722,0.24865446716899892,462,0,1120,1396
0.0032353804,1.0,0.44554848966613675,0.6235728676964406,0.24878836833602586,462,0,1121,1395
0.0032354004,1.0,0.44594594594594594,0.623237071860309,0.24892241379310345,462,0,1122,1394
0.0032393457,1.0,0.4463434022257552,0.6229012760241773,0.2490566037735849,462,0,1123,1393
0.003267333,1.0,0.4467408585055644,0.6225654801880457,0.24919093851132687,462,0,1124,1392
0.003303383,1.0,0.44713831478537364,0.6222296843519141,0.24932541824069077,462,0,1125,1391
0.0033085272,1.0,0.44753577106518283,0.6218938885157824,0.24946004319654427,462,0,1126,1390
0.003315144,1.0,0.447933227344992,0.6215580926796508,0.24959481361426256,462,0,1127,1389
0.0033313485,1.0,0.4483306836248013,0.6212222968435192,0.24972972972972973,462,0,1128,1388
0.0033367518,1.0,0.44872813990461047,0.6208865010073875,0.24986479177934018,462,0,1129,1387
0.003359104,1.0,0.4491255961844197,0.6205507051712559,0.25,462,0,1130,1386
0.0033611963,1.0,0.4495230524642289,0.6202149093351242,0.25013535462912834,462,0,1131,1385
0.0033724075,1.0,0.44992050874403816,0.6198791134989926,0.2502708559046587,462,0,1132,1384
0.0033766767,1.0,0.45031796502384736,0.619543317662861,0.25040650406504067,462,0,1133,1383
0.003403096,1.0,0.4507154213036566,0.6192075218267293,0.25054229934924077,462,0,1134,1382
0.0034146202,1.0,0.4511128775834658,0.6188717259905977,0.25067824199674443,462,0,1135,1381
0.0034264976,1.0,0.45151033386327505,0.6185359301544661,0.250814332247557,462,0,1136,1380
0.0034343367,1.0,0.45190779014308424,0.6182001343183344,0.2509505703422053,462,0,1137,1379
0.003442706,1.0,0.4523052464228935,0.6178643384822028,0.2510869565217391,462,0,1138,1378
0.0034448465,1.0,0.4527027027027027,0.6175285426460712,0.25122349102773245,462,0,1139,1377
0.0034449284,1.0,0.45310015898251194,0.6171927468099395,0.2513601741022851,462,0,1140,1376
0.00347889,1.0,0.45349761526232113,0.6168569509738079,0.25149700598802394,462,0,1141,1375
0.0034871323,1.0,0.4538950715421304,0.6165211551376762,0.25163398692810457,462,0,1142,1374
0.003500019,1.0,0.4542925278219396,0.6161853593015446,0.25177111716621253,462,0,1143,1373
0.003536002,1.0,0.4546899841017488,0.615849563465413,0.25190839694656486,462,0,1144,1372
0.003537772,1.0,0.455087440381558,0.6155137676292814,0.2520458265139116,462,0,1145,1371
0.0035467981,1.0,0.45548489666136727,0.6151779717931498,0.2521834061135371,462,0,1146,1370
0.0035482545,1.0,0.45588235294117646,0.6148421759570182,0.2523211359912616,462,0,1147,1369
0.0035491197,1.0,0.4562798092209857,0.6145063801208865,0.25245901639344265,462,0,1148,1368
0.0035609317,1.0,0.4566772655007949,0.6141705842847549,0.2525970475669765,462,0,1149,1367
0.0035985436,1.0,0.45707472178060415,0.6138347884486233,0.2527352297592998,462,0,1150,1366
0.0036039283,1.0,0.45747217806041335,0.6134989926124916,0.25287356321839083,462,0,1151,1365
0.0036297974,1.0,0.4578696343402226,0.61316319677636,0.25301204819277107,462,0,1152,1364
0.003654788,1.0,0.4582670906200318,0.6128274009402284,0.25315068493150683,462,0,1153,1363
0.003666122,1.0,0.45866454689984104,0.6124916051040967,0.2532894736842105,462,0,1154,1362
0.00367501,1.0,0.45906200317965024,0.6121558092679651,0.2534284147010422,462,0,1155,1361
0.0036782154,1.0,0.4594594594594595,0.6118200134318335,0.2535675082327113,462,0,1156,1360
0.003703396,1.0,0.4598569157392687,0.6114842175957018,0.25370675453047775,462,0,1157,1359
0.0037090073,1.0,0.46025437201907793,0.6111484217595702,0.25384615384615383,462,0,1158,1358
0.0037328962,1.0,0.4606518282988871,0.6108126259234385,0.25398570643210555,462,0,1159,1357
0.0037566556,1.0,0.4610492845786963,0.6104768300873069,0.25412541254125415,462,0,1160,1356
0.0037773708,1.0,0.46144674085850557,0.6101410342511753,0.2542652724270776,462,0,1161,1355
0.0037801117,1.0,0.46184419713831476,0.6098052384150436,0.2544052863436123,462,0,1162,1354
0.0037871988,1.0,0.462241653418124,0.609469442578912,0.2545454545454545,462,0,1163,1353
0.0037965055,1.0,0.4626391096979332,0.6091336467427804,0.25468577728776187,462,0,1164,1352
0.0037970054,1.0,0.46303656597774245,0.6087978509066487,0.2548262548262548,462,0,1165,1351
0.0038069598,1.0,0.46343402225755165,0.6084620550705171,0.25496688741721857,462,0,1166,1350
0.0038072474,1.0,0.4638314785373609,0.6081262592343855,0.25510767531750417,462,0,1167,1349
0.0038310732,1.0,0.4642289348171701,0.6077904633982538,0.25524861878453037,462,0,1168,1348
0.0038363326,1.0,0.46462639109697934,0.6074546675621222,0.25538971807628524,462,0,1169,1347
0.003836378,1.0,0.46502384737678853,0.6071188717259905,0.2555309734513274,462,0,1170,1346
0.003877523,1.0,0.4654213036565978,0.6067830758898589,0.25567238516878804,462,0,1171,1345
0.003894882,1.0,0.465818759936407,0.6064472800537274,0.2558139534883721,462,0,1172,1344
0.003896055,0.9978354978354979,0.465818759936407,0.6061114842175958,0.2554016620498615,461,1,1172,1344
0.0039052388,0.9978354978354979,0.46621621621621623,0.6057756883814641,0.25554323725055433,461,1,1173,1343
0.0039289063,0.9978354978354979,0.4666136724960254,0.6054398925453325,0.25568496949528563,461,1,1174,1342
0.0039697294,0.9978354978354979,0.46701112877583467,0.6051040967092008,0.255826859045505,461,1,1175,1341
0.0040031425,0.9978354978354979,0.46740858505564387,0.6047683008730692,0.25596890616324264,461,1,1176,1340
0.0040143407,0.9978354978354979,0.4678060413354531,0.6044325050369376,0.2561111111111111,461,1,1177,1339
0.004036214,0.9978354978354979,0.4682034976152623,0.6040967092008059,0.2562534741523068,461,1,1178,1338
0.004044261,0.9978354978354979,0.46860095389507156,0.6037609133646743,0.25639599555061177,461,1,1179,1337
0.0040603206,0.9978354978354979,0.46899841017488075,0.6034251175285427,0.2565386755703951,461,1,1180,1336
0.0040675,0.9978354978354979,0.46939586645469,0.603089321692411,0.2566815144766147,461,1,1181,1335
0.004072864,0.9978354978354979,0.4697933227344992,0.6027535258562794,0.2568245125348189,461,1,1182,1334
0.0040775742,0.9978354978354979,0.47019077901430845,0.6024177300201478,0.2569676700111483,461,1,1183,1333
0.0040816218,0.9978354978354979,0.47058823529411764,0.6020819341840161,0.2571109871723369,461,1,1184,1332
0.0040849224,0.9978354978354979,0.4709856915739269,0.6017461383478845,0.2572544642857143,461,1,1185,1331
0.004087528,0.9978354978354979,0.4713831478537361,0.6014103425117528,0.2573981016192071,461,1,1186,1330
0.0041162204,0.9978354978354979,0.47178060413354533,0.6010745466756212,0.25754189944134076,461,1,1187,1329
0.0041190754,0.9978354978354979,0.47217806041335453,0.6007387508394896,0.25768585802124094,461,1,1188,1328
0.004126464,0.9978354978354979,0.4725755166931638,0.6004029550033579,0.25782997762863535,461,1,1189,1327
0.00413179,0.9978354978354979,0.47297297297297297,0.6000671591672263,0.25797425853385564,461,1,1190,1326
0.00413449,0.9978354978354979,0.4733704292527822,0.5997313633310947,0.25811870100783874,461,1,1191,1325
0.0041366387,0.9978354978354979,0.4737678855325914,0.599395567494963,0.2582633053221289,461,1,1192,1324
0.004142129,0.9978354978354979,0.4741653418124006,0.5990597716588314,0.2584080717488789,461,1,1193,1323
0.004144161,0.9978354978354979,0.47456279809220986,0.5987239758226998,0.2585530005608525,461,1,1194,1322
0.0041740322,0.9978354978354979,0.47496025437201905,0.5983881799865681,0.25869809203142535,461,1,1195,1321
0.004184439,0.9978354978354979,0.4753577106518283,0.5980523841504365,0.2588433464345873,461,1,1196,1320
0.0042163488,0.9978354978354979,0.4757551669316375,0.5977165883143049,0.2589887640449438,461,1,1197,1319
0.0042332495,0.9978354978354979,0.47615262321144675,0.5973807924781732,0.2591343451377178,461,1,1198,1318
0.0042355354,0.9978354978354979,0.47655007949125594,0.5970449966420417,0.2592800899887514,461,1,1199,1317
0.0042359657,0.9978354978354979,0.4769475357710652,0.5967092008059101,0.2594259988745076,461,1,1200,1316
0.004253813,0.9978354978354979,0.4773449920508744,0.5963734049697784,0.25957207207207206,461,1,1201,1315
0.0042717946,0.9978354978354979,0.47774244833068363,0.5960376091336468,0.25971830985915495,461,1,1202,1314
0.004275558,0.9978354978354979,0.4781399046104928,0.5957018132975151,0.25986471251409243,461,1,1203,1313
0.0042890836,0.9978354978354979,0.4785373608903021,0.5953660174613835,0.26001128031584886,461,1,1204,1312
0.0042980714,0.9978354978354979,0.47893481717011127,0.5950302216252519,0.2601580135440181,461,1,1205,1311
0.004299404,0.9978354978354979,0.4793322734499205,0.5946944257891202,0.26030491247882553,461,1,1206,1310
0.0043175938,0.9978354978354979,0.4797297297297297,0.5943586299529886,0.26045197740112996,461,1,1207,1309
0.004347989,0.9978354978354979,0.48012718600953896,0.594022834116857,0.2605992085924251,461,1,1208,1308
0.004371639,0.9978354978354979,0.48052464228934816,0.5936870382807253,0.26074660633484165,461,1,1209,1307
0.004377072,0.9978354978354979,0.4809220985691574,0.5933512424445937,0.26089417091114886,461,1,1210,1306
0.0044170385,0.9978354978354979,0.4813195548489666,0.5930154466084621,0.2610419026047565,461,1,1211,1305
0.004427745,0.9978354978354979,0.48171701112877585,0.5926796507723304,0.26118980169971673,461,1,1212,1304
0.0044361358,0.9978354978354979,0.48211446740858505,0.5923438549361988,0.2613378684807256,461,1,1213,1303
0.004457829,0.9978354978354979,0.4825119236883943,0.5920080591000672,0.2614861032331254,461,1,1214,1302
0.004500597,0.9978354978354979,0.4829093799682035,0.5916722632639355,0.2616345062429058,461,1,1215,1301
0.0045244675,0.9978354978354979,0.48330683624801274,0.5913364674278039,0.2617830777967064,461,1,1216,1300
0.004526143,0.9978354978354979,0.48370429252782193,0.5910006715916722,0.26193181818181815,461,1,1217,1299
0.00453113,0.9978354978354979,0.4841017488076312,0.5906648757555406,0.26208072768618534,461,1,1218,1298
0.0045444136,0.9978354978354979,0.4844992050874404,0.590329079919409,0.2622298065984073,461,1,1219,1297
0.004571772,0.9978354978354979,0.4848966613672496,0.5899932840832773,0.26237905520774046,461,1,1220,1296
0.0045879125,0.9978354978354979,0.4852941176470588,0.5896574882471457,0.2625284738041002,461,1,1221,1295
0.004604818,0.9978354978354979,0.48569157392686807,0.5893216924110141,0.26267806267806265,461,1,1222,1294
0.0046097515,0.9978354978354979,0.48608903020667726,0.5889858965748824,0.2628278221208666,461,1,1223,1293
0.0046302215,0.9978354978354979,0.4864864864864865,0.5886501007387508,0.2629777524244153,461,1,1224,1292
0.004635039,0.9978354978354979,0.4868839427662957,0.5883143049026192,0.2631278538812785,461,1,1225,1291
0.004692491,0.9978354978354979,0.4872813990461049,0.5879785090664875,0.2632781267846945,461,1,1226,1290
0.0047079725,0.9978354978354979,0.48767885532591415,0.587642713230356,0.2634285714285714,461,1,1227,1289
0.0047193724,0.9978354978354979,0.48807631160572335,0.5873069173942244,0.26357918810749,461,1,1228,1288
0.004742498,0.9978354978354979,0.4884737678855326,0.5869711215580927,0.2637299771167048,461,1,1229,1287
0.0047456543,0.9978354978354979,0.4888712241653418,0.5866353257219611,0.2638809387521465,461,1,1230,1286
0.0047602416,0.9978354978354979,0.48926868044515104,0.5862995298858295,0.26403207331042383,461,1,1231,1285
0.0047969716,0.9978354978354979,0.48966613672496023,0.5859637340496978,0.2641833810888252,461,1,1232,1284
0.0048006997,0.9978354978354979,0.4900635930047695,0.5856279382135662,0.2643348623853211,461,1,1233,1283
0.00482243,0.9978354978354979,0.4904610492845787,0.5852921423774345,0.26448651749856567,461,1,1234,1282
0.0048287795,0.9978354978354979,0.4908585055643879,0.5849563465413029,0.264638346727899,461,1,1235,1281
0.0048373938,0.9978354978354979,0.4912559618441971,0.5846205507051713,0.26479035037334864,461,1,1236,1280
0.004838948,0.9978354978354979,0.49165341812400637,0.5842847548690396,0.2649425287356322,461,1,1237,1279
0.004852736,0.9978354978354979,0.49205087440381556,0.583948959032908,0.2650948821161587,461,1,1238,1278
0.0048629455,0.9978354978354979,0.4924483306836248,0.5836131631967764,0.26524741081703107,461,1,1239,1277
0.0048652515,0.9978354978354979,0.492845786963434,0.5832773673606447,0.2654001151410478,461,1,1240,1276
0.0048675532,0.9978354978354979,0.49324324324324326,0.5829415715245131,0.26555299539170507,461,1,1241,1275
0.0048685307,0.9978354978354979,0.49364069952305245,0.5826057756883815,0.26570605187319885,461,1,1242,1274
0.0048744944,0.9978354978354979,0.4940381558028617,0.5822699798522498,0.26585928489042676,461,1,1243,1273
0.00489354,0.9978354978354979,0.4944356120826709,0.5819341840161182,0.2660126947489902,461,1,1244,1272
0.0049397405,0.9978354978354979,0.49483306836248014,0.5815983881799865,0.2661662817551963,461,1,1245,1271
0.0049400963,0.9978354978354979,0.49523052464228934,0.5812625923438549,0.2663200462160601,461,1,1246,1270
0.0049528973,0.9978354978354979,0.4956279809220986,0.5809267965077233,0.26647398843930636,461,1,1247,1269
0.0049734954,0.9978354978354979,0.4960254372019078,0.5805910006715916,0.2666281087333719,461,1,1248,1268
0.004973734,0.9978354978354979,0.49642289348171703,0.58025520483546,0.2667824074074074,461,1,1249,1267
0.005,0.9978354978354979,0.4968203497615262,0.5799194089993284,0.2669368847712797,461,1,1250,1266
0.005001971,0.9978354978354979,0.4968203497615262,0.5799194089993284,0.2669368847712797,461,1,1250,1266
0.005010788,0.9978354978354979,0.4972178060413355,0.5795836131631967,0.2670915411355736,461,1,1251,1265
0.005017225,0.9978354978354979,0.49761526232114467,0.5792478173270651,0.2672463768115942,461,1,1252,1264
0.0050172824,0.9978354978354979,0.4980127186009539,0.5789120214909335,0.26740139211136893,461,1,1253,1263
0.005022737,0.9978354978354979,0.4984101748807631,0.5785762256548019,0.2675565873476494,461,1,1254,1262
0.005049478,0.9978354978354979,0.49880763116057236,0.5782404298186703,0.2677119628339141,461,1,1255,1261
0.0050504142,0.9978354978354979,0.49920508744038156,0.5779046339825387,0.26786751888436955,461,1,1256,1260
0.0050511765,0.9978354978354979,0.4996025437201908,0.577568838146407,0.2680232558139535,461,1,1257,1259
0.0050576823,0.9978354978354979,0.5,0.5772330423102754,0.26817917393833623,461,1,1258,1258
0.0050634104,0.9978354978354979,0.5003974562798092,0.5768972464741438,0.26833527357392317,461,1,1259,1257
0.0050724223,0.9978354978354979,0.5007949125596184,0.5765614506380121,0.2684915550378567,461,1,1260,1256
0.0050792755,0.9978354978354979,0.5011923688394276,0.5762256548018805,0.2686480186480186,461,1,1261,1255
0.0050856266,0.9978354978354979,0.5015898251192369,0.5758898589657488,0.26880466472303205,461,1,1262,1254
0.0051092627,0.9978354978354979,0.5019872813990461,0.5755540631296172,0.26896149358226373,461,1,1263,1253
0.005121328,0.9978354978354979,0.5023847376788553,0.5752182672934856,0.26911850554582606,461,1,1264,1252
0.005129873,0.9978354978354979,0.5027821939586645,0.5748824714573539,0.2692757009345794,461,1,1265,1251
0.005223452,0.9978354978354979,0.5031796502384738,0.5745466756212223,0.26943308007013445,461,1,1266,1250
0.005250123,0.9978354978354979,0.503577106518283,0.5742108797850907,0.2695906432748538,461,1,1267,1249
0.005253047,0.9978354978354979,0.5039745627980922,0.573875083948959,0.26974839087185487,461,1,1268,1248
0.005253082,0.9978354978354979,0.5043720190779014,0.5735392881128274,0.26990632318501173,461,1,1269,1247
0.005261551,0.9978354978354979,0.5047694753577107,0.5732034922766958,0.27006444053895723,461,1,1270,1246
0.005267954,0.9978354978354979,0.5051669316375199,0.5728676964405641,0.2702227432590856,461,1,1271,1245
0.005285406,0.9978354978354979,0.505564387917329,0.5725319006044325,0.27038123167155426,461,1,1272,1244
0.0053174887,0.9978354978354979,0.5059618441971383,0.5721961047683009,0.2705399061032864,461,1,1273,1243
0.005336782,0.9978354978354979,0.5063593004769475,0.5718603089321692,0.270698766881973,461,1,1274,1242
0.0053403117,0.9978354978354979,0.5067567567567568,0.5715245130960376,0.2708578143360752,461,1,1275,1241
0.005376096,0.9978354978354979,0.5071542130365659,0.5711887172599059,0.2710170487948266,461,1,1276,1240
0.0053806873,0.9978354978354979,0.5075516693163752,0.5708529214237743,0.2711764705882353,461,1,1277,1239
0.0053854664,0.9978354978354979,0.5079491255961844,0.5705171255876427,0.27133608004708654,461,1,1278,1238
0.0054761805,0.9978354978354979,0.5083465818759937,0.570181329751511,0.2714958775029446,461,1,1279,1237
0.005505667,0.9978354978354979,0.5087440381558028,0.5698455339153794,0.27165586328815555,461,1,1280,1236
0.005576384,0.9978354978354979,0.5091414944356121,0.5695097380792478,0.27181603773584906,461,1,1281,1235
0.005593743,0.9978354978354979,0.5095389507154213,0.5691739422431162,0.271976401179941,461,1,1282,1234
0.0055968263,0.9978354978354979,0.5099364069952306,0.5688381464069846,0.27213695395513576,461,1,1283,1233
0.005605909,0.9978354978354979,0.5103338632750397,0.568502350570853,0.2722976963969285,461,1,1284,1232
0.0056125186,0.9978354978354979,0.510731319554849,0.5681665547347213,0.27245862884160754,461,1,1285,1231
0.0056905886,0.9978354978354979,0.5111287758346582,0.5678307588985897,0.2726197516262567,461,1,1286,1230
0.0056986916,0.9978354978354979,0.5115262321144675,0.5674949630624581,0.2727810650887574,461,1,1287,1229
0.0057054176,0.9978354978354979,0.5119236883942766,0.5671591672263264,0.2729425695677916,461,1,1288,1228
0.005767083,0.9978354978354979,0.5123211446740858,0.5668233713901948,0.2731042654028436,461,1,1289,1227
0.0057711774,0.9978354978354979,0.5127186009538951,0.5664875755540631,0.2732661529342027,461,1,1290,1226
0.0057765287,0.9978354978354979,0.5131160572337043,0.5661517797179315,0.2734282325029656,461,1,1291,1225
0.0058048707,0.9978354978354979,0.5135135135135135,0.5658159838817999,0.27359050445103855,461,1,1292,1224
0.0058184974,0.9978354978354979,0.5139109697933227,0.5654801880456682,0.27375296912114017,461,1,1293,1223
0.005823669,0.9978354978354979,0.514308426073132,0.5651443922095366,0.2739156268568033,461,1,1294,1222
0.0058364873,0.9978354978354979,0.5147058823529411,0.564808596373405,0.2740784780023781,461,1,1295,1221
0.0058694407,0.9978354978354979,0.5151033386327504,0.5644728005372733,0.2742415229030339,461,1,1296,1220
0.005890622,0.9978354978354979,0.5155007949125596,0.5641370047011417,0.27440476190476193,461,1,1297,1219
0.00589299,0.9978354978354979,0.5158982511923689,0.5638012088650101,0.2745681953543776,461,1,1298,1218
0.005902624,0.9978354978354979,0.516295707472178,0.5634654130288784,0.27473182359952325,461,1,1299,1217
0.0059205024,0.9978354978354979,0.5166931637519873,0.5631296171927468,0.27489564698867025,461,1,1300,1216
0.0059327395,0.9978354978354979,0.5170906200317965,0.5627938213566152,0.27505966587112174,461,1,1301,1215
0.0059497887,0.9978354978354979,0.5174880763116058,0.5624580255204835,0.2752238805970149,461,1,1302,1214
0.0059688953,0.9978354978354979,0.5178855325914149,0.5621222296843519,0.2753882915173238,461,1,1303,1213
0.0059879627,0.9978354978354979,0.5182829888712241,0.5617864338482202,0.2755528989838613,461,1,1304,1212
0.00604181,0.9978354978354979,0.5186804451510334,0.5614506380120886,0.2757177033492823,461,1,1305,1211
0.006075794,0.9978354978354979,0.5190779014308426,0.561114842175957,0.27588270496708556,461,1,1306,1210
0.006080643,0.9978354978354979,0.5194753577106518,0.5607790463398253,0.2760479041916168,461,1,1307,1209
0.0060953638,0.9978354978354979,0.519872813990461,0.5604432505036937,0.2762133013780707,461,1,1308,1208
0.0061541647,0.9978354978354979,0.5202702702702703,0.5601074546675622,0.276378896882494,461,1,1309,1207
0.006161127,0.9978354978354979,0.5206677265500795,0.5597716588314305,0.27654469106178764,461,1,1310,1206
0.0062103295,0.9978354978354979,0.5210651828298887,0.5594358629952989,0.2767106842737095,461,1,1311,1205
0.006215794,0.9978354978354979,0.5214626391096979,0.5591000671591673,0.2768768768768769,461,1,1312,1204
0.0062533524,0.9978354978354979,0.5218600953895072,0.5587642713230356,0.2770432692307692,461,1,1313,1203
0.006270541,0.9978354978354979,0.5222575516693164,0.558428475486904,0.2772098616957306,461,1,1314,1202
0.0063053295,0.9978354978354979,0.5226550079491256,0.5580926796507724,0.27737665463297234,461,1,1315,1201
0.0063188486,0.9978354978354979,0.5230524642289348,0.5577568838146407,0.27754364840457557,461,1,1316,1200
0.0063203606,0.9978354978354979,0.5234499205087441,0.5574210879785091,0.277710843373494,461,1,1317,1199
0.006324629,0.9978354978354979,0.5238473767885533,0.5570852921423775,0.27787823990355637,461,1,1318,1198
0.0063267034,0.9956709956709957,0.5238473767885533,0.5567494963062458,0.27744270205066346,460,2,1318,1198
0.006340919,0.9956709956709957,0.5242448330683624,0.5564137004701142,0.2776101388050694,460,2,1319,1197
0.006362,0.9956709956709957,0.5246422893481717,0.5560779046339825,0.2777777777777778,460,2,1320,1196
0.0064490465,0.9956709956709957,0.525039745627981,0.5557421087978509,0.27794561933534745,460,2,1321,1195
0.0064509776,0.9956709956709957,0.5254372019077902,0.5554063129617193,0.2781136638452237,460,2,1322,1194
0.0064563346,0.9956709956709957,0.5258346581875993,0.5550705171255876,0.27828191167574107,460,2,1323,1193
0.006520927,0.9956709956709957,0.5262321144674086,0.554734721289456,0.2784503631961259,460,2,1324,1192
0.006525466,0.9956709956709957,0.5266295707472178,0.5543989254533244,0.2786190187764991,460,2,1325,1191
0.0065348516,0.9956709956709957,0.527027027027027,0.5540631296171927,0.2787878787878788,460,2,1326,1190
0.006539568,0.9956709956709957,0.5274244833068362,0.5537273337810611,0.27895694360218315,460,2,1327,1189
0.0065442235,0.9956709956709957,0.5278219395866455,0.5533915379449295,0.279126213592233,460,2,1328,1188
0.0065592574,0.9956709956709957,0.5282193958664547,0.5530557421087978,0.27929568913175473,460,2,1329,1187
0.0065988023,0.9956709956709957,0.5286168521462639,0.5527199462726662,0.27946537059538273,460,2,1330,1186
0.006623056,0.9956709956709957,0.5290143084260731,0.5523841504365345,0.2796352583586626,460,2,1331,1185
0.0066378987,0.9956709956709957,0.5294117647058824,0.5520483546004029,0.2798053527980535,460,2,1332,1184
0.0066575124,0.9956709956709957,0.5298092209856916,0.5517125587642713,0.27997565429093124,460,2,1333,1183
0.006686961,0.9956709956709957,0.5302066772655007,0.5513767629281396,0.2801461632155907,460,2,1334,1182
0.0067492556,0.9956709956709957,0.53060413354531,0.551040967092008,0.28031687995124926,460,2,1335,1181
0.0067636394,0.9956709956709957,0.5310015898251192,0.5507051712558765,0.2804878048780488,460,2,1336,1180
0.00681477,0.9956709956709957,0.5313990461049285,0.5503693754197448,0.2806589383770592,460,2,1337,1179
0.0069097476,0.9956709956709957,0.5317965023847376,0.5500335795836132,0.28083028083028083,460,2,1338,1178
0.0069236783,0.9956709956709957,0.5321939586645469,0.5496977837474816,0.28100183262064754,460,2,1339,1177
0.006944877,0.9956709956709957,0.5325914149443561,0.5493619879113499,0.28117359413202936,460,2,1340,1176
0.00694618,0.9956709956709957,0.5329888712241654,0.5490261920752183,0.28134556574923547,460,2,1341,1175
0.0069485023,0.9956709956709957,0.5333863275039745,0.5486903962390867,0.28151774785801714,460,2,1342,1174
0.0069494895,0.9956709956709957,0.5337837837837838,0.548354600402955,0.28169014084507044,460,2,1343,1173
0.006954441,0.9956709956709957,0.534181240063593,0.5480188045668234,0.2818627450980392,460,2,1344,1172
0.006968522,0.9956709956709957,0.5345786963434023,0.5476830087306918,0.2820355610055181,460,2,1345,1171
0.006983949,0.9956709956709957,0.5349761526232114,0.5473472128945601,0.2822085889570552,460,2,1346,1170
0.0069870017,0.9956709956709957,0.5353736089030207,0.5470114170584285,0.2823818293431553,460,2,1347,1169
0.007013117,0.9956709956709957,0.5357710651828299,0.5466756212222968,0.28255528255528256,460,2,1348,1168
0.007026545,0.9956709956709957,0.5361685214626392,0.5463398253861652,0.28272894898586354,460,2,1349,1167
0.007062421,0.9956709956709957,0.5365659777424483,0.5460040295500336,0.2829028290282903,460,2,1350,1166
0.0070680007,0.9956709956709957,0.5369634340222575,0.5456682337139019,0.28307692307692306,460,2,1351,1165
0.007094581,0.9956709956709957,0.5373608903020668,0.5453324378777703,0.2832512315270936,460,2,1352,1164
0.00710743,0.9956709956709957,0.537758346581876,0.5449966420416387,0.28342575477510784,460,2,1353,1163
0.0071298555,0.9956709956709957,0.5381558028616852,0.544660846205507,0.2836004932182491,460,2,1354,1162
0.0071549937,0.9956709956709957,0.5385532591414944,0.5443250503693754,0.283775447254781,460,2,1355,1161
0.0071627474,0.9956709956709957,0.5389507154213037,0.5439892545332438,0.2839506172839506,460,2,1356,1160
0.0072337496,0.9956709956709957,0.5393481717011129,0.5436534586971121,0.28412600370599134,460,2,1357,1159
0.007266688,0.9956709956709957,0.5397456279809221,0.5433176628609805,0.2843016069221261,460,2,1358,1158
0.0072747795,0.9956709956709957,0.5401430842607313,0.5429818670248489,0.2844774273345702,460,2,1359,1157
0.007287284,0.9956709956709957,0.5405405405405406,0.5426460711887172,0.28465346534653463,460,2,1360,1156
0.0073161786,0.9956709956709957,0.5409379968203497,0.5423102753525856,0.2848297213622291,460,2,1361,1155
0.007319206,0.9956709956709957,0.541335453100159,0.5419744795164539,0.2850061957868649,460,2,1362,1154
0.0073210113,0.9956709956709957,0.5417329093799682,0.5416386836803224,0.2851828890266584,460,2,1363,1153
0.007344109,0.9956709956709957,0.5421303656597775,0.5413028878441908,0.2853598014888337,460,2,1364,1152
0.0073478227,0.9956709956709957,0.5425278219395866,0.5409670920080591,0.2855369335816263,460,2,1365,1151
0.007371671,0.9956709956709957,0.5429252782193958,0.5406312961719275,0.2857142857142857,460,2,1366,1150
0.007397217,0.9956709956709957,0.5433227344992051,0.5402955003357959,0.2858918582970789,460,2,1367,1149
0.0074266535,0.9956709956709957,0.5437201907790143,0.5399597044996642,0.2860696517412935,460,2,1368,1148
0.0074341693,0.9956709956709957,0.5441176470588235,0.5396239086635326,0.2862476664592408,460,2,1369,1147
0.007444686,0.9956709956709957,0.5445151033386327,0.539288112827401,0.286425902864259,460,2,1370,1146
0.0074893064,0.9956709956709957,0.544912559618442,0.5389523169912693,0.2866043613707165,460,2,1371,1145
0.0074997693,0.9956709956709957,0.5453100158982512,0.5386165211551377,0.286783042394015,460,2,1372,1144
0.007502979,0.9956709956709957,0.5457074721780604,0.5382807253190061,0.28696194635059263,460,2,1373,1143
0.007534123,0.9956709956709957,0.5461049284578696,0.5379449294828744,0.28714107365792757,460,2,1374,1142
0.0076248753,0.9956709956709957,0.5465023847376789,0.5376091336467428,0.2873204247345409,460,2,1375,1141
0.0076499744,0.9956709956709957,0.5468998410174881,0.5372733378106112,0.2875,460,2,1376,1140
0.00765295,0.9956709956709957,0.5472972972972973,0.5369375419744795,0.2876797998749218,460,2,1377,1139
0.007669982,0.9956709956709957,0.5476947535771065,0.5366017461383479,0.2878598247809762,460,2,1378,1138
0.007753475,0.9956709956709957,0.5480922098569158,0.5362659503022162,0.28804007514088914,460,2,1379,1137
0.007766475,0.9956709956709957,0.548489666136725,0.5359301544660846,0.2882205513784461,460,2,1380,1136
0.007828716,0.9956709956709957,0.5488871224165341,0.535594358629953,0.2884012539184953,460,2,1381,1135
0.007859093,0.9956709956709957,0.5492845786963434,0.5352585627938213,0.28858218318695106,460,2,1382,1134
0.007931436,0.9956709956709957,0.5496820349761526,0.5349227669576897,0.28876333961079725,460,2,1383,1133
0.0079314625,0.9956709956709957,0.5500794912559619,0.5345869711215581,0.2889447236180904,460,2,1384,1132
0.007954812,0.9935064935064936,0.5500794912559619,0.5342511752854264,0.2884978001257071,459,3,1384,1132
0.00797846,0.9935064935064936,0.550476947535771,0.5339153794492948,0.28867924528301886,459,3,1385,1131
0.00801558,0.9935064935064936,0.5508744038155803,0.5335795836131632,0.28886091881686593,459,3,1386,1130
0.008027463,0.9935064935064936,0.5512718600953895,0.5332437877770315,0.2890428211586902,459,3,1387,1129
0.008040247,0.9935064935064936,0.5516693163751988,0.5329079919408999,0.2892249527410208,459,3,1388,1128
0.008057149,0.9935064935064936,0.5520667726550079,0.5325721961047682,0.28940731399747793,459,3,1389,1127
0.008124547,0.9935064935064936,0.5524642289348172,0.5322364002686367,0.289589905362776,459,3,1390,1126
0.008146087,0.9935064935064936,0.5528616852146264,0.5319006044325051,0.2897727272727273,459,3,1391,1125
0.008159111,0.9935064935064936,0.5532591414944356,0.5315648085963735,0.2899557801642451,459,3,1392,1124
0.008179783,0.9935064935064936,0.5536565977742448,0.5312290127602418,0.29013906447534765,459,3,1393,1123
0.008192047,0.9935064935064936,0.5540540540540541,0.5308932169241102,0.2903225806451613,459,3,1394,1122
0.008194898,0.9935064935064936,0.5544515103338633,0.5305574210879785,0.29050632911392404,459,3,1395,1121
0.008195379,0.9935064935064936,0.5548489666136724,0.5302216252518469,0.29069031032298925,459,3,1396,1120
0.008232231,0.9935064935064936,0.5552464228934817,0.5298858294157153,0.2908745247148289,459,3,1397,1119
0.008361217,0.9935064935064936,0.5556438791732909,0.5295500335795836,0.29105897273303744,459,3,1398,1118
0.008411566,0.9935064935064936,0.5560413354531002,0.529214237743452,0.29124365482233505,459,3,1399,1117
0.008429996,0.9935064935064936,0.5564387917329093,0.5288784419073204,0.2914285714285714,459,3,1400,1116
0.0084331855,0.9935064935064936,0.5568362480127186,0.5285426460711887,0.29161372299872934,459,3,1401,1115
0.008436088,0.9935064935064936,0.5572337042925278,0.5282068502350571,0.2917991099809282,459,3,1402,1114
0.008466041,0.9935064935064936,0.5576311605723371,0.5278710543989255,0.2919847328244275,459,3,1403,1113
0.008466273,0.9935064935064936,0.5580286168521462,0.5275352585627938,0.2921705919796308,459,3,1404,1112
0.008513975,0.9935064935064936,0.5584260731319555,0.5271994627266622,0.29235668789808916,459,3,1405,1111
0.008514144,0.9935064935064936,0.5588235294117647,0.5268636668905305,0.2925430210325048,459,3,1406,1110
0.008521067,0.9935064935064936,0.559220985691574,0.5265278710543989,0.2927295918367347,459,3,1407,1109
0.008530253,0.9935064935064936,0.5596184419713831,0.5261920752182673,0.2929164007657945,459,3,1408,1108
0.008587498,0.9935064935064936,0.5600158982511924,0.5258562793821356,0.29310344827586204,459,3,1409,1107
0.008607161,0.9935064935064936,0.5604133545310016,0.525520483546004,0.29329073482428114,459,3,1410,1106
0.008611386,0.9935064935064936,0.5608108108108109,0.5251846877098724,0.29347826086956524,459,3,1411,1105
0.008636638,0.9935064935064936,0.56120826709062,0.5248488918737407,0.29366602687140114,459,3,1412,1104
0.0086550545,0.9935064935064936,0.5616057233704292,0.5245130960376091,0.293854033290653,459,3,1413,1103
0.0086853,0.9935064935064936,0.5620031796502385,0.5241773002014775,0.29404228058936577,459,3,1414,1102
0.008703095,0.9935064935064936,0.5624006359300477,0.5238415043653458,0.29423076923076924,459,3,1415,1101
0.008736047,0.9935064935064936,0.5627980922098569,0.5235057085292142,0.2944194996792816,459,3,1416,1100
0.008739446,0.9935064935064936,0.5631955484896661,0.5231699126930826,0.29460847240051347,459,3,1417,1099
0.008761885,0.9913419913419913,0.5631955484896661,0.522834116856951,0.294155427103404,458,4,1417,1099
0.00883388,0.9913419913419913,0.5635930047694754,0.5224983210208194,0.2943444730077121,458,4,1418,1098
0.00883705,0.9913419913419913,0.5639904610492846,0.5221625251846878,0.2945337620578778,458,4,1419,1097
0.008842714,0.9913419913419913,0.5643879173290938,0.5218267293485561,0.2947232947232947,458,4,1420,1096
0.008868836,0.9913419913419913,0.564785373608903,0.5214909335124245,0.29491307147456536,458,4,1421,1095
0.008925055,0.9913419913419913,0.5651828298887123,0.5211551376762928,0.29510309278350516,458,4,1422,1094
0.0089377435,0.9913419913419913,0.5655802861685215,0.5208193418401612,0.29529335912314636,458,4,1423,1093
0.008964253,0.9913419913419913,0.5659777424483307,0.5204835460040296,0.2954838709677419,458,4,1424,1092
0.00896585,0.9913419913419913,0.5663751987281399,0.5201477501678979,0.2956746287927695,458,4,1425,1091
0.008969617,0.9913419913419913,0.5667726550079492,0.5198119543317663,0.2958656330749354,458,4,1426,1090
0.009060931,0.9913419913419913,0.5671701112877583,0.5194761584956347,0.2960568842921784,458,4,1427,1089
0.009069395,0.9913419913419913,0.5675675675675675,0.519140362659503,0.296248382923674,458,4,1428,1088
0.009085634,0.9913419913419913,0.5679650238473768,0.5188045668233714,0.29644012944983816,458,4,1429,1087
0.009105837,0.9913419913419913,0.568362480127186,0.5184687709872398,0.2966321243523316,458,4,1430,1086
0.0091315545,0.9913419913419913,0.5687599364069952,0.5181329751511081,0.2968243681140635,458,4,1431,1085
0.009133807,0.9913419913419913,0.5691573926868044,0.5177971793149765,0.29701686121919585,458,4,1432,1084
0.009135007,0.9913419913419913,0.5695548489666137,0.5174613834788448,0.2972096041531473,458,4,1433,1083
0.009205338,0.9913419913419913,0.5699523052464229,0.5171255876427132,0.2974025974025974,458,4,1434,1082
0.009218965,0.9913419913419913,0.5703497615262321,0.5167897918065816,0.29759584145549056,458,4,1435,1081
0.009227658,0.9913419913419913,0.5707472178060413,0.5164539959704499,0.2977893368010403,458,4,1436,1080
0.0092317425,0.9913419913419913,0.5711446740858506,0.5161182001343183,0.2979830839297333,458,4,1437,1079
0.009232398,0.9891774891774892,0.5711446740858506,0.5157824042981867,0.2975260416666667,457,5,1437,1079
0.00926136,0.9891774891774892,0.5715421303656598,0.515446608462055,0.2977198697068404,457,5,1438,1078
0.009267716,0.9891774891774892,0.571939586645469,0.5151108126259234,0.29791395045632335,457,5,1439,1077
0.0093253255,0.9891774891774892,0.5723370429252782,0.5147750167897918,0.29810828440965426,457,5,1440,1076
0.009385551,0.9891774891774892,0.5727344992050875,0.5144392209536601,0.2983028720626632,457,5,1441,1075
0.009404937,0.9891774891774892,0.5731319554848967,0.5141034251175285,0.2984977139124755,457,5,1442,1074
0.0094372835,0.9891774891774892,0.5735294117647058,0.513767629281397,0.29869281045751633,457,5,1443,1073
0.00946539,0.9891774891774892,0.5739268680445151,0.5134318334452653,0.29888816219751474,457,5,1444,1072
0.00948626,0.9891774891774892,0.5743243243243243,0.5130960376091337,0.29908376963350786,457,5,1445,1071
0.009496741,0.9891774891774892,0.5747217806041336,0.5127602417730021,0.29927963326784546,457,5,1446,1070
0.009534708,0.9891774891774892,0.5751192368839427,0.5124244459368704,0.299475753604194,457,5,1447,1069
0.009537429,0.9891774891774892,0.575516693163752,0.5120886501007388,0.299672131147541,457,5,1448,1068
0.009565334,0.9891774891774892,0.5759141494435612,0.5117528542646071,0.29986876640419946,457,5,1449,1067
0.009569427,0.9891774891774892,0.5763116057233705,0.5114170584284755,0.3000656598818122,457,5,1450,1066
0.009598948,0.9891774891774892,0.5767090620031796,0.5110812625923439,0.3002628120893561,457,5,1451,1065
0.009643621,0.9891774891774892,0.5771065182829889,0.5107454667562122,0.30046022353714663,457,5,1452,1064
0.009694129,0.9891774891774892,0.5775039745627981,0.5104096709200806,0.3006578947368421,457,5,1453,1063
0.0096967295,0.9891774891774892,0.5779014308426074,0.510073875083949,0.3008558262014483,457,5,1454,1062
0.009697141,0.9891774891774892,0.5782988871224165,0.5097380792478173,0.3010540184453228,457,5,1455,1061
0.009713943,0.9891774891774892,0.5786963434022258,0.5094022834116857,0.3012524719841793,457,5,1456,1060
0.00971809,0.9891774891774892,0.579093799682035,0.5090664875755541,0.30145118733509235,457,5,1457,1059
0.009726583,0.9891774891774892,0.5794912559618441,0.5087306917394224,0.30165016501650166,457,5,1458,1058
0.0097890105,0.9891774891774892,0.5798887122416534,0.5083948959032908,0.30184940554821665,457,5,1459,1057
0.009818529,0.9891774891774892,0.5802861685214626,0.5080591000671592,0.30204890945142104,457,5,1460,1056
0.009876732,0.9891774891774892,0.5806836248012719,0.5077233042310275,0.30224867724867727,457,5,1461,1055
0.009930717,0.9891774891774892,0.581081081081081,0.5073875083948959,0.30244870946393115,457,5,1462,1054
0.009959242,0.9891774891774892,0.5814785373608903,0.5070517125587642,0.30264900662251654,457,5,1463,1053
0.01,0.9891774891774892,0.5818759936406995,0.5067159167226326,0.3028495692511597,457,5,1464,1052
0.010075209,0.9891774891774892,0.5818759936406995,0.5067159167226326,0.3028495692511597,457,5,1464,1052
0.01007889,0.9891774891774892,0.5822734499205088,0.506380120886501,0.3030503978779841,457,5,1465,1051
0.01012641,0.9891774891774892,0.5826709062003179,0.5060443250503693,0.3032514930325149,457,5,1466,1050
0.01014605,0.9891774891774892,0.5830683624801272,0.5057085292142377,0.30345285524568394,457,5,1467,1049
0.010190824,0.9891774891774892,0.5834658187599364,0.5053727333781061,0.3036544850498339,457,5,1468,1048
0.010268549,0.9891774891774892,0.5838632750397457,0.5050369375419744,0.3038563829787234,457,5,1469,1047
0.010288194,0.9891774891774892,0.5842607313195548,0.5047011417058428,0.3040585495675316,457,5,1470,1046
0.010327422,0.9891774891774892,0.584658187599364,0.5043653458697113,0.30426098535286283,457,5,1471,1045
0.010341222,0.9891774891774892,0.5850556438791733,0.5040295500335796,0.3044636908727515,457,5,1472,1044
0.010349678,0.9891774891774892,0.5854531001589826,0.503693754197448,0.30466666666666664,457,5,1473,1043
0.010377476,0.9891774891774892,0.5858505564387917,0.5033579583613164,0.304869913275517,457,5,1474,1042
0.010417483,0.9891774891774892,0.5862480127186009,0.5030221625251847,0.30507343124165553,457,5,1475,1041
0.010432999,0.9891774891774892,0.5866454689984102,0.5026863666890531,0.30527722110888444,457,5,1476,1040
0.010462054,0.9891774891774892,0.5870429252782194,0.5023505708529215,0.3054812834224599,457,5,1477,1039
0.010502145,0.9891774891774892,0.5874403815580286,0.5020147750167898,0.305685618729097,457,5,1478,1038
0.010561545,0.9891774891774892,0.5878378378378378,0.5016789791806582,0.30589022757697454,457,5,1479,1037
0.010578073,0.9891774891774892,0.5882352941176471,0.5013431833445265,0.3060951105157401,457,5,1480,1036
0.010619139,0.9891774891774892,0.5886327503974563,0.5010073875083949,0.3063002680965147,457,5,1481,1035
0.01068823,0.9891774891774892,0.5890302066772655,0.5006715916722633,0.30650570087189805,457,5,1482,1034
0.010720588,0.9891774891774892,0.5894276629570747,0.5003357958361316,0.30671140939597313,457,5,1483,1033
0.010726062,0.9891774891774892,0.589825119236884,0.5,0.30691739422431163,457,5,1484,1032
0.010730626,0.9891774891774892,0.5902225755166932,0.49966420416386836,0.3071236559139785,457,5,1485,1031
0.010838551,0.9891774891774892,0.5906200317965024,0.49932840832773673,0.3073301950235373,457,5,1486,1030
0.010858097,0.9891774891774892,0.5910174880763116,0.4989926124916051,0.3075370121130552,457,5,1487,1029
0.01089489,0.9891774891774892,0.5914149443561209,0.49865681665547346,0.30774410774410776,457,5,1488,1028
0.010906236,0.9891774891774892,0.5918124006359301,0.4983210208193418,0.3079514824797844,457,5,1489,1027
0.010926439,0.9891774891774892,0.5922098569157392,0.4979852249832102,0.3081591368846932,457,5,1490,1026
0.01094658,0.9891774891774892,0.5926073131955485,0.4976494291470786,0.3083670715249663,457,5,1491,1025
0.010974053,0.9891774891774892,0.5930047694753577,0.49731363331094697,0.3085752869682647,457,5,1492,1024
0.0110585885,0.9891774891774892,0.5934022257551669,0.49697783747481533,0.3087837837837838,457,5,1493,1023
0.011064227,0.9891774891774892,0.5937996820349761,0.4966420416386837,0.30899256254225826,457,5,1494,1022
0.011104526,0.9891774891774892,0.5941971383147854,0.49630624580255206,0.3092016238159675,457,5,1495,1021
0.011157169,0.9891774891774892,0.5945945945945946,0.4959704499664204,0.3094109681787407,457,5,1496,1020
0.011195511,0.9891774891774892,0.5949920508744038,0.4956346541302888,0.30962059620596205,457,5,1497,1019
0.011202725,0.9891774891774892,0.595389507154213,0.49529885829415715,0.30983050847457627,457,5,1498,1018
0.011238534,0.9891774891774892,0.5957869634340223,0.4949630624580255,0.3100407055630936,457,5,1499,1017
0.011259511,0.9891774891774892,0.5961844197138315,0.4946272666218939,0.3102511880515954,457,5,1500,1016
0.011310607,0.9891774891774892,0.5965818759936407,0.49429147078576224,0.31046195652173914,457,5,1501,1015
0.011339624,0.9891774891774892,0.5969793322734499,0.4939556749496306,0.31067301155676413,457,5,1502,1014
0.011349258,0.9891774891774892,0.5973767885532592,0.49361987911349897,0.3108843537414966,457,5,1503,1013
0.011366027,0.9891774891774892,0.5977742448330684,0.49328408327736734,0.31109598366235536,457,5,1504,1012
0.011390647,0.9891774891774892,0.5981717011128775,0.49294828744123576,0.31130790190735697,457,5,1505,1011
0.011463111,0.9891774891774892,0.5985691573926868,0.4926124916051041,0.3115201090661213,457,5,1506,1010
0.011495951,0.9891774891774892,0.598966613672496,0.4922766957689725,0.3117326057298772,457,5,1507,1009
0.0115004815,0.9891774891774892,0.5993640699523053,0.49194089993284085,0.3119453924914676,457,5,1508,1008
0.011500552,0.9891774891774892,0.5997615262321144,0.4916051040967092,0.3121584699453552,457,5,1509,1007
0.011559877,0.9891774891774892,0.6001589825119237,0.4912693082605776,0.31237183868762813,457,5,1510,1006
0.011580615,0.9891774891774892,0.6005564387917329,0.49093351242444594,0.3125854993160055,457,5,1511,1005
0.011649277,0.9891774891774892,0.6009538950715422,0.4905977165883143,0.3127994524298426,457,5,1512,1004
0.011669124,0.9891774891774892,0.6013513513513513,0.49026192075218267,0.313013698630137,457,5,1513,1003
0.01167781,0.9891774891774892,0.6017488076311606,0.48992612491605103,0.3132282385195339,457,5,1514,1002
0.011792976,0.9891774891774892,0.6021462639109698,0.4895903290799194,0.31344307270233196,457,5,1515,1001
0.011828186,0.9891774891774892,0.6025437201907791,0.48925453324378776,0.31365820178448867,457,5,1516,1000
0.011855462,0.9891774891774892,0.6029411764705882,0.4889187374076561,0.31387362637362637,457,5,1517,999
0.011866919,0.9891774891774892,0.6033386327503975,0.4885829415715245,0.3140893470790378,457,5,1518,998
0.01190403,0.9891774891774892,0.6037360890302067,0.4882471457353929,0.3143053645116919,457,5,1519,997
0.012060276,0.9891774891774892,0.604133545310016,0.48791134989926127,0.3145216792842395,457,5,1520,996
0.012173185,0.9891774891774892,0.6045310015898251,0.48757555406312963,0.31473829201101927,457,5,1521,995
0.012218442,0.9891774891774892,0.6049284578696343,0.487239758226998,0.3149552033080634,457,5,1522,994
0.012242176,0.9891774891774892,0.6053259141494436,0.48690396239086636,0.31517241379310346,457,5,1523,993
0.012275351,0.9891774891774892,0.6057233704292527,0.4865681665547347,0.31538992408557626,457,5,1524,992
0.012308888,0.9891774891774892,0.606120826709062,0.4862323707186031,0.31560773480662985,457,5,1525,991
0.01232246,0.9891774891774892,0.6065182829888712,0.48589657488247145,0.3158258465791292,457,5,1526,990
0.012331238,0.9891774891774892,0.6069157392686805,0.4855607790463398,0.3160442600276625,457,5,1527,989
0.0123417135,0.9891774891774892,0.6073131955484896,0.4852249832102082,0.31626297577854673,457,5,1528,988
0.012369057,0.9891774891774892,0.6077106518282989,0.48488918737407655,0.31648199445983377,457,5,1529,987
0.012390686,0.9891774891774892,0.6081081081081081,0.4845533915379449,0.3167013167013167,457,5,1530,986
0.01243107,0.9891774891774892,0.6085055643879174,0.4842175957018133,0.3169209431345354,457,5,1531,985
0.012431335,0.9891774891774892,0.6089030206677265,0.48388179986568164,0.31714087439278277,457,5,1532,984
0.012458539,0.9891774891774892,0.6093004769475358,0.48354600402955006,0.3173611111111111,457,5,1533,983
0.01246159,0.9891774891774892,0.609697933227345,0.4832102081934184,0.31758165392633775,457,5,1534,982
0.012534009,0.9891774891774892,0.6100953895071543,0.4828744123572868,0.31780250347705147,457,5,1535,981
0.012590935,0.9891774891774892,0.6104928457869634,0.48253861652115515,0.3180236604036186,457,5,1536,980
0.012590965,0.9891774891774892,0.6108903020667726,0.4822028206850235,0.31824512534818944,457,5,1537,979
0.012593134,0.9891774891774892,0.6112877583465819,0.4818670248488919,0.3184668989547038,457,5,1538,978
0.012630152,0.9891774891774892,0.6116852146263911,0.48153122901276024,0.3186889818688982,457,5,1539,977
0.012631483,0.9891774891774892,0.6120826709062003,0.4811954331766286,0.3189113747383112,457,5,1540,976
0.012635176,0.9891774891774892,0.6124801271860095,0.48085963734049697,0.3191340782122905,457,5,1541,975
0.012644014,0.9891774891774892,0.6128775834658188,0.48052384150436533,0.3193570929419986,457,5,1542,974
0.01268085,0.9891774891774892,0.613275039745628,0.4801880456682337,0.3195804195804196,457,5,1543,973
0.012694504,0.9891774891774892,0.6136724960254372,0.47985224983210206,0.3198040587823653,457,5,1544,972
0.01270629,0.9891774891774892,0.6140699523052464,0.4795164539959704,0.32002801120448177,457,5,1545,971
0.012736911,0.9891774891774892,0.6144674085850557,0.4791806581598388,0.32025227750525576,457,5,1546,970
0.012960867,0.9891774891774892,0.6148648648648649,0.4788448623237072,0.32047685834502104,457,5,1547,969
0.013028041,0.9891774891774892,0.615262321144674,0.4785090664875756,0.32070175438596493,457,5,1548,968
0.013029268,0.9891774891774892,0.6156597774244833,0.47817327065144394,0.32092696629213485,457,5,1549,967
0.013054261,0.9891774891774892,0.6160572337042926,0.4778374748153123,0.32115249472944485,457,5,1550,966
0.013122185,0.9891774891774892,0.6164546899841018,0.47750167897918067,0.32137834036568214,457,5,1551,965
0.013161926,0.9891774891774892,0.6168521462639109,0.47716588314304903,0.3216045038705137,457,5,1552,964
0.013245444,0.9891774891774892,0.6172496025437202,0.4768300873069174,0.321830985915493,457,5,1553,963
0.013343943,0.9891774891774892,0.6176470588235294,0.47649429147078576,0.32205778717406625,457,5,1554,962
0.013347245,0.9891774891774892,0.6180445151033387,0.4761584956346541,0.3222849083215797,457,5,1555,961
0.013457559,0.9891774891774892,0.6184419713831478,0.4758226997985225,0.32251235003528583,457,5,1556,960
0.013469923,0.9891774891774892,0.6188394276629571,0.47548690396239085,0.3227401129943503,457,5,1557,959
0.01351332,0.9891774891774892,0.6192368839427663,0.4751511081262592,0.32296819787985864,457,5,1558,958
0.013529647,0.9891774891774892,0.6196343402225755,0.4748153122901276,0.3231966053748232,457,5,1559,957
0.013577686,0.9891774891774892,0.6200317965023847,0.474479516453996,0.32342533616418967,457,5,1560,956
0.013612075,0.987012987012987,0.6200317965023847,0.47414372061786436,0.32294617563739375,456,6,1560,956
0.01361365,0.987012987012987,0.620429252782194,0.4738079247817327,0.32317505315379164,456,6,1561,955
0.013631397,0.987012987012987,0.6208267090620032,0.4734721289456011,0.32340425531914896,456,6,1562,954
0.013805612,0.987012987012987,0.6212241653418124,0.47313633310946945,0.32363378282469835,456,6,1563,953
0.013840478,0.987012987012987,0.6216216216216216,0.4728005372733378,0.32386363636363635,456,6,1564,952
0.013948048,0.987012987012987,0.6220190779014309,0.4724647414372062,0.32409381663113007,456,6,1565,951
0.013967841,0.987012987012987,0.6224165341812401,0.47212894560107455,0.32432432432432434,456,6,1566,950
0.013989365,0.987012987012987,0.6228139904610492,0.4717931497649429,0.32455516014234875,456,6,1567,949
0.014024052,0.987012987012987,0.6232114467408585,0.4714573539288113,0.3247863247863248,456,6,1568,948
0.014028444,0.987012987012987,0.6236089030206677,0.47112155809267964,0.32501781895937276,456,6,1569,947
0.014028587,0.987012987012987,0.624006359300477,0.470785762256548,0.3252496433666191,456,6,1570,946
0.014249989,0.987012987012987,0.6244038155802861,0.47044996642041637,0.32548179871520344,456,6,1571,945
0.01426187,0.987012987012987,0.6248012718600954,0.47011417058428473,0.32571428571428573,456,6,1572,944
0.0143547235,0.987012987012987,0.6251987281399046,0.46977837474815315,0.3259471050750536,456,6,1573,943
0.014428149,0.987012987012987,0.6255961844197139,0.4694425789120215,0.3261802575107296,456,6,1574,942
0.014430713,0.987012987012987,0.625993640699523,0.4691067830758899,0.3264137437365784,456,6,1575,941
0.014440053,0.987012987012987,0.6263910969793323,0.46877098723975824,0.32664756446991405,456,6,1576,940
0.014475859,0.987012987012987,0.6267885532591415,0.4684351914036266,0.32688172043010755,456,6,1577,939
0.014575441,0.987012987012987,0.6271860095389508,0.46809939556749497,0.32711621233859395,456,6,1578,938
0.014591955,0.987012987012987,0.6275834658187599,0.46776359973136333,0.3273510409188801,456,6,1579,937
0.014664757,0.987012987012987,0.6279809220985691,0.4674278038952317,0.3275862068965517,456,6,1580,936
0.014767629,0.987012987012987,0.6283783783783784,0.46709200805910006,0.3278217109992811,456,6,1581,935
0.014771133,0.987012987012987,0.6287758346581876,0.4667562122229684,0.32805755395683456,456,6,1582,934
0.014792661,0.987012987012987,0.6291732909379968,0.4664204163868368,0.3282937365010799,456,6,1583,933
0.014913725,0.987012987012987,0.629570747217806,0.46608462055070515,0.3285302593659942,456,6,1584,932
0.014974589,0.987012987012987,0.6299682034976153,0.4657488247145735,0.3287671232876712,456,6,1585,931
0.01498544,0.987012987012987,0.6303656597774245,0.4654130288784419,0.329004329004329,456,6,1586,930
0.014990101,0.987012987012987,0.6307631160572337,0.4650772330423103,0.3292418772563177,456,6,1587,929
0.015,0.987012987012987,0.6311605723370429,0.46474143720617866,0.32947976878612717,456,6,1588,928
0.015002229,0.987012987012987,0.6311605723370429,0.46474143720617866,0.32947976878612717,456,6,1588,928
0.015094687,0.987012987012987,0.6315580286168522,0.46440564137004703,0.3297180043383948,456,6,1589,927
0.015166784,0.987012987012987,0.6319554848966613,0.4640698455339154,0.3299565846599132,456,6,1590,926
0.015386327,0.987012987012987,0.6323529411764706,0.46373404969778376,0.33019551049963797,456,6,1591,925
0.015493448,0.987012987012987,0.6327503974562798,0.4633982538616521,0.33043478260869563,456,6,1592,924
0.015528743,0.987012987012987,0.6331478537360891,0.4630624580255205,0.3306744017403916,456,6,1593,923
0.015535973,0.987012987012987,0.6335453100158982,0.46272666218938885,0.3309143686502177,456,6,1594,922
0.015620676,0.987012987012987,0.6339427662957074,0.4623908663532572,0.3311546840958606,456,6,1595,921
0.015633417,0.987012987012987,0.6343402225755167,0.4620550705171256,0.3313953488372093,456,6,1596,920
0.015725592,0.987012987012987,0.634737678855326,0.46171927468099394,0.3316363636363636,456,6,1597,919
0.015749441,0.987012987012987,0.6351351351351351,0.4613834788448623,0.3318777292576419,456,6,1598,918
0.015813151,0.987012987012987,0.6355325914149443,0.46104768300873067,0.33211944646758923,456,6,1599,917
0.01584188,0.9848484848484849,0.6355325914149443,0.46071188717259903,0.33163265306122447,455,7,1599,917
0.015943231,0.9848484848484849,0.6359300476947536,0.46037609133646745,0.33187454412837347,455,7,1600,916
0.015957212,0.9848484848484849,0.6363275039745628,0.4600402955003358,0.33211678832116787,455,7,1601,915
0.015999198,0.9848484848484849,0.636724960254372,0.4597044996642042,0.3323593864134405,455,7,1602,914
0.01606354,0.9848484848484849,0.6371224165341812,0.45936870382807254,0.33260233918128657,455,7,1603,913
0.016069192,0.9848484848484849,0.6375198728139905,0.4590329079919409,0.33284564740307243,455,7,1604,912
0.016108844,0.9848484848484849,0.6379173290937997,0.4586971121558093,0.3330893118594436,455,7,1605,911
0.01616184,0.9848484848484849,0.6383147853736089,0.45836131631967764,0.3333333333333333,455,7,1606,910
0.016280843,0.9848484848484849,0.6387122416534181,0.458025520483546,0.33357771260997066,455,7,1607,909
0.016324377,0.9848484848484849,0.6391096979332274,0.45768972464741436,0.3338224504768892,455,7,1608,908
0.016336503,0.9848484848484849,0.6395071542130366,0.45735392881128273,0.3340675477239354,455,7,1609,907
0.016355578,0.9848484848484849,0.6399046104928457,0.4570181329751511,0.334313005143277,455,7,1610,906
0.016357688,0.9848484848484849,0.640302066772655,0.45668233713901946,0.33455882352941174,455,7,1611,905
0.016376114,0.9848484848484849,0.6406995230524642,0.4563465413028878,0.33480500367917587,455,7,1612,904
0.016462546,0.9848484848484849,0.6410969793322735,0.45601074546675624,0.33505154639175255,455,7,1613,903
0.016483637,0.9848484848484849,0.6414944356120826,0.4556749496306246,0.3352984524686809,455,7,1614,902
0.01651022,0.9848484848484849,0.6418918918918919,0.45533915379449297,0.3355457227138643,455,7,1615,901
0.016618626,0.9848484848484849,0.6422893481717011,0.45500335795836133,0.33579335793357934,455,7,1616,900
0.016802685,0.9848484848484849,0.6426868044515104,0.4546675621222297,0.3360413589364845,455,7,1617,899
0.016863236,0.9848484848484849,0.6430842607313195,0.45433176628609806,0.336289726533629,455,7,1618,898
0.016881643,0.9848484848484849,0.6434817170111288,0.4539959704499664,0.33653846153846156,455,7,1619,897
0.016976355,0.9848484848484849,0.643879173290938,0.4536601746138348,0.33678756476683935,455,7,1620,896
0.017100563,0.9848484848484849,0.6442766295707473,0.45332437877770315,0.337037037037037,455,7,1621,895
0.017110199,0.9826839826839827,0.6442766295707473,0.4529885829415715,0.3365455893254262,454,8,1621,895
0.017201666,0.9826839826839827,0.6446740858505564,0.4526527871054399,0.3367952522255193,454,8,1622,894
0.017280133,0.9826839826839827,0.6450715421303657,0.45231699126930824,0.3370452858203415,454,8,1623,893
0.017294941,0.9826839826839827,0.6454689984101749,0.4519811954331766,0.337295690936107,454,8,1624,892
0.017335653,0.9826839826839827,0.645866454689984,0.45164539959704497,0.337546468401487,454,8,1625,891
0.017348599,0.9826839826839827,0.6462639109697933,0.4513096037609134,0.33779761904761907,454,8,1626,890
0.01736423,0.9826839826839827,0.6466613672496025,0.45097380792478176,0.3380491437081162,454,8,1627,889
0.01736917,0.9826839826839827,0.6470588235294118,0.4506380120886501,0.338301043219076,454,8,1628,888
0.01738762,0.9826839826839827,0.6474562798092209,0.4503022162525185,0.33855331841909025,454,8,1629,887
0.017391197,0.9826839826839827,0.6478537360890302,0.44996642041638685,0.33880597014925373,454,8,1630,886
0.017429104,0.9826839826839827,0.6482511923688394,0.4496306245802552,0.339058999253174,454,8,1631,885
0.017432451,0.9826839826839827,0.6486486486486487,0.4492948287441236,0.3393124065769806,454,8,1632,884
0.017456679,0.9826839826839827,0.6490461049284578,0.44895903290799194,0.3395661929693343,454,8,1633,883
0.017523328,0.9826839826839827,0.6494435612082671,0.4486232370718603,0.3398203592814371,454,8,1634,882
0.017531013,0.9826839826839827,0.6498410174880763,0.44828744123572867,0.3400749063670412,454,8,1635,881
0.017591102,0.9826839826839827,0.6502384737678856,0.44795164539959703,0.3403298350824588,454,8,1636,880
0.017661497,0.9826839826839827,0.6506359300476947,0.4476158495634654,0.34058514628657166,454,8,1637,879
0.017687144,0.9826839826839827,0.651033386327504,0.44728005372733376,0.3408408408408408,454,8,1638,878
0.017701948,0.9826839826839827,0.6514308426073132,0.4469442578912021,0.3410969196093163,454,8,1639,877
0.017808625,0.9826839826839827,0.6518282988871225,0.44660846205507054,0.34135338345864663,454,8,1640,876
0.017875373,0.9826839826839827,0.6522257551669316,0.4462726662189389,0.3416102332580888,454,8,1641,875
0.017929273,0.9826839826839827,0.6526232114467408,0.44593687038280727,0.34186746987951805,454,8,1642,874
0.01797598,0.9826839826839827,0.6530206677265501,0.44560107454667564,0.3421250941974378,454,8,1643,873
0.01805724,0.9826839826839827,0.6534181240063593,0.445265278710544,0.34238310708898945,454,8,1644,872
0.018138587,0.9826839826839827,0.6538155802861685,0.44492948287441236,0.34264150943396227,454,8,1645,871
0.018154172,0.9826839826839827,0.6542130365659777,0.4445936870382807,0.3429003021148036,454,8,1646,870
0.018219829,0.9826839826839827,0.654610492845787,0.4442578912021491,0.3431594860166289,454,8,1647,869
0.01825385,0.9805194805194806,0.654610492845787,0.44392209536601746,0.3426626323751891,453,9,1647,869
0.018374024,0.9805194805194806,0.6550079491255962,0.4435862995298858,0.3429220287660863,453,9,1648,868
0.018386122,0.9805194805194806,0.6554054054054054,0.4432505036937542,0.3431818181818182,453,9,1649,867
0.018393189,0.9805194805194806,0.6558028616852146,0.44291470785762255,0.3434420015163002,453,9,1650,866
0.018428626,0.9805194805194806,0.6562003179650239,0.4425789120214909,0.34370257966616086,453,9,1651,865
0.018448198,0.9805194805194806,0.6565977742448331,0.4422431161853593,0.3439635535307517,453,9,1652,864
0.018580936,0.9805194805194806,0.6569952305246423,0.4419073203492277,0.34422492401215804,453,9,1653,863
0.018715125,0.9805194805194806,0.6573926868044515,0.44157152451309606,0.34448669201520915,453,9,1654,862
0.01885395,0.9805194805194806,0.6577901430842608,0.4412357286769644,0.3447488584474886,453,9,1655,861
0.018860873,0.9805194805194806,0.6581875993640699,0.4408999328408328,0.345011424219345,453,9,1656,860
0.018978512,0.9805194805194806,0.6585850556438791,0.44056413700470115,0.34527439024390244,453,9,1657,859
0.018989345,0.9805194805194806,0.6589825119236884,0.4402283411685695,0.34553775743707094,453,9,1658,858
0.01904007,0.9805194805194806,0.6593799682034976,0.4398925453324379,0.34580152671755726,453,9,1659,857
0.019043813,0.9805194805194806,0.6597774244833068,0.43955674949630624,0.3460656990068755,453,9,1660,856
0.0190625,0.9805194805194806,0.660174880763116,0.4392209536601746,0.3463302752293578,453,9,1661,855
0.019064212,0.9805194805194806,0.6605723370429253,0.43888515782404297,0.34659525631216526,453,9,1662,854
0.019180771,0.9805194805194806,0.6609697933227345,0.43854936198791133,0.34686064318529863,453,9,1663,853
0.019275596,0.9805194805194806,0.6613672496025437,0.4382135661517797,0.3471264367816092,453,9,1664,852
0.019327309,0.9805194805194806,0.6617647058823529,0.43787777031564806,0.3473926380368098,453,9,1665,851
0.019350257,0.9805194805194806,0.6621621621621622,0.4375419744795164,0.3476592478894858,453,9,1666,850
0.019374797,0.9805194805194806,0.6625596184419714,0.43720617864338485,0.347926267281106,453,9,1667,849
0.019380646,0.9783549783549783,0.6625596184419714,0.4368703828072532,0.3474250576479631,452,10,1667,849
0.019587755,0.9783549783549783,0.6629570747217806,0.4365345869711216,0.3476923076923077,452,10,1668,848
0.019667195,0.9783549783549783,0.6633545310015898,0.43619879113498994,0.3479599692070824,452,10,1669,847
0.019705804,0.9783549783549783,0.6637519872813991,0.4358629952988583,0.34822804314329736,452,10,1670,846
0.01972691,0.9783549783549783,0.6641494435612083,0.43552719946272667,0.3484965304548959,452,10,1671,845
0.01973525,0.9783549783549783,0.6645468998410174,0.43519140362659503,0.3487654320987654,452,10,1672,844
0.019770559,0.9783549783549783,0.6649443561208267,0.4348556077904634,0.349034749034749,452,10,1673,843
0.019772425,0.9783549783549783,0.665341812400636,0.43451981195433176,0.34930448222565685,452,10,1674,842
0.019875664,0.9783549783549783,0.6657392686804452,0.4341840161182001,0.34957463263727767,452,10,1675,841
0.019994503,0.9783549783549783,0.6661367249602543,0.4338482202820685,0.3498452012383901,452,10,1676,840
0.02,0.9783549783549783,0.6665341812400636,0.43351242444593685,0.35011618900077457,452,10,1677,839
0.020014713,0.9783549783549783,0.6665341812400636,0.43351242444593685,0.35011618900077457,452,10,1677,839
0.02017122,0.9783549783549783,0.6669316375198728,0.4331766286098052,0.35038759689922483,452,10,1678,838
0.020178147,0.9783549783549783,0.6673290937996821,0.43284083277367363,0.35065942591155935,452,10,1679,837
0.02020562,0.9783549783549783,0.6677265500794912,0.432505036937542,0.35093167701863354,452,10,1680,836
0.020390045,0.9783549783549783,0.6681240063593005,0.43216924110141036,0.35120435120435123,452,10,1681,835
0.020447126,0.9783549783549783,0.6685214626391097,0.4318334452652787,0.3514774494556765,452,10,1682,834
0.02053131,0.9783549783549783,0.668918918918919,0.4314976494291471,0.35175097276264594,452,10,1683,833
0.020742517,0.9783549783549783,0.6693163751987281,0.43116185359301545,0.35202492211838005,452,10,1684,832
0.020866882,0.9783549783549783,0.6697138314785374,0.4308260577568838,0.35229929851909586,452,10,1685,831
0.02094023,0.9783549783549783,0.6701112877583466,0.4304902619207522,0.35257410296411856,452,10,1686,830
0.020956764,0.9783549783549783,0.6705087440381559,0.43015446608462055,0.35284933645589384,452,10,1687,829
0.021003269,0.9783549783549783,0.670906200317965,0.4298186702484889,0.353125,452,10,1688,828
0.02105648,0.9783549783549783,0.6713036565977742,0.4294828744123573,0.3534010946051603,452,10,1689,827
0.021113668,0.9783549783549783,0.6717011128775835,0.42914707857622564,0.3536776212832551,452,10,1690,826
0.021167224,0.9783549783549783,0.6720985691573926,0.428811282740094,0.35395458104933436,452,10,1691,825
0.021196026,0.9783549783549783,0.6724960254372019,0.42847548690396237,0.3542319749216301,452,10,1692,824
0.021241575,0.9783549783549783,0.6728934817170111,0.4281396910678308,0.3545098039215686,452,10,1693,823
0.021272035,0.9783549783549783,0.6732909379968204,0.42780389523169915,0.35478806907378335,452,10,1694,822
0.021472398,0.9783549783549783,0.6736883942766295,0.4274680993955675,0.35506677140612725,452,10,1695,821
0.021560794,0.9783549783549783,0.6740858505564388,0.4271323035594359,0.3553459119496855,452,10,1696,820
0.021563476,0.9783549783549783,0.674483306836248,0.42679650772330424,0.3556254917387884,452,10,1697,819
0.021590201,0.9783549783549783,0.6748807631160573,0.4264607118871726,0.35590551181102364,452,10,1698,818
0.021762623,0.9783549783549783,0.6752782193958664,0.42612491605104097,0.3561859732072498,452,10,1699,817
0.021903265,0.9783549783549783,0.6756756756756757,0.42578912021490933,0.35646687697160884,452,10,1700,816
0.021924203,0.9783549783549783,0.6760731319554849,0.4254533243787777,0.35674822415153906,452,10,1701,815
0.02198377,0.9783549783549783,0.6764705882352942,0.42511752854264606,0.3570300157977883,452,10,1702,814
0.022026964,0.9783549783549783,0.6768680445151033,0.4247817327065144,0.35731225296442687,452,10,1703,813
0.02206076,0.9783549783549783,0.6772655007949125,0.4244459368703828,0.3575949367088608,452,10,1704,812
0.02206404,0.9783549783549783,0.6776629570747218,0.42411014103425115,0.3578780680918448,452,10,1705,811
0.022120187,0.9783549783549783,0.678060413354531,0.4237743451981195,0.358161648177496,452,10,1706,810
0.02220349,0.9783549783549783,0.6784578696343402,0.42343854936198794,0.3584456780333069,452,10,1707,809
0.022287333,0.9783549783549783,0.6788553259141494,0.4231027535258563,0.35873015873015873,452,10,1708,808
0.022352174,0.9783549783549783,0.6792527821939587,0.42276695768972467,0.35901509134233517,452,10,1709,807
0.022492932,0.9783549783549783,0.6796502384737679,0.42243116185359303,0.35930047694753575,452,10,1710,806
0.022523506,0.9783549783549783,0.6800476947535771,0.4220953660174614,0.35958631662688945,452,10,1711,805
0.022524178,0.9783549783549783,0.6804451510333863,0.42175957018132976,0.35987261146496813,452,10,1712,804
0.022571111,0.9783549783549783,0.6808426073131956,0.4214237743451981,0.3601593625498008,452,10,1713,803
0.02269535,0.9783549783549783,0.6812400635930048,0.4210879785090665,0.36044657097288674,452,10,1714,802
0.02291349,0.9783549783549783,0.681637519872814,0.42075218267293485,0.3607342378292099,452,10,1715,801
0.0229422,0.9783549783549783,0.6820349761526232,0.4204163868368032,0.3610223642172524,452,10,1716,800
0.022953803,0.9783549783549783,0.6824324324324325,0.4200805910006716,0.3613109512390088,452,10,1717,799
0.022959815,0.9783549783549783,0.6828298887122417,0.41974479516453994,0.3616,452,10,1718,798
0.0229604,0.9783549783549783,0.6832273449920508,0.4194089993284083,0.36188951160928745,452,10,1719,797
0.022970183,0.9783549783549783,0.6836248012718601,0.41907320349227667,0.36217948717948717,452,10,1720,796
0.023026396,0.9783549783549783,0.6840222575516693,0.4187374076561451,0.3624699278267843,452,10,1721,795
0.02311246,0.9783549783549783,0.6844197138314785,0.41840161182001345,0.36276083467094705,452,10,1722,794
0.0231558,0.9761904761904762,0.6844197138314785,0.4180658159838818,0.36224899598393573,451,11,1722,794
0.02319835,0.9761904761904762,0.6848171701112877,0.4177300201477502,0.362540192926045,451,11,1723,793
0.023282511,0.9761904761904762,0.685214626391097,0.41739422431161854,0.36283185840707965,451,11,1724,792
0.023334416,0.9761904761904762,0.6856120826709062,0.4170584284754869,0.36312399355877617,451,11,1725,791
0.023434972,0.9761904761904762,0.6860095389507154,0.4167226326393553,0.36341659951651895,451,11,1726,790
0.023495182,0.9761904761904762,0.6864069952305246,0.41638683680322364,0.36370967741935484,451,11,1727,789
0.02353014,0.9761904761904762,0.6868044515103339,0.416051040967092,0.3640032284100081,451,11,1728,788
0.023555921,0.9761904761904762,0.6872019077901431,0.41571524513096036,0.364297253634895,451,11,1729,787
0.023593752,0.9761904761904762,0.6875993640699523,0.41537944929482873,0.36459175424413903,451,11,1730,786
0.02360748,0.9761904761904762,0.6879968203497615,0.4150436534586971,0.3648867313915858,451,11,1731,785
0.023611631,0.9761904761904762,0.6883942766295708,0.41470785762256546,0.3651821862348178,451,11,1732,784
0.023791129,0.9761904761904762,0.68879173290938,0.4143720617864338,0.36547811993517015,451,11,1733,783
0.023816878,0.9761904761904762,0.6891891891891891,0.41403626595030224,0.3657745336577453,451,11,1734,782
0.024018642,0.9761904761904762,0.6895866454689984,0.4137004701141706,0.36607142857142855,451,11,1735,781
0.024018997,0.9761904761904762,0.6899841017488076,0.41336467427803897,0.36636880584890336,451,11,1736,780
0.024023775,0.9761904761904762,0.6903815580286169,0.41302887844190733,0.36666666666666664,451,11,1737,779
0.02408036,0.9761904761904762,0.690779014308426,0.4126930826057757,0.36696501220504474,451,11,1738,778
0.0242126,0.9761904761904762,0.6911764705882353,0.41235728676964406,0.36726384364820847,451,11,1739,777
0.024221823,0.9761904761904762,0.6915739268680445,0.4120214909335124,0.36756316218418905,451,11,1740,776
0.024355324,0.974025974025974,0.6915739268680445,0.4116856950973808,0.367047308319739,450,12,1740,776
0.024633275,0.974025974025974,0.6919713831478538,0.41134989926124915,0.3673469387755102,450,12,1741,775
0.024635844,0.974025974025974,0.6923688394276629,0.4110141034251175,0.36764705882352944,450,12,1742,774
0.024734233,0.974025974025974,0.6927662957074722,0.4106783075889859,0.3679476696647588,450,12,1743,773
0.024921272,0.974025974025974,0.6931637519872814,0.41034251175285424,0.36824877250409166,450,12,1744,772
0.024931187,0.974025974025974,0.6935612082670907,0.4100067159167226,0.36855036855036855,450,12,1745,771
0.02497373,0.974025974025974,0.6939586645468998,0.40967092008059103,0.36885245901639346,450,12,1746,770
0.025,0.974025974025974,0.6943561208267091,0.4093351242444594,0.36915504511895,450,12,1747,769
0.025047421,0.974025974025974,0.6943561208267091,0.4093351242444594,0.36915504511895,450,12,1747,769
0.025133843,0.974025974025974,0.6947535771065183,0.40899932840832776,0.3694581280788177,450,12,1748,768
0.025175566,0.974025974025974,0.6951510333863276,0.4086635325721961,0.3697617091207888,450,12,1749,767
0.025194596,0.974025974025974,0.6955484896661367,0.4083277367360645,0.37006578947368424,450,12,1750,766
0.02523014,0.974025974025974,0.6959459459459459,0.40799194089993285,0.37037037037037035,450,12,1751,765
0.025339948,0.974025974025974,0.6963434022257552,0.4076561450638012,0.37067545304777594,450,12,1752,764
0.025462845,0.974025974025974,0.6967408585055644,0.4073203492276696,0.37098103874690846,450,12,1753,763
0.025551343,0.974025974025974,0.6971383147853736,0.40698455339153794,0.3712871287128713,450,12,1754,762
0.025609938,0.974025974025974,0.6975357710651828,0.4066487575554063,0.37159372419488024,450,12,1755,761
0.025624802,0.974025974025974,0.6979332273449921,0.40631296171927467,0.371900826446281,450,12,1756,760
0.025683602,0.974025974025974,0.6983306836248012,0.40597716588314303,0.37220843672456577,450,12,1757,759
0.025859999,0.974025974025974,0.6987281399046105,0.4056413700470114,0.37251655629139074,450,12,1758,758
0.025924195,0.974025974025974,0.6991255961844197,0.40530557421087976,0.3728251864125932,450,12,1759,757
0.026029637,0.974025974025974,0.699523052464229,0.4049697783747482,0.373134328358209,450,12,1760,756
0.026218401,0.974025974025974,0.6999205087440381,0.40463398253861654,0.37344398340248963,450,12,1761,755
0.02627343,0.974025974025974,0.7003179650238474,0.4042981867024849,0.37375415282392027,450,12,1762,754
0.02640846,0.974025974025974,0.7007154213036566,0.40396239086635327,0.3740648379052369,450,12,1763,753
0.026462259,0.974025974025974,0.7011128775834659,0.40362659503022164,0.37437603993344426,450,12,1764,752
0.02651157,0.9718614718614719,0.7011128775834659,0.40329079919409,0.37385512073272276,449,13,1764,752
0.026628977,0.9718614718614719,0.701510333863275,0.40295500335795836,0.37416666666666665,449,13,1765,751
0.026646001,0.9718614718614719,0.7019077901430842,0.4026192075218267,0.37447873227689743,449,13,1766,750
0.026653215,0.9718614718614719,0.7023052464228935,0.4022834116856951,0.3747913188647746,449,13,1767,749
0.026660573,0.9718614718614719,0.7027027027027027,0.40194761584956346,0.37510442773600666,449,13,1768,748
0.026688676,0.9718614718614719,0.7031001589825119,0.4016118200134318,0.3754180602006689,449,13,1769,747
0.026770562,0.9718614718614719,0.7034976152623211,0.4012760241773002,0.3757322175732218,449,13,1770,746
0.027038055,0.9718614718614719,0.7038950715421304,0.40094022834116855,0.3760469011725293,449,13,1771,745
0.027043011,0.9718614718614719,0.7042925278219396,0.4006044325050369,0.3763621123218776,449,13,1772,744
0.027220547,0.9718614718614719,0.7046899841017488,0.40026863666890533,0.3766778523489933,449,13,1773,743
0.027258998,0.9718614718614719,0.705087440381558,0.3999328408327737,0.37699412258606213,449,13,1774,742
0.027550537,0.9718614718614719,0.7054848966613673,0.39959704499664206,0.3773109243697479,449,13,1775,741
0.027575897,0.9718614718614719,0.7058823529411765,0.3992612491605104,0.3776282590412111,449,13,1776,740
0.0276956,0.9718614718614719,0.7062798092209857,0.3989254533243788,0.3779461279461279,449,13,1777,739
0.027745292,0.9718614718614719,0.7066772655007949,0.39858965748824715,0.37826453243470937,449,13,1778,738
0.02787091,0.9718614718614719,0.7070747217806042,0.3982538616521155,0.3785834738617201,449,13,1779,737
0.027936762,0.9718614718614719,0.7074721780604134,0.3979180658159839,0.3789029535864979,449,13,1780,736
0.027985986,0.9718614718614719,0.7078696343402225,0.39758226997985224,0.37922297297297297,449,13,1781,735
0.027990755,0.9718614718614719,0.7082670906200318,0.3972464741437206,0.3795435333896872,449,13,1782,734
0.028178591,0.9718614718614719,0.708664546899841,0.39691067830758897,0.37986463620981387,449,13,1783,733
0.028200738,0.9718614718614719,0.7090620031796503,0.39657488247145734,0.38018628281117695,449,13,1784,732
0.028218972,0.9718614718614719,0.7094594594594594,0.3962390866353257,0.3805084745762712,449,13,1785,731
0.028780214,0.9718614718614719,0.7098569157392687,0.39590329079919406,0.3808312128922816,449,13,1786,730
0.02887558,0.9718614718614719,0.7102543720190779,0.3955674949630625,0.38115449915110355,449,13,1787,729
0.029084474,0.9718614718614719,0.7106518282988871,0.39523169912693085,0.38147833474936277,449,13,1788,728
0.029245432,0.9718614718614719,0.7110492845786963,0.3948959032907992,0.3818027210884354,449,13,1789,727
0.02936973,0.9718614718614719,0.7114467408585056,0.3945601074546676,0.3821276595744681,449,13,1790,726
0.029487636,0.9718614718614719,0.7118441971383148,0.39422431161853594,0.38245315161839866,449,13,1791,725
0.029504946,0.9718614718614719,0.712241653418124,0.3938885157824043,0.38277919863597615,449,13,1792,724
0.029618531,0.9718614718614719,0.7126391096979332,0.39355271994627267,0.38310580204778155,449,13,1793,723
0.029638786,0.9718614718614719,0.7130365659777425,0.39321692411014103,0.38343296327924853,449,13,1794,722
0.029657211,0.9718614718614719,0.7134340222575517,0.3928811282740094,0.3837606837606838,449,13,1795,721
0.0298708,0.9718614718614719,0.7138314785373608,0.39254533243787776,0.3840889649272883,449,13,1796,720
0.03,0.9718614718614719,0.7142289348171701,0.3922095366017461,0.3844178082191781,449,13,1797,719
0.030050885,0.9718614718614719,0.7142289348171701,0.3922095366017461,0.3844178082191781,449,13,1797,719
0.03007189,0.9718614718614719,0.7146263910969793,0.3918737407656145,0.3847472150814053,449,13,1798,718
0.030141944,0.9718614718614719,0.7150238473767886,0.39153794492948285,0.3850771869639794,449,13,1799,717
0.030209929,0.9718614718614719,0.7154213036565977,0.39120214909335127,0.38540772532188844,449,13,1800,716
0.030223822,0.9718614718614719,0.715818759936407,0.39086635325721963,0.3857388316151203,449,13,1801,715
0.030274605,0.9718614718614719,0.7162162162162162,0.390530557421088,0.3860705073086844,449,13,1802,714
0.030440178,0.9718614718614719,0.7166136724960255,0.39019476158495636,0.3864027538726334,449,13,1803,713
0.030492533,0.9718614718614719,0.7170111287758346,0.3898589657488247,0.3867355727820844,449,13,1804,712
0.030615829,0.9718614718614719,0.7174085850556439,0.3895231699126931,0.3870689655172414,449,13,1805,711
0.030644476,0.9718614718614719,0.7178060413354531,0.38918737407656145,0.38740293356341676,449,13,1806,710
0.0308078,0.9718614718614719,0.7182034976152624,0.3888515782404298,0.38773747841105355,449,13,1807,709
0.031015595,0.9718614718614719,0.7186009538950715,0.3885157824042982,0.38807260155574763,449,13,1808,708
0.031113848,0.9718614718614719,0.7189984101748808,0.38817998656816655,0.3884083044982699,449,13,1809,707
0.031252887,0.9718614718614719,0.71939586645469,0.3878441907320349,0.3887445887445887,449,13,1810,706
0.031359557,0.9718614718614719,0.7197933227344993,0.3875083948959033,0.38908145580589254,449,13,1811,705
0.031368624,0.9718614718614719,0.7201907790143084,0.38717259905977164,0.38941890719861233,449,13,1812,704
0.03144374,0.9696969696969697,0.7201907790143084,0.38683680322364,0.3888888888888889,448,14,1812,704
0.03145353,0.9696969696969697,0.7205882352941176,0.3865010073875084,0.38922675933970463,448,14,1813,703
0.031509463,0.9696969696969697,0.7209856915739269,0.3861652115513768,0.38956521739130434,448,14,1814,702
0.03156457,0.9696969696969697,0.7213831478537361,0.38582941571524515,0.38990426457789384,448,14,1815,701
0.03164863,0.9696969696969697,0.7217806041335453,0.3854936198791135,0.3902439024390244,448,14,1816,700
0.031742204,0.9696969696969697,0.7221780604133545,0.3851578240429819,0.3905841325196164,448,14,1817,699
0.032241043,0.9696969696969697,0.7225755166931638,0.38482202820685024,0.39092495636998253,448,14,1818,698
0.03224263,0.9696969696969697,0.722972972972973,0.3844862323707186,0.39126637554585153,448,14,1819,697
0.03240284,0.9696969696969697,0.7233704292527822,0.38415043653458697,0.3916083916083916,448,14,1820,696
0.03245393,0.9696969696969697,0.7237678855325914,0.38381464069845533,0.39195100612423445,448,14,1821,695
0.032512072,0.9696969696969697,0.7241653418124007,0.3834788448623237,0.3922942206654991,448,14,1822,694
0.032525357,0.9696969696969697,0.7245627980922098,0.38314304902619206,0.39263803680981596,448,14,1823,693
0.032571558,0.9696969696969697,0.724960254372019,0.3828072531900604,0.3929824561403509,448,14,1824,692
0.033032034,0.9696969696969697,0.7253577106518283,0.3824714573539288,0.3933274802458297,448,14,1825,691
0.03341136,0.9696969696969697,0.7257551669316376,0.38213566151779715,0.3936731107205624,448,14,1826,690
0.03344925,0.9696969696969697,0.7261526232114467,0.3817998656816656,0.3940193491644679,448,14,1827,689
0.033487733,0.9696969696969697,0.7265500794912559,0.38146406984553394,0.39436619718309857,448,14,1828,688
0.03394626,0.9696969696969697,0.7269475357710652,0.3811282740094023,0.3947136563876652,448,14,1829,687
0.033975884,0.9696969696969697,0.7273449920508744,0.38079247817327067,0.3950617283950617,448,14,1830,686
0.033989236,0.9696969696969697,0.7277424483306836,0.38045668233713903,0.3954104148278906,448,14,1831,685
0.034324598,0.9696969696969697,0.7281399046104928,0.3801208865010074,0.3957597173144876,448,14,1832,684
0.034482144,0.9696969696969697,0.7285373608903021,0.37978509066487576,0.39610963748894784,448,14,1833,683
0.034869585,0.9696969696969697,0.7289348171701113,0.3794492948287441,0.39646017699115044,448,14,1834,682
0.035,0.9696969696969697,0.7293322734499205,0.3791134989926125,0.39681133746678476,448,14,1835,681
0.03501712,0.9696969696969697,0.7293322734499205,0.3791134989926125,0.39681133746678476,448,14,1835,681
0.03510241,0.9696969696969697,0.7297297297297297,0.37877770315648085,0.3971631205673759,448,14,1836,680
0.03534019,0.9696969696969697,0.730127186009539,0.3784419073203492,0.39751552795031053,448,14,1837,679
0.03557085,0.9696969696969697,0.7305246422893482,0.3781061114842176,0.3978685612788632,448,14,1838,678
0.03562775,0.9696969696969697,0.7309220985691574,0.37777031564808594,0.3982222222222222,448,14,1839,677
0.03565866,0.9696969696969697,0.7313195548489666,0.3774345198119543,0.398576512455516,448,14,1840,676
0.03632147,0.9696969696969697,0.7317170111287759,0.3770987239758227,0.39893143365983974,448,14,1841,675
0.036347836,0.9696969696969697,0.7321144674085851,0.3767629281396911,0.39928698752228164,448,14,1842,674
0.03634912,0.9696969696969697,0.7325119236883942,0.37642713230355945,0.39964317573595004,448,14,1843,673
0.03638785,0.9696969696969697,0.7329093799682035,0.3760913364674278,0.4,448,14,1844,672
0.036528245,0.9696969696969697,0.7333068362480127,0.3757555406312962,0.40035746201966044,448,14,1845,671
0.036609944,0.9696969696969697,0.733704292527822,0.37541974479516454,0.4007155635062612,448,14,1846,670
0.036873467,0.9696969696969697,0.7341017488076311,0.3750839489590329,0.40107430617726053,448,14,1847,669
0.036919322,0.9696969696969697,0.7344992050874404,0.3747481531229013,0.4014336917562724,448,14,1848,668
0.03692481,0.9675324675324676,0.7344992050874404,0.37441235728676964,0.4008968609865471,447,15,1848,668
0.03696415,0.9675324675324676,0.7348966613672496,0.374076561450638,0.4012567324955117,447,15,1849,667
0.037142027,0.9675324675324676,0.7352941176470589,0.37374076561450637,0.40161725067385445,447,15,1850,666
0.037232343,0.9675324675324676,0.735691573926868,0.37340496977837473,0.40197841726618705,447,15,1851,665
0.03755038,0.9675324675324676,0.7360890302066773,0.3730691739422431,0.40234023402340235,447,15,1852,664
0.037668653,0.9675324675324676,0.7364864864864865,0.37273337810611146,0.4027027027027027,447,15,1853,663
0.038026728,0.9675324675324676,0.7368839427662957,0.3723975822699799,0.4030658250676285,447,15,1854,662
0.038115717,0.9675324675324676,0.7372813990461049,0.37206178643384824,0.40342960288808666,447,15,1855,661
0.038172003,0.9675324675324676,0.7376788553259142,0.3717259905977166,0.4037940379403794,447,15,1856,660
0.038202938,0.9675324675324676,0.7380763116057234,0.37139019476158497,0.40415913200723325,447,15,1857,659
0.038638506,0.9675324675324676,0.7384737678855325,0.37105439892545333,0.40452488687782806,447,15,1858,658
0.0387843,0.9675324675324676,0.7388712241653418,0.3707186030893217,0.4048913043478261,447,15,1859,657
0.03899205,0.9675324675324676,0.739268680445151,0.37038280725319006,0.40525838621940163,447,15,1860,656
0.03902571,0.9675324675324676,0.7396661367249603,0.3700470114170584,0.4056261343012704,447,15,1861,655
0.03904778,0.9675324675324676,0.7400635930047694,0.3697112155809268,0.40599455040871935,447,15,1862,654
0.03957772,0.9675324675324676,0.7404610492845787,0.36937541974479515,0.40636363636363637,447,15,1863,653
0.03958062,0.9675324675324676,0.7408585055643879,0.3690396239086635,0.4067333939945405,447,15,1864,652
0.039621625,0.9675324675324676,0.7412559618441972,0.3687038280725319,0.40710382513661203,447,15,1865,651
0.03984964,0.9675324675324676,0.7416534181240063,0.36836803223640024,0.4074749316317229,447,15,1866,650
0.03993547,0.9675324675324676,0.7420508744038156,0.36803223640026866,0.40784671532846717,447,15,1867,649
0.039942134,0.9675324675324676,0.7424483306836248,0.36769644056413703,0.40821917808219177,447,15,1868,648
0.03999077,0.9675324675324676,0.7428457869634341,0.3673606447280054,0.4085923217550274,447,15,1869,647
0.04,0.9675324675324676,0.7432432432432432,0.36702484889187376,0.4089661482159195,447,15,1870,646
0.040168438,0.9675324675324676,0.7432432432432432,0.36702484889187376,0.4089661482159195,447,15,1870,646
0.040171433,0.9675324675324676,0.7436406995230525,0.3666890530557421,0.40934065934065933,447,15,1871,645
0.040202912,0.9675324675324676,0.7440381558028617,0.3663532572196105,0.40971585701191565,447,15,1872,644
0.04025357,0.9675324675324676,0.744435612082671,0.36601746138347885,0.41009174311926605,447,15,1873,643
0.040340077,0.9675324675324676,0.7448330683624801,0.3656816655473472,0.41046831955922863,447,15,1874,642
0.040582612,0.9675324675324676,0.7452305246422893,0.3653458697112156,0.4108455882352941,447,15,1875,641
0.04067486,0.9675324675324676,0.7456279809220986,0.36501007387508394,0.41122355105795766,447,15,1876,640
0.04094001,0.9675324675324676,0.7460254372019078,0.3646742780389523,0.4116022099447514,447,15,1877,639
0.041009564,0.9675324675324676,0.746422893481717,0.36433848220282067,0.4119815668202765,447,15,1878,638
0.041163377,0.9675324675324676,0.7468203497615262,0.36400268636668903,0.4123616236162362,447,15,1879,637
0.041205972,0.9675324675324676,0.7472178060413355,0.3636668905305574,0.41274238227146814,447,15,1880,636
0.041269865,0.9675324675324676,0.7476152623211447,0.3633310946944258,0.41312384473197783,447,15,1881,635
0.041600823,0.9675324675324676,0.7480127186009539,0.3629952988582942,0.41350601295097134,447,15,1882,634
0.04184058,0.9675324675324676,0.7484101748807631,0.36265950302216254,0.41388888888888886,447,15,1883,633
0.041943245,0.9675324675324676,0.7488076311605724,0.3623237071860309,0.41427247451343835,447,15,1884,632
0.04201839,0.9675324675324676,0.7492050874403816,0.36198791134989927,0.41465677179962895,447,15,1885,631
0.04225964,0.9675324675324676,0.7496025437201908,0.36165211551376764,0.415041782729805,447,15,1886,630
0.04229207,0.9675324675324676,0.75,0.361316319677636,0.4154275092936803,447,15,1887,629
0.042593453,0.9675324675324676,0.7503974562798092,0.36098052384150436,0.4158139534883721,447,15,1888,628
0.042646557,0.9675324675324676,0.7507949125596184,0.36064472800537273,0.41620111731843573,447,15,1889,627
0.04267018,0.9675324675324676,0.7511923688394276,0.3603089321692411,0.41658900279589933,447,15,1890,626
0.042785972,0.9675324675324676,0.7515898251192369,0.35997313633310946,0.41697761194029853,447,15,1891,625
0.042812467,0.9675324675324676,0.7519872813990461,0.3596373404969778,0.4173669467787115,447,15,1892,624
0.042911418,0.9653679653679653,0.7519872813990461,0.3593015446608462,0.41682242990654206,446,16,1892,624
0.04300222,0.9653679653679653,0.7523847376788553,0.35896574882471455,0.41721234798877455,446,16,1893,623
0.04306181,0.9653679653679653,0.7527821939586645,0.35862995298858297,0.41760299625468167,446,16,1894,622
0.043219384,0.9653679653679653,0.7531796502384738,0.35829415715245133,0.41799437675726336,446,16,1895,621
0.043398608,0.9653679653679653,0.753577106518283,0.3579583613163197,0.41838649155722324,446,16,1896,620
0.043412548,0.9653679653679653,0.7539745627980922,0.35762256548018806,0.4187793427230047,446,16,1897,619
0.04349673,0.9653679653679653,0.7543720190779014,0.3572867696440564,0.4191729323308271,446,16,1898,618
0.0435392,0.9653679653679653,0.7547694753577107,0.3569509738079248,0.4195672624647225,446,16,1899,617
0.043541733,0.9653679653679653,0.7551669316375199,0.35661517797179315,0.4199623352165725,446,16,1900,616
0.043649204,0.9653679653679653,0.755564387917329,0.3562793821356615,0.4203581526861451,446,16,1901,615
0.04365422,0.9653679653679653,0.7559618441971383,0.3559435862995299,0.4207547169811321,446,16,1902,614
0.043699887,0.9653679653679653,0.7563593004769475,0.35560779046339824,0.421152030217186,446,16,1903,613
0.0437202,0.9653679653679653,0.7567567567567568,0.3552719946272666,0.4215500945179584,446,16,1904,612
0.043989964,0.9653679653679653,0.7571542130365659,0.35493619879113497,0.4219489120151372,446,16,1905,611
0.04407042,0.9653679653679653,0.7575516693163752,0.35460040295500334,0.42234848484848486,446,16,1906,610
0.04416851,0.9653679653679653,0.7579491255961844,0.3542646071188717,0.42274881516587676,446,16,1907,609
0.04435131,0.9653679653679653,0.7583465818759937,0.3539288112827401,0.42314990512333966,446,16,1908,608
0.04441793,0.9653679653679653,0.7587440381558028,0.3535930154466085,0.4235517568850902,446,16,1909,607
0.044467382,0.9653679653679653,0.7591414944356121,0.35325721961047685,0.42395437262357416,446,16,1910,606
0.045,0.9653679653679653,0.7595389507154213,0.3529214237743452,0.42435775451950525,446,16,1911,605
0.04507206,0.9653679653679653,0.7595389507154213,0.3529214237743452,0.42435775451950525,446,16,1911,605
0.045151226,0.9653679653679653,0.7599364069952306,0.3525856279382136,0.4247619047619048,446,16,1912,604
0.045243196,0.9653679653679653,0.7603338632750397,0.35224983210208194,0.4251668255481411,446,16,1913,603
0.045404106,0.9653679653679653,0.760731319554849,0.3519140362659503,0.4255725190839695,446,16,1914,602
0.045704104,0.9653679653679653,0.7611287758346582,0.35157824042981867,0.4259789875835721,446,16,1915,601
0.04616246,0.9653679653679653,0.7615262321144675,0.35124244459368703,0.42638623326959846,446,16,1916,600
0.046220284,0.9653679653679653,0.7619236883942766,0.3509066487575554,0.4267942583732057,446,16,1917,599
0.0463638,0.9653679653679653,0.7623211446740858,0.35057085292142376,0.4272030651340996,446,16,1918,598
0.046551347,0.9653679653679653,0.7627186009538951,0.3502350570852921,0.4276126558005753,446,16,1919,597
0.046701588,0.9653679653679653,0.7631160572337043,0.3498992612491605,0.42802303262955854,446,16,1920,596
0.046899322,0.9653679653679653,0.7635135135135135,0.34956346541302885,0.42843419788664744,446,16,1921,595
0.047225196,0.9653679653679653,0.7639109697933227,0.34922766957689727,0.4288461538461538,446,16,1922,594
0.047547333,0.9653679653679653,0.764308426073132,0.34889187374076563,0.4292589027911453,446,16,1923,593
0.047763072,0.9653679653679653,0.7647058823529411,0.348556077904634,0.4296724470134875,446,16,1924,592
0.048245333,0.9653679653679653,0.7651033386327504,0.34822028206850236,0.43008678881388623,446,16,1925,591
0.048293073,0.9653679653679653,0.7655007949125596,0.3478844862323707,0.4305019305019305,446,16,1926,590
0.048395205,0.9653679653679653,0.7658982511923689,0.3475486903962391,0.43091787439613527,446,16,1927,589
0.04844839,0.9653679653679653,0.766295707472178,0.34721289456010745,0.43133462282398455,446,16,1928,588
0.04878738,0.9653679653679653,0.7666931637519873,0.3468770987239758,0.4317521781219748,446,16,1929,587
0.048896715,0.9653679653679653,0.7670906200317965,0.3465413028878442,0.4321705426356589,446,16,1930,586
0.049278837,0.9653679653679653,0.7674880763116058,0.34620550705171255,0.4325897187196896,446,16,1931,585
0.049647417,0.9653679653679653,0.7678855325914149,0.3458697112155809,0.4330097087378641,446,16,1932,584
0.049655057,0.9632034632034632,0.7678855325914149,0.3455339153794493,0.4324586977648202,445,17,1932,584
0.049657986,0.9632034632034632,0.7682829888712241,0.34519811954331764,0.43287937743190663,445,17,1933,583
0.049823176,0.9632034632034632,0.7686804451510334,0.34486232370718606,0.433300876338851,445,17,1934,582
0.04982419,0.9632034632034632,0.7690779014308426,0.3445265278710544,0.4337231968810916,445,17,1935,581
0.049825005,0.9632034632034632,0.7694753577106518,0.3441907320349228,0.43414634146341463,445,17,1936,580
0.049845792,0.9632034632034632,0.769872813990461,0.34385493619879115,0.4345703125,445,17,1937,579
0.049894683,0.9632034632034632,0.7702702702702703,0.3435191403626595,0.43499511241446726,445,17,1938,578
0.049912408,0.961038961038961,0.7702702702702703,0.3431833445265279,0.4344422700587084,444,18,1938,578
0.05,0.961038961038961,0.7706677265500795,0.34284754869039624,0.4348677766895201,444,18,1939,577
0.050012983,0.961038961038961,0.7706677265500795,0.34284754869039624,0.4348677766895201,444,18,1939,577
0.05011604,0.961038961038961,0.7710651828298887,0.3425117528542646,0.43529411764705883,444,18,1940,576
0.050247747,0.961038961038961,0.7714626391096979,0.34217595701813297,0.43572129538763493,444,18,1941,575
0.050401986,0.961038961038961,0.7718600953895072,0.34184016118200133,0.4361493123772102,444,18,1942,574
0.050486654,0.961038961038961,0.7722575516693164,0.3415043653458697,0.4365781710914454,444,18,1943,573
0.05053128,0.961038961038961,0.7726550079491256,0.34116856950973806,0.43700787401574803,444,18,1944,572
0.05054935,0.961038961038961,0.7730524642289348,0.3408327736736064,0.4374384236453202,444,18,1945,571
0.05056926,0.961038961038961,0.7734499205087441,0.3404969778374748,0.4378698224852071,444,18,1946,570
0.05068126,0.961038961038961,0.7738473767885533,0.3401611820013432,0.4383020730503455,444,18,1947,569
0.050711416,0.961038961038961,0.7742448330683624,0.3398253861652116,0.43873517786561267,444,18,1948,568
0.05079284,0.961038961038961,0.7746422893481717,0.33948959032907994,0.4391691394658754,444,18,1949,567
0.05085114,0.961038961038961,0.775039745627981,0.3391537944929483,0.4396039603960396,444,18,1950,566
0.05095734,0.961038961038961,0.7754372019077902,0.33881799865681667,0.4400396432111001,444,18,1951,565
0.051221635,0.961038961038961,0.7758346581875993,0.33848220282068503,0.44047619047619047,444,18,1952,564
0.0514302,0.9588744588744589,0.7758346581875993,0.3381464069845534,0.4399205561072492,443,19,1952,564
0.05149923,0.9588744588744589,0.7762321144674086,0.33781061114842176,0.4403578528827038,443,19,1953,563
0.051959455,0.9588744588744589,0.7766295707472178,0.3374748153122901,0.4407960199004975,443,19,1954,562
0.052880157,0.9588744588744589,0.777027027027027,0.3371390194761585,0.44123505976095617,443,19,1955,561
0.053180642,0.9588744588744589,0.7774244833068362,0.33680322364002685,0.44167497507477566,443,19,1956,560
0.0533269,0.9588744588744589,0.7778219395866455,0.3364674278038952,0.4421157684630739,443,19,1957,559
0.05338993,0.9588744588744589,0.7782193958664547,0.3361316319677636,0.44255744255744256,443,19,1958,558
0.053521495,0.9588744588744589,0.7786168521462639,0.33579583613163194,0.443,443,19,1959,557
0.05354951,0.9588744588744589,0.7790143084260731,0.33546004029550036,0.44344344344344344,443,19,1960,556
0.053624645,0.9588744588744589,0.7794117647058824,0.3351242444593687,0.4438877755511022,443,19,1961,555
0.053653535,0.9588744588744589,0.7798092209856916,0.3347884486232371,0.44433299899699097,443,19,1962,554
0.05378291,0.9567099567099567,0.7798092209856916,0.33445265278710545,0.44377510040160645,442,20,1962,554
0.053788956,0.9545454545454546,0.7798092209856916,0.3341168569509738,0.44321608040201005,441,21,1962,554
0.05387844,0.9545454545454546,0.7802066772655007,0.3337810611148422,0.44366197183098594,441,21,1963,553
0.0539721,0.9545454545454546,0.78060413354531,0.33344526527871055,0.44410876132930516,441,21,1964,552
0.05417213,0.9545454545454546,0.7810015898251192,0.3331094694425789,0.44455645161290325,441,21,1965,551
0.054350305,0.9545454545454546,0.7813990461049285,0.3327736736064473,0.4450050454086781,441,21,1966,550
0.054502845,0.9545454545454546,0.7817965023847376,0.33243787777031564,0.44545454545454544,441,21,1967,549
0.05458044,0.9545454545454546,0.7821939586645469,0.332102081934184,0.44590495449949447,441,21,1968,548
0.054715,0.9545454545454546,0.7825914149443561,0.33176628609805237,0.44635627530364375,441,21,1969,547
0.054752696,0.9545454545454546,0.7829888712241654,0.33143049026192073,0.44680851063829785,441,21,1970,546
0.055,0.9545454545454546,0.7833863275039745,0.3310946944257891,0.44726166328600403,441,21,1971,545
0.055162515,0.9545454545454546,0.7833863275039745,0.3310946944257891,0.44726166328600403,441,21,1971,545
0.055413693,0.9545454545454546,0.7837837837837838,0.3307588985896575,0.44771573604060916,441,21,1972,544
0.05558893,0.9523809523809523,0.7837837837837838,0.3304231027535259,0.44715447154471544,440,22,1972,544
0.05605318,0.9523809523809523,0.784181240063593,0.33008730691739424,0.4476093591047813,440,22,1973,543
0.056208044,0.9523809523809523,0.7845786963434023,0.3297515110812626,0.4480651731160896,440,22,1974,542
0.05624838,0.9523809523809523,0.7849761526232114,0.32941571524513097,0.44852191641182465,440,22,1975,541
0.056718756,0.9523809523809523,0.7853736089030207,0.32907991940899933,0.4489795918367347,440,22,1976,540
0.057247043,0.9523809523809523,0.7857710651828299,0.3287441235728677,0.449438202247191,440,22,1977,539
0.057360534,0.9523809523809523,0.7861685214626392,0.32840832773673606,0.4498977505112474,440,22,1978,538
0.05759284,0.9523809523809523,0.7865659777424483,0.3280725319006044,0.4503582395087001,440,22,1979,537
0.057605702,0.9523809523809523,0.7869634340222575,0.3277367360644728,0.45081967213114754,440,22,1980,536
0.05779694,0.9523809523809523,0.7873608903020668,0.32740094022834115,0.4512820512820513,440,22,1981,535
0.057903685,0.9523809523809523,0.787758346581876,0.3270651443922095,0.4517453798767967,440,22,1982,534
0.057990737,0.9523809523809523,0.7881558028616852,0.3267293485560779,0.4522096608427544,440,22,1983,533
0.058151506,0.9523809523809523,0.7885532591414944,0.32639355271994624,0.45267489711934156,440,22,1984,532
0.058251698,0.9523809523809523,0.7889507154213037,0.32605775688381466,0.45314109165808447,440,22,1985,531
0.058712553,0.9523809523809523,0.7893481717011129,0.32572196104768303,0.4536082474226804,440,22,1986,530
0.058952928,0.9523809523809523,0.7897456279809221,0.3253861652115514,0.4540763673890609,440,22,1987,529
0.05899843,0.9523809523809523,0.7901430842607313,0.32505036937541976,0.45454545454545453,440,22,1988,528
0.059079964,0.9523809523809523,0.7905405405405406,0.3247145735392881,0.4550155118924509,440,22,1989,527
0.059144598,0.9523809523809523,0.7909379968203497,0.3243787777031565,0.4554865424430642,440,22,1990,526
0.059163034,0.9523809523809523,0.791335453100159,0.32404298186702485,0.45595854922279794,440,22,1991,525
0.05928739,0.9523809523809523,0.7917329093799682,0.3237071860308932,0.45643153526970953,440,22,1992,524
0.059593257,0.9502164502164502,0.7917329093799682,0.3233713901947616,0.45586708203530635,439,23,1992,524
0.05973734,0.9502164502164502,0.7921303656597775,0.32303559435862994,0.45634095634095634,439,23,1993,523
0.059738677,0.9502164502164502,0.7925278219395866,0.3226997985224983,0.45681581685744016,439,23,1994,522
0.059991207,0.9502164502164502,0.7929252782193958,0.32236400268636667,0.45729166666666665,439,23,1995,521
0.06,0.9502164502164502,0.7933227344992051,0.32202820685023503,0.45776850886339937,439,23,1996,520
0.060129564,0.9502164502164502,0.7933227344992051,0.32202820685023503,0.45776850886339937,439,23,1996,520
0.060706086,0.9502164502164502,0.7937201907790143,0.32169241101410345,0.4582463465553236,439,23,1997,519
0.060845714,0.948051948051948,0.7937201907790143,0.3213566151779718,0.45768025078369906,438,24,1997,519
0.061236896,0.948051948051948,0.7941176470588235,0.3210208193418402,0.4581589958158996,438,24,1998,518
0.06126274,0.948051948051948,0.7945151033386327,0.32068502350570854,0.4586387434554974,438,24,1999,517
0.061304573,0.948051948051948,0.794912559618442,0.3203492276695769,0.4591194968553459,438,24,2000,516
0.061401643,0.948051948051948,0.7953100158982512,0.32001343183344527,0.459601259181532,438,24,2001,515
0.061426044,0.9458874458874459,0.7953100158982512,0.31967763599731364,0.45903361344537813,437,25,2001,515
0.061496984,0.9458874458874459,0.7957074721780604,0.319341840161182,0.45951629863301785,437,25,2002,514
0.06159871,0.9458874458874459,0.7961049284578696,0.31900604432505036,0.46,437,25,2003,513
0.061800435,0.9458874458874459,0.7965023847376789,0.31867024848891873,0.46048472075869334,437,25,2004,512
0.061831884,0.9458874458874459,0.7968998410174881,0.3183344526527871,0.4609704641350211,437,25,2005,511
0.06184113,0.9437229437229437,0.7968998410174881,0.31799865681665546,0.4604012671594509,436,26,2005,511
0.06218727,0.9437229437229437,0.7972972972972973,0.3176628609805238,0.4608879492600423,436,26,2006,510
0.062215675,0.9437229437229437,0.7976947535771065,0.3173270651443922,0.4613756613756614,436,26,2007,509
0.06234653,0.9437229437229437,0.7980922098569158,0.3169912693082606,0.461864406779661,436,26,2008,508
0.062641546,0.9437229437229437,0.798489666136725,0.31665547347212897,0.4623541887592789,436,26,2009,507
0.063031085,0.9415584415584416,0.798489666136725,0.31631967763599733,0.46178343949044587,435,27,2009,507
0.063036606,0.9415584415584416,0.7988871224165341,0.3159838817998657,0.4622741764080765,435,27,2010,506
0.06323319,0.9415584415584416,0.7992845786963434,0.31564808596373406,0.4627659574468085,435,27,2011,505
0.06344763,0.9415584415584416,0.7996820349761526,0.3153122901276024,0.46325878594249204,435,27,2012,504
0.06356496,0.9415584415584416,0.8000794912559619,0.3149764942914708,0.46375266524520253,435,27,2013,503
0.063960195,0.9415584415584416,0.800476947535771,0.31464069845533915,0.464247598719317,435,27,2014,502
0.06411417,0.9415584415584416,0.8008744038155803,0.3143049026192075,0.46474358974358976,435,27,2015,501
0.06423235,0.9393939393939394,0.8008744038155803,0.3139691067830759,0.4641711229946524,434,28,2015,501
0.064784914,0.9393939393939394,0.8012718600953895,0.31363331094694424,0.46466809421841543,434,28,2016,500
0.064854026,0.9393939393939394,0.8016693163751988,0.3132975151108126,0.46516613076098606,434,28,2017,499
0.065,0.9393939393939394,0.8020667726550079,0.31296171927468097,0.4656652360515021,434,28,2018,498
0.06517184,0.9393939393939394,0.8020667726550079,0.31296171927468097,0.4656652360515021,434,28,2018,498
0.06529804,0.9372294372294372,0.8020667726550079,0.31262592343854934,0.46509129967776586,433,29,2018,498
0.06550351,0.9372294372294372,0.8024642289348172,0.31229012760241776,0.46559139784946235,433,29,2019,497
0.065791085,0.9372294372294372,0.8028616852146264,0.3119543317662861,0.46609257265877285,433,29,2020,496
0.06587081,0.9372294372294372,0.8032591414944356,0.3116185359301545,0.4665948275862069,433,29,2021,495
0.06604825,0.9372294372294372,0.8036565977742448,0.31128274009402285,0.4670981661272923,433,29,2022,494
0.06607989,0.9372294372294372,0.8040540540540541,0.3109469442578912,0.46760259179265656,433,29,2023,493
0.06619833,0.9372294372294372,0.8044515103338633,0.3106111484217596,0.4681081081081081,433,29,2024,492
0.0666352,0.9372294372294372,0.8048489666136724,0.31027535258562794,0.4686147186147186,433,29,2025,491
0.06686991,0.9372294372294372,0.8052464228934817,0.3099395567494963,0.46912242686890576,433,29,2026,490
0.06703944,0.9372294372294372,0.8056438791732909,0.30960376091336467,0.46963123644251625,433,29,2027,489
0.06708885,0.9372294372294372,0.8060413354531002,0.30926796507723303,0.47014115092290987,433,29,2028,488
0.06724351,0.9372294372294372,0.8064387917329093,0.3089321692411014,0.4706521739130435,433,29,2029,487
0.0683539,0.9372294372294372,0.8068362480127186,0.30859637340496976,0.47116430903155604,433,29,2030,486
0.06850943,0.9372294372294372,0.8072337042925278,0.3082605775688381,0.47167755991285404,433,29,2031,485
0.06863762,0.9372294372294372,0.8076311605723371,0.3079247817327065,0.4721919302071974,433,29,2032,484
0.0690865,0.9372294372294372,0.8080286168521462,0.3075889858965749,0.47270742358078605,433,29,2033,483
0.06919006,0.9372294372294372,0.8084260731319555,0.30725319006044327,0.473224043715847,433,29,2034,482
0.06969127,0.9372294372294372,0.8088235294117647,0.30691739422431163,0.4737417943107221,433,29,2035,481
0.07,0.9372294372294372,0.809220985691574,0.30658159838818,0.47426067907995617,433,29,2036,480
0.07014653,0.9372294372294372,0.809220985691574,0.30658159838818,0.47426067907995617,433,29,2036,480
0.07044434,0.9372294372294372,0.8096184419713831,0.30624580255204836,0.47478070175438597,433,29,2037,479
0.070744835,0.9372294372294372,0.8100158982511924,0.3059100067159167,0.47530186608122943,433,29,2038,478
0.07102657,0.9372294372294372,0.8104133545310016,0.3055742108797851,0.4758241758241758,433,29,2039,477
0.07126255,0.9372294372294372,0.8108108108108109,0.30523841504365345,0.47634763476347636,433,29,2040,476
0.071316995,0.9372294372294372,0.81120826709062,0.3049026192075218,0.47687224669603523,433,29,2041,475
0.07134462,0.9372294372294372,0.8116057233704292,0.3045668233713902,0.47739801543550164,433,29,2042,474
0.07136443,0.9372294372294372,0.8120031796502385,0.30423102753525855,0.47792494481236203,433,29,2043,473
0.07199875,0.935064935064935,0.8120031796502385,0.3038952316991269,0.47734806629834253,432,30,2043,473
0.07205186,0.935064935064935,0.8124006359300477,0.3035594358629953,0.4778761061946903,432,30,2044,472
0.07205887,0.935064935064935,0.8127980922098569,0.3032236400268637,0.47840531561461797,432,30,2045,471
0.07273796,0.935064935064935,0.8131955484896661,0.30288784419073206,0.4789356984478936,432,30,2046,470
0.07317672,0.935064935064935,0.8135930047694754,0.3025520483546004,0.4794672586015538,432,30,2047,469
0.07341153,0.935064935064935,0.8139904610492846,0.3022162525184688,0.48,432,30,2048,468
0.07369972,0.935064935064935,0.8143879173290938,0.30188045668233715,0.48053392658509453,432,30,2049,467
0.073984526,0.935064935064935,0.814785373608903,0.3015446608462055,0.48106904231625836,432,30,2050,466
0.07403258,0.935064935064935,0.8151828298887123,0.3012088650100739,0.4816053511705686,432,30,2051,465
0.07422066,0.935064935064935,0.8155802861685215,0.30087306917394224,0.48214285714285715,432,30,2052,464
0.07430493,0.935064935064935,0.8159777424483307,0.3005372733378106,0.48268156424581005,432,30,2053,463
0.075,0.935064935064935,0.8163751987281399,0.30020147750167897,0.48322147651006714,432,30,2054,462
0.07515256,0.935064935064935,0.8163751987281399,0.30020147750167897,0.48322147651006714,432,30,2054,462
0.07562958,0.935064935064935,0.8167726550079492,0.29986568166554733,0.48376259798432253,432,30,2055,461
0.0761749,0.935064935064935,0.8171701112877583,0.2995298858294157,0.484304932735426,432,30,2056,460
0.076265745,0.935064935064935,0.8175675675675675,0.29919408999328406,0.48484848484848486,432,30,2057,459
0.076295555,0.9329004329004329,0.8175675675675675,0.2988582941571524,0.4842696629213483,431,31,2057,459
0.07640248,0.9307359307359307,0.8175675675675675,0.29852249832102085,0.48368953880764903,430,32,2057,459
0.07647977,0.9285714285714286,0.8175675675675675,0.2981867024848892,0.4831081081081081,429,33,2057,459
0.07674174,0.9285714285714286,0.8179650238473768,0.2978509066487576,0.4836527621195039,429,33,2058,458
0.07677614,0.9285714285714286,0.818362480127186,0.29751511081262594,0.48419864559819414,429,33,2059,457
0.07743634,0.9285714285714286,0.8187599364069952,0.2971793149764943,0.4847457627118644,429,33,2060,456
0.0777204,0.9285714285714286,0.8191573926868044,0.29684351914036267,0.4852941176470588,429,33,2061,455
0.07830777,0.9285714285714286,0.8195548489666137,0.29650772330423103,0.48584371460928655,429,33,2062,454
0.07837525,0.9285714285714286,0.8199523052464229,0.2961719274680994,0.48639455782312924,429,33,2063,453
0.07861398,0.9285714285714286,0.8203497615262321,0.29583613163196776,0.4869466515323496,429,33,2064,452
0.07872026,0.9285714285714286,0.8207472178060413,0.2955003357958361,0.4875,429,33,2065,451
0.07889107,0.9264069264069265,0.8207472178060413,0.2951645399597045,0.4869169510807736,428,34,2065,451
0.0792304,0.9242424242424242,0.8207472178060413,0.29482874412357285,0.4863325740318907,427,35,2065,451
0.07944119,0.9242424242424242,0.8211446740858506,0.2944929482874412,0.4868871151653364,427,35,2066,450
0.079540074,0.9242424242424242,0.8215421303656598,0.2941571524513096,0.4874429223744292,427,35,2067,449
0.079682924,0.9242424242424242,0.821939586645469,0.293821356615178,0.488,427,35,2068,448
0.07984588,0.9242424242424242,0.8223370429252782,0.29348556077904636,0.488558352402746,427,35,2069,447
0.07985197,0.9242424242424242,0.8227344992050875,0.2931497649429147,0.48911798396334477,427,35,2070,446
0.0799201,0.9242424242424242,0.8231319554848967,0.2928139691067831,0.4896788990825688,427,35,2071,445
0.08,0.9242424242424242,0.8235294117647058,0.29247817327065145,0.4902411021814007,427,35,2072,444
0.08053867,0.9242424242424242,0.8235294117647058,0.29247817327065145,0.4902411021814007,427,35,2072,444
0.080827706,0.9242424242424242,0.8239268680445151,0.2921423774345198,0.4908045977011494,427,35,2073,443
0.08099056,0.9242424242424242,0.8243243243243243,0.2918065815983882,0.49136939010356734,427,35,2074,442
0.08104697,0.922077922077922,0.8243243243243243,0.29147078576225655,0.49078341013824883,426,36,2074,442
0.08108469,0.922077922077922,0.8247217806041336,0.2911349899261249,0.4913494809688581,426,36,2075,441
0.08130969,0.922077922077922,0.8251192368839427,0.2907991940899933,0.49191685912240185,426,36,2076,440
0.08150121,0.922077922077922,0.825516693163752,0.29046339825386164,0.49248554913294795,426,36,2077,439
0.0820089,0.922077922077922,0.8259141494435612,0.29012760241773,0.4930555555555556,426,36,2078,438
0.08214127,0.922077922077922,0.8263116057233705,0.28979180658159837,0.4936268829663963,426,36,2079,437
0.082282335,0.922077922077922,0.8267090620031796,0.28945601074546673,0.494199535962877,426,36,2080,436
0.08239853,0.922077922077922,0.8271065182829889,0.28912021490933515,0.49477351916376305,426,36,2081,435
0.082593806,0.922077922077922,0.8275039745627981,0.2887844190732035,0.49534883720930234,426,36,2082,434
0.08290537,0.922077922077922,0.8279014308426074,0.2884486232370719,0.4959254947613504,426,36,2083,433
0.0830058,0.9199134199134199,0.8279014308426074,0.28811282740094024,0.49533799533799533,425,37,2083,433
0.08403103,0.9199134199134199,0.8282988871224165,0.2877770315648086,0.4959159859976663,425,37,2084,432
0.08419772,0.9177489177489178,0.8282988871224165,0.28744123572867697,0.4953271028037383,424,38,2084,432
0.0847642,0.9177489177489178,0.8286963434022258,0.28710543989254533,0.495906432748538,424,38,2085,431
0.08499692,0.9177489177489178,0.829093799682035,0.2867696440564137,0.4964871194379391,424,38,2086,430
0.085,0.9177489177489178,0.8294912559618441,0.28643384822028206,0.4970691676436108,424,38,2087,429
0.085108735,0.9177489177489178,0.8294912559618441,0.28643384822028206,0.4970691676436108,424,38,2087,429
0.08519777,0.9177489177489178,0.8298887122416534,0.2860980523841504,0.49765258215962443,424,38,2088,428
0.0856832,0.9177489177489178,0.8302861685214626,0.2857622565480188,0.4982373678025852,424,38,2089,427
0.08571638,0.9177489177489178,0.8306836248012719,0.28542646071188715,0.4988235294117647,424,38,2090,426
0.08589154,0.9177489177489178,0.831081081081081,0.2850906648757555,0.4994110718492344,424,38,2091,425
0.08635169,0.9177489177489178,0.8314785373608903,0.2847548690396239,0.5,424,38,2092,424
0.087283045,0.9177489177489178,0.8318759936406995,0.2844190732034923,0.500590318772137,424,38,2093,423
0.08829407,0.9177489177489178,0.8322734499205088,0.28408327736736066,0.5011820330969267,424,38,2094,422
0.08898262,0.9177489177489178,0.8326709062003179,0.28374748153122903,0.5017751479289941,424,38,2095,421
0.08933899,0.9177489177489178,0.8330683624801272,0.2834116856950974,0.5023696682464455,424,38,2096,420
0.089359045,0.9177489177489178,0.8334658187599364,0.28307588985896576,0.5029655990510083,424,38,2097,419
0.08962176,0.9177489177489178,0.8338632750397457,0.2827400940228341,0.503562945368171,424,38,2098,418
0.09,0.9177489177489178,0.8342607313195548,0.2824042981867025,0.5041617122473246,424,38,2099,417
0.09053157,0.9177489177489178,0.8342607313195548,0.2824042981867025,0.5041617122473246,424,38,2099,417
0.09081567,0.9177489177489178,0.834658187599364,0.28206850235057085,0.5047619047619047,424,38,2100,416
0.09085576,0.9177489177489178,0.8350556438791733,0.2817327065144392,0.5053635280095352,424,38,2101,415
0.09151655,0.9177489177489178,0.8354531001589826,0.2813969106783076,0.5059665871121718,424,38,2102,414
0.09168921,0.9177489177489178,0.8358505564387917,0.28106111484217594,0.5065710872162486,424,38,2103,413
0.09182068,0.9155844155844156,0.8358505564387917,0.2807253190060443,0.5059808612440191,423,39,2103,413
0.0919558,0.9134199134199135,0.8358505564387917,0.28038952316991267,0.5053892215568863,422,40,2103,413
0.09206684,0.9134199134199135,0.8362480127186009,0.2800537273337811,0.5059952038369304,422,40,2104,412
0.09234896,0.9134199134199135,0.8366454689984102,0.27971793149764945,0.5066026410564226,422,40,2105,411
0.09236715,0.9134199134199135,0.8370429252782194,0.2793821356615178,0.5072115384615384,422,40,2106,410
0.092728086,0.9134199134199135,0.8374403815580286,0.2790463398253862,0.5078219013237064,422,40,2107,409
0.092901215,0.9134199134199135,0.8378378378378378,0.27871054398925454,0.5084337349397591,422,40,2108,408
0.09308318,0.9134199134199135,0.8382352941176471,0.2783747481531229,0.5090470446320868,422,40,2109,407
0.09320837,0.9134199134199135,0.8386327503974563,0.2780389523169913,0.5096618357487923,422,40,2110,406
0.09379148,0.9134199134199135,0.8390302066772655,0.27770315648085964,0.5102781136638452,422,40,2111,405
0.09448095,0.9134199134199135,0.8394276629570747,0.277367360644728,0.5108958837772397,422,40,2112,404
0.094951674,0.9134199134199135,0.839825119236884,0.27703156480859636,0.5115151515151515,422,40,2113,403
0.095,0.9134199134199135,0.8402225755166932,0.27669576897246473,0.5121359223300971,422,40,2114,402
0.0953164,0.9134199134199135,0.8402225755166932,0.27669576897246473,0.5121359223300971,422,40,2114,402
0.09553925,0.9112554112554112,0.8402225755166932,0.2763599731363331,0.511543134872418,421,41,2114,402
0.095649585,0.9112554112554112,0.8406200317965024,0.27602417730020146,0.5121654501216545,421,41,2115,401
0.09565578,0.9112554112554112,0.8410174880763116,0.2756883814640698,0.51278928136419,421,41,2116,400
0.09594437,0.9112554112554112,0.8414149443561209,0.27535258562793824,0.5134146341463415,421,41,2117,399
0.096157975,0.9112554112554112,0.8418124006359301,0.2750167897918066,0.514041514041514,421,41,2118,398
0.09625537,0.9112554112554112,0.8422098569157392,0.27468099395567497,0.5146699266503667,421,41,2119,397
0.09688186,0.9112554112554112,0.8426073131955485,0.27434519811954333,0.5152998776009792,421,41,2120,396
0.09705099,0.9112554112554112,0.8430047694753577,0.2740094022834117,0.5159313725490197,421,41,2121,395
0.09753297,0.9112554112554112,0.8434022257551669,0.27367360644728006,0.5165644171779141,421,41,2122,394
0.09757358,0.9112554112554112,0.8437996820349761,0.2733378106111484,0.5171990171990172,421,41,2123,393
0.09764475,0.9112554112554112,0.8441971383147854,0.2730020147750168,0.5178351783517835,421,41,2124,392
0.09827245,0.9112554112554112,0.8445945945945946,0.27266621893888515,0.5184729064039408,421,41,2125,391
0.098280944,0.9112554112554112,0.8449920508744038,0.2723304231027535,0.5191122071516646,421,41,2126,390
0.098997734,0.9112554112554112,0.845389507154213,0.2719946272666219,0.519753086419753,421,41,2127,389
0.09925921,0.9112554112554112,0.8457869634340223,0.27165883143049024,0.5203955500618047,421,41,2128,388
0.099528894,0.9112554112554112,0.8461844197138315,0.2713230355943586,0.5210396039603961,421,41,2129,387
0.1,0.9112554112554112,0.8465818759936407,0.27098723975822697,0.5216852540272615,421,41,2130,386
0.100256965,0.9112554112554112,0.8465818759936407,0.27098723975822697,0.5216852540272615,421,41,2130,386
0.10029417,0.9112554112554112,0.8469793322734499,0.2706514439220954,0.5223325062034739,421,41,2131,385
0.10154245,0.9112554112554112,0.8473767885532592,0.27031564808596376,0.5229813664596273,421,41,2132,384
0.10174808,0.9090909090909091,0.8473767885532592,0.2699798522498321,0.5223880597014925,420,42,2132,384
0.10184159,0.9090909090909091,0.8477742448330684,0.2696440564137005,0.523038605230386,420,42,2133,383
0.10185006,0.9090909090909091,0.8481717011128775,0.26930826057756885,0.5236907730673317,420,42,2134,382
0.10249995,0.9090909090909091,0.8485691573926868,0.2689724647414372,0.5243445692883895,420,42,2135,381
0.10250619,0.9090909090909091,0.848966613672496,0.2686366689053056,0.525,420,42,2136,380
0.10356071,0.9090909090909091,0.8493640699523053,0.26830087306917394,0.5256570713391739,420,42,2137,379
0.10359542,0.9090909090909091,0.8497615262321144,0.2679650772330423,0.5263157894736842,420,42,2138,378
0.10383703,0.9090909090909091,0.8501589825119237,0.26762928139691067,0.5269761606022585,420,42,2139,377
0.10422752,0.9090909090909091,0.8505564387917329,0.26729348556077903,0.5276381909547738,420,42,2140,376
0.105,0.9090909090909091,0.8509538950715422,0.2669576897246474,0.5283018867924528,420,42,2141,375
0.105223864,0.9090909090909091,0.8509538950715422,0.2669576897246474,0.5283018867924528,420,42,2141,375
0.10533283,0.9090909090909091,0.8513513513513513,0.26662189388851576,0.5289672544080605,420,42,2142,374
0.10552036,0.9090909090909091,0.8517488076311606,0.2662860980523841,0.5296343001261034,420,42,2143,373
0.10557742,0.9069264069264069,0.8517488076311606,0.26595030221625254,0.5290404040404041,419,43,2143,373
0.105638586,0.9069264069264069,0.8521462639109698,0.2656145063801209,0.5297092288242731,419,43,2144,372
0.10598775,0.9069264069264069,0.8525437201907791,0.26527871054398927,0.5303797468354431,419,43,2145,371
0.10601788,0.9047619047619048,0.8525437201907791,0.26494291470785764,0.5297845373891001,418,44,2145,371
0.1062073,0.9047619047619048,0.8529411764705882,0.264607118871726,0.5304568527918782,418,44,2146,370
0.106278025,0.9047619047619048,0.8533386327503975,0.26427132303559436,0.531130876747141,418,44,2147,369
0.10704049,0.9047619047619048,0.8537360890302067,0.2639355271994627,0.5318066157760815,418,44,2148,368
0.107329495,0.9047619047619048,0.854133545310016,0.2635997313633311,0.532484076433121,418,44,2149,367
0.10854905,0.9047619047619048,0.8545310015898251,0.26326393552719946,0.5331632653061225,418,44,2150,366
0.1093836,0.9047619047619048,0.8549284578696343,0.2629281396910678,0.5338441890166028,418,44,2151,365
0.11,0.9047619047619048,0.8553259141494436,0.2625923438549362,0.5345268542199488,418,44,2152,364
0.1104468,0.9047619047619048,0.8553259141494436,0.2625923438549362,0.5345268542199488,418,44,2152,364
0.1106155,0.9047619047619048,0.8557233704292527,0.26225654801880455,0.5352112676056338,418,44,2153,363
0.11102936,0.9047619047619048,0.856120826709062,0.2619207521826729,0.5358974358974359,418,44,2154,362
0.11160932,0.9047619047619048,0.8565182829888712,0.2615849563465413,0.5365853658536586,418,44,2155,361
0.11205043,0.9025974025974026,0.8565182829888712,0.2612491605104097,0.5359897172236504,417,45,2155,361
0.11213971,0.9025974025974026,0.8569157392686805,0.26091336467427806,0.5366795366795367,417,45,2156,360
0.11257456,0.9025974025974026,0.8573131955484896,0.2605775688381464,0.5373711340206185,417,45,2157,359
0.11265302,0.9025974025974026,0.8577106518282989,0.2602417730020148,0.5380645161290323,417,45,2158,358
0.1130829,0.9025974025974026,0.8581081081081081,0.25990597716588315,0.5387596899224806,417,45,2159,357
0.11364854,0.9025974025974026,0.8585055643879174,0.2595701813297515,0.5394566623544631,417,45,2160,356
0.11416272,0.9025974025974026,0.8589030206677265,0.2592343854936199,0.5401554404145078,417,45,2161,355
0.115,0.9004329004329005,0.8589030206677265,0.25889858965748824,0.5395590142671854,416,46,2161,355
0.11530228,0.9004329004329005,0.8589030206677265,0.25889858965748824,0.5395590142671854,416,46,2161,355
0.11566848,0.8982683982683982,0.8589030206677265,0.2585627938213566,0.538961038961039,415,47,2161,355
0.1161151,0.8982683982683982,0.8593004769475358,0.25822699798522497,0.5396618985695709,415,47,2162,354
0.11631779,0.8982683982683982,0.859697933227345,0.25789120214909333,0.5403645833333334,415,47,2163,353
0.116462015,0.8982683982683982,0.8600953895071543,0.2575554063129617,0.5410691003911343,415,47,2164,352
0.11680253,0.8982683982683982,0.8604928457869634,0.25721961047683006,0.54177545691906,415,47,2165,351
0.1169211,0.8982683982683982,0.8608903020667726,0.2568838146406985,0.5424836601307189,415,47,2166,350
0.11789596,0.8982683982683982,0.8612877583465819,0.25654801880456685,0.5431937172774869,415,47,2167,349
0.11847137,0.8982683982683982,0.8616852146263911,0.2562122229684352,0.5439056356487549,415,47,2168,348
0.11983099,0.8982683982683982,0.8620826709062003,0.2558764271323036,0.5446194225721784,415,47,2169,347
0.12,0.8982683982683982,0.8624801271860095,0.25554063129617194,0.545335085413929,415,47,2170,346
0.12026044,0.8982683982683982,0.8624801271860095,0.25554063129617194,0.545335085413929,415,47,2170,346
0.12072833,0.8982683982683982,0.8628775834658188,0.2552048354600403,0.5460526315789473,415,47,2171,345
0.12073244,0.8982683982683982,0.863275039745628,0.25486903962390867,0.546772068511199,415,47,2172,344
0.12159013,0.8982683982683982,0.8636724960254372,0.25453324378777703,0.5474934036939314,415,47,2173,343
0.12241147,0.8982683982683982,0.8640699523052464,0.2541974479516454,0.5482166446499339,415,47,2174,342
0.12273439,0.8982683982683982,0.8644674085850557,0.25386165211551376,0.548941798941799,415,47,2175,341
0.12410974,0.8982683982683982,0.8648648648648649,0.2535258562793821,0.5496688741721855,415,47,2176,340
0.12490646,0.8982683982683982,0.865262321144674,0.2531900604432505,0.5503978779840849,415,47,2177,339
0.125,0.8961038961038961,0.865262321144674,0.25285426460711885,0.549800796812749,414,48,2177,339
0.12617692,0.8961038961038961,0.865262321144674,0.25285426460711885,0.549800796812749,414,48,2177,339
0.12618053,0.8961038961038961,0.8656597774244833,0.2525184687709872,0.550531914893617,414,48,2178,338
0.1265966,0.8961038961038961,0.8660572337042926,0.25218267293485563,0.5512649800266312,414,48,2179,337
0.12676732,0.8939393939393939,0.8660572337042926,0.251846877098724,0.5506666666666666,413,49,2179,337
0.12746966,0.8939393939393939,0.8664546899841018,0.25151108126259236,0.5514018691588785,413,49,2180,336
0.12778041,0.8939393939393939,0.8668521462639109,0.2511752854264607,0.5521390374331551,413,49,2181,335
0.12809086,0.8939393939393939,0.8672496025437202,0.2508394895903291,0.5528781793842035,413,49,2182,334
0.12822765,0.8939393939393939,0.8676470588235294,0.25050369375419745,0.5536193029490617,413,49,2183,333
0.12823638,0.8939393939393939,0.8680445151033387,0.2501678979180658,0.5543624161073826,413,49,2184,332
0.12893124,0.8939393939393939,0.8684419713831478,0.24983210208193418,0.5551075268817204,413,49,2185,331
0.12961264,0.8917748917748918,0.8684419713831478,0.24949630624580255,0.5545087483176312,412,50,2185,331
0.13,0.8917748917748918,0.8688394276629571,0.2491605104096709,0.555256064690027,412,50,2186,330
0.13006297,0.8917748917748918,0.8688394276629571,0.2491605104096709,0.555256064690027,412,50,2186,330
0.13091095,0.8917748917748918,0.8692368839427663,0.2488247145735393,0.5560053981106613,412,50,2187,329
0.13139057,0.8917748917748918,0.8696343402225755,0.24848891873740767,0.5567567567567567,412,50,2188,328
0.13151167,0.8917748917748918,0.8700317965023847,0.24815312290127603,0.557510148849797,412,50,2189,327
0.13208121,0.8917748917748918,0.870429252782194,0.2478173270651444,0.5582655826558266,412,50,2190,326
0.13329224,0.8917748917748918,0.8708267090620032,0.24748153122901276,0.5590230664857531,412,50,2191,325
0.13370703,0.8917748917748918,0.8712241653418124,0.24714573539288112,0.5597826086956522,412,50,2192,324
0.13393933,0.8917748917748918,0.8716216216216216,0.24680993955674949,0.5605442176870749,412,50,2193,323
0.135,0.8917748917748918,0.8720190779014309,0.24647414372061788,0.5613079019073569,412,50,2194,322
0.13608125,0.8917748917748918,0.8720190779014309,0.24647414372061788,0.5613079019073569,412,50,2194,322
0.1361852,0.8917748917748918,0.8724165341812401,0.24613834788448624,0.5620736698499318,412,50,2195,321
0.13643774,0.8917748917748918,0.8728139904610492,0.2458025520483546,0.5628415300546448,412,50,2196,320
0.13644929,0.8917748917748918,0.8732114467408585,0.24546675621222297,0.5636114911080712,412,50,2197,319
0.1366432,0.8917748917748918,0.8736089030206677,0.24513096037609133,0.5643835616438356,412,50,2198,318
0.13673453,0.8896103896103896,0.8736089030206677,0.2447951645399597,0.5637860082304527,411,51,2198,318
0.13926876,0.8896103896103896,0.874006359300477,0.24445936870382806,0.5645604395604396,411,51,2199,317
0.13942339,0.8896103896103896,0.8744038155802861,0.24412357286769645,0.5653370013755158,411,51,2200,316
0.14,0.8896103896103896,0.8748012718600954,0.24378777703156482,0.5661157024793388,411,51,2201,315
0.14004935,0.8896103896103896,0.8748012718600954,0.24378777703156482,0.5661157024793388,411,51,2201,315
0.14061,0.8896103896103896,0.8751987281399046,0.24345198119543318,0.5668965517241379,411,51,2202,314
0.14098884,0.8896103896103896,0.8755961844197139,0.24311618535930155,0.5676795580110497,411,51,2203,313
0.14106588,0.8896103896103896,0.875993640699523,0.2427803895231699,0.5684647302904564,411,51,2204,312
0.1410798,0.8896103896103896,0.8763910969793323,0.24244459368703827,0.5692520775623269,411,51,2205,311
0.14238086,0.8896103896103896,0.8767885532591415,0.24210879785090664,0.5700416088765603,411,51,2206,310
0.14313368,0.8874458874458875,0.8767885532591415,0.24177300201477503,0.5694444444444444,410,52,2206,310
0.14374729,0.8874458874458875,0.8771860095389508,0.2414372061786434,0.5702364394993046,410,52,2207,309
0.14420308,0.8874458874458875,0.8775834658187599,0.24110141034251176,0.5710306406685237,410,52,2208,308
0.14441998,0.8874458874458875,0.8779809220985691,0.24076561450638012,0.5718270571827058,410,52,2209,307
0.1444369,0.8874458874458875,0.8783783783783784,0.24042981867024849,0.5726256983240223,410,52,2210,306
0.14472258,0.8874458874458875,0.8787758346581876,0.24009402283411685,0.5734265734265734,410,52,2211,305
0.14487326,0.8874458874458875,0.8791732909379968,0.2397582269979852,0.5742296918767507,410,52,2212,304
0.14487654,0.8874458874458875,0.879570747217806,0.2394224311618536,0.5750350631136045,410,52,2213,303
0.145,0.8874458874458875,0.8799682034976153,0.23908663532572197,0.5758426966292135,410,52,2214,302
0.14522462,0.8874458874458875,0.8799682034976153,0.23908663532572197,0.5758426966292135,410,52,2214,302
0.1461928,0.8874458874458875,0.8803656597774245,0.23875083948959033,0.5766526019690577,410,52,2215,301
0.14636491,0.8852813852813853,0.8803656597774245,0.2384150436534587,0.576056338028169,409,53,2215,301
0.14716448,0.8852813852813853,0.8807631160572337,0.23807924781732706,0.5768688293370945,409,53,2216,300
0.1494226,0.8852813852813853,0.8811605723370429,0.23774345198119542,0.577683615819209,409,53,2217,299
0.1497431,0.8831168831168831,0.8811605723370429,0.2374076561450638,0.5770862800565771,408,54,2217,299
0.15,0.8831168831168831,0.8815580286168522,0.23707186030893218,0.5779036827195467,408,54,2218,298
0.1509794,0.8831168831168831,0.8815580286168522,0.23707186030893218,0.5779036827195467,408,54,2218,298
0.1537787,0.8809523809523809,0.8815580286168522,0.23673606447280054,0.577304964539007,407,55,2218,298
0.1544177,0.8809523809523809,0.8819554848966613,0.2364002686366689,0.578125,407,55,2219,297
0.1548123,0.8787878787878788,0.8819554848966613,0.23606447280053727,0.577524893314367,406,56,2219,297
0.155,0.8787878787878788,0.8823529411764706,0.23572867696440564,0.5783475783475783,406,56,2220,296
0.15529223,0.8787878787878788,0.8823529411764706,0.23572867696440564,0.5783475783475783,406,56,2220,296
0.15583803,0.8787878787878788,0.8827503974562798,0.235392881128274,0.579172610556348,406,56,2221,295
0.15630625,0.8766233766233766,0.8827503974562798,0.23505708529214236,0.5785714285714286,405,57,2221,295
0.15675691,0.8766233766233766,0.8831478537360891,0.23472128945601076,0.5793991416309013,405,57,2222,294
0.15698162,0.8766233766233766,0.8835453100158982,0.23438549361987912,0.5802292263610315,405,57,2223,293
0.15811443,0.8766233766233766,0.8839427662957074,0.23404969778374748,0.5810616929698709,405,57,2224,292
0.15923502,0.8766233766233766,0.8843402225755167,0.23371390194761585,0.5818965517241379,405,57,2225,291
0.16,0.8766233766233766,0.884737678855326,0.2333781061114842,0.5827338129496403,405,57,2226,290
0.16070162,0.8766233766233766,0.884737678855326,0.2333781061114842,0.5827338129496403,405,57,2226,290
0.16080502,0.8766233766233766,0.8851351351351351,0.23304231027535258,0.5835734870317003,405,57,2227,289
0.16122143,0.8766233766233766,0.8855325914149443,0.23270651443922094,0.5844155844155844,405,57,2228,288
0.161454,0.8766233766233766,0.8859300476947536,0.23237071860308933,0.5852601156069365,405,57,2229,287
0.16196725,0.8766233766233766,0.8863275039745628,0.2320349227669577,0.5861070911722142,405,57,2230,286
0.16263863,0.8766233766233766,0.886724960254372,0.23169912693082606,0.5869565217391305,405,57,2231,285
0.16268826,0.8766233766233766,0.8871224165341812,0.23136333109469442,0.5878084179970973,405,57,2232,284
0.165,0.8766233766233766,0.8875198728139905,0.2310275352585628,0.5886627906976745,405,57,2233,283
0.16503859,0.8766233766233766,0.8875198728139905,0.2310275352585628,0.5886627906976745,405,57,2233,283
0.16554226,0.8766233766233766,0.8879173290937997,0.23069173942243115,0.5895196506550219,405,57,2234,282
0.1665056,0.8766233766233766,0.8883147853736089,0.23035594358629952,0.5903790087463557,405,57,2235,281
0.1669138,0.8744588744588745,0.8883147853736089,0.2300201477501679,0.5897810218978102,404,58,2235,281
0.16843456,0.8744588744588745,0.8887122416534181,0.22968435191403627,0.5906432748538012,404,58,2236,280
0.16868347,0.8744588744588745,0.8891096979332274,0.22934855607790464,0.5915080527086384,404,58,2237,279
0.1690039,0.8744588744588745,0.8895071542130366,0.229012760241773,0.592375366568915,404,58,2238,278
0.16974355,0.8744588744588745,0.8899046104928457,0.22867696440564136,0.593245227606461,404,58,2239,277
0.1699584,0.8744588744588745,0.890302066772655,0.22834116856950973,0.5941176470588235,404,58,2240,276
0.17,0.8744588744588745,0.8906995230524642,0.22800537273337812,0.5949926362297496,404,58,2241,275
0.17032753,0.8744588744588745,0.8906995230524642,0.22800537273337812,0.5949926362297496,404,58,2241,275
0.1703875,0.8744588744588745,0.8910969793322735,0.22766957689724648,0.5958702064896755,404,58,2242,274
0.1711799,0.8744588744588745,0.8914944356120826,0.22733378106111485,0.5967503692762186,404,58,2243,273
0.1712018,0.8744588744588745,0.8918918918918919,0.2269979852249832,0.5976331360946746,404,58,2244,272
0.17268091,0.8744588744588745,0.8922893481717011,0.22666218938885158,0.5985185185185186,404,58,2245,271
0.17271306,0.8744588744588745,0.8926868044515104,0.22632639355271994,0.599406528189911,404,58,2246,270
0.17500000000000002,0.8744588744588745,0.8930842607313195,0.2259905977165883,0.600297176820208,404,58,2247,269
0.1760411,0.8744588744588745,0.8930842607313195,0.2259905977165883,0.600297176820208,404,58,2247,269
0.17628884,0.8744588744588745,0.8934817170111288,0.2256548018804567,0.6011904761904762,404,58,2248,268
0.17640676,0.8744588744588745,0.893879173290938,0.22531900604432506,0.6020864381520119,404,58,2249,267
0.17663057,0.8744588744588745,0.8942766295707473,0.22498321020819342,0.6029850746268657,404,58,2250,266
0.17735788,0.8722943722943723,0.8942766295707473,0.2246474143720618,0.6023916292974589,403,59,2250,266
0.17738752,0.8701298701298701,0.8942766295707473,0.22431161853593015,0.6017964071856288,402,60,2250,266
0.17758788,0.8701298701298701,0.8946740858505564,0.22397582269979852,0.6026986506746627,402,60,2251,265
0.17874075,0.8679653679653679,0.8946740858505564,0.22364002686366688,0.6021021021021021,401,61,2251,265
0.1792899,0.8658008658008658,0.8946740858505564,0.22330423102753527,0.6015037593984962,400,62,2251,265
0.18,0.8658008658008658,0.8950715421303657,0.22296843519140364,0.6024096385542169,400,62,2252,264
0.18008043,0.8658008658008658,0.8950715421303657,0.22296843519140364,0.6024096385542169,400,62,2252,264
0.18272007,0.8658008658008658,0.8954689984101749,0.222632639355272,0.6033182503770739,400,62,2253,263
0.18451092,0.8636363636363636,0.8954689984101749,0.22229684351914036,0.6027190332326284,399,63,2253,263
0.185,0.8636363636363636,0.895866454689984,0.22196104768300873,0.6036308623298033,399,63,2254,262
0.18537262,0.8636363636363636,0.895866454689984,0.22196104768300873,0.6036308623298033,399,63,2254,262
0.18627441,0.8614718614718615,0.895866454689984,0.2216252518468771,0.603030303030303,398,64,2254,262
0.1865227,0.8593073593073594,0.895866454689984,0.22128945601074546,0.6024279210925645,397,65,2254,262
0.18683907,0.8593073593073594,0.8962639109697933,0.22095366017461385,0.6033434650455927,397,65,2255,261
0.18725899,0.8593073593073594,0.8966613672496025,0.2206178643384822,0.604261796042618,397,65,2256,260
0.18766479,0.8593073593073594,0.8970588235294118,0.22028206850235058,0.6051829268292683,397,65,2257,259
0.18798308,0.8593073593073594,0.8974562798092209,0.21994627266621894,0.6061068702290077,397,65,2258,258
0.1882629,0.8593073593073594,0.8978537360890302,0.2196104768300873,0.6070336391437309,397,65,2259,257
0.18869361,0.8593073593073594,0.8982511923688394,0.21927468099395567,0.6079632465543645,397,65,2260,256
0.18934217,0.8571428571428571,0.8982511923688394,0.21893888515782403,0.6073619631901841,396,66,2260,256
0.19,0.8571428571428571,0.8986486486486487,0.21860308932169242,0.6082949308755761,396,66,2261,255
0.19018702,0.8571428571428571,0.8986486486486487,0.21860308932169242,0.6082949308755761,396,66,2261,255
0.19024733,0.8571428571428571,0.8990461049284578,0.2182672934855608,0.6092307692307692,396,66,2262,254
0.19074519,0.854978354978355,0.8990461049284578,0.21793149764942915,0.6086286594761171,395,67,2262,254
0.19089817,0.8528138528138528,0.8990461049284578,0.21759570181329752,0.6080246913580247,394,68,2262,254
0.1909803,0.8528138528138528,0.8994435612082671,0.21725990597716588,0.6089644513137558,394,68,2263,253
0.1917379,0.8528138528138528,0.8998410174880763,0.21692411014103424,0.6099071207430341,394,68,2264,252
0.19186243,0.8506493506493507,0.8998410174880763,0.2165883143049026,0.6093023255813953,393,69,2264,252
0.19339468,0.8506493506493507,0.9002384737678856,0.216252518468771,0.610248447204969,393,69,2265,251
0.19357003,0.8506493506493507,0.9006359300476947,0.21591672263263936,0.6111975116640747,393,69,2266,250
0.19359942,0.8506493506493507,0.901033386327504,0.21558092679650773,0.6121495327102804,393,69,2267,249
0.19498064,0.8484848484848485,0.901033386327504,0.2152451309603761,0.6115444617784711,392,70,2267,249
0.195,0.8484848484848485,0.9014308426073132,0.21490933512424445,0.6125,392,70,2268,248
0.1950159,0.8484848484848485,0.9014308426073132,0.21490933512424445,0.6125,392,70,2268,248
0.1964067,0.8484848484848485,0.9018282988871225,0.21457353928811282,0.6134585289514867,392,70,2269,247
0.19700934,0.8484848484848485,0.9022257551669316,0.21423774345198118,0.6144200626959248,392,70,2270,246
0.19713438,0.8484848484848485,0.9026232114467408,0.21390194761584957,0.6153846153846154,392,70,2271,245
0.19746776,0.8484848484848485,0.9030206677265501,0.21356615177971794,0.6163522012578616,392,70,2272,244
0.19749418,0.8484848484848485,0.9034181240063593,0.2132303559435863,0.6173228346456693,392,70,2273,243
0.2,0.8484848484848485,0.9038155802861685,0.21289456010745467,0.6182965299684543,392,70,2274,242
0.2000659,0.8484848484848485,0.9038155802861685,0.21289456010745467,0.6182965299684543,392,70,2274,242
0.2002546,0.8484848484848485,0.9042130365659777,0.21255876427132303,0.6192733017377567,392,70,2275,241
0.20190515,0.8463203463203464,0.9042130365659777,0.2122229684351914,0.6186708860759493,391,71,2275,241
0.20300715,0.8463203463203464,0.904610492845787,0.21188717259905976,0.6196513470681458,391,71,2276,240
0.20302995,0.8463203463203464,0.9050079491255962,0.21155137676292815,0.6206349206349207,391,71,2277,239
0.20303781,0.8441558441558441,0.9050079491255962,0.21121558092679651,0.6200317965023847,390,72,2277,239
0.20362811,0.8441558441558441,0.9054054054054054,0.21087978509066488,0.6210191082802548,390,72,2278,238
0.20500000000000002,0.8441558441558441,0.9058028616852146,0.21054398925453324,0.6220095693779905,390,72,2279,237
0.20531909,0.8441558441558441,0.9058028616852146,0.21054398925453324,0.6220095693779905,390,72,2279,237
0.20567146,0.8441558441558441,0.9062003179650239,0.2102081934184016,0.6230031948881789,390,72,2280,236
0.20583387,0.8441558441558441,0.9065977742448331,0.20987239758226997,0.624,390,72,2281,235
0.20640895,0.8441558441558441,0.9069952305246423,0.20953660174613833,0.625,390,72,2282,234
0.20695092,0.841991341991342,0.9069952305246423,0.20920080591000673,0.6243980738362761,389,73,2282,234
0.207561,0.841991341991342,0.9073926868044515,0.2088650100738751,0.6254019292604501,389,73,2283,233
0.20900571,0.841991341991342,0.9077901430842608,0.20852921423774345,0.6264090177133655,389,73,2284,232
0.21,0.8398268398268398,0.9077901430842608,0.20819341840161182,0.6258064516129033,388,74,2284,232
0.21099323,0.8398268398268398,0.9077901430842608,0.20819341840161182,0.6258064516129033,388,74,2284,232
0.21163335,0.8398268398268398,0.9081875993640699,0.20785762256548018,0.6268174474959612,388,74,2285,231
0.21231018,0.8398268398268398,0.9085850556438791,0.20752182672934855,0.627831715210356,388,74,2286,230
0.21255235,0.8398268398268398,0.9089825119236884,0.2071860308932169,0.6288492706645057,388,74,2287,229
0.21389152,0.8398268398268398,0.9093799682034976,0.2068502350570853,0.6298701298701299,388,74,2288,228
0.21468242,0.8398268398268398,0.9097774244833068,0.20651443922095367,0.6308943089430894,388,74,2289,227
0.215,0.8398268398268398,0.910174880763116,0.20617864338482203,0.6319218241042345,388,74,2290,226
0.21510527,0.8398268398268398,0.910174880763116,0.20617864338482203,0.6319218241042345,388,74,2290,226
0.21784781,0.8398268398268398,0.9105723370429253,0.2058428475486904,0.632952691680261,388,74,2291,225
0.21820776,0.8398268398268398,0.9109697933227345,0.20550705171255876,0.6339869281045751,388,74,2292,224
0.21880616,0.8398268398268398,0.9113672496025437,0.20517125587642712,0.6350245499181669,388,74,2293,223
0.21889418,0.8398268398268398,0.9117647058823529,0.20483546004029551,0.6360655737704918,388,74,2294,222
0.22,0.8398268398268398,0.9121621621621622,0.20449966420416388,0.6371100164203612,388,74,2295,221
0.22012228,0.8398268398268398,0.9121621621621622,0.20449966420416388,0.6371100164203612,388,74,2295,221
0.22236732,0.8398268398268398,0.9125596184419714,0.20416386836803224,0.6381578947368421,388,74,2296,220
0.22372048,0.8398268398268398,0.9129570747217806,0.2038280725319006,0.6392092257001647,388,74,2297,219
0.22413726,0.8398268398268398,0.9133545310015898,0.20349227669576897,0.6402640264026402,388,74,2298,218
0.225,0.8376623376623377,0.9133545310015898,0.20315648085963733,0.6396694214876033,387,75,2298,218
0.22506374,0.8376623376623377,0.9133545310015898,0.20315648085963733,0.6396694214876033,387,75,2298,218
0.22860561,0.8376623376623377,0.9137519872813991,0.2028206850235057,0.640728476821192,387,75,2299,217
0.23,0.8376623376623377,0.9141494435612083,0.2024848891873741,0.6417910447761194,387,75,2300,216
0.23050813,0.8376623376623377,0.9141494435612083,0.2024848891873741,0.6417910447761194,387,75,2300,216
0.23077823,0.8354978354978355,0.9141494435612083,0.20214909335124245,0.6411960132890365,386,76,2300,216
0.23500000000000001,0.8354978354978355,0.9145468998410174,0.20181329751511082,0.6422628951747088,386,76,2301,215
0.2359302,0.8354978354978355,0.9145468998410174,0.20181329751511082,0.6422628951747088,386,76,2301,215
0.23640028,0.8333333333333334,0.9145468998410174,0.20147750167897918,0.6416666666666667,385,77,2301,215
0.23755649,0.8333333333333334,0.9149443561208267,0.20114170584284755,0.6427378964941569,385,77,2302,214
0.23811325,0.8333333333333334,0.915341812400636,0.2008059100067159,0.6438127090301003,385,77,2303,213
0.23853245,0.8311688311688312,0.915341812400636,0.20047011417058427,0.6432160804020101,384,78,2303,213
0.23865232,0.8311688311688312,0.9157392686804452,0.20013431833445267,0.6442953020134228,384,78,2304,212
0.23999962,0.8311688311688312,0.9161367249602543,0.19979852249832103,0.6453781512605042,384,78,2305,211
0.24,0.829004329004329,0.9161367249602543,0.1994627266621894,0.6447811447811448,383,79,2305,211
0.24000473,0.829004329004329,0.9161367249602543,0.1994627266621894,0.6447811447811448,383,79,2305,211
0.24059322,0.829004329004329,0.9165341812400636,0.19912693082605776,0.6458684654300169,383,79,2306,210
0.24109308,0.829004329004329,0.9169316375198728,0.19879113498992612,0.6469594594594594,383,79,2307,209
0.24202941,0.829004329004329,0.9173290937996821,0.19845533915379449,0.6480541455160744,383,79,2308,208
0.24216114,0.829004329004329,0.9177265500794912,0.19811954331766285,0.6491525423728813,383,79,2309,207
0.2424382,0.829004329004329,0.9181240063593005,0.19778374748153124,0.6502546689303905,383,79,2310,206
0.24255192,0.829004329004329,0.9185214626391097,0.1974479516453996,0.6513605442176871,383,79,2311,205
0.24265589,0.829004329004329,0.918918918918919,0.19711215580926797,0.6524701873935264,383,79,2312,204
0.24309896,0.829004329004329,0.9193163751987281,0.19677635997313633,0.6535836177474402,383,79,2313,203
0.24386062,0.829004329004329,0.9197138314785374,0.1964405641370047,0.6547008547008547,383,79,2314,202
0.24386455,0.829004329004329,0.9201112877583466,0.19610476830087306,0.6558219178082192,383,79,2315,201
0.24389987,0.8268398268398268,0.9201112877583466,0.19576897246474143,0.6552315608919382,382,80,2315,201
0.24435726,0.8268398268398268,0.9205087440381559,0.19543317662860982,0.6563573883161512,382,80,2316,200
0.24456948,0.8268398268398268,0.920906200317965,0.19509738079247818,0.657487091222031,382,80,2317,199
0.24474281,0.8268398268398268,0.9213036565977742,0.19476158495634655,0.6586206896551724,382,80,2318,198
0.245,0.8246753246753247,0.9213036565977742,0.1944257891202149,0.6580310880829016,381,81,2318,198
0.24550511,0.8246753246753247,0.9213036565977742,0.1944257891202149,0.6580310880829016,381,81,2318,198
0.24614316,0.8225108225108225,0.9213036565977742,0.19408999328408327,0.657439446366782,380,82,2318,198
0.24623853,0.8225108225108225,0.9217011128775835,0.19375419744795164,0.658578856152513,380,82,2319,197
0.24662158,0.8225108225108225,0.9220985691573926,0.19341840161182,0.6597222222222222,380,82,2320,196
0.24703948,0.8225108225108225,0.9224960254372019,0.1930826057756884,0.6608695652173913,380,82,2321,195
0.2473566,0.8203463203463204,0.9224960254372019,0.19274680993955676,0.6602787456445993,379,83,2321,195
0.2478329,0.8203463203463204,0.9228934817170111,0.19241101410342512,0.6614310645724258,379,83,2322,194
0.24821022,0.8203463203463204,0.9232909379968204,0.19207521826729348,0.6625874125874126,379,83,2323,193
0.24878597,0.8203463203463204,0.9236883942766295,0.19173942243116185,0.6637478108581436,379,83,2324,192
0.24965109,0.8181818181818182,0.9236883942766295,0.1914036265950302,0.6631578947368421,378,84,2324,192
0.25,0.8181818181818182,0.9240858505564388,0.19106783075889858,0.664323374340949,378,84,2325,191
0.2506759,0.8181818181818182,0.9240858505564388,0.19106783075889858,0.664323374340949,378,84,2325,191
0.25096318,0.8181818181818182,0.924483306836248,0.19073203492276697,0.6654929577464789,378,84,2326,190
0.25260365,0.816017316017316,0.924483306836248,0.19039623908663533,0.6649029982363316,377,85,2326,190
0.2534756,0.8138528138528138,0.924483306836248,0.1900604432505037,0.6643109540636042,376,86,2326,190
0.2538504,0.8138528138528138,0.9248807631160573,0.18972464741437206,0.6654867256637168,376,86,2327,189
0.255,0.8138528138528138,0.9252782193958664,0.18938885157824042,0.6666666666666666,376,86,2328,188
0.25661215,0.8138528138528138,0.9252782193958664,0.18938885157824042,0.6666666666666666,376,86,2328,188
0.25782055,0.8138528138528138,0.9256756756756757,0.1890530557421088,0.6678507992895204,376,86,2329,187
0.25837415,0.8138528138528138,0.9260731319554849,0.18871725990597715,0.6690391459074733,376,86,2330,186
0.26,0.8138528138528138,0.9264705882352942,0.18838146406984554,0.6702317290552585,376,86,2331,185
0.26089886,0.8138528138528138,0.9264705882352942,0.18838146406984554,0.6702317290552585,376,86,2331,185
0.26209685,0.8138528138528138,0.9268680445151033,0.1880456682337139,0.6714285714285714,376,86,2332,184
0.26229164,0.8116883116883117,0.9268680445151033,0.18770987239758227,0.6708407871198568,375,87,2332,184
0.2627029,0.8116883116883117,0.9272655007949125,0.18737407656145064,0.6720430107526881,375,87,2333,183
0.26351365,0.8095238095238095,0.9272655007949125,0.187038280725319,0.6714542190305206,374,88,2333,183
0.26355347,0.8095238095238095,0.9276629570747218,0.18670248488918736,0.6726618705035972,374,88,2334,182
0.26484573,0.8095238095238095,0.928060413354531,0.18636668905305573,0.6738738738738739,374,88,2335,181
0.265,0.8095238095238095,0.9284578696343402,0.18603089321692412,0.6750902527075813,374,88,2336,180
0.2653167,0.8095238095238095,0.9284578696343402,0.18603089321692412,0.6750902527075813,374,88,2336,180
0.26548564,0.8095238095238095,0.9288553259141494,0.18569509738079248,0.6763110307414105,374,88,2337,179
0.2668886,0.8095238095238095,0.9292527821939587,0.18535930154466085,0.677536231884058,374,88,2338,178
0.26828197,0.8095238095238095,0.9296502384737679,0.1850235057085292,0.6787658802177858,374,88,2339,177
0.27,0.8095238095238095,0.9300476947535771,0.18468770987239758,0.68,374,88,2340,176
0.2728279,0.8095238095238095,0.9300476947535771,0.18468770987239758,0.68,374,88,2340,176
0.275,0.8095238095238095,0.9304451510333863,0.18435191403626594,0.6812386156648452,374,88,2341,175
0.27548426,0.8095238095238095,0.9304451510333863,0.18435191403626594,0.6812386156648452,374,88,2341,175
0.27814674,0.8095238095238095,0.9308426073131956,0.18401611820013433,0.6824817518248175,374,88,2342,174
0.27965075,0.8073593073593074,0.9308426073131956,0.1836803223640027,0.6819012797074955,373,89,2342,174
0.2797436,0.8073593073593074,0.9312400635930048,0.18334452652787106,0.6831501831501832,373,89,2343,173
0.28,0.8073593073593074,0.931637519872814,0.18300873069173942,0.6844036697247706,373,89,2344,172
0.28082475,0.8073593073593074,0.931637519872814,0.18300873069173942,0.6844036697247706,373,89,2344,172
0.28454757,0.8073593073593074,0.9320349761526232,0.1826729348556078,0.6856617647058824,373,89,2345,171
0.28486416,0.8073593073593074,0.9324324324324325,0.18233713901947615,0.6869244935543278,373,89,2346,170
0.28500000000000003,0.8073593073593074,0.9328298887122417,0.18200134318334452,0.6881918819188192,373,89,2347,169
0.2851534,0.8073593073593074,0.9328298887122417,0.18200134318334452,0.6881918819188192,373,89,2347,169
0.28537506,0.8073593073593074,0.9332273449920508,0.1816655473472129,0.6894639556377079,373,89,2348,168
0.29,0.8073593073593074,0.9336248012718601,0.18132975151108127,0.6907407407407408,373,89,2349,167
0.29055306,0.8073593073593074,0.9336248012718601,0.18132975151108127,0.6907407407407408,373,89,2349,167
0.2906337,0.8073593073593074,0.9340222575516693,0.18099395567494964,0.6920222634508348,373,89,2350,166
0.29086187,0.8073593073593074,0.9344197138314785,0.180658159838818,0.6933085501858736,373,89,2351,165
0.2911703,0.8073593073593074,0.9348171701112877,0.18032236400268636,0.6945996275605214,373,89,2352,164
0.29223442,0.8051948051948052,0.9348171701112877,0.17998656816655473,0.6940298507462687,372,90,2352,164
0.29298535,0.8051948051948052,0.935214626391097,0.1796507723304231,0.6953271028037383,372,90,2353,163
0.2935707,0.803030303030303,0.935214626391097,0.17931497649429148,0.6947565543071161,371,91,2353,163
0.295,0.803030303030303,0.9356120826709062,0.17897918065815985,0.6960600375234521,371,91,2354,162
0.2958813,0.803030303030303,0.9356120826709062,0.17897918065815985,0.6960600375234521,371,91,2354,162
0.2980939,0.803030303030303,0.9360095389507154,0.1786433848220282,0.6973684210526315,371,91,2355,161
0.3,0.803030303030303,0.9364069952305246,0.17830758898589658,0.6986817325800376,371,91,2356,160
0.30120167,0.803030303030303,0.9364069952305246,0.17830758898589658,0.6986817325800376,371,91,2356,160
0.301382,0.803030303030303,0.9368044515103339,0.17797179314976494,0.7,371,91,2357,159
0.30330393,0.8008658008658008,0.9368044515103339,0.1776359973136333,0.6994328922495274,370,92,2357,159
0.3041859,0.8008658008658008,0.9372019077901431,0.17730020147750167,0.7007575757575758,370,92,2358,158
0.30423895,0.8008658008658008,0.9375993640699523,0.17696440564137006,0.7020872865275142,370,92,2359,157
0.305,0.8008658008658008,0.9379968203497615,0.17662860980523842,0.7034220532319392,370,92,2360,156
0.30571252,0.8008658008658008,0.9379968203497615,0.17662860980523842,0.7034220532319392,370,92,2360,156
0.30593464,0.8008658008658008,0.9383942766295708,0.1762928139691068,0.7047619047619048,370,92,2361,155
0.30904162,0.8008658008658008,0.93879173290938,0.17595701813297515,0.7061068702290076,370,92,2362,154
0.3092463,0.8008658008658008,0.9391891891891891,0.17562122229684352,0.7074569789674953,370,92,2363,153
0.30994952,0.8008658008658008,0.9395866454689984,0.17528542646071188,0.7088122605363985,370,92,2364,152
0.31,0.8008658008658008,0.9399841017488076,0.17494963062458024,0.710172744721689,370,92,2365,151
0.3101729,0.8008658008658008,0.9399841017488076,0.17494963062458024,0.710172744721689,370,92,2365,151
0.31157637,0.7987012987012987,0.9399841017488076,0.17461383478844864,0.7096153846153846,369,93,2365,151
0.31251878,0.7965367965367965,0.9399841017488076,0.174278038952317,0.7090558766859345,368,94,2365,151
0.31413877,0.7965367965367965,0.9403815580286169,0.17394224311618536,0.7104247104247104,368,94,2366,150
0.31498823,0.7965367965367965,0.940779014308426,0.17360644728005373,0.7117988394584139,368,94,2367,149
0.315,0.7965367965367965,0.9411764705882353,0.1732706514439221,0.7131782945736435,368,94,2368,148
0.31937703,0.7965367965367965,0.9411764705882353,0.1732706514439221,0.7131782945736435,368,94,2368,148
0.31968057,0.7965367965367965,0.9415739268680445,0.17293485560779046,0.7145631067961165,368,94,2369,147
0.32,0.7965367965367965,0.9419713831478538,0.17259905977165882,0.7159533073929961,368,94,2370,146
0.32090172,0.7965367965367965,0.9419713831478538,0.17259905977165882,0.7159533073929961,368,94,2370,146
0.32207942,0.7965367965367965,0.9423688394276629,0.1722632639355272,0.7173489278752436,368,94,2371,145
0.325,0.7943722943722944,0.9423688394276629,0.17192746809939558,0.716796875,367,95,2371,145
0.32895625,0.7943722943722944,0.9423688394276629,0.17192746809939558,0.716796875,367,95,2371,145
0.33,0.7943722943722944,0.9427662957074722,0.17159167226326394,0.7181996086105675,367,95,2372,144
0.33284304,0.7943722943722944,0.9427662957074722,0.17159167226326394,0.7181996086105675,367,95,2372,144
0.33313382,0.7943722943722944,0.9431637519872814,0.1712558764271323,0.7196078431372549,367,95,2373,143
0.335,0.7922077922077922,0.9431637519872814,0.17092008059100067,0.7190569744597249,366,96,2373,143
0.3359795,0.7922077922077922,0.9431637519872814,0.17092008059100067,0.7190569744597249,366,96,2373,143
0.34,0.79004329004329,0.9431637519872814,0.17058428475486903,0.718503937007874,365,97,2373,143
0.34189248,0.79004329004329,0.9431637519872814,0.17058428475486903,0.718503937007874,365,97,2373,143
0.34500000000000003,0.79004329004329,0.9435612082670907,0.1702484889187374,0.7199211045364892,365,97,2374,142
0.34609386,0.79004329004329,0.9435612082670907,0.1702484889187374,0.7199211045364892,365,97,2374,142
0.3471602,0.79004329004329,0.9439586645468998,0.1699126930826058,0.7213438735177866,365,97,2375,141
0.35000000000000003,0.7878787878787878,0.9439586645468998,0.16957689724647415,0.7207920792079208,364,98,2375,141
0.35121801,0.7878787878787878,0.9439586645468998,0.16957689724647415,0.7207920792079208,364,98,2375,141
0.35278288,0.7878787878787878,0.9443561208267091,0.16924110141034251,0.7222222222222222,364,98,2376,140
0.3529707,0.7857142857142857,0.9443561208267091,0.16890530557421088,0.7216699801192843,363,99,2376,140
0.3531924,0.7857142857142857,0.9447535771065183,0.16856950973807924,0.7231075697211156,363,99,2377,139
0.3542925,0.7857142857142857,0.9451510333863276,0.1682337139019476,0.7245508982035929,363,99,2378,138
0.355,0.7835497835497836,0.9451510333863276,0.16789791806581597,0.724,362,100,2378,138
0.36,0.7835497835497836,0.9451510333863276,0.16789791806581597,0.724,362,100,2378,138
0.36245438,0.7835497835497836,0.9451510333863276,0.16789791806581597,0.724,362,100,2378,138
0.36298788,0.7813852813852814,0.9451510333863276,0.16756212222968436,0.7234468937875751,361,101,2378,138
0.36387625,0.7813852813852814,0.9455484896661367,0.16722632639355273,0.7248995983935743,361,101,2379,137
0.36412057,0.7813852813852814,0.9459459459459459,0.1668905305574211,0.7263581488933601,361,101,2380,136
0.36440426,0.7813852813852814,0.9463434022257552,0.16655473472128945,0.7278225806451613,361,101,2381,135
0.365,0.7813852813852814,0.9467408585055644,0.16621893888515782,0.7292929292929293,361,101,2382,134
0.368799,0.7813852813852814,0.9467408585055644,0.16621893888515782,0.7292929292929293,361,101,2382,134
0.3691552,0.7792207792207793,0.9467408585055644,0.16588314304902618,0.728744939271255,360,102,2382,134
0.37,0.7770562770562771,0.9467408585055644,0.16554734721289455,0.7281947261663286,359,103,2382,134
0.37071535,0.7770562770562771,0.9467408585055644,0.16554734721289455,0.7281947261663286,359,103,2382,134
0.37109184,0.7748917748917749,0.9467408585055644,0.16521155137676294,0.7276422764227642,358,104,2382,134
0.37134647,0.7748917748917749,0.9471383147853736,0.1648757555406313,0.7291242362525459,358,104,2383,133
0.37220675,0.7748917748917749,0.9475357710651828,0.16453995970449967,0.7306122448979592,358,104,2384,132
0.37383887,0.7748917748917749,0.9479332273449921,0.16420416386836803,0.7321063394683026,358,104,2385,131
0.375,0.7748917748917749,0.9483306836248012,0.1638683680322364,0.7336065573770492,358,104,2386,130
0.37859026,0.7748917748917749,0.9483306836248012,0.1638683680322364,0.7336065573770492,358,104,2386,130
0.37873125,0.7748917748917749,0.9487281399046105,0.16353257219610476,0.7351129363449692,358,104,2387,129
0.3792112,0.7748917748917749,0.9491255961844197,0.16319677635997312,0.7366255144032922,358,104,2388,128
0.37990546,0.7748917748917749,0.949523052464229,0.16286098052384151,0.7381443298969073,358,104,2389,127
0.37992015,0.7727272727272727,0.949523052464229,0.16252518468770988,0.737603305785124,357,105,2389,127
0.38,0.7705627705627706,0.949523052464229,0.16218938885157824,0.7370600414078675,356,106,2389,127
0.38261586,0.7705627705627706,0.949523052464229,0.16218938885157824,0.7370600414078675,356,106,2389,127
0.38369697,0.7705627705627706,0.9499205087440381,0.1618535930154466,0.7385892116182573,356,106,2390,126
0.385,0.7705627705627706,0.9503179650238474,0.16151779717931497,0.7401247401247402,356,106,2391,125
0.38527924,0.7705627705627706,0.9503179650238474,0.16151779717931497,0.7401247401247402,356,106,2391,125
0.38560697,0.7705627705627706,0.9507154213036566,0.16118200134318333,0.7416666666666667,356,106,2392,124
0.38743615,0.7683982683982684,0.9507154213036566,0.16084620550705173,0.7411273486430062,355,107,2392,124
0.38748404,0.7662337662337663,0.9507154213036566,0.1605104096709201,0.7405857740585774,354,108,2392,124
0.38764971,0.7640692640692641,0.9507154213036566,0.16017461383478845,0.740041928721174,353,109,2392,124
0.38954273,0.7619047619047619,0.9507154213036566,0.15983881799865682,0.7394957983193278,352,110,2392,124
0.39,0.7619047619047619,0.9511128775834659,0.15950302216252518,0.7410526315789474,352,110,2393,123
0.39092734,0.7619047619047619,0.9511128775834659,0.15950302216252518,0.7410526315789474,352,110,2393,123
0.3926177,0.7619047619047619,0.951510333863275,0.15916722632639355,0.7426160337552743,352,110,2394,122
0.395,0.7619047619047619,0.9519077901430842,0.1588314304902619,0.7441860465116279,352,110,2395,121
0.39500365,0.7619047619047619,0.9519077901430842,0.1588314304902619,0.7441860465116279,352,110,2395,121
0.39577475,0.7619047619047619,0.9523052464228935,0.1584956346541303,0.7457627118644068,352,110,2396,120
0.3975037,0.7619047619047619,0.9527027027027027,0.15815983881799867,0.7473460721868365,352,110,2397,119
0.39931795,0.7619047619047619,0.9531001589825119,0.15782404298186703,0.7489361702127659,352,110,2398,118
0.4,0.7619047619047619,0.9534976152623211,0.1574882471457354,0.7505330490405118,352,110,2399,117
0.40098298,0.7619047619047619,0.9534976152623211,0.1574882471457354,0.7505330490405118,352,110,2399,117
0.40251982,0.7619047619047619,0.9538950715421304,0.15715245130960376,0.7521367521367521,352,110,2400,116
0.405,0.7597402597402597,0.9538950715421304,0.15681665547347212,0.7516059957173448,351,111,2400,116
0.4063259,0.7597402597402597,0.9538950715421304,0.15681665547347212,0.7516059957173448,351,111,2400,116
0.40831202,0.7597402597402597,0.9542925278219396,0.15648085963734049,0.7532188841201717,351,111,2401,115
0.40980774,0.7575757575757576,0.9542925278219396,0.15614506380120888,0.7526881720430108,350,112,2401,115
0.41000000000000003,0.7575757575757576,0.9546899841017488,0.15580926796507724,0.7543103448275862,350,112,2402,114
0.41080067,0.7575757575757576,0.9546899841017488,0.15580926796507724,0.7543103448275862,350,112,2402,114
0.4109386,0.7575757575757576,0.955087440381558,0.1554734721289456,0.755939524838013,350,112,2403,113
0.4110327,0.7554112554112554,0.955087440381558,0.15513767629281397,0.7554112554112554,349,113,2403,113
0.41275027,0.7554112554112554,0.9554848966613673,0.15480188045668233,0.7570498915401301,349,113,2404,112
0.41376722,0.7532467532467533,0.9554848966613673,0.1544660846205507,0.7565217391304347,348,114,2404,112
0.41386837,0.7532467532467533,0.9558823529411765,0.15413028878441906,0.7581699346405228,348,114,2405,111
0.41500000000000004,0.7532467532467533,0.9562798092209857,0.15379449294828745,0.759825327510917,348,114,2406,110
0.41595584,0.7532467532467533,0.9562798092209857,0.15379449294828745,0.759825327510917,348,114,2406,110
0.41643456,0.7532467532467533,0.9566772655007949,0.15345869711215582,0.7614879649890591,348,114,2407,109
0.4169971,0.7532467532467533,0.9570747217806042,0.15312290127602418,0.7631578947368421,348,114,2408,108
0.41939273,0.7510822510822511,0.9570747217806042,0.15278710543989255,0.7626373626373626,347,115,2408,108
0.42,0.7489177489177489,0.9570747217806042,0.1524513096037609,0.762114537444934,346,116,2408,108
0.4239373,0.7489177489177489,0.9570747217806042,0.1524513096037609,0.762114537444934,346,116,2408,108
0.42414555,0.7467532467532467,0.9570747217806042,0.15211551376762927,0.7615894039735099,345,117,2408,108
0.42415848,0.7467532467532467,0.9574721780604134,0.15177971793149764,0.7632743362831859,345,117,2409,107
0.425,0.7467532467532467,0.9578696343402225,0.15144392209536603,0.7649667405764967,345,117,2410,106
0.42593372,0.7467532467532467,0.9578696343402225,0.15144392209536603,0.7649667405764967,345,117,2410,106
0.4273783,0.7467532467532467,0.9582670906200318,0.1511081262592344,0.7666666666666667,345,117,2411,105
0.43,0.7467532467532467,0.958664546899841,0.15077233042310276,0.7683741648106904,345,117,2412,104
0.43078318,0.7467532467532467,0.958664546899841,0.15077233042310276,0.7683741648106904,345,117,2412,104
0.43152755,0.7467532467532467,0.9590620031796503,0.15043653458697112,0.7700892857142857,345,117,2413,103
0.43240654,0.7445887445887446,0.9590620031796503,0.15010073875083949,0.7695749440715883,344,118,2413,103
0.43251297,0.7424242424242424,0.9590620031796503,0.14976494291470785,0.7690582959641256,343,119,2413,103
0.43412068,0.7402597402597403,0.9590620031796503,0.1494291470785762,0.7685393258426966,342,120,2413,103
0.435,0.7380952380952381,0.9590620031796503,0.1490933512424446,0.7680180180180181,341,121,2413,103
0.44,0.7380952380952381,0.9590620031796503,0.1490933512424446,0.7680180180180181,341,121,2413,103
0.44017968,0.7380952380952381,0.9590620031796503,0.1490933512424446,0.7680180180180181,341,121,2413,103
0.445,0.7359307359307359,0.9590620031796503,0.14875755540631297,0.7674943566591422,340,122,2413,103
0.4498596,0.7359307359307359,0.9590620031796503,0.14875755540631297,0.7674943566591422,340,122,2413,103
0.45,0.7337662337662337,0.9590620031796503,0.14842175957018133,0.7669683257918553,339,123,2413,103
0.45038167,0.7337662337662337,0.9590620031796503,0.14842175957018133,0.7669683257918553,339,123,2413,103
0.45228902,0.7337662337662337,0.9594594594594594,0.1480859637340497,0.7687074829931972,339,123,2414,102
0.45246086,0.7316017316017316,0.9594594594594594,0.14775016789791806,0.7681818181818182,338,124,2414,102
0.45399907,0.7316017316017316,0.9598569157392687,0.14741437206178643,0.7699316628701595,338,124,2415,101
0.45432746,0.7294372294372294,0.9598569157392687,0.1470785762256548,0.769406392694064,337,125,2415,101
0.45481077,0.7294372294372294,0.9602543720190779,0.14674278038952318,0.7711670480549199,337,125,2416,100
0.455,0.7294372294372294,0.9606518282988871,0.14640698455339154,0.7729357798165137,337,125,2417,99
0.45599303,0.7294372294372294,0.9606518282988871,0.14640698455339154,0.7729357798165137,337,125,2417,99
0.45701933,0.7272727272727273,0.9606518282988871,0.1460711887172599,0.7724137931034483,336,126,2417,99
0.46,0.7251082251082251,0.9606518282988871,0.14573539288112827,0.771889400921659,335,127,2417,99
0.46050775,0.7251082251082251,0.9606518282988871,0.14573539288112827,0.771889400921659,335,127,2417,99
0.46202534,0.7229437229437229,0.9606518282988871,0.14539959704499664,0.7713625866050808,334,128,2417,99
0.465,0.7207792207792207,0.9606518282988871,0.145063801208865,0.7708333333333334,333,129,2417,99
0.46537712,0.7207792207792207,0.9606518282988871,0.145063801208865,0.7708333333333334,333,129,2417,99
0.4657239,0.7186147186147186,0.9606518282988871,0.14472800537273336,0.7703016241299304,332,130,2417,99
0.4665668,0.7186147186147186,0.9610492845786963,0.14439220953660176,0.772093023255814,332,130,2418,98
0.46700454,0.7186147186147186,0.9614467408585056,0.14405641370047012,0.7738927738927739,332,130,2419,97
0.47000000000000003,0.7186147186147186,0.9618441971383148,0.14372061786433848,0.7757009345794392,332,130,2420,96
0.4702824,0.7186147186147186,0.9618441971383148,0.14372061786433848,0.7757009345794392,332,130,2420,96
0.47112042,0.7164502164502164,0.9618441971383148,0.14338482202820685,0.775175644028103,331,131,2420,96
0.4712324,0.7164502164502164,0.962241653418124,0.1430490261920752,0.7769953051643192,331,131,2421,95
0.4729068,0.7164502164502164,0.9626391096979332,0.14271323035594358,0.7788235294117647,331,131,2422,94
0.47500000000000003,0.7164502164502164,0.9630365659777425,0.14237743451981194,0.7806603773584906,331,131,2423,93
0.47591233,0.7164502164502164,0.9630365659777425,0.14237743451981194,0.7806603773584906,331,131,2423,93
0.47627074,0.7164502164502164,0.9634340222575517,0.14204163868368033,0.7825059101654847,331,131,2424,92
0.47708198,0.7142857142857143,0.9634340222575517,0.1417058428475487,0.7819905213270142,330,132,2424,92
0.47747013,0.7142857142857143,0.9638314785373608,0.14137004701141706,0.7838479809976246,330,132,2425,91
0.47878116,0.7121212121212122,0.9638314785373608,0.14103425117528542,0.7833333333333333,329,133,2425,91
0.47907025,0.70995670995671,0.9638314785373608,0.1406984553391538,0.7828162291169452,328,134,2425,91
0.48,0.70995670995671,0.9642289348171701,0.14036265950302215,0.784688995215311,328,134,2426,90
0.48004016,0.70995670995671,0.9642289348171701,0.14036265950302215,0.784688995215311,328,134,2426,90
0.48074335,0.7077922077922078,0.9642289348171701,0.14002686366689054,0.7841726618705036,327,135,2426,90
0.48179275,0.7077922077922078,0.9646263910969793,0.1396910678307589,0.7860576923076923,327,135,2427,89
0.4831457,0.7077922077922078,0.9650238473767886,0.13935527199462727,0.7879518072289157,327,135,2428,88
0.485,0.7056277056277056,0.9650238473767886,0.13901947615849564,0.7874396135265701,326,136,2428,88
0.4852313,0.7056277056277056,0.9650238473767886,0.13901947615849564,0.7874396135265701,326,136,2428,88
0.4859049,0.7034632034632035,0.9650238473767886,0.138683680322364,0.7869249394673123,325,137,2428,88
0.48652887,0.7012987012987013,0.9650238473767886,0.13834788448623236,0.7864077669902912,324,138,2428,88
0.4884042,0.7012987012987013,0.9654213036565977,0.13801208865010073,0.7883211678832117,324,138,2429,87
0.48977953,0.7012987012987013,0.965818759936407,0.13767629281396912,0.7902439024390244,324,138,2430,86
0.49,0.6991341991341992,0.965818759936407,0.13734049697783748,0.7897310513447433,323,139,2430,86
0.49138084,0.6991341991341992,0.965818759936407,0.13734049697783748,0.7897310513447433,323,139,2430,86
0.49231336,0.6991341991341992,0.9662162162162162,0.13700470114170585,0.7916666666666666,323,139,2431,85
0.4943359,0.6991341991341992,0.9666136724960255,0.1366689053055742,0.7936117936117936,323,139,2432,84
0.495,0.696969696969697,0.9666136724960255,0.13633310946944258,0.7931034482758621,322,140,2432,84
0.4968183,0.696969696969697,0.9666136724960255,0.13633310946944258,0.7931034482758621,322,140,2432,84
0.4981755,0.696969696969697,0.9670111287758346,0.13599731363331094,0.7950617283950617,322,140,2433,83
0.49832526,0.696969696969697,0.9674085850556439,0.1356615177971793,0.7970297029702971,322,140,2434,82
0.4983892,0.696969696969697,0.9678060413354531,0.1353257219610477,0.7990074441687345,322,140,2435,81
0.49844596,0.6948051948051948,0.9678060413354531,0.13498992612491606,0.7985074626865671,321,141,2435,81
0.49869296,0.6948051948051948,0.9682034976152624,0.13465413028878442,0.800498753117207,321,141,2436,80
0.5,0.6926406926406926,0.9682034976152624,0.1343183344526528,0.8,320,142,2436,80
0.50065655,0.6926406926406926,0.9682034976152624,0.1343183344526528,0.8,320,142,2436,80
0.502697,0.6904761904761905,0.9682034976152624,0.13398253861652115,0.7994987468671679,319,143,2436,80
0.5032233,0.6904761904761905,0.9686009538950715,0.13364674278038952,0.8015075376884422,319,143,2437,79
0.5034529,0.6883116883116883,0.9686009538950715,0.13331094694425788,0.801007556675063,318,144,2437,79
0.50413656,0.6883116883116883,0.9689984101748808,0.13297515110812627,0.803030303030303,318,144,2438,78
0.505,0.6883116883116883,0.96939586645469,0.13263935527199464,0.8050632911392405,318,144,2439,77
0.50615776,0.6883116883116883,0.96939586645469,0.13263935527199464,0.8050632911392405,318,144,2439,77
0.5073136,0.6861471861471862,0.96939586645469,0.132303559435863,0.8045685279187818,317,145,2439,77
0.5077365,0.683982683982684,0.96939586645469,0.13196776359973136,0.8040712468193384,316,146,2439,77
0.5094559,0.6818181818181818,0.96939586645469,0.13163196776359973,0.8035714285714286,315,147,2439,77
0.51,0.6818181818181818,0.9697933227344993,0.1312961719274681,0.8056265984654731,315,147,2440,76
0.51025194,0.6818181818181818,0.9697933227344993,0.1312961719274681,0.8056265984654731,315,147,2440,76
0.510332,0.6818181818181818,0.9701907790143084,0.13096037609133646,0.8076923076923077,315,147,2441,75
0.51375306,0.6818181818181818,0.9705882352941176,0.13062458025520485,0.8097686375321337,315,147,2442,74
0.513967,0.6818181818181818,0.9709856915739269,0.1302887844190732,0.8118556701030928,315,147,2443,73
0.515,0.6774891774891775,0.9713831478537361,0.1292813969106783,0.812987012987013,313,149,2444,72
0.51575917,0.6774891774891775,0.9713831478537361,0.1292813969106783,0.812987012987013,313,149,2444,72
0.51904595,0.6753246753246753,0.9713831478537361,0.12894560107454667,0.8125,312,150,2444,72
0.519559,0.6753246753246753,0.9717806041335453,0.12860980523841503,0.814621409921671,312,150,2445,71
0.52,0.6731601731601732,0.9717806041335453,0.12827400940228342,0.8141361256544503,311,151,2445,71
0.520334,0.6731601731601732,0.9717806041335453,0.12827400940228342,0.8141361256544503,311,151,2445,71
0.52056974,0.670995670995671,0.9717806041335453,0.1279382135661518,0.8136482939632546,310,152,2445,71
0.52065104,0.6688311688311688,0.9717806041335453,0.12760241773002015,0.8131578947368421,309,153,2445,71
0.52365404,0.6666666666666666,0.9717806041335453,0.12726662189388852,0.8126649076517151,308,154,2445,71
0.5241731,0.6645021645021645,0.9717806041335453,0.12693082605775688,0.8121693121693122,307,155,2445,71
0.525,0.6623376623376623,0.9717806041335453,0.12659503022162524,0.8116710875331565,306,156,2445,71
0.53,0.6623376623376623,0.9717806041335453,0.12659503022162524,0.8116710875331565,306,156,2445,71
0.5321887,0.6623376623376623,0.9717806041335453,0.12659503022162524,0.8116710875331565,306,156,2445,71
0.5330446,0.6601731601731602,0.9717806041335453,0.1262592343854936,0.8111702127659575,305,157,2445,71
0.5339093,0.6601731601731602,0.9721780604133545,0.125923438549362,0.8133333333333334,305,157,2446,70
0.53406894,0.658008658008658,0.9721780604133545,0.12558764271323036,0.8128342245989305,304,158,2446,70
0.5348358,0.658008658008658,0.9725755166931638,0.12525184687709873,0.8150134048257373,304,158,2447,69
0.535,0.6558441558441559,0.9725755166931638,0.12491605104096709,0.8145161290322581,303,159,2447,69
0.5357622,0.6558441558441559,0.9725755166931638,0.12491605104096709,0.8145161290322581,303,159,2447,69
0.5358334,0.6536796536796536,0.9725755166931638,0.12458025520483546,0.8140161725067385,302,160,2447,69
0.53673774,0.6536796536796536,0.972972972972973,0.12424445936870383,0.8162162162162162,302,160,2448,68
0.5368262,0.6515151515151515,0.972972972972973,0.1239086635325722,0.8157181571815718,301,161,2448,68
0.5370789,0.6515151515151515,0.9733704292527822,0.12357286769644056,0.8179347826086957,301,161,2449,67
0.5389259,0.6515151515151515,0.9737678855325914,0.12323707186030894,0.8201634877384196,301,161,2450,66
0.5391053,0.6493506493506493,0.9737678855325914,0.1229012760241773,0.819672131147541,300,162,2450,66
0.54,0.6493506493506493,0.9741653418124007,0.12256548018804567,0.821917808219178,300,162,2451,65
0.54020166,0.6493506493506493,0.9741653418124007,0.12256548018804567,0.821917808219178,300,162,2451,65
0.5443587,0.6471861471861472,0.9741653418124007,0.12222968435191403,0.8214285714285714,299,163,2451,65
0.545,0.6471861471861472,0.9745627980922098,0.12189388851578241,0.8236914600550964,299,163,2452,64
0.5473958,0.6471861471861472,0.9745627980922098,0.12189388851578241,0.8236914600550964,299,163,2452,64
0.5495468,0.645021645021645,0.9745627980922098,0.12155809267965077,0.8232044198895028,298,164,2452,64
0.5499756,0.645021645021645,0.974960254372019,0.12122229684351914,0.8254847645429363,298,164,2453,63
0.55,0.645021645021645,0.9753577106518283,0.12088650100738751,0.8277777777777777,298,164,2454,62
0.555,0.645021645021645,0.9753577106518283,0.12088650100738751,0.8277777777777777,298,164,2454,62
0.55503273,0.645021645021645,0.9753577106518283,0.12088650100738751,0.8277777777777777,298,164,2454,62
0.55693984,0.6428571428571429,0.9765500794912559,0.11954331766286098,0.8342696629213483,297,165,2457,59
0.5581616,0.6406926406926406,0.9765500794912559,0.11920752182672935,0.8338028169014085,296,166,2457,59
0.56,0.6406926406926406,0.9769475357710652,0.11887172599059771,0.8361581920903954,296,166,2458,58
0.56224364,0.6406926406926406,0.9769475357710652,0.11887172599059771,0.8361581920903954,296,166,2458,58
0.5629899,0.6406926406926406,0.9773449920508744,0.11853593015446609,0.8385269121813032,296,166,2459,57
0.5642355,0.6406926406926406,0.9777424483306836,0.11820013431833445,0.8409090909090909,296,166,2460,56
0.5650000000000001,0.6406926406926406,0.9781399046104928,0.11786433848220282,0.8433048433048433,296,166,2461,55
0.5666161,0.6406926406926406,0.9781399046104928,0.11786433848220282,0.8433048433048433,296,166,2461,55
0.56808656,0.6385281385281385,0.9781399046104928,0.11752854264607118,0.8428571428571429,295,167,2461,55
0.56902575,0.6385281385281385,0.9785373608903021,0.11719274680993956,0.8452722063037249,295,167,2462,54
0.5691325,0.6363636363636364,0.9785373608903021,0.11685695097380792,0.8448275862068966,294,168,2462,54
0.5694011,0.6363636363636364,0.9789348171701113,0.11652115513767629,0.8472622478386167,294,168,2463,53
0.5700000000000001,0.6363636363636364,0.9793322734499205,0.11618535930154467,0.8497109826589595,294,168,2464,52
0.5745103,0.6363636363636364,0.9793322734499205,0.11618535930154467,0.8497109826589595,294,168,2464,52
0.5750000000000001,0.6341991341991342,0.9793322734499205,0.11584956346541303,0.8492753623188406,293,169,2464,52
0.5750013,0.6341991341991342,0.9793322734499205,0.11584956346541303,0.8492753623188406,293,169,2464,52
0.58,0.6341991341991342,0.9797297297297297,0.1155137676292814,0.8517441860465116,293,169,2465,51
0.585,0.6341991341991342,0.9797297297297297,0.1155137676292814,0.8517441860465116,293,169,2465,51
0.58692485,0.6341991341991342,0.9797297297297297,0.1155137676292814,0.8517441860465116,293,169,2465,51
0.59,0.6320346320346321,0.9797297297297297,0.11517797179314976,0.8513119533527697,292,170,2465,51
0.5922803,0.6320346320346321,0.9797297297297297,0.11517797179314976,0.8513119533527697,292,170,2465,51
0.595,0.6320346320346321,0.980127186009539,0.11484217595701814,0.8538011695906432,292,170,2466,50
0.59578484,0.6320346320346321,0.980127186009539,0.11484217595701814,0.8538011695906432,292,170,2466,50
0.59728205,0.6320346320346321,0.9805246422893482,0.1145063801208865,0.8563049853372434,292,170,2467,49
0.6,0.6298701298701299,0.9805246422893482,0.11417058428475486,0.8558823529411764,291,171,2467,49
0.6000485,0.6298701298701299,0.9805246422893482,0.11417058428475486,0.8558823529411764,291,171,2467,49
0.6006285,0.6277056277056277,0.9805246422893482,0.11383478844862324,0.855457227138643,290,172,2467,49
0.6022856,0.6255411255411255,0.9805246422893482,0.1134989926124916,0.8550295857988166,289,173,2467,49
0.6037308,0.6233766233766234,0.9805246422893482,0.11316319677635997,0.8545994065281899,288,174,2467,49
0.605,0.6233766233766234,0.9809220985691574,0.11282740094022835,0.8571428571428571,288,174,2468,48
0.60630554,0.6233766233766234,0.9809220985691574,0.11282740094022835,0.8571428571428571,288,174,2468,48
0.6072139,0.6212121212121212,0.9809220985691574,0.11249160510409671,0.8567164179104477,287,175,2468,48
0.6081766,0.6190476190476191,0.9809220985691574,0.11215580926796508,0.8562874251497006,286,176,2468,48
0.6096113,0.6190476190476191,0.9813195548489666,0.11182001343183344,0.8588588588588588,286,176,2469,47
0.61,0.6190476190476191,0.9817170111287759,0.11148421759570182,0.8614457831325302,286,176,2470,46
0.61287624,0.6190476190476191,0.9817170111287759,0.11148421759570182,0.8614457831325302,286,176,2470,46
0.615,0.6168831168831169,0.9817170111287759,0.11114842175957018,0.8610271903323263,285,177,2470,46
0.6156556,0.6168831168831169,0.9817170111287759,0.11114842175957018,0.8610271903323263,285,177,2470,46
0.61936766,0.6168831168831169,0.9821144674085851,0.11081262592343855,0.8636363636363636,285,177,2471,45
0.62,0.6147186147186147,0.9821144674085851,0.11047683008730692,0.8632218844984803,284,178,2471,45
0.625,0.6147186147186147,0.9821144674085851,0.11047683008730692,0.8632218844984803,284,178,2471,45
0.6261715,0.6147186147186147,0.9821144674085851,0.11047683008730692,0.8632218844984803,284,178,2471,45
0.63,0.6147186147186147,0.9825119236883942,0.11014103425117529,0.8658536585365854,284,178,2472,44
0.6321665,0.6147186147186147,0.9825119236883942,0.11014103425117529,0.8658536585365854,284,178,2472,44
0.63435215,0.6125541125541125,0.9825119236883942,0.10980523841504365,0.8654434250764526,283,179,2472,44
0.635,0.6103896103896104,0.9825119236883942,0.10946944257891202,0.8650306748466258,282,180,2472,44
0.6357555,0.6103896103896104,0.9825119236883942,0.10946944257891202,0.8650306748466258,282,180,2472,44
0.6363354,0.6103896103896104,0.9829093799682035,0.1091336467427804,0.8676923076923077,282,180,2473,43
0.63639814,0.6082251082251082,0.9829093799682035,0.10879785090664876,0.8672839506172839,281,181,2473,43
0.6366901,0.6060606060606061,0.9829093799682035,0.10846205507051712,0.8668730650154799,280,182,2473,43
0.63959724,0.6038961038961039,0.9829093799682035,0.1081262592343855,0.8664596273291926,279,183,2473,43
0.64,0.6038961038961039,0.9833068362480127,0.10779046339825386,0.8691588785046729,279,183,2474,42
0.64189416,0.6038961038961039,0.9833068362480127,0.10779046339825386,0.8691588785046729,279,183,2474,42
0.6431778,0.6017316017316018,0.9833068362480127,0.10745466756212223,0.86875,278,184,2474,42
0.6437804,0.6017316017316018,0.983704292527822,0.10711887172599059,0.8714733542319749,278,184,2475,41
0.645,0.5995670995670995,0.983704292527822,0.10678307588985897,0.8710691823899371,277,185,2475,41
0.65,0.5995670995670995,0.983704292527822,0.10678307588985897,0.8710691823899371,277,185,2475,41
0.6513316,0.5995670995670995,0.983704292527822,0.10678307588985897,0.8710691823899371,277,185,2475,41
0.655,0.5974025974025974,0.983704292527822,0.10644728005372733,0.8706624605678234,276,186,2475,41
0.6558085,0.5974025974025974,0.983704292527822,0.10644728005372733,0.8706624605678234,276,186,2475,41
0.6558159,0.5974025974025974,0.9841017488076311,0.1061114842175957,0.8734177215189873,276,186,2476,40
0.66,0.5974025974025974,0.9844992050874404,0.10577568838146408,0.8761904761904762,276,186,2477,39
0.663884,0.5974025974025974,0.9844992050874404,0.10577568838146408,0.8761904761904762,276,186,2477,39
0.665,0.5952380952380952,0.9844992050874404,0.10543989254533244,0.8757961783439491,275,187,2477,39
0.66561335,0.5952380952380952,0.9844992050874404,0.10543989254533244,0.8757961783439491,275,187,2477,39
0.67,0.5930735930735931,0.9844992050874404,0.1051040967092008,0.8753993610223643,274,188,2477,39
0.6700764,0.5930735930735931,0.9844992050874404,0.1051040967092008,0.8753993610223643,274,188,2477,39
0.6718817,0.5930735930735931,0.9848966613672496,0.10476830087306917,0.8782051282051282,274,188,2478,38
0.675,0.5930735930735931,0.9852941176470589,0.10443250503693755,0.8810289389067524,274,188,2479,37
0.67900026,0.5930735930735931,0.9852941176470589,0.10443250503693755,0.8810289389067524,274,188,2479,37
0.68,0.5909090909090909,0.9852941176470589,0.10409670920080591,0.8806451612903226,273,189,2479,37
0.6824826,0.5909090909090909,0.9852941176470589,0.10409670920080591,0.8806451612903226,273,189,2479,37
0.6833004,0.5909090909090909,0.985691573926868,0.10376091336467427,0.883495145631068,273,189,2480,36
0.685,0.5909090909090909,0.9860890302066773,0.10342511752854265,0.8863636363636364,273,189,2481,35
0.685141,0.5909090909090909,0.9860890302066773,0.10342511752854265,0.8863636363636364,273,189,2481,35
0.68889153,0.5887445887445888,0.9860890302066773,0.10308932169241102,0.8859934853420195,272,190,2481,35
0.68941766,0.5865800865800865,0.9860890302066773,0.10275352585627938,0.8856209150326797,271,191,2481,35
0.6900000000000001,0.5844155844155844,0.9860890302066773,0.10241773002014776,0.8852459016393442,270,192,2481,35
0.6924209,0.5844155844155844,0.9860890302066773,0.10241773002014776,0.8852459016393442,270,192,2481,35
0.69488895,0.5822510822510822,0.9860890302066773,0.10208193418401612,0.8848684210526315,269,193,2481,35
0.6950000000000001,0.5800865800865801,0.9860890302066773,0.10174613834788448,0.8844884488448845,268,194,2481,35
0.69514,0.5800865800865801,0.9860890302066773,0.10174613834788448,0.8844884488448845,268,194,2481,35
0.69689345,0.577922077922078,0.9860890302066773,0.10141034251175285,0.8841059602649006,267,195,2481,35
0.6984674,0.577922077922078,0.9864864864864865,0.10107454667562123,0.8870431893687708,267,195,2482,34
0.7000000000000001,0.577922077922078,0.9868839427662957,0.10073875083948959,0.89,267,195,2483,33
0.70177716,0.577922077922078,0.9868839427662957,0.10073875083948959,0.89,267,195,2483,33
0.705,0.5757575757575758,0.9868839427662957,0.10040295500335795,0.8896321070234113,266,196,2483,33
0.708134,0.5757575757575758,0.9868839427662957,0.10040295500335795,0.8896321070234113,266,196,2483,33
0.71,0.5735930735930735,0.9868839427662957,0.10006715916722633,0.889261744966443,265,197,2483,33
0.7133676,0.5735930735930735,0.9868839427662957,0.10006715916722633,0.889261744966443,265,197,2483,33
0.715,0.5714285714285714,0.9868839427662957,0.0997313633310947,0.8888888888888888,264,198,2483,33
0.7152629,0.5714285714285714,0.9868839427662957,0.0997313633310947,0.8888888888888888,264,198,2483,33
0.71624154,0.5692640692640693,0.9868839427662957,0.09939556749496306,0.8885135135135135,263,199,2483,33
0.7163186,0.5692640692640693,0.9872813990461049,0.09905977165883142,0.8915254237288136,263,199,2484,32
0.717978,0.5670995670995671,0.9872813990461049,0.0987239758226998,0.891156462585034,262,200,2484,32
0.72,0.5670995670995671,0.9876788553259142,0.09838817998656817,0.89419795221843,262,200,2485,31
0.7221584,0.5670995670995671,0.9876788553259142,0.09838817998656817,0.89419795221843,262,200,2485,31
0.725,0.5670995670995671,0.9880763116057234,0.09805238415043653,0.8972602739726028,262,200,2486,30
0.72636396,0.5670995670995671,0.9880763116057234,0.09805238415043653,0.8972602739726028,262,200,2486,30
0.72711456,0.5670995670995671,0.9884737678855325,0.09771658831430491,0.9003436426116839,262,200,2487,29
0.73,0.564935064935065,0.9884737678855325,0.09738079247817327,0.9,261,201,2487,29
0.7318136,0.564935064935065,0.9884737678855325,0.09738079247817327,0.9,261,201,2487,29
0.735,0.5627705627705628,0.9884737678855325,0.09704499664204164,0.8996539792387543,260,202,2487,29
0.73766065,0.5627705627705628,0.9884737678855325,0.09704499664204164,0.8996539792387543,260,202,2487,29
0.74,0.5606060606060606,0.9884737678855325,0.09670920080591,0.8993055555555556,259,203,2487,29
0.74215925,0.5606060606060606,0.9884737678855325,0.09670920080591,0.8993055555555556,259,203,2487,29
0.745,0.5584415584415584,0.9884737678855325,0.09637340496977838,0.8989547038327527,258,204,2487,29
0.74614984,0.5584415584415584,0.9884737678855325,0.09637340496977838,0.8989547038327527,258,204,2487,29
0.74735254,0.5584415584415584,0.9888712241653418,0.09603760913364674,0.9020979020979021,258,204,2488,28
0.74914104,0.5562770562770563,0.9888712241653418,0.0957018132975151,0.9017543859649123,257,205,2488,28
0.75,0.5541125541125541,0.9888712241653418,0.09536601746138348,0.9014084507042254,256,206,2488,28
0.75270027,0.5541125541125541,0.9888712241653418,0.09536601746138348,0.9014084507042254,256,206,2488,28
0.7532016,0.551948051948052,0.9888712241653418,0.09503022162525185,0.901060070671378,255,207,2488,28
0.755,0.551948051948052,0.989268680445151,0.09469442578912021,0.9042553191489362,255,207,2489,27
0.7579815,0.551948051948052,0.989268680445151,0.09469442578912021,0.9042553191489362,255,207,2489,27
0.75954753,0.5497835497835498,0.989268680445151,0.09435862995298858,0.9039145907473309,254,208,2489,27
0.7596505,0.5476190476190477,0.989268680445151,0.09402283411685695,0.9035714285714286,253,209,2489,27
0.76,0.5454545454545454,0.989268680445151,0.09368703828072532,0.9032258064516129,252,210,2489,27
0.7646052,0.5454545454545454,0.989268680445151,0.09368703828072532,0.9032258064516129,252,210,2489,27
0.765,0.5432900432900433,0.989268680445151,0.09335124244459368,0.9028776978417267,251,211,2489,27
0.76531416,0.5432900432900433,0.989268680445151,0.09335124244459368,0.9028776978417267,251,211,2489,27
0.76536804,0.5411255411255411,0.989268680445151,0.09301544660846206,0.9025270758122743,250,212,2489,27
0.76568776,0.538961038961039,0.989268680445151,0.09267965077233042,0.9021739130434783,249,213,2489,27
0.7659573,0.5367965367965368,0.989268680445151,0.09234385493619879,0.9018181818181819,248,214,2489,27
0.77,0.5346320346320347,0.989268680445151,0.09200805910006717,0.9014598540145985,247,215,2489,27
0.77140194,0.5346320346320347,0.989268680445151,0.09200805910006717,0.9014598540145985,247,215,2489,27
0.7720388,0.5324675324675324,0.989268680445151,0.09167226326393553,0.9010989010989011,246,216,2489,27
0.7743341,0.5324675324675324,0.9896661367249603,0.0913364674278039,0.9044117647058824,246,216,2490,26
0.775,0.5303030303030303,0.9896661367249603,0.09100067159167226,0.9040590405904059,245,217,2490,26
0.7752487,0.5303030303030303,0.9896661367249603,0.09100067159167226,0.9040590405904059,245,217,2490,26
0.7777167,0.5281385281385281,0.9896661367249603,0.09066487575554064,0.9037037037037037,244,218,2490,26
0.7792499,0.525974025974026,0.9896661367249603,0.090329079919409,0.9033457249070632,243,219,2490,26
0.7795825,0.5238095238095238,0.9896661367249603,0.08999328408327736,0.9029850746268657,242,220,2490,26
0.7796815,0.5216450216450217,0.9896661367249603,0.08965748824714574,0.9026217228464419,241,221,2490,26
0.78,0.5194805194805194,0.9896661367249603,0.0893216924110141,0.9022556390977443,240,222,2490,26
0.7804786,0.5194805194805194,0.9896661367249603,0.0893216924110141,0.9022556390977443,240,222,2490,26
0.7806356,0.5173160173160173,0.9896661367249603,0.08898589657488247,0.9018867924528302,239,223,2490,26
0.780966,0.5151515151515151,0.9896661367249603,0.08865010073875083,0.9015151515151515,238,224,2490,26
0.783793,0.512987012987013,0.9896661367249603,0.08831430490261921,0.9011406844106464,237,225,2490,26
0.785,0.5108225108225108,0.9896661367249603,0.08797850906648758,0.9007633587786259,236,226,2490,26
0.786951,0.5108225108225108,0.9896661367249603,0.08797850906648758,0.9007633587786259,236,226,2490,26
0.78708494,0.5086580086580087,0.9896661367249603,0.08764271323035594,0.9003831417624522,235,227,2490,26
0.7881384,0.5064935064935064,0.9896661367249603,0.08730691739422432,0.9,234,228,2490,26
0.7887096,0.5064935064935064,0.9900635930047694,0.08697112155809268,0.9034749034749034,234,228,2491,25
0.7895049,0.5064935064935064,0.9904610492845787,0.08663532572196105,0.9069767441860465,234,228,2492,24
0.7898552,0.5064935064935064,0.9908585055643879,0.08629952988582941,0.9105058365758755,234,228,2493,23
0.79,0.5043290043290043,0.9908585055643879,0.08596373404969779,0.91015625,233,229,2493,23
0.79174334,0.5043290043290043,0.9908585055643879,0.08596373404969779,0.91015625,233,229,2493,23
0.7939181,0.5021645021645021,0.9908585055643879,0.08562793821356615,0.9098039215686274,232,230,2493,23
0.795,0.5,0.9908585055643879,0.08529214237743452,0.9094488188976378,231,231,2493,23
0.79591566,0.5,0.9908585055643879,0.08529214237743452,0.9094488188976378,231,231,2493,23
0.7968812,0.49783549783549785,0.9908585055643879,0.0849563465413029,0.9090909090909091,230,232,2493,23
0.79987735,0.49567099567099565,0.9908585055643879,0.08462055070517126,0.9087301587301587,229,233,2493,23
0.8,0.4935064935064935,0.9908585055643879,0.08428475486903962,0.9083665338645418,228,234,2493,23
0.8011641,0.4935064935064935,0.9908585055643879,0.08428475486903962,0.9083665338645418,228,234,2493,23
0.805,0.49134199134199136,0.9908585055643879,0.08394895903290799,0.908,227,235,2493,23
0.81,0.49134199134199136,0.9908585055643879,0.08394895903290799,0.908,227,235,2493,23
0.8101457,0.49134199134199136,0.9908585055643879,0.08394895903290799,0.908,227,235,2493,23
0.8110041,0.48917748917748916,0.9908585055643879,0.08361316319677636,0.9076305220883534,226,236,2493,23
0.8115039,0.48917748917748916,0.9912559618441972,0.08327736736064473,0.9112903225806451,226,236,2494,22
0.8150000000000001,0.487012987012987,0.9912559618441972,0.08294157152451309,0.9109311740890689,225,237,2494,22
0.8169849,0.487012987012987,0.9912559618441972,0.08294157152451309,0.9109311740890689,225,237,2494,22
0.8189169,0.48484848484848486,0.9912559618441972,0.08260577568838147,0.9105691056910569,224,238,2494,22
0.8200000000000001,0.48268398268398266,0.9912559618441972,0.08226997985224983,0.9102040816326531,223,239,2494,22
0.82250303,0.48268398268398266,0.9912559618441972,0.08226997985224983,0.9102040816326531,223,239,2494,22
0.8250000000000001,0.4805194805194805,0.9912559618441972,0.0819341840161182,0.9098360655737705,222,240,2494,22
0.8255654,0.4805194805194805,0.9912559618441972,0.0819341840161182,0.9098360655737705,222,240,2494,22
0.82604164,0.47835497835497837,0.9912559618441972,0.08159838817998656,0.9094650205761317,221,241,2494,22
0.82629436,0.47619047619047616,0.9912559618441972,0.08126259234385494,0.9090909090909091,220,242,2494,22
0.82949364,0.474025974025974,0.9912559618441972,0.0809267965077233,0.9087136929460581,219,243,2494,22
0.8300000000000001,0.47186147186147187,0.9912559618441972,0.08059100067159167,0.9083333333333333,218,244,2494,22
0.83466154,0.47186147186147187,0.9912559618441972,0.08059100067159167,0.9083333333333333,218,244,2494,22
0.835,0.4696969696969697,0.9912559618441972,0.08025520483546005,0.9079497907949791,217,245,2494,22
0.83724827,0.4696969696969697,0.9912559618441972,0.08025520483546005,0.9079497907949791,217,245,2494,22
0.8378496,0.4675324675324675,0.9912559618441972,0.07991940899932841,0.907563025210084,216,246,2494,22
0.84,0.4653679653679654,0.9912559618441972,0.07958361316319677,0.9071729957805907,215,247,2494,22
0.840702,0.4653679653679654,0.9912559618441972,0.07958361316319677,0.9071729957805907,215,247,2494,22
0.84096706,0.46320346320346323,0.9912559618441972,0.07924781732706515,0.9067796610169492,214,248,2494,22
0.841347,0.461038961038961,0.9912559618441972,0.07891202149093351,0.9063829787234042,213,249,2494,22
0.84418494,0.4588744588744589,0.9912559618441972,0.07857622565480188,0.905982905982906,212,250,2494,22
0.845,0.45670995670995673,0.9912559618441972,0.07824042981867024,0.9055793991416309,211,251,2494,22
0.84740144,0.45670995670995673,0.9912559618441972,0.07824042981867024,0.9055793991416309,211,251,2494,22
0.8474104,0.45454545454545453,0.9912559618441972,0.07790463398253862,0.9051724137931034,210,252,2494,22
0.85,0.4523809523809524,0.9912559618441972,0.07756883814640698,0.9047619047619048,209,253,2494,22
0.8540066,0.4523809523809524,0.9912559618441972,0.07756883814640698,0.9047619047619048,209,253,2494,22
0.855,0.45021645021645024,0.9912559618441972,0.07723304231027535,0.9043478260869565,208,254,2494,22
0.85682946,0.45021645021645024,0.9912559618441972,0.07723304231027535,0.9043478260869565,208,254,2494,22
0.8580522,0.45021645021645024,0.9916534181240063,0.07689724647414373,0.9082969432314411,208,254,2495,21
0.86,0.44805194805194803,0.9916534181240063,0.07656145063801209,0.9078947368421053,207,255,2495,21
0.8603773,0.44805194805194803,0.9916534181240063,0.07656145063801209,0.9078947368421053,207,255,2495,21
0.86217505,0.4458874458874459,0.9916534181240063,0.07622565480188045,0.9074889867841409,206,256,2495,21
0.86312073,0.44372294372294374,0.9916534181240063,0.07588985896574882,0.9070796460176991,205,257,2495,21
0.8635199,0.44155844155844154,0.9916534181240063,0.0755540631296172,0.9066666666666666,204,258,2495,21
0.8641166,0.4393939393939394,0.9916534181240063,0.07521826729348556,0.90625,203,259,2495,21
0.865,0.43722943722943725,0.9916534181240063,0.07488247145735392,0.905829596412556,202,260,2495,21
0.87,0.43722943722943725,0.9916534181240063,0.07488247145735392,0.905829596412556,202,260,2495,21
0.870172,0.43722943722943725,0.9916534181240063,0.07488247145735392,0.905829596412556,202,260,2495,21
0.87222975,0.43506493506493504,0.9916534181240063,0.0745466756212223,0.9054054054054054,201,261,2495,21
0.87309575,0.4329004329004329,0.9916534181240063,0.07421087978509067,0.9049773755656109,200,262,2495,21
0.87330127,0.43073593073593075,0.9916534181240063,0.07387508394895903,0.9045454545454545,199,263,2495,21
0.875,0.43073593073593075,0.9920508744038156,0.0735392881128274,0.908675799086758,199,263,2496,20
0.8797335,0.43073593073593075,0.9920508744038156,0.0735392881128274,0.908675799086758,199,263,2496,20
0.8797772,0.42857142857142855,0.9920508744038156,0.07320349227669577,0.908256880733945,198,264,2496,20
0.88,0.4264069264069264,0.9920508744038156,0.07286769644056414,0.9078341013824884,197,265,2496,20
0.8805601,0.4264069264069264,0.9920508744038156,0.07286769644056414,0.9078341013824884,197,265,2496,20
0.88085294,0.42424242424242425,0.9920508744038156,0.0725319006044325,0.9074074074074074,196,266,2496,20
0.8828589,0.42424242424242425,0.9924483306836248,0.07219610476830088,0.9116279069767442,196,266,2497,19
0.885,0.42424242424242425,0.9928457869634341,0.07186030893216924,0.9158878504672897,196,266,2498,18
0.89,0.42424242424242425,0.9928457869634341,0.07186030893216924,0.9158878504672897,196,266,2498,18
0.89029634,0.42424242424242425,0.9928457869634341,0.07186030893216924,0.9158878504672897,196,266,2498,18
0.890571,0.42207792207792205,0.9928457869634341,0.0715245130960376,0.9154929577464789,195,267,2498,18
0.895,0.4199134199134199,0.9928457869634341,0.07118871725990597,0.9150943396226415,194,268,2498,18
0.89544886,0.4199134199134199,0.9928457869634341,0.07118871725990597,0.9150943396226415,194,268,2498,18
0.89641243,0.4199134199134199,0.9932432432432432,0.07085292142377435,0.919431279620853,194,268,2499,17
0.89676154,0.41774891774891776,0.9932432432432432,0.07051712558764271,0.919047619047619,193,269,2499,17
0.8969381,0.4155844155844156,0.9932432432432432,0.07018132975151108,0.9186602870813397,192,270,2499,17
0.89966655,0.4134199134199134,0.9932432432432432,0.06984553391537945,0.9182692307692307,191,271,2499,17
0.9,0.41125541125541126,0.9932432432432432,0.06950973807924782,0.9178743961352657,190,272,2499,17
0.9010536,0.41125541125541126,0.9932432432432432,0.06950973807924782,0.9178743961352657,190,272,2499,17
0.9019476,0.4090909090909091,0.9932432432432432,0.06917394224311618,0.9174757281553398,189,273,2499,17
0.90278715,0.4090909090909091,0.9936406995230525,0.06883814640698456,0.9219512195121952,189,273,2500,16
0.90305316,0.4069264069264069,0.9936406995230525,0.06850235057085292,0.9215686274509803,188,274,2500,16
0.90382427,0.40476190476190477,0.9936406995230525,0.06816655473472129,0.9211822660098522,187,275,2500,16
0.9047557,0.4025974025974026,0.9936406995230525,0.06783075889858965,0.9207920792079208,186,276,2500,16
0.905,0.4004329004329004,0.9936406995230525,0.06749496306245803,0.9203980099502488,185,277,2500,16
0.90559345,0.4004329004329004,0.9936406995230525,0.06749496306245803,0.9203980099502488,185,277,2500,16
0.9058397,0.39826839826839827,0.9936406995230525,0.0671591672263264,0.92,184,278,2500,16
0.90820116,0.3961038961038961,0.9936406995230525,0.06682337139019476,0.9195979899497487,183,279,2500,16
0.91,0.3939393939393939,0.9936406995230525,0.06648757555406314,0.9191919191919192,182,280,2500,16
0.9107089,0.3939393939393939,0.9936406995230525,0.06648757555406314,0.9191919191919192,182,280,2500,16
0.91181374,0.3939393939393939,0.9940381558028617,0.0661517797179315,0.9238578680203046,182,280,2501,15
0.9123043,0.3917748917748918,0.9940381558028617,0.06581598388179986,0.923469387755102,181,281,2501,15
0.9124874,0.38961038961038963,0.9940381558028617,0.06548018804566823,0.9230769230769231,180,282,2501,15
0.91490436,0.3874458874458874,0.9940381558028617,0.0651443922095366,0.9226804123711341,179,283,2501,15
0.915,0.3852813852813853,0.9940381558028617,0.06480859637340497,0.9222797927461139,178,284,2501,15
0.9156439,0.3852813852813853,0.9940381558028617,0.06480859637340497,0.9222797927461139,178,284,2501,15
0.9157577,0.3852813852813853,0.994435612082671,0.06447280053727333,0.9270833333333334,178,284,2502,14
0.9161596,0.38311688311688313,0.994435612082671,0.06413700470114171,0.9267015706806283,177,285,2502,14
0.9165381,0.38311688311688313,0.9948330683624801,0.06380120886501008,0.9315789473684211,177,285,2503,13
0.91692644,0.38095238095238093,0.9948330683624801,0.06346541302887844,0.9312169312169312,176,286,2503,13
0.9199854,0.3787878787878788,0.9948330683624801,0.0631296171927468,0.9308510638297872,175,287,2503,13
0.92,0.3787878787878788,0.9952305246422893,0.06279382135661518,0.9358288770053476,175,287,2504,12
0.92120016,0.3787878787878788,0.9952305246422893,0.06279382135661518,0.9358288770053476,175,287,2504,12
0.9212043,0.37662337662337664,0.9952305246422893,0.062458025520483546,0.9354838709677419,174,288,2504,12
0.92172587,0.37445887445887444,0.9952305246422893,0.062122229684351916,0.9351351351351351,173,289,2504,12
0.9232175,0.3722943722943723,0.9952305246422893,0.06178643384822028,0.9347826086956522,172,290,2504,12
0.9235282,0.37012987012987014,0.9952305246422893,0.06145063801208865,0.9344262295081968,171,291,2504,12
0.9236081,0.36796536796536794,0.9952305246422893,0.061114842175957015,0.9340659340659341,170,292,2504,12
0.92383057,0.3658008658008658,0.9952305246422893,0.060779046339825386,0.9337016574585635,169,293,2504,12
0.925,0.36363636363636365,0.9952305246422893,0.06044325050369376,0.9333333333333333,168,294,2504,12
0.92506075,0.36363636363636365,0.9952305246422893,0.06044325050369376,0.9333333333333333,168,294,2504,12
0.92612153,0.36363636363636365,0.9956279809220986,0.06010745466756212,0.9385474860335196,168,294,2505,11
0.9274545,0.36363636363636365,0.9960254372019078,0.05977165883143049,0.9438202247191011,168,294,2506,10
0.9288687,0.36147186147186144,0.9960254372019078,0.059435862995298856,0.943502824858757,167,295,2506,10
0.9294702,0.3593073593073593,0.9960254372019078,0.05910006715916723,0.9431818181818182,166,296,2506,10
0.92970216,0.35714285714285715,0.9960254372019078,0.05876427132303559,0.9428571428571428,165,297,2506,10
0.929797,0.354978354978355,0.9960254372019078,0.05842847548690396,0.9425287356321839,164,298,2506,10
0.93,0.3528138528138528,0.9960254372019078,0.05809267965077233,0.9421965317919075,163,299,2506,10
0.9301143,0.3528138528138528,0.9960254372019078,0.05809267965077233,0.9421965317919075,163,299,2506,10
0.93041885,0.3528138528138528,0.996422893481717,0.0577568838146407,0.9476744186046512,163,299,2507,9
0.93138963,0.35064935064935066,0.996422893481717,0.05742108797850907,0.9473684210526315,162,300,2507,9
0.9321879,0.3484848484848485,0.996422893481717,0.05708529214237743,0.9470588235294117,161,301,2507,9
0.93449557,0.3463203463203463,0.996422893481717,0.0567494963062458,0.9467455621301775,160,302,2507,9
0.935,0.34415584415584416,0.996422893481717,0.056413700470114174,0.9464285714285714,159,303,2507,9
0.9362266,0.34415584415584416,0.996422893481717,0.056413700470114174,0.9464285714285714,159,303,2507,9
0.9367502,0.34415584415584416,0.9968203497615262,0.05607790463398254,0.9520958083832335,159,303,2508,8
0.93694174,0.341991341991342,0.9968203497615262,0.05574210879785091,0.9518072289156626,158,304,2508,8
0.93712366,0.3398268398268398,0.9968203497615262,0.05540631296171927,0.9515151515151515,157,305,2508,8
0.9375982,0.33766233766233766,0.9968203497615262,0.055070517125587644,0.9512195121951219,156,306,2508,8
0.9380331,0.3354978354978355,0.9968203497615262,0.05473472128945601,0.950920245398773,155,307,2508,8
0.93858415,0.3333333333333333,0.9968203497615262,0.05439892545332438,0.9506172839506173,154,308,2508,8
0.93866366,0.33116883116883117,0.9968203497615262,0.05406312961719275,0.9503105590062112,153,309,2508,8
0.93899524,0.329004329004329,0.9968203497615262,0.053727333781061114,0.95,152,310,2508,8
0.93973076,0.3268398268398268,0.9968203497615262,0.053391537944929485,0.949685534591195,151,311,2508,8
0.9400000000000001,0.3268398268398268,0.9972178060413355,0.05305574210879785,0.9556962025316456,151,311,2509,7
0.94005364,0.3268398268398268,0.9972178060413355,0.05305574210879785,0.9556962025316456,151,311,2509,7
0.9402676,0.3246753246753247,0.9972178060413355,0.05271994627266622,0.9554140127388535,150,312,2509,7
0.9405681,0.3225108225108225,0.9972178060413355,0.052384150436534584,0.9551282051282052,149,313,2509,7
0.94435626,0.3203463203463203,0.9972178060413355,0.052048354600402955,0.9548387096774194,148,314,2509,7
0.9450000000000001,0.3181818181818182,0.9972178060413355,0.051712558764271326,0.9545454545454546,147,315,2509,7
0.94551927,0.3181818181818182,0.9972178060413355,0.051712558764271326,0.9545454545454546,147,315,2509,7
0.9455439,0.31601731601731603,0.9972178060413355,0.05137676292813969,0.954248366013072,146,316,2509,7
0.9459525,0.31385281385281383,0.9972178060413355,0.05104096709200806,0.9539473684210527,145,317,2509,7
0.94638854,0.3116883116883117,0.9972178060413355,0.050705171255876424,0.9536423841059603,144,318,2509,7
0.9464274,0.3116883116883117,0.9976152623211447,0.050369375419744795,0.96,144,318,2510,6
0.9464701,0.30952380952380953,0.9976152623211447,0.050033579583613166,0.959731543624161,143,319,2510,6
0.9471522,0.30735930735930733,0.9976152623211447,0.04969778374748153,0.9594594594594594,142,320,2510,6
0.9482367,0.3051948051948052,0.9976152623211447,0.0493619879113499,0.9591836734693877,141,321,2510,6
0.94847286,0.30303030303030304,0.9976152623211447,0.049026192075218265,0.958904109589041,140,322,2510,6
0.9486684,0.3008658008658009,0.9976152623211447,0.048690396239086636,0.9586206896551724,139,323,2510,6
0.9497048,0.2987012987012987,0.9976152623211447,0.048354600402955,0.9583333333333334,138,324,2510,6
0.9500000000000001,0.2987012987012987,0.9980127186009539,0.04801880456682337,0.965034965034965,138,324,2511,5
0.95039874,0.2987012987012987,0.9980127186009539,0.04801880456682337,0.965034965034965,138,324,2511,5
0.951203,0.29653679653679654,0.9980127186009539,0.04768300873069174,0.9647887323943662,137,325,2511,5
0.95120937,0.2943722943722944,0.9980127186009539,0.047347212894560106,0.9645390070921985,136,326,2511,5
0.95167136,0.2922077922077922,0.9980127186009539,0.04701141705842848,0.9642857142857143,135,327,2511,5
0.9524784,0.29004329004329005,0.9980127186009539,0.04667562122229684,0.9640287769784173,134,328,2511,5
0.9529795,0.2878787878787879,0.9980127186009539,0.04633982538616521,0.9637681159420289,133,329,2511,5
0.9530419,0.2857142857142857,0.9980127186009539,0.04600402955003358,0.9635036496350365,132,330,2511,5
0.9533464,0.28354978354978355,0.9980127186009539,0.04566823371390195,0.9632352941176471,131,331,2511,5
0.95382094,0.2813852813852814,0.9980127186009539,0.04533243787777032,0.9629629629629629,130,332,2511,5
0.9550000000000001,0.2792207792207792,0.9980127186009539,0.04499664204163868,0.9626865671641791,129,333,2511,5
0.95767874,0.2792207792207792,0.9980127186009539,0.04499664204163868,0.9626865671641791,129,333,2511,5
0.9579071,0.27705627705627706,0.9980127186009539,0.04466084620550705,0.9624060150375939,128,334,2511,5
0.95878613,0.2748917748917749,0.9980127186009539,0.04432505036937542,0.9621212121212122,127,335,2511,5
0.96,0.2748917748917749,0.9984101748807631,0.04398925453324379,0.9694656488549618,127,335,2512,4
0.9601467,0.2748917748917749,0.9984101748807631,0.04398925453324379,0.9694656488549618,127,335,2512,4
0.9607842,0.2727272727272727,0.9984101748807631,0.04365345869711216,0.9692307692307692,126,336,2512,4
0.96111554,0.27056277056277056,0.9984101748807631,0.04331766286098052,0.9689922480620154,125,337,2512,4
0.96114945,0.2683982683982684,0.9984101748807631,0.042981867024848894,0.96875,124,338,2512,4
0.9615133,0.2662337662337662,0.9984101748807631,0.04264607118871726,0.968503937007874,123,339,2512,4
0.9625102,0.26406926406926406,0.9984101748807631,0.04231027535258563,0.9682539682539683,122,340,2512,4
0.9626056,0.2619047619047619,0.9984101748807631,0.04197447951645399,0.968,121,341,2512,4
0.9626999,0.2597402597402597,0.9984101748807631,0.041638683680322364,0.967741935483871,120,342,2512,4
0.96283495,0.25757575757575757,0.9984101748807631,0.041302887844190735,0.967479674796748,119,343,2512,4
0.96329147,0.2554112554112554,0.9984101748807631,0.0409670920080591,0.9672131147540983,118,344,2512,4
0.9633649,0.2532467532467532,0.9984101748807631,0.04063129617192747,0.9669421487603306,117,345,2512,4
0.9633956,0.2510822510822511,0.9984101748807631,0.040295500335795834,0.9666666666666667,116,346,2512,4
0.9637905,0.24891774891774893,0.9984101748807631,0.039959704499664205,0.9663865546218487,115,347,2512,4
0.96450096,0.24675324675324675,0.9984101748807631,0.039623908663532575,0.9661016949152542,114,348,2512,4
0.965,0.24458874458874458,0.9984101748807631,0.03928811282740094,0.9658119658119658,113,349,2512,4
0.96627253,0.24458874458874458,0.9984101748807631,0.03928811282740094,0.9658119658119658,113,349,2512,4
0.9674027,0.24242424242424243,0.9984101748807631,0.03895231699126931,0.9655172413793104,112,350,2512,4
0.96795624,0.24025974025974026,0.9984101748807631,0.038616521155137674,0.9652173913043478,111,351,2512,4
0.96819425,0.23809523809523808,0.9984101748807631,0.038280725319006045,0.9649122807017544,110,352,2512,4
0.9685666,0.23593073593073594,0.9984101748807631,0.03794492948287441,0.9646017699115044,109,353,2512,4
0.9687491,0.23376623376623376,0.9984101748807631,0.03760913364674278,0.9642857142857143,108,354,2512,4
0.96912944,0.23160173160173161,0.9984101748807631,0.03727333781061115,0.963963963963964,107,355,2512,4
0.9691432,0.22943722943722944,0.9984101748807631,0.036937541974479515,0.9636363636363636,106,356,2512,4
0.9695237,0.22727272727272727,0.9984101748807631,0.036601746138347886,0.963302752293578,105,357,2512,4
0.97,0.22510822510822512,0.9984101748807631,0.03626595030221625,0.9629629629629629,104,358,2512,4
0.9700051,0.22510822510822512,0.9984101748807631,0.03626595030221625,0.9629629629629629,104,358,2512,4
0.9703985,0.22294372294372294,0.9984101748807631,0.03593015446608462,0.9626168224299065,103,359,2512,4
0.9711493,0.22294372294372294,0.9988076311605724,0.035594358629952985,0.9716981132075472,103,359,2513,3
0.97118235,0.22077922077922077,0.9988076311605724,0.035258562793821356,0.9714285714285714,102,360,2513,3
0.9714177,0.21861471861471862,0.9988076311605724,0.03492276695768973,0.9711538461538461,101,361,2513,3
0.97294337,0.21645021645021645,0.9988076311605724,0.03458697112155809,0.970873786407767,100,362,2513,3
0.97312915,0.21428571428571427,0.9988076311605724,0.03425117528542646,0.9705882352941176,99,363,2513,3
0.9735527,0.21212121212121213,0.9988076311605724,0.033915379449294826,0.9702970297029703,98,364,2513,3
0.97359246,0.20995670995670995,0.9988076311605724,0.0335795836131632,0.97,97,365,2513,3
0.9739512,0.2077922077922078,0.9988076311605724,0.03324378777703157,0.9696969696969697,96,366,2513,3
0.97401154,0.20562770562770563,0.9988076311605724,0.03290799194089993,0.9693877551020408,95,367,2513,3
0.97425646,0.20346320346320346,0.9988076311605724,0.0325721961047683,0.9690721649484536,94,368,2513,3
0.975,0.2012987012987013,0.9988076311605724,0.03223640026863667,0.96875,93,369,2513,3
0.975072,0.2012987012987013,0.9988076311605724,0.03223640026863667,0.96875,93,369,2513,3
0.97559696,0.19913419913419914,0.9988076311605724,0.03190060443250504,0.968421052631579,92,370,2513,3
0.975713,0.19696969696969696,0.9988076311605724,0.0315648085963734,0.9680851063829787,91,371,2513,3
0.97661155,0.19480519480519481,0.9988076311605724,0.031229012760241773,0.967741935483871,90,372,2513,3
0.97690934,0.19264069264069264,0.9988076311605724,0.03089321692411014,0.967391304347826,89,373,2513,3
0.977187,0.19264069264069264,0.9992050874403816,0.030557421087978508,0.978021978021978,89,373,2514,2
0.9777674,0.19047619047619047,0.9992050874403816,0.03022162525184688,0.9777777777777777,88,374,2514,2
0.97878873,0.18831168831168832,0.9992050874403816,0.029885829415715246,0.9775280898876404,87,375,2514,2
0.97910357,0.18614718614718614,0.9992050874403816,0.029550033579583614,0.9772727272727273,86,376,2514,2
0.97939414,0.18614718614718614,0.9996025437201908,0.02921423774345198,0.9885057471264368,86,376,2515,1
0.97993684,0.18398268398268397,0.9996025437201908,0.02887844190732035,0.9883720930232558,85,377,2515,1
0.97998077,0.18181818181818182,0.9996025437201908,0.028542646071188716,0.9882352941176471,84,378,2515,1
0.97998923,0.17965367965367965,0.9996025437201908,0.028206850235057087,0.9880952380952381,83,379,2515,1
0.98,0.1774891774891775,0.9996025437201908,0.027871054398925454,0.9879518072289156,82,380,2515,1
0.9803027,0.1774891774891775,0.9996025437201908,0.027871054398925454,0.9879518072289156,82,380,2515,1
0.9803355,0.17532467532467533,0.9996025437201908,0.027535258562793822,0.9878048780487805,81,381,2515,1
0.9805902,0.17316017316017315,0.9996025437201908,0.02719946272666219,0.9876543209876543,80,382,2515,1
0.9808201,0.170995670995671,0.9996025437201908,0.026863666890530557,0.9875,79,383,2515,1
0.9811659,0.16883116883116883,0.9996025437201908,0.026527871054398924,0.9873417721518988,78,384,2515,1
0.98145735,0.16883116883116883,1.0,0.026192075218267292,1.0,78,384,2516,0
0.98159355,0.16666666666666666,1.0,0.025856279382135663,1.0,77,385,2516,0
0.98163766,0.1645021645021645,1.0,0.02552048354600403,1.0,76,386,2516,0
0.98196584,0.16233766233766234,1.0,0.025184687709872398,1.0,75,387,2516,0
0.98222864,0.16017316017316016,1.0,0.024848891873740765,1.0,74,388,2516,0
0.9822655,0.15800865800865802,1.0,0.024513096037609133,1.0,73,389,2516,0
0.98251,0.15584415584415584,1.0,0.0241773002014775,1.0,72,390,2516,0
0.983667,0.15367965367965367,1.0,0.02384150436534587,1.0,71,391,2516,0
0.9837329,0.15151515151515152,1.0,0.02350570852921424,1.0,70,392,2516,0
0.9843307,0.14935064935064934,1.0,0.023169912693082606,1.0,69,393,2516,0
0.985,0.1471861471861472,1.0,0.022834116856950974,1.0,68,394,2516,0
0.98521835,0.1471861471861472,1.0,0.022834116856950974,1.0,68,394,2516,0
0.9856778,0.14502164502164502,1.0,0.02249832102081934,1.0,67,395,2516,0
0.98586375,0.14285714285714285,1.0,0.02216252518468771,1.0,66,396,2516,0
0.98593545,0.1406926406926407,1.0,0.02182672934855608,1.0,65,397,2516,0
0.9860248,0.13852813852813853,1.0,0.021490933512424447,1.0,64,398,2516,0
0.98614687,0.13636363636363635,1.0,0.021155137676292814,1.0,63,399,2516,0
0.98657054,0.1341991341991342,1.0,0.020819341840161182,1.0,62,400,2516,0
0.9866818,0.13203463203463203,1.0,0.02048354600402955,1.0,61,401,2516,0
0.98676723,0.12987012987012986,1.0,0.020147750167897917,1.0,60,402,2516,0
0.9871076,0.1277056277056277,1.0,0.019811954331766288,1.0,59,403,2516,0
0.9874451,0.12554112554112554,1.0,0.019476158495634655,1.0,58,404,2516,0
0.9875073,0.12337662337662338,1.0,0.019140362659503023,1.0,57,405,2516,0
0.9881174,0.12121212121212122,1.0,0.01880456682337139,1.0,56,406,2516,0
0.98818505,0.11904761904761904,1.0,0.018468770987239758,1.0,55,407,2516,0
0.98867244,0.11688311688311688,1.0,0.018132975151108125,1.0,54,408,2516,0
0.9886777,0.11471861471861472,1.0,0.017797179314976493,1.0,53,409,2516,0
0.9889338,0.11255411255411256,1.0,0.017461383478844864,1.0,52,410,2516,0
0.98911744,0.11038961038961038,1.0,0.01712558764271323,1.0,51,411,2516,0
0.98912793,0.10822510822510822,1.0,0.0167897918065816,1.0,50,412,2516,0
0.9898093,0.10606060606060606,1.0,0.016453995970449966,1.0,49,413,2516,0
0.99,0.1038961038961039,1.0,0.016118200134318333,1.0,48,414,2516,0
0.99009776,0.1038961038961039,1.0,0.016118200134318333,1.0,48,414,2516,0
0.99012345,0.10173160173160173,1.0,0.0157824042981867,1.0,47,415,2516,0
0.99055207,0.09956709956709957,1.0,0.01544660846205507,1.0,46,416,2516,0
0.99126375,0.09740259740259741,1.0,0.01511081262592344,1.0,45,417,2516,0
0.99136657,0.09523809523809523,1.0,0.014775016789791807,1.0,44,418,2516,0
0.9914153,0.09307359307359307,1.0,0.014439220953660174,1.0,43,419,2516,0
0.9916083,0.09090909090909091,1.0,0.014103425117528543,1.0,42,420,2516,0
0.9917144,0.08874458874458875,1.0,0.013767629281396911,1.0,41,421,2516,0
0.9918167,0.08658008658008658,1.0,0.013431833445265278,1.0,40,422,2516,0
0.99185795,0.08441558441558442,1.0,0.013096037609133646,1.0,39,423,2516,0
0.992384,0.08225108225108226,1.0,0.012760241773002015,1.0,38,424,2516,0
0.9926553,0.08008658008658008,1.0,0.012424445936870383,1.0,37,425,2516,0
0.992826,0.07792207792207792,1.0,0.01208865010073875,1.0,36,426,2516,0
0.99291694,0.07575757575757576,1.0,0.01175285426460712,1.0,35,427,2516,0
0.99301624,0.0735930735930736,1.0,0.011417058428475487,1.0,34,428,2516,0
0.9931258,0.07142857142857142,1.0,0.011081262592343854,1.0,33,429,2516,0
0.99326646,0.06926406926406926,1.0,0.010745466756212223,1.0,32,430,2516,0
0.9933381,0.0670995670995671,1.0,0.010409670920080591,1.0,31,431,2516,0
0.9936724,0.06493506493506493,1.0,0.010073875083948958,1.0,30,432,2516,0
0.9936845,0.06277056277056277,1.0,0.009738079247817328,1.0,29,433,2516,0
0.99406415,0.06060606060606061,1.0,0.009402283411685695,1.0,28,434,2516,0
0.9940719,0.05844155844155844,1.0,0.009066487575554063,1.0,27,435,2516,0
0.99442756,0.05627705627705628,1.0,0.008730691739422432,1.0,26,436,2516,0
0.9945852,0.05411255411255411,1.0,0.0083948959032908,1.0,25,437,2516,0
0.994679,0.05194805194805195,1.0,0.008059100067159167,1.0,24,438,2516,0
0.9947121,0.049783549783549784,1.0,0.007723304231027535,1.0,23,439,2516,0
0.9947443,0.047619047619047616,1.0,0.007387508394895903,1.0,22,440,2516,0
0.9948544,0.045454545454545456,1.0,0.007051712558764272,1.0,21,441,2516,0
0.995,0.04329004329004329,1.0,0.006715916722632639,1.0,20,442,2516,0
0.99520713,0.04329004329004329,1.0,0.006715916722632639,1.0,20,442,2516,0
0.9955187,0.04112554112554113,1.0,0.0063801208865010076,1.0,19,443,2516,0
0.99628407,0.03896103896103896,1.0,0.006044325050369375,1.0,18,444,2516,0
0.9963491,0.0367965367965368,1.0,0.005708529214237743,1.0,17,445,2516,0
0.9964785,0.03463203463203463,1.0,0.005372733378106112,1.0,16,446,2516,0
0.9965275,0.032467532467532464,1.0,0.005036937541974479,1.0,15,447,2516,0
0.9965425,0.030303030303030304,1.0,0.0047011417058428475,1.0,14,448,2516,0
0.99679863,0.02813852813852814,1.0,0.004365345869711216,1.0,13,449,2516,0
0.9970018,0.025974025974025976,1.0,0.004029550033579583,1.0,12,450,2516,0
0.9974511,0.023809523809523808,1.0,0.0036937541974479517,1.0,11,451,2516,0
0.997682,0.021645021645021644,1.0,0.0033579583613163196,1.0,10,452,2516,0
0.99772877,0.01948051948051948,1.0,0.0030221625251846875,1.0,9,453,2516,0
0.9978769,0.017316017316017316,1.0,0.002686366689053056,1.0,8,454,2516,0
0.9979097,0.015151515151515152,1.0,0.0023505708529214238,1.0,7,455,2516,0
0.9979691,0.012987012987012988,1.0,0.0020147750167897917,1.0,6,456,2516,0
0.9980775,0.010822510822510822,1.0,0.0016789791806581598,1.0,5,457,2516,0
0.9982426,0.008658008658008658,1.0,0.001343183344526528,1.0,4,458,2516,0
0.99833703,0.006493506493506494,1.0,0.0010073875083948958,1.0,3,459,2516,0
0.9991786,0.004329004329004329,1.0,0.000671591672263264,1.0,2,460,2516,0
0.9992761,0.0021645021645021645,1.0,0.000335795836131632,1.0,1,461,2516,0
1.0,0.0,1.0,0.0,0.0,0,462,2516,0
